番号,俳句,季語,季節
1,隅田の秋都へはこふおきな哉,秋,秋
2,骸骨を見つけたくれや秋のたひ,秋,秋
3,兀然と秋に立つたり山の寺,秋,秋
4,風たけを秋と思へはましらかな,秋,秋
5,これ見たか秋に追はるゝうしろ影,秋,秋
6,瀧湧くや秋のはらわたちきれけん,秋,秋
7,ふつくりと七面鳥のたつや秋,秋,秋
8,松山や秋より高き天主閣,秋,秋
9,山こえていさ見にゆかんあきの秋,秋,秋
10,われきくに秋をつき出すたきの音,秋,秋
11,秋しらぬ旅や同行五十人,秋,秋
12,秋にさく心強さよ鬼あざみ,秋,秋
13,遊女一人ふえぬ日はなし京の秋,秋,秋
14,面白や秋のにしきをほとゝぎす,秋,秋
15,親にあふて一日秋を忘れけり,秋,秋
16,傘持は秋ともしらす揚屋入,秋,秋
17,酒のんで一日秋をわすれけり,秋,秋
18,七年の秋を達磨に尋ねはや,秋,秋
19,順禮に追ひこされけり秋の旅,秋,秋
20,半分は夜に入る秋の旅路哉,秋,秋
21,人の目の秋にうつるや嵐山,秋,秋
22,秋に痩せて恨みの筆のあと細し,秋,秋
23,江戸の秋に四國の夏の届きけり,秋,秋
24,象潟や秋はるはると帆掛船,秋,秋
25,しひられて餅くらひけりけふの秋,秋,秋
26,花一つなき野に鴫の秋深し,秋,秋
27,姫小松これにも秋を見せにけり,秋,秋
28,みちのくの秋ふりすてゝ歸り行,秋,秋
29,みちのくの秋ふりすてゝ歸り候,秋,秋
30,みちのくを出てにぎはしや江戸の秋,秋,秋
31,秋荒れて血の波さわぐ巖かな,秋,秋
32,秋凄し大きな星の空に飛ぶ,秋,秋
33,此秋に堪へでや人の身まかりぬ,秋,秋
34,何蒔くと秋の畠を一人打つ,秋,秋
35,人の秋こそ堪へられぬ鈴が森,秋,秋
36,人の秋こそ堪へられね鈴か森,秋,秋
37,晝顏や秋をものうき花の形,秋,秋
38,貧村の秋の山吹花咲きぬ,秋,秋
39,松杉や妙法の山に秋もなし,秋,秋
40,武藏野をいくつに分けて床の秋,秋,秋
41,秋三月馬鹿を盡して別れけり,秋,秋
42,うつくしき菓子贈られし須磨の秋,秋,秋
43,うつくしき菓子おくられぬすまの秋,秋,秋
44,汽船過ぎて波よる秋の小島かな,秋,秋
45,來て見れば風が吹くなり須磨の秋,秋,秋
46,雲やどる秋の山寺灯ともれり,秋,秋
47,くわらくわらと何に火を焚く秋の村,秋,秋
48,さては秋名所の風を引いたげな,秋,秋
49,三條小橋柳秋なり人稀なり,秋,秋
50,七月十三日てんかと書きし人も秋,秋,秋
51,禪寺やさぼてん青き庭の秋,秋,秋
52,旅人の盗人に逢ひぬ須磨の秋,秋,秋
53,旅人や寒がりに來る奈良の秋,秋,秋
54,奈良淋し萬葉の秋を見付けたり,秋,秋
55,奈良の秋の唐招提寺西大寺,秋,秋
56,西東山にかたよる奈良の秋,秋,秋
57,鈍くなりて猶憎き秋の毛蟲哉,秋,秋
58,花細し秋にわづらふ野撫子,秋,秋
59,花痩せぬ秋にわづらふ野撫子,秋,秋
60,人去つてすがすがしさよ須磨の秋,秋,秋
61,人もなし杉谷町の藪の秋,秋,秋
62,故郷の淋しき秋を忘るゝな,秋,秋
63,古里や秋に痩せたる小傾城,秋,秋
64,湖の細り細りて瀬田の秋,秋,秋
65,めづらしや僧來て秋の運坐哉,秋,秋
66,山遠く湖はるかなり三井の秋,秋,秋
67,病起杖に倚れば千山萬嶽の秋,秋,秋
68,山本や寺は黄蘗杉は秋,秋,秋
69,槍持やひとりおくれて橋の杖,秋,秋
70,行く我にとゞまる汝に秋二つ,秋,秋
71,夕榮や漁村の秋の靜かなり,秋,秋
72,碌堂といひける秋の男かな,秋,秋
73,画をかきし僧今あらず寺の秋,秋,秋
74,秋吹くや鬚と拂子と天蓋と,秋,秋
75,いのちありて今年の秋も涙かな,秋,秋
76,詩人會す上野の秋の三宜亭,秋,秋
77,白き馬にめしたるとのご見えず秋,秋,秋
78,すがすがとして唯一の宮の秋,秋,秋
79,はらはらと動くや秋の根笹原,秋,秋
80,一里の秋の靜かにして灯少し,秋,秋
81,ひとへ物松島の秋に驚くな,秋,秋
82,古郷の秋の白魚御覧ぜよ,秋,秋
83,枕にす俳句分類の秋の集,秋,秋
84,都かな悲しき秋を大水見,秋,秋
85,物もなしわれに秋さへなかりけり,秋,秋
86,われ宗祗に似たらん秋の旅寐哉,秋,秋
87,瘧落ちてひとり拂子に對す秋,秋,秋
88,芝の秋の鐘か聞えて淋しかろ,秋,秋
89,須磨の秋金持らしき家見ゆる,秋,秋
90,蛸干して烏追ふ蜑や須磨の秋,秋,秋
91,秋昔三十年の團子店,秋,秋
92,家主が植ゑてくれたる松の秋,秋,秋
93,鵞ペンさすインキの壺や秋の薔薇,秋,秋
94,鵞ペン立てしインキの壺や秋の薔薇,秋,秋
95,汽車の窓に首出す人や瀬田の秋,秋,秋
96,僧の書あり瓶に活けたる秋の花,秋,秋
97,門閉ちて人起きて居る夜半の秋,秋,秋
98,病癒えて雲見る秋の端居哉,秋,秋
99,夜道して瘧ふるひ返す旅の秋,秋,秋
100,家主の植てくれたる松の秋,秋,秋
101,蛸干して鳥追蜑や須磨の秋,秋,秋
102,水海の秋の小魚を奉る,秋,秋
103,幾久しき秋の契りや堅魚節,秋,秋
104,家五百秋の芝居の太鼓鳴る,秋,秋
105,誰が家の戸叩く音ぞ夜半の秋,秋,秋
106,秋一室拂子ノ髯ノ動キケリ,秋,秋
107,秋モハヤ塩煎餅ニ澁茶哉,秋,秋
108,ウスモノヽ秋ニ勝ヘザル姿カナ,秋,秋
109,氷噛ンデ毛穴ニ秋ヲ覺エケリ,秋,秋
110,奈良漬ノ秋ヲ忘レヌ誠カナ,秋,秋
111,病間アリ秋ノ小庭ノ記ヲ作ル,秋,秋
112,此杣や秋を定めて一千年,秋,秋
113,けさりんと体のしまりや秋の立つ,立秋,秋
114,秋たつや雨晴れて出る月の冴,立秋,秋
115,秋たつや雨晴れに出る月の冴,立秋,秋
116,秋立つや納涼月見と化る舟,立秋,秋
117,秋立つや納涼の舟も月見ふね,立秋,秋
118,ひゝやりとすきまの風や秋のたつ,立秋,秋
119,秋たつや風のなき日を海の音,立秋,秋
120,鶴一つ立つたる秋の姿哉,立秋,秋
121,秋たつや鶉の聲の一二寸,立秋,秋
122,秋たつやけふより不二は庵の物,立秋,秋
123,秋立つや芒穂に出る蛇たまり,立秋,秋
124,あら駒の足落ちついて秋の立つ,立秋,秋
125,秋立つと知らずや人の水鏡,立秋,秋
126,秋立つや出羽商人のもやひ船,立秋,秋
127,衣骭に袖腕に秋の立ちにけり,立秋,秋
128,禪寺に秋立つ壁の破れ哉,立秋,秋
129,旅の秋立つや最上の船の中,立秋,秋
130,旅人や秋立つ船の最上川,立秋,秋
131,風鈴のちろちろと秋の立にけり,立秋,秋
132,見て居れば見えて秋來る二本杉,立秋,秋
133,むく起や身ふるひ一つ今朝の秋,立秋,秋
134,秋立つや達磨の尻のくさりより,立秋,秋
135,秋來ぬと柱の拂子動きけり,立秋,秋
136,秋立つとさやかに人の目ざめけり,立秋,秋
137,秋立つと何を雀の早合點,立秋,秋
138,秋立つやどちらを見ても人の國,立秋,秋
139,秋立つやほろりと落ちし蝉の殻,立秋,秋
140,秋立つや昔に近き須磨の浦,立秋,秋
141,秋立てば淋し立ねばあつくるし,立秋,秋
142,秋立てば淋したゝねはあつくろし,立秋,秋
143,來る秋や昔に近き須磨の浦,立秋,秋
144,白雲に秋立つてまだ地は暑し,立秋,秋
145,秋立つかやゝ撫子のしどろなる,立秋,秋
146,秋立つとそよや嵐が吹いて來る,立秋,秋
147,秋立つと夏ぎらひの人申しけり,立秋,秋
148,秋立つと人の申しぬ笹の音,立秋,秋
149,秋立つとひとり上野の森に對す,立秋,秋
150,秋立つ日烏に魚を取られけり,立秋,秋
151,秋立つや隣にはまだ赤き花,立秋,秋
152,秋立つや隣にはまだ赤い花,立秋,秋
153,秋立つや隣の絲瓜庵の萩,立秋,秋
154,秋なんど立たずもがもな草の庵,立秋,秋
155,秋の立つ朝や種竹を庵の客,立秋,秋
156,今日の秋をあら何ともなの蝉の鳴きやうや,立秋,秋
157,砂濱や波さらさらと秋立ちぬ,立秋,秋
158,見てあれど何から秋が立つぞとも,立秋,秋
159,見てあれど何から秋のたつぞとも,立秋,秋
160,夜明から秋立つことかそのことか,立秋,秋
161,秋立つや瓜も茄子も老の數,立秋,秋
162,あて人の留守に秋來る都かな,立秋,秋
163,白き花赤き花秋立にけり,立秋,秋
164,草花を畫く日課や秋に入る,立秋,秋
165,初秋の月ほのかなり清見潟,初秋,秋
166,初秋を京にて見たり三日の月,初秋,秋
167,初秋に大事がらるゝ宿り哉,初秋,秋
168,初秋の馬洗ひけり最上河,初秋,秋
169,初秋の空から出たり帆掛船,初秋,秋
170,初秋の空より出たり帆掛船,初秋,秋
171,初秋の膝叩きたる噺かな,初秋,秋
172,初秋の一日さひしき暑さ哉,初秋,秋
173,初秋や梢に語る松つくり,初秋,秋
174,初秋や背戸を流るゝ最上河,初秋,秋
175,初秋や出羽商人の最合船,初秋,秋
176,初秋の石壇高し杉木立,初秋,秋
177,初秋の房州の雜魚くふて來よ,初秋,秋
178,初秋の柳が末の湯島かな,初秋,秋
179,初秋や三人つれだちてそこらあたり,初秋,秋
180,初秋の枕小き旅寝かな,初秋,秋
181,初秋の枕小さき旅籠かな,初秋,秋
182,初秋の簾に動く日あし哉,初秋,秋
183,初秋の日脚はひこむ朝寐かな,初秋,秋
184,初秋の枕小さき宿屋かな,初秋,秋
185,きのふけふはや初秋となりにけり,初秋,秋
186,初秋の蛸あはれなり須磨の浦,初秋,秋
187,初秋の筑波は隱すものもなし,初秋,秋
188,初秋の富士に雪なし和歌の嘘,初秋,秋
189,初秋や合歡の葉ごしの流れ星,初秋,秋
190,文月や神祗釋教戀無常,文月,夏
191,文月のものよ五色の絲素麺,文月,夏
192,文月や硯にうつす星の影,文月,夏
193,八月の筍あさる垣根かな,八月,秋
194,八月の蝶飛ぶ木曾の木立哉,八月,秋
195,八月や人無き茶屋の青楓,八月,秋
196,八月や晝だけ晴れて晝の月,八月,秋
197,八月や松嶋へ行く人問はん,八月,秋
198,八月や樓下に滿つる汐の音,八月,秋
199,八月を風に淡路の船がゝり,八月,秋
200,八月の太白低し海の上,八月,秋
201,うつくしき旭哉八月十五日,八月,秋
202,七夕に團扇をかさん殘暑哉,残暑,秋
203,相撲取に風のとゞかぬ殘暑哉,残暑,秋
204,乘合の馬車酒くさき殘暑かな,残暑,秋
205,家の向き西日に殘る暑さかな,残暑,秋
206,學校の此頃やすむ殘暑哉,残暑,秋
207,蚊の勢を又立て直す殘暑哉,残暑,秋
208,松風の價をねぎる殘暑哉,残暑,秋
209,莚帆の風に暑さの殘りけり,残暑,秋
210,晝過の町や殘暑の肴賣,残暑,秋
211,裏窓に夕日さしこむ殘暑哉,残暑,秋
212,草山に殘る暑さやまだらはげ,残暑,秋
213,砂濱や殘る暑さをほのめかす,残暑,秋
214,餞別に汗衫をもらふ殘暑哉,残暑,秋
215,岩寒し殘暑の空へ五十丈,残暑,秋
216,居風呂に殘暑の垢のたまりけり,残暑,秋
217,日の神の御病氣とやらこの殘暑,残暑,秋
218,日の神も御病氣とやら此殘暑,残暑,秋
219,殘暑の龜夜寒の鮭と相知らず,残暑,秋
220,蝉鳴て殘暑の頭裂くる思ひ,残暑,秋
221,晝門を鎖す殘暑の裸かな,残暑,秋
222,紅さした鯛に蠅飛ぶ殘暑哉,残暑,秋
223,瀧の音殘る暑さもなかりけり,残暑,秋
224,温泉に三度殘る暑さも晝の内,残暑,秋
225,殘暑燬如紫陽花の花腐りけり,残暑,秋
226,紫茉莉の花に殘暑の日影かな,残暑,秋
227,神鳴ノ鳴レトモ秋ノ暑サカナ,残暑,秋
228,病人ニ八十五度ノ殘暑カナ,残暑,秋
229,腹中にのこる暑さや二萬卷,残暑,秋
230,八朔や朝日靜かに稻の波,八朔,秋
231,八朔やあしのは輕し古鎧,八朔,秋
232,八朔や義理に顏出す梅の花,八朔,秋
233,浪人の尺八淋し田面の日,八朔,秋
234,草も木も竹も動くやけさの秋,今朝の秋,秋
235,傘持のひんと立たりけさの秋,今朝の秋,秋
236,けさの秋硯に筆のすべり哉,今朝の秋,秋
237,棕櫚の葉の手をひろけたりけさの秋,今朝の秋,秋
238,ふみつけた蟹の死骸やけさの秋,今朝の秋,秋
239,八重葎そよぐと見しやけさの秋,今朝の秋,秋
240,秋やけさ身ふるひしたるむら雀,今朝の秋,秋
241,骸骨に何やらひゞく今朝の秋,今朝の秋,秋
242,桐の葉を叩き落さん今朝の秋,今朝の秋,秋
243,今朝の秋扇のかなめ外れたり,今朝の秋,秋
244,劍賣て牛買ふ人や今朝の秋,今朝の秋,秋
245,どこやらに星の笑ひや今朝の秋,今朝の秋,秋
246,西吹くと水士のいふ也けさの秋,今朝の秋,秋
247,湖のひつそりとして今朝の秋,今朝の秋,秋
248,餅船のうしろ淋しやけさの秋,今朝の秋,秋
249,老僧が拂子動かず今朝の秋,今朝の秋,秋
250,今朝の秋腫物はものゝこそはゆき,今朝の秋,秋
251,酢をつくる僧はなひるよけさの秋,今朝の秋,秋
252,けさの秋きのふの物を取られけり,今朝の秋,秋
253,のゝしりし人静まりてけさの秋,今朝の秋,秋
254,箱庭の橋落ちこみぬけさの秋,今朝の秋,秋
255,刻みあげし佛に對す今朝の秋,今朝の秋,秋
256,塀ごしに腕出す松や朝の秋,朝の秋,秋
257,大砲の山行く秋の朝日かな,朝の秋,秋
258,砂の如き雲流れ行く朝の秋,朝の秋,秋
259,甲板に水流す秋の朝日哉,朝の秋,秋
260,裸体画ノ鏡ニ映ル朝ノ秋,朝の秋,秋
261,きさ潟の姿を見れば秋なりける,秋の姿,秋
262,八郎の姿を見れば秋なりける,秋の姿,秋
263,松一木根岸の秋の姿かな,秋の姿,秋
264,観念の耳の底なり秋の聲,秋の声,秋
265,破れ鐘や敲けども秋の聲ならず,秋の声,秋
266,われ鐘や敲けども秋の聲ならず,秋の声,秋
267,虚子に俗なし隣の三味に秋の聲,秋の声,秋
268,叩く時は叩かぬ時は秋の聲,秋の声,秋
269,初夜すぎし根岸の町や秋の聲,秋の声,秋
270,初夜過る根岸の町や秋の聲,秋の声,秋
271,撥音や上野をめぐる秋の聲,秋の声,秋
272,秋澄みたり魚中に浮て底の影,秋澄む,秋
273,秋澄むや貝鐘響く峰の雲,秋澄む,秋
274,秋高う入海晴れて鶴一羽,秋高し,秋
275,秋高う象かた晴れて鶴一羽,秋高し,秋
276,秋高し雲より上を鳥かける,秋高し,秋
277,秋高し鳶飛んで天に到るべう,秋高し,秋
278,秋高く魯西亞の馬の寒げなり,秋高し,秋
279,凱歌一曲馬嘶いて秋高し,秋高し,秋
280,帆柱や秋高く日の旗翻る,秋高し,秋
281,秋高し鳶舞ひ沈む城の上,秋高し,秋
282,秋高き椎の梢に日蝕せり,秋高し,秋
283,秋高き椎の木末に日蝕す,秋高し,秋
284,秋高き天文臺のともしかな,秋高し,秋
285,秋高く馬肥えにけり佐野の里,秋高し,秋
286,秋高く花車空に竝ぶ城の北,秋高し,秋
287,水仙の生えそろふたる九月哉,九月,秋
288,花もなし實もなし枇杷の九月哉,九月,秋
289,乘懸に九月盡きたり宇都の山,九月尽,秋
290,晝中や石に蟲鳴く九月盡,九月尽,秋
291,易を點し兌の卦に到り九月盡,九月尽,秋
292,易を點して兌の卦に到り九月盡,九月尽,秋
293,長月は十六夜といはで哀れなり,長月,秋
294,十月の櫻咲くなり幼稚園,十月,秋
295,十月の鶴見つけたり田子の浦,十月,秋
296,十月の畠に赤し蕎麥の莖,十月,秋
297,十月のやもめになりし螽かな,十月,秋
298,十月や鳶舞ひかゝる晝の月,十月,秋
299,十月の海は凪いだり蜜柑船,十月,秋
300,十月の海は帆勝に舟勝に,十月,秋
301,十月の雀飛びこむほこら哉,十月,秋
302,十月の鳶も烏も出でにけり,十月,秋
303,十月の日和に掛けし晩稲哉,十月,秋
304,十月や鳩米ひろふ藏の前,十月,秋
305,十月や畑は梨の返り花,十月,秋
306,雀ともばけぬ御代なり大蛤,雀蛤となる,夏
307,蛤になるか雀の聲かなし,雀蛤となる,夏
308,舌切られて雀蛤とならん思ひ,雀蛤となる,夏
309,成佛の蛤となる雀かな,雀蛤となる,夏
310,雀海に入り藤太龍宮より歸る,雀蛤となる,夏
311,雀蛤となりぬ此夕蜃氣樓,雀蛤となる,夏
312,鳥さしの蛤賣に問ひけらく,雀蛤となる,夏
313,鳥さしの蛤賣になりもせで,雀蛤となる,夏
314,糊なめて蛤になる雀哉,雀蛤となる,夏
315,蛤殻に前の世を鳴く友雀,雀蛤となる,夏
316,蛤になりすまして居る雀哉,雀蛤となる,夏
317,蛤になりそこねてや稻雀,雀蛤となる,夏
318,君が代も二百十日は荒れにけり,二百十日,秋
319,我背戸に二百十日の茄子哉,二百十日,秋
320,内海や二百十日の釣小舟,二百十日,秋
321,大佛に二百十日もなかりけり,二百十日,秋
322,足柄や二百十日の雲歸る,二百十日,秋
323,有明や二百十日の二十日月,二百十日,秋
324,籠の虫二百十日も知らずして,二百十日,秋
325,雲走り雲追ひ二百十日哉,二百十日,秋
326,こけもせで二百十日の鶏頭哉,二百十日,秋
327,薄の穂二百十日も過ぎにけり,二百十日,秋
328,地震さへまじりて二百十日哉,二百十日,秋
329,とにかくに殘暑も二百十日哉,二百十日,秋
330,二百十日異國の船のはいりけり,二百十日,秋
331,端居して二百十日のながめかな,二百十日,秋
332,日の照りて風吹く二百十日哉,二百十日,秋
333,前あれのつづきに二百十日哉,二百十日,秋
334,休暇盡きて二百十日の船出かな,二百十日,秋
335,朝寒き背中吹かるゝ野風哉,朝寒,秋
336,朝寒の背中吹かるゝ野風哉,朝寒,秋
337,朝寒やちゞみあがりし衣の皺,朝寒,秋
338,朝寒や青菜ちらばる市の跡,朝寒,秋
339,朝寒や看板殘る氷店,朝寒,秋
340,朝寒し汁粉くふべき人の顏,朝寒,秋
341,朝寒や嵐に向ふこそ走り,朝寒,秋
342,朝寒や警報かけし村役場,朝寒,秋
343,朝寒や筑波を見んと立ち出る,朝寒,秋
344,朝寒や苫舟何を焚く煙,朝寒,秋
345,朝寒や走りぬけたる寺の庭,朝寒,秋
346,獸の鼾聞ゆる朝寒ミ,朝寒,秋
347,朝寒の風が吹くなり雪の不二,朝寒,秋
348,朝寒の雀啼くなり忍竹,朝寒,秋
349,朝寒のはらりはらりと根笹かな,朝寒,秋
350,朝寒の旭を待つ人や舟のへり,朝寒,秋
351,朝寒や起て廊下を徘徊す,朝寒,秋
352,朝寒や今日の天氣を啼く雀,朝寒,秋
353,朝寒や蘇鐡見に行く妙國寺,朝寒,秋
354,朝寒や起つて廊下を徘徊す,朝寒,秋
355,朝寒やたのもとひゞく内玄關,朝寒,秋
356,朝寒やひとり墓前にうづくまる,朝寒,秋
357,朝寒を日に照らさるゝ首途哉,朝寒,秋
358,昇る日や朝寒の松に雀鳴く,朝寒,秋
359,藪陰に石切る音の朝寒し,朝寒,秋
360,朝寒の笹原走る兎かな,朝寒,秋
361,朝寒の空青々とうつりけり,朝寒,秋
362,朝寒の竹と芭蕉と蘇鐡哉,朝寒,秋
363,朝寒の日に光りたる小松哉,朝寒,秋
364,朝寒のわれさきがけしあら湯哉,朝寒,秋
365,朝寒み拔刄にさはる塵もなし,朝寒,秋
366,朝寒や雨戸あくれば日の光,朝寒,秋
367,朝寒や上野の森に旭のあたる,朝寒,秋
368,朝寒や虚空に楔打つ響,朝寒,秋
369,朝寒や小僧ほがらかに經を讀む,朝寒,秋
370,朝寒や地を離れたる駒の足,朝寒,秋
371,朝寒や禰宜のさゝぐる白和幣,朝寒,秋
372,朝寒や箒取りたる心もち,朝寒,秋
373,朝寒や紫の雲消えて行く,朝寒,秋
374,朝寒の撃劍はやる城下哉,朝寒,秋
375,朝寒や木曾に脚絆の旅心,朝寒,秋
376,朝寒や脚絆に木曾の旅心,朝寒,秋
377,朝寒や大魚動かず淵の底,朝寒,秋
378,朝寒や緑透いて見ゆ障子窓,朝寒,秋
379,朝寒や木魚打ちやんで履の音,朝寒,秋
380,水瓶に茶碗落すや朝寒み,朝寒,秋
381,朝寒ヤ鼻血オサヘシ旅ノ人,朝寒,秋
382,干瓢ノ肌ヘウツクシ朝寒ミ,朝寒,秋
383,痩骨ヲサスル朝寒夜寒カナ,朝寒,秋
384,秋寒し蝙蝠傘は杖につく,秋寒,秋
385,秋寒し眼の光る鬼女の面,秋寒,秋
386,雨晴れてうれしき秋の寒さ哉,秋寒,秋
387,澁柿は澁にとられて秋寒し,秋寒,秋
388,澁柿や澁に取られて秋寒し,秋寒,秋
389,じゞんこのあたりに秋の寒さかな,秋寒,秋
390,秋寒し佛にそゝげ般若湯,秋寒,秋
391,肌寒や馬のいなゝく屋根の上,肌寒,秋
392,肌寒やふじをまきこむ波の音,肌寒,秋
393,お守りの辨天賣て肌寒し,肌寒,秋
394,肌寒み寐ぬよすがらや温泉の匂ひ,肌寒,秋
395,肌寒や抱籠はなすきのふけふ,肌寒,秋
396,牙は折れ毛は兀げて象の肌寒し,肌寒,秋
397,肌寒み紅さむる襦袢哉,肌寒,秋
398,肌寒み三十棒をくらひけり,肌寒,秋
399,肌寒や子の可愛さを抱きしめる,肌寒,秋
400,風引くな肌寒頃の臍の穴,肌寒,秋
401,砂川や淺瀬に魚の肌寒し,肌寒,秋
402,肌寒や弓引き習ふ小殿原,肌寒,秋
403,おぼこ氣の肌寒やともいひがてに,肌寒,秋
404,經を講ず肌寒きこと五十年,肌寒,秋
405,肌寒や人劍を拔いて吾に逼る,肌寒,秋
406,肌寒や湯ぬるうして人こぞる,肌寒,秋
407,肌寒み白根見に出る町はづれ,肌寒,秋
408,肌寒や白根見に出る町はづれ,肌寒,秋
409,色はげし土人形の肌寒し,肌寒,秋
410,胡粉兀し人形や土の肌寒み,肌寒,秋
411,肌寒や石屋の門の石佛,肌寒,秋
412,蚤蝨へつて浪人のうそ寒し,うそ寒,冬
413,ひらりしやらり一ツ葉ゆれてうそ寒し,うそ寒,冬
414,きぬきぬや柳の風のうそ寒し,うそ寒,冬
415,うそ寒の誠を泣くや小傾城,うそ寒,冬
416,うそ寒や樵夫下り來る手向山,うそ寒,冬
417,うそ寒や綿入着たる小大名,うそ寒,冬
418,うそ寒き暗夜美人に逢着す,うそ寒,冬
419,うそ寒み顏知らぬ人と相對す,うそ寒,冬
420,やゝ寒み鷲の身振ひ羽振ひ,漸寒,秋
421,やゝ寒み襟を正して坐りけり,漸寒,秋
422,やゝ寒み机に向ふ背くゝまり,漸寒,秋
423,やゝ寒や机に向ふ背のかゞみ,漸寒,秋
424,やゝ寒み朝顏の花小くなる,漸寒,秋
425,やゝ寒みちりけ打たする温泉哉,漸寒,秋
426,やゝ寒み灯による虫もなかりけり,漸寒,秋
427,調練の大鼓聞ゆる稍寒み,漸寒,秋
428,やゝ寒み文彦先生髯まだら,漸寒,秋
429,牛一つおくるゝ秋の夕哉,秋の夕,秋
430,號外を賣り行く秋の夕哉,秋の夕,秋
431,水流れ雲行く秋の夕かな,秋の夕,秋
432,野ざらしに鳥立つ秋の夕かな,秋の夕,秋
433,婆々が來て灯ともす秋の夕かな,秋の夕,秋
434,灯ともして秋の夕を淋しがる,秋の夕,秋
435,まゝ事の相手をしたり秋の夕,秋の夕,秋
436,道ばたの佛も秋の夕かな,秋の夕,秋
437,夕榮の中にきらきら秋の城,秋の夕,秋
438,夕飯の灯をともしけり寺の秋,秋の夕,秋
439,秋夕柱鳴る庵に事あらん,秋の夕,秋
440,羽織著る秋の夕のくさめ哉,秋の夕,秋
441,萩刈りて芒に秋の夕哉,秋の夕,秋
442,鶯も鴨の巣にすむ秋の暮,秋の暮,秋
443,鴫たちて澤に人なし秋のくれ,秋の暮,秋
444,遊ふ子のひとり歸るや秋のくれ,秋の暮,秋
445,僧一人薄の中や秋のくれ,秋の暮,秋
446,その鐘をわれに撞かせよ秋の暮,秋の暮,秋
447,たち魚ややゝさびまさる秋の暮,秋の暮,秋
448,秋のくれ壁見るのでもなかりけり,秋の暮,秋
449,秋のくれ鱸を釣れば面白し,秋の暮,秋
450,稻妻のかほをはしるや秋のくれ,秋の暮,秋
451,思ひきつて見れは見るほと秋のくれ,秋の暮,秋
452,案山子ものいはゞ猶さびしいそ秋の暮,秋の暮,秋
453,案山子物言て猶淋しぞ秋の暮,秋の暮,秋
454,傾城にまことありけり秋のくれ,秋の暮,秋
455,さびしさや一人にあまる秋のくれ,秋の暮,秋
456,さびしさを鳴子にひくや秋のくれ,秋の暮,秋
457,さひしさを林にひくや秋のくれ,秋の暮,秋
458,猿曳は妻も子もなし秋のくれ,秋の暮,秋
459,猿ひきを猿のなぶるや秋のくれ,秋の暮,秋
460,順禮の御詠歌たうと秋のくれ,秋の暮,秋
461,順禮ハ花の臺と歌ひけり秋のくれ,秋の暮,秋
462,床の間の達磨にらむや秋のくれ,秋の暮,秋
463,何とせん我のみならねはあきのくれ,秋の暮,秋
464,何と見たぬしの心ぞあきのくれ,秋の暮,秋
465,鷄のゆかへ上りぬ秋のくれ,秋の暮,秋
466,福祿の頭さひしやあきのくれ,秋の暮,秋
467,古里や都見てきて秋のくれ,秋の暮,秋
468,山里やみやこ見て來て秋のくれ,秋の暮,秋
469,よそながら浮世もしらず秋のくれ,秋の暮,秋
470,秋のくれかゞしにかゝる鳴子繩,秋の暮,秋
471,秋のくれ見ゆる迄見るふしの山,秋の暮,秋
472,秋のくれ畫にかいてさへ人もなし,秋の暮,秋
473,一日は何をしたやら秋の暮,秋の暮,秋
474,押しかけて餘所でめしくふ秋のくれ,秋の暮,秋
475,烏來て鳥居つゝくや秋のくれ,秋の暮,秋
476,桑の葉は蟲もくはずに秋くれぬ,秋の暮,秋
477,傾城に電話をかけん秋のくれ,秋の暮,秋
478,此頃はどうやら悲し秋のくれ,秋の暮,秋
479,金堂の鐘のうなりや秋の暮,秋の暮,秋
480,西行のふじにものいふ秋のくれ,秋の暮,秋
481,酒なしに肉くふ人や秋のくれ,秋の暮,秋
482,猿一ツ笠きて行くや秋の暮,秋の暮,秋
483,三人が笑ふて秋のくれにけり,秋の暮,秋
484,杉の木のによつきと高し秋の暮,秋の暮,秋
485,鱆置いたやうな山あり秋のくれ,秋の暮,秋
486,達磨殿踊り出したり秋のくれ,秋の暮,秋
487,東京に人のへったり秋のくれ,秋の暮,秋
488,泥棒の達磨に似たり秋の暮,秋の暮,秋
489,何としたわれの命そ秋の暮,秋の暮,秋
490,鷄の塒にすくむや秋のくれ,秋の暮,秋
491,鷄の塒に小さし秋のくれ,秋の暮,秋
492,灯ともせば灯に力なし秋の暮,秋の暮,秋
493,秋のくれ哀れはとかく金にあり,秋の暮,秋
494,秋のくれまぎらかさんと出て歩行,秋の暮,秋
495,秋のくれ屋根に烏の評議哉,秋の暮,秋
496,秋のくれ我身の上に風ぞ吹く,秋の暮,秋
497,秋のくれ女を見れば猶淋し,秋の暮,秋
498,あどけなく笑ふ顏さへ秋のくれ,秋の暮,秋
499,いたづらな子は寐入けり秋のくれ,秋の暮,秋
500,絲引て人躍らすや秋のくれ,秋の暮,秋
501,命には何事もなし秋のくれ,秋の暮,秋
502,牛引て歸る女や秋の暮,秋の暮,秋
503,うつくしう淋しき虹や秋のくれ,秋の暮,秋
504,海ひたす入日淋しや秋のくれ,秋の暮,秋
505,かゝりうどの飯時寒し秋のくれ,秋の暮,秋
506,顏痩せて脉のかすかに秋のくれ,秋の暮,秋
507,顏痩せて脈もかすかに秋のくれ,秋の暮,秋
508,金屏風傾城こもる秋の暮,秋の暮,秋
509,栗飯の月見は淋し秋の暮,秋の暮,秋
510,聲高き人まじりけり秋の暮,秋の暮,秋
511,澁柿の澁まだぬけず秋の暮,秋の暮,秋
512,狸ぬれて葎に歸る秋のくれ,秋の暮,秋
513,亡き兄のまぼろし悲し秋のくれ,秋の暮,秋
514,なき人のあらば尋ねん秋の暮,秋の暮,秋
515,髭のびて剃刀さびぬ秋のくれ,秋の暮,秋
516,ひとり行く宮本無三四秋の暮,秋の暮,秋
517,無住寺の門叩きけり秋のくれ,秋の暮,秋
518,宿とつて見れば淋しや秋のくれ,秋の暮,秋
519,馬も居らず駕にもあはず秋の暮,秋の暮,秋
520,大寺や談義も過ぎて秋の暮,秋の暮,秋
521,大村や祭は過ぎて秋の暮,秋の暮,秋
522,影法師のそれよりはかな秋の暮,秋の暮,秋
523,鐘も撞かず大皷も鳴らず秋の暮,秋の暮,秋
524,蛙蛙何をつぶやく秋の暮,秋の暮,秋
525,山茶花の一輪咲て秋暮れぬ,秋の暮,秋
526,炮烙の大豆にも逢はず秋暮れぬ,秋の暮,秋
527,秋の暮大船はかりかゝりけり,秋の暮,秋
528,秋の暮れ狸をつれて歸りけり,秋の暮,秋
529,秋の暮われよと許り鐘を撞く,秋の暮,秋
530,いさましく別れてのちの秋の暮,秋の暮,秋
531,牛行くや毘沙門阪の秋の暮,秋の暮,秋
532,馬鳴いて秋の日暮るゝ別れ哉,秋の暮,秋
533,海晴れて小冨士に秋の日くれたり,秋の暮,秋
534,蜘の巣の獲物も無しに秋暮るゝ,秋の暮,秋
535,棺通る四條の橋や秋の暮,秋の暮,秋
536,此頃は辻君見えず秋の暮,秋の暮,秋
537,酒あり飯あり十有一人秋の暮,秋の暮,秋
538,淋しさや氣車猶急ぐ秋の暮,秋の暮,秋
539,淋しさやどの顏見ても秋の暮,秋の暮,秋
540,十一人一人になりて秋の暮,秋の暮,秋
541,大佛をまはれば淋し秋の暮,秋の暮,秋
542,大佛に戸帳垂れたり秋の暮,秋の暮,秋
543,誰人ぞ睨んで通る秋の暮,秋の暮,秋
544,ちかづきの仲居も居らず秋の暮,秋の暮,秋
545,罪もなき配所に秋の暮かゝり,秋の暮,秋
546,日蓮の死んだ山あり秋の暮,秋の暮,秋
547,琵琶やめて何が聞こゆる秋の暮,秋の暮,秋
548,琵琶やめて何聞くふりぞ秋の暮,秋の暮,秋
549,本陣や下手な掛畫も秋の暮,秋の暮,秋
550,めづらしや海に帆の無い秋の暮,秋の暮,秋
551,藪寺に磬打つ音や秋の暮,秋の暮,秋
552,山本の一むら杉や秋の暮,秋の暮,秋
553,老僧に棒加へけり秋の暮,秋の暮,秋
554,驢に騎りて山陰いそぐ秋の暮,秋の暮,秋
555,驢に乗りて山陰急ぐ秋の暮,秋の暮,秋
556,尾の道の便船もなし秋の暮,秋の暮,秋
557,秋の暮餘りに近く鐘が鳴る,秋の暮,秋
558,秋の暮東照宮に鳴く鴉,秋の暮,秋
559,秋の暮尾上の上を鴉鳴く,秋の暮,秋
560,鬼事やはては泣き出す秋の暮,秋の暮,秋
561,看經や鉦はやめたる秋の暮,秋の暮,秋
562,さまさまに烟分れて秋のくれ,秋の暮,秋
563,山門をぎいと鎖すや秋の暮,秋の暮,秋
564,捨馬に鴉鳴くなり秋のくれ,秋の暮,秋
565,大佛を見て鹿を見て秋暮るゝ,秋の暮,秋
566,讀書聲絶えて何やら敲く秋のくれ,秋の暮,秋
567,鳥は皆西へ歸りぬ秋の暮,秋の暮,秋
568,猫飼うて猫を恐るゝ秋のくれ,秋の暮,秋
569,猫を飼ふて猫を恐るゝ秋の暮,秋の暮,秋
570,不器用な佛の顏も秋の暮,秋の暮,秋
571,朴の木に鴉鳴くなり秋の暮,秋の暮,秋
572,まゝ事の相手に秋の日暮れたり,秋の暮,秋
573,思ひよらず大砲ひゞく秋の暮,秋の暮,秋
574,遊び居る子を呼び返す秋の暮,秋の暮,秋
575,流れよる舟に人なし秋のくれ,秋の暮,秋
576,旅籠屋にひとり酒のむ秋の暮,秋の暮,秋
577,灯をともす向ひの山や秋の暮,秋の暮,秋
578,向きあふて淋しき顏や秋の暮,秋の暮,秋
579,女郎買をやめて此頃秋の暮,秋の暮,秋
580,秋の夜や厮に籠る鼾あり,秋の夜,秋
581,風吹て簫聞く夜の秋遠し,秋の夜,秋
582,猿簑の秋の季あけて讀む夜哉,秋の夜,秋
583,猿簑の秋の部あけて讀む夜哉,秋の夜,秋
584,秋の夜の書齋を照すらんぷ哉,秋の夜,秋
585,靜かさに曇りし秋の夜空哉,秋の夜,秋
586,秋の夜や枕刀に上る蜘,秋の夜,秋
587,秋の夜を蜘のはひよる刀哉,秋の夜,秋
588,秋の夜の夢に詩を得し寐覺哉,秋の夜,秋
589,はん鐘の音する夜の寒さかな,夜寒,秋
590,狼の聲も聞こゆる夜寒かな,夜寒,秋
591,破れ壁笠おしあてゝ夜寒哉,夜寒,秋
592,狼の人くひに出る夜寒哉,夜寒,秋
593,兄弟のざこね正しき夜寒哉,夜寒,秋
594,兒二人竝んで寐たる夜寒哉,夜寒,秋
595,山もとのともし火動く夜寒哉,夜寒,秋
596,扇見てふし思ひ出す夜寒哉,夜寒,秋
597,合宿の齒ぎしりひゞく夜寒哉,夜寒,秋
598,小火鉢の灰やはらげる夜寒哉,夜寒,秋
599,菅笠の紐引きしめる夜寒哉,夜寒,秋
600,だまされてわるい宿とる夜寒かな,夜寒,秋
601,箒星障子にひかる夜寒哉,夜寒,秋
602,鼻たれの兄とよばるゝ夜寒哉,夜寒,秋
603,一つづゝ波音ふくる夜寒哉,夜寒,秋
604,一人旅一人つくつく夜寒哉,夜寒,秋
605,壁一重牛の息聞く夜寒哉,夜寒,秋
606,壁やれてともし火もるゝ夜寒哉,夜寒,秋
607,竈の火くわらくわらもえる夜寒哉,夜寒,秋
608,傾城の海を背にする夜寒哉,夜寒,秋
609,傾城のぬけがらに寐る夜寒哉,夜寒,秋
610,小比丘尼のほころびつゝる夜寒哉,夜寒,秋
611,墨染に泪のあとの夜寒哉,夜寒,秋
612,錢湯に端唄のはやる夜寒哉,夜寒,秋
613,僧一人竝が岡の夜寒哉,夜寒,秋
614,大海を前にひかへて夜寒哉,夜寒,秋
615,挑灯の厠へ通ふ夜寒哉,夜寒,秋
616,晝中の殘暑にかはる夜寒哉,夜寒,秋
617,封切て灯をかきたてる夜寒哉,夜寒,秋
618,文机にもたれ心の夜寒哉,夜寒,秋
619,平家聞く小姓の顏の夜寒哉,夜寒,秋
620,向ひ地のともし消え行く夜寒哉,夜寒,秋
621,槍の穂の番所に光る夜寒哉,夜寒,秋
622,夕月の落ちて灯を吹く夜寒かな,夜寒,秋
623,夜寒さに樽天王の勢哉,夜寒,秋
624,夜寒さの樽天王の勢ひ哉,夜寒,秋
625,夜寒さや身をちゞむれば眠く成,夜寒,秋
626,老僧の南朝かたる夜寒哉,夜寒,秋
627,大床に鼠のさわぐ夜寒哉,夜寒,秋
628,小坊主のひとり鐘撞く夜寒哉,夜寒,秋
629,待てば來ず雨の夜寒の薄蒲團,夜寒,秋
630,廊下から海ながめたる夜寒哉,夜寒,秋
631,いさり火を横にながめたる夜寒哉,夜寒,秋
632,大家の靜まりかへる夜寒哉,夜寒,秋
633,大寺に一人宿借る夜寒哉,夜寒,秋
634,おもてから見ゆや夜寒の最合風呂,夜寒,秋
635,片里に盗人はやる夜寒かな,夜寒,秋
636,首途の用意して寐る夜寒哉,夜寒,秋
637,門附の下町通る夜寒かな,夜寒,秋
638,獺を狸のおくる夜寒哉,夜寒,秋
639,木曽川に向くや夜寒の門搆へ,夜寒,秋
640,蜘殺すあとの淋しき夜寒哉,夜寒,秋
641,傾城に袖引かれたる夜寒哉,夜寒,秋
642,さし向ふ夫婦の膳の夜寒哉,夜寒,秋
643,不忍の池をめぐりて夜寒かな,夜寒,秋
644,十八人女とりまく夜寒哉,夜寒,秋
645,白波のきはに火を焚く夜寒哉,夜寒,秋
646,白波のきはに火を燒く夜寒哉,夜寒,秋
647,知らぬ女と背中合せの夜寒哉,夜寒,秋
648,須磨寺の門を過ぎ行く夜寒哉,夜寒,秋
649,蕎麥はあれど夜寒の饂飩きこしめせ,夜寒,秋
650,大佛の足もとに寐る夜寒哉,夜寒,秋
651,黙りけり夜寒の男五六人,夜寒,秋
652,丁々と碁を打つ家の夜寒哉,夜寒,秋
653,次の間の灯も消えて夜寒哉,夜寒,秋
654,辻駕籠に盗人載せる夜寒哉,夜寒,秋
655,通夜堂にまだき夜寒を覺えける,夜寒,秋
656,釣橋に提灯わたる夜寒かな,夜寒,秋
657,出女の油をこぼす夜寒かな,夜寒,秋
658,灯ふけて書讀む窓の夜寒哉,夜寒,秋
659,鼠追へば三匹逃げる夜寒哉,夜寒,秋
660,鼠追へば四五匹迯げる夜寒哉,夜寒,秋
661,鼠狩れば鼠の笑ふ夜寒かな,夜寒,秋
662,旅籠屋の居風呂ぬるき夜寒哉,夜寒,秋
663,人住まぬ戸に灯のうつる夜寒哉,夜寒,秋
664,灯ともさぬ村家つゞきの夜寒哉,夜寒,秋
665,灯をともす家奥深き夜寒哉,夜寒,秋
666,佛壇のともし火消ゆる夜寒哉,夜寒,秋
667,舩に寐て岡の灯のへる夜寒哉,夜寒,秋
668,妙法の太鼓聞こゆる夜寒哉,夜寒,秋
669,藪村に旅籠屋もなき夜寒哉,夜寒,秋
670,夜寒さや家なき原に灯のともる,夜寒,秋
671,夜寒さや人靜まりて海の音,夜寒,秋
672,男十八人女とりまく夜寒哉,夜寒,秋
673,男十八人女一人の夜寒哉,夜寒,秋
674,大寺のともし少き夜寒哉,夜寒,秋
675,勤行のすんで灯を消す夜寒かな,夜寒,秋
676,三厘の風呂で風邪引く夜寒かな,夜寒,秋
677,錢湯で下駄換へらるゝ夜寒かな,夜寒,秋
678,村會のともし火暗き夜寒かな,夜寒,秋
679,松明に落武者探す夜寒かな,夜寒,秋
680,出女が風邪引聲の夜寒かな,夜寒,秋
681,隣村の鍛冶の火見ゆる夜寒哉,夜寒,秋
682,盗人や夜寒の眼灯のうつる,夜寒,秋
683,刄物置いて盗人防ぐ夜寒かな,夜寒,秋
684,腹に響く夜寒の鐘や法隆寺,夜寒,秋
685,牧師一人信者四五人の夜寒かな,夜寒,秋
686,松杉や夜寒の空の星ばかり,夜寒,秋
687,夜を寒み脊骨のいたき机かな,夜寒,秋
688,夜を寒み俳書の山の中に坐す,夜寒,秋
689,油さしに禿時問ふ夜寒哉,夜寒,秋
690,犬が來て水のむ音の夜寒哉,夜寒,秋
691,蝦夷にある子に手紙書く夜寒哉,夜寒,秋
692,軍談に寐る人起す夜寒哉,夜寒,秋
693,新宅の柱卷きある夜寒哉,夜寒,秋
694,小便に行けば月出る夜寒哉,夜寒,秋
695,松明に人話し行く夜寒哉,夜寒,秋
696,地震して温泉涸れし町の夜寒哉,夜寒,秋
697,提灯の小道へ這入る夜寒哉,夜寒,秋
698,提灯の小路へ曲る夜寒かな,夜寒,秋
699,泣きなから子の寐入たる夜寒哉,夜寒,秋
700,盗人の足跡に燭す夜寒かな,夜寒,秋
701,旅籠屋の淨手場遠き夜寒哉,夜寒,秋
702,廣き間にひとり書讀む夜寒哉,夜寒,秋
703,湯上りのうたゝ寐さめて夜寒哉,夜寒,秋
704,横町で巡査に出逢ふ夜寒哉,夜寒,秋
705,吉原の太鼓聞ゆる夜寒哉,夜寒,秋
706,夜を寒み猫呼びありく隣家の女,夜寒,秋
707,夜を寒み猫呼ひてあるく鄰家の女,夜寒,秋
708,わりなしや夜寒を眠る通夜の人,夜寒,秋
709,貴人をとめて飯焚く夜寒哉,夜寒,秋
710,犬を追ふ夜寒の門や按摩呼ぶ,夜寒,秋
711,汽車にねて須磨の風ひく夜寒哉,夜寒,秋
712,汽車の音の近く聞ゆる夜寒哉,夜寒,秋
713,狐鳴く聲と聞くからに夜寒哉,夜寒,秋
714,喧嘩せし子の寐入りたる夜寒哉,夜寒,秋
715,碁の音の林に響く夜寒かな,夜寒,秋
716,大名を藁屋にとめる夜寒哉,夜寒,秋
717,ともし火をあてに舟よぶ夜寒哉,夜寒,秋
718,庭の灯に人顏映る夜寒哉,夜寒,秋
719,化けさうな行燈に寺の夜寒哉,夜寒,秋
720,船に寐て行李を枕の夜寒哉,夜寒,秋
721,蓑笠をかけて夜寒の書齋かな,夜寒,秋
722,御佛と襖隔つる夜寒哉,夜寒,秋
723,吉原の踊過ぎたる夜寒哉,夜寒,秋
724,吉原のにわか過ぎたる夜寒かな,夜寒,秋
725,頼朝も那須の與一も夜寒哉,夜寒,秋
726,縁日の古著屋多き夜寒哉,夜寒,秋
727,交番の交代時の夜寒哉,夜寒,秋
728,柿店の前を過行く夜寒哉,夜寒,秋
729,樫の木の中に灯ともる夜寒哉,夜寒,秋
730,贋筆をかけて灯ともす夜寒哉,夜寒,秋
731,きんつはの行燈暗き夜寒哉,夜寒,秋
732,暗やみに我門敲く夜寒哉,夜寒,秋
733,車引のお歸りと呼ぶ夜寒哉,夜寒,秋
734,三階の灯を消しに行く夜寒哉,夜寒,秋
735,電氣燈明るき山の夜寒哉,夜寒,秋
736,舟歌のやんで物いふ夜寒かな,夜寒,秋
737,星飛んで懐に入る夜寒哉,夜寒,秋
738,見下せば灯の無き町の夜寒哉,夜寒,秋
739,炭出しに行くや夜寒の燭を秉り,夜寒,秋
740,蚊帳ツラデ畫美人見ユル夜寒カナ,夜寒,秋
741,母ト二人イモウトヲ待ツ夜寒カナ,夜寒,秋
742,虫ノ音ノ少クナリシ夜寒カナ,夜寒,秋
743,破垣ニ灯見ユル家ノ夜寒カナ,夜寒,秋
744,二人ては咄のたらぬ夜長かな,夜長,秋
745,次の間に唄ひ女の泣く夜長哉,夜長,秋
746,明日の旅路見つゝ行く夜の長さ哉,夜長,秋
747,首途の支度にふかす夜長哉,夜長,秋
748,木枕に惟然泣く夜の長さ哉,夜長,秋
749,傾城の咄ときるゝ夜長かな,夜長,秋
750,一ツづゝ波音ふくる夜長哉,夜長,秋
751,辨慶の道具しらべる夜長哉,夜長,秋
752,妹に軍書讀まする夜長哉,夜長,秋
753,叡山へ提灯通ふ夜長哉,夜長,秋
754,瀬田こえて三井の鐘きく夜長哉,夜長,秋
755,大黒の夷をなぶる夜長哉,夜長,秋
756,瀧の音いろいろになる夜長哉,夜長,秋
757,長生を思へば遠き夜長哉,夜長,秋
758,長き夜の寐物語りや蝦夷千嶋,夜長,秋
759,長き夜や頻りにはぢく桶の箍,夜長,秋
760,長き夜や誰がうつり香の薄蒲団,夜長,秋
761,長き夜を誰がうつり香の薄蒲団,夜長,秋
762,長き夜や鼠のかぢる古烏帽子,夜長,秋
763,長き夜や姫の御伽の繪巻物,夜長,秋
764,桃太郎の咄もたえて夜長哉,夜長,秋
765,驛古りて夜長の鷄のまばら也,夜長,秋
766,火事消えて人さどむ夜の長さ哉,夜長,秋
767,小坊主や何を夜長の物思ひ,夜長,秋
768,誰が謠ふ旅の夜長のつれつれに,夜長,秋
769,長き夜の山門へ通ふ鼠かな,夜長,秋
770,長き夜の大同江を渉りけり,夜長,秋
771,長き夜や誰がきぬきぬの鶏が鳴く,夜長,秋
772,長き夜をたるまず廓の大鼓哉,夜長,秋
773,何笑ふ聲そ夜長の臺所,夜長,秋
774,山里に月もなき夜の長さかな,夜長,秋
775,山里は月もなき夜の長さかな,夜長,秋
776,明けぐれに立ていそけば夜ぞ長き,夜長,秋
777,足音の隣へはいる夜長かな,夜長,秋
778,大家の靜まりかへる夜長哉,夜長,秋
779,大村の靜まり返る夜長かな,夜長,秋
780,神戸出て夜の長さよ紀州灘,夜長,秋
781,大鼓やみ鼓やみ三味の夜そ長き,夜長,秋
782,契りおかで待つや夜長の空たのめ,夜長,秋
783,長き夜の面白きかな水滸傳,夜長,秋
784,長き夜の硯にうつるともし哉,夜長,秋
785,長き夜の月の雨のと更けて行く,夜長,秋
786,長き夜の鷄や太鼓や喇叭哉,夜長,秋
787,長き夜の物音きくや白拍子,夜長,秋
788,長き夜の夢の浮橋絶えてけり,夜長,秋
789,長き夜の連歌に更けて朝寐哉,夜長,秋
790,長き夜や木の間に細き常夜燈,夜長,秋
791,長き夜や初夜の鐘つく東大寺,夜長,秋
792,長き夜や提灯わたる大井河,夜長,秋
793,長き夜や人灯を取つて庭を行く,夜長,秋
794,長き夜や古傾城のささめ言,夜長,秋
795,長き夜や夢にひろひし二貫文,夜長,秋
796,長き夜や隣樓の三紘引きやみぬ,夜長,秋
797,長き夜を月取る猿の思案哉,夜長,秋
798,長き夜を何に更かすぞ岡の家,夜長,秋
799,長き夜を寐足らぬ人の尊さよ,夜長,秋
800,寐られぬよ長き夜頃の物の本,夜長,秋
801,夜の長さ船で測れば八十里,夜長,秋
802,蝋燭の燃えきれんとして夜ぞ長き,夜長,秋
803,歌よまぬ身は待ちかねし夜長哉,夜長,秋
804,汽車過ぐるあとを根岸の夜ぞ長き,夜長,秋
805,椎の樹に月傾きて夜ぞ長き,夜長,秋
806,長き夜の移り香とめて別れけり,夜長,秋
807,長き夜の白髪の生える思ひあり,夜長,秋
808,長き夜の灯なし早寐の家つゞき,夜長,秋
809,長き夜の水は流れてしまひけり,夜長,秋
810,長き夜や思ひ出す時風が吹く,夜長,秋
811,長き夜や孔明死する三國志,夜長,秋
812,長き夜や千年の後を考へる,夜長,秋
813,長き夜や念佛の聲豆の音,夜長,秋
814,長き夜や堀河落つる汐の音,夜長,秋
815,長き夜や闇に落ちかゝる瀧の音,夜長,秋
816,長き夜を白髪の生える思ひあり,夜長,秋
817,古妻や背中合せの夜は長き,夜長,秋
818,物に倦みて時計見る夜の長さ哉,夜長,秋
819,寄席はねて上野の鐘の夜長哉,夜長,秋
820,思ひ出せばゆふべの夜も長かりし,夜長,秋
821,角海老の時計數へる夜長哉,夜長,秋
822,咳にくるしむ夜長の灯豆の如し,夜長,秋
823,戸の音に物を疑ふ夜長哉,夜長,秋
824,長き夜の悪夢驚きて鼠落つ,夜長,秋
825,長き夜や隅の柱のわれる音,夜長,秋
826,長き夜や更けて柱のひゞく音,夜長,秋
827,長き夜を汝が吠ゆる聲も聞ざりき,夜長,秋
828,病人のうまいして居る夜長哉,夜長,秋
829,行燈の消えなんとする夜長哉,夜長,秋
830,いろいろの變化出て來る夜長哉,夜長,秋
831,劫に負けてせめあひになる夜長かな,夜長,秋
832,書讀まぬ男は寐たる夜長哉,夜長,秋
833,小絃はお鍋さゝやく夜長哉,夜長,秋
834,長き夜や障子の外をともし行く,夜長,秋
835,長き夜や枕刀を置き直す,夜長,秋
836,病人のうなされて居る夜長哉,夜長,秋
837,長き夜や夫は善く寐て子守唄,夜長,秋
838,犬の聲靴の音長き夜なりけり,夜長,秋
839,鐘の音の輪をなして來る夜長哉,夜長,秋
840,文を書く横顏見えて夜長哉,夜長,秋
841,秋淋し毛蟲はひ行く石疊,秋淋し,秋
842,酒のんで秋淋しがる一人哉,秋淋し,秋
843,ねだる子や秋淋しがる親の顏,秋淋し,秋
844,青々と猶淋しさよ須磨の秋,秋淋し,秋
845,淋しさや盗人はやる須磨の秋,秋淋し,秋
846,杉木立淋しき秋の鳥居哉,秋淋し,秋
847,杉木立淋しき秋の宮居哉,秋淋し,秋
848,櫻桃の葉黄ばみて庭の秋淋し,秋淋し,秋
849,樓に上れば洞庭開いて秋遠し,秋遠し,秋
850,秋や寂さびや秋知る雨一日,秋さぶ,秋
851,秋さびた石なら木なら二百年,秋さぶ,秋
852,大宮に秋さびけらし醫者の顏,秋さぶ,秋
853,神さびて秋さびて上野さびにけり,秋さぶ,秋
854,秋さびて太雅の木にも似たる哉,秋さぶ,秋
855,俳諧の秋さびてより二百年,秋さぶ,秋
856,つくつくと身に入む月の一人哉,身に入む,秋
857,俳諧の咄身にしむ二人哉,身に入む,秋
858,古戦場と聞けば身に入む夕哉,身に入む,秋
859,身に入むや臺破るゝ蓮の風,身に入む,秋
860,身に入むや誰が石塔を刻む音,身に入む,秋
861,學ぶ夜の更けて身に入む昔哉,身に入む,秋
862,彳むや森深く夜氣肌に入む,身に入む,秋
863,行く秋にしがみついたる木の葉哉,行く秋,秋
864,朝顔のひるまでさいて秋の行,行く秋,秋
865,行く秋にしがみついたり蔦紅葉,行く秋,秋
866,松二本竝んで秋の老にけり,行く秋,秋
867,松二木竝んで秋の老にけり,行く秋,秋
868,行く秋の輕うなりたる木實哉,行く秋,秋
869,行く秋や壁の穴見る藪にらみ,行く秋,秋
870,行く秋や刀豆一ツあらはるゝ,行く秋,秋
871,行く秋やぼんやりしたる影法師,行く秋,秋
872,行く秋やまばらに見ゆる竹の藪,行く秋,秋
873,秋行くや大根二股にわれそめて,行く秋,秋
874,行く秋に大佛殿の嵐哉,行く秋,秋
875,行く秋の一日秋を盡しけり,行く秋,秋
876,行く秋の淋しく成し田面哉,行く秋,秋
877,行く秋や油かわきし枕紙,行く秋,秋
878,行く秋や水の中にも風の音,行く秋,秋
879,行く秋をさらに妙義の山めぐり,行く秋,秋
880,行く秋に梨ならべたる在所哉,行く秋,秋
881,行く秋にならびて君か舟出哉,行く秋,秋
882,行く秋の石打てばかんと響きける,行く秋,秋
883,行く秋の鼬死居る木部屋哉,行く秋,秋
884,行く秋の鴉鳴くなり羅生門,行く秋,秋
885,行く秋の小舟淋しき湊かな,行く秋,秋
886,行く秋の鹿淋しがる戸口哉,行く秋,秋
887,行く秋の梨ならべたる在所かな,行く秋,秋
888,行く秋や何を烟らす一軒家,行く秋,秋
889,行く秋や松の木の間の南禪寺,行く秋,秋
890,行く秋や松の古葉を振り落し,行く秋,秋
891,行く秋を大海原のたゞ廣し,行く秋,秋
892,行く秋を大めし食ふ男かな,行く秋,秋
893,行く秋を佛手柑の只一つ哉,行く秋,秋
894,行く秋を松にかたよる海邊哉,行く秋,秋
895,秋行くと砂糖木畠の荒れにけり,行く秋,秋
896,尼寺や寂莫として秋の行く,行く秋,秋
897,市中やにわかに秋の行く夕,行く秋,秋
898,賣れ殘る木魚一つに秋の行く,行く秋,秋
899,枯松葉青松葉秋の行く小庭,行く秋,秋
900,此君にわれに秋行く四疊半,行く秋,秋
901,須磨に更けて奈良に行く秋あら淋し,行く秋,秋
902,行く秋の烏も飛んでしまひけり,行く秋,秋
903,行く秋の腰骨いたむ旅寐哉,行く秋,秋
904,行く秋のしぐれかけたり法隆寺,行く秋,秋
905,行く秋の死にそこなひが歸りけり,行く秋,秋
906,行く秋の月夜を雨にしてしまひ,行く秋,秋
907,行く秋の敵國近し劍の霜,行く秋,秋
908,行く秋の涙もなしにあはれなり,行く秋,秋
909,行く秋の野菊白くも咲きけらし,行く秋,秋
910,行く秋の橋杭ばかり殘りけり,行く秋,秋
911,行秋のふしぶしいたむ旅寐哉,行く秋,秋
912,行く秋のまた旅人と呼ばれけり,行く秋,秋
913,行く秋の眼を塞ぎたる一人哉,行く秋,秋
914,行く秋の我に神無し佛無し,行く秋,秋
915,行く秋や一千年の佛だち,行く秋,秋
916,行く秋や菴の菊見る五六日,行く秋,秋
917,行く秋や庵の夕を鴉鳴く,行く秋,秋
918,行く秋や梅若寺の葭簀茶屋,行く秋,秋
919,行く秋や手を引きあひし松二木,行く秋,秋
920,行く秋や奈良の小寺の鐘を撞く,行く秋,秋
921,行く秋や奈良の小店の古佛,行く秋,秋
922,行く秋や奈良は古寺古佛,行く秋,秋
923,行く秋や店に兀げたる春日盆,行く秋,秋
924,行く秋や我に神なし佛なし,行く秋,秋
925,行く秋を雨に氣車待つ野茶屋哉,行く秋,秋
926,行く秋を生きて歸りし都哉,行く秋,秋
927,行く秋をしぐれかけたり法隆寺,行く秋,秋
928,世の中の秋か行くそよ都人,行く秋,秋
929,秋を愛す其秋將に行かんとす,行く秋,秋
930,惡句百首病中の秋の名殘かな,行く秋,秋
931,菊を剪つて行く秋惜む主かな,行く秋,秋
932,短檠や秋盡きんとして楚辭を讀む,行く秋,秋
933,月青く雨紅に秋ぞ行く,行く秋,秋
934,月も露もしらけて秋の行かんとす,行く秋,秋
935,鳶が舞ふけろりと秋の行くことよ,行く秋,秋
936,滿月となりて秋行く吉野かな,行く秋,秋
937,みちのくを出て來て江戸に行く秋や,行く秋,秋
938,森の中や秋行く庵の人一人,行く秋,秋
939,行く秋の鐘つき料を取りに來る,行く秋,秋
940,行く秋の一卷キ殘る芭蕉かな,行く秋,秋
941,行く秋の晝飯くへば寒くなる,行く秋,秋
942,行く秋や杉寂として赤き宮,行く秋,秋
943,行く秋や大根畠に鳴く雀,行く秋,秋
944,行く秋を追ひつめて須磨で取り迯す,行く秋,秋
945,行く秋を法華經寫す手もとゞめず,行く秋,秋
946,いく秋の酒のほまれや日本號,行く秋,秋
947,はてしなき世界の秋の行へ哉,秋の行方,秋
948,はてもなき秋の行へや外が濱,秋の行方,秋
949,生き殘る蠅ならなくに秋惜む,秋惜しむ,秋
950,惜むかな妻うしなひし此秋を,秋惜しむ,秋
951,月の秋菊の秋それらも過ぎて暮の秋,暮の秋,秋
952,案山子老て秋は鳴子に暮にけり,暮の秋,秋
953,月の秋菊の秋過てくれの秋,暮の秋,秋
954,月の秋過てつれなくくれの秋,暮の秋,秋
955,月の秋次ハ是非なくくれの秋,暮の秋,秋
956,月細り細り盡して秋くれぬ,暮の秋,秋
957,繩簾蛇にもならず秋くれぬ,暮の秋,秋
958,月ながら暮れ行く秋そうとましき,暮の秋,秋
959,冠の塵もはらはず秋暮ぬ,暮の秋,秋
960,月もあり黄菊白菊暮るゝ秋,暮の秋,秋
961,箒木の箒にもならず秋くれぬ,暮の秋,秋
962,馬醫者や馬の脉見る暮の秋,暮の秋,秋
963,釣鐘の奉加集まらす秋暮るゝ,暮の秋,秋
964,みちのくや馬も雇はで暮るゝ秋,暮の秋,秋
965,取りに來る鐘つき料や暮の秋,暮の秋,秋
966,飛んで來る餘所の落葉や暮るゝ秋,暮の秋,秋
967,冬待つや寂然として四疊半,冬近し,冬
968,我庵は蚊帳に別れて冬近し,冬近し,冬
969,冬待ちつやゝ黄ばむ庭の蜜柑哉,冬近し,冬
970,冬近き嵐に折れし鷄頭哉,冬近し,冬
971,冬近く今年は髯を蓄へし,冬近し,冬
972,冬近し今年は髯を蓄へし,冬近し,冬
973,冬待つやつはものどもの皮衣,冬近し,冬
974,冬を待ついくさの後の舎營哉,冬近し,冬
975,冬を待つ用意かしこし四疊半,冬近し,冬
976,すさましや身よりもふとき袋ぐも,冷まじ,冬
977,水飯の色すさましき白さ哉,冷まじ,冬
978,すさましや戀にあつさをしらぬ夜半,冷まじ,冬
979,すさましや花ちる下の水車,冷まじ,冬
980,すさましや眞晝の鐘をつく時は,冷まじ,冬
981,すさましや此山奧の石佛,冷まじ,冬
982,凄しや彈丸波に沈む音,冷まじ,冬
983,檻古りぬ熊の眼のすさましく,冷まじ,冬
984,すさまじや蝋燭走る風の中,冷まじ,冬
985,蝋燭にすさまじき夜の嵐哉,冷まじ,冬
986,尻の跡のもう冷かに古疊,冷やか,夏
987,冷かな寐覺や山の雲深き,冷やか,夏
988,冷かに蜑の背中の入日かな,冷やか,夏
989,ひやひやと朝日さしけり松の中,冷やか,夏
990,ひやゝかな赤い朝日がぽつかりと,冷やか,夏
991,ひやゝかや喰はれ殘りの日の光,冷やか,夏
992,家康の魂ひやゝかに杉木立,冷やか,夏
993,杉をもる日ひやゝかに曽我の墓,冷やか,夏
994,ひやひやと朝日うつりて松青し,冷やか,夏
995,冷かや佛燈青く碁の響,冷やか,夏
996,曉のひやゝかな雲流れけり,冷やか,夏
997,戸のすきのつめたき風をいとふべし,冷やか,夏
998,秋の日や鐘よりさきにくれかゝる,秋の日,秋
999,蜩にもたれて秋の日はくれぬ,秋の日,秋
1000,雨晴れて虫飛ぶ秋の日中哉,秋の日,秋
1001,秋の日の傾きてわれ家もなし,秋の日,秋
1002,秋の日の木の間に落ちて塔高し,秋の日,秋
1003,秋の日の高石懸に落ちにけり,秋の日,秋
1004,秋の日の野路の小川に光りけり,秋の日,秋
1005,秋の日の一人に暮るゝ野道哉,秋の日,秋
1006,護摩堂にさしこむ秋の日あし哉,秋の日,秋
1007,大根の二葉に秋の日さし哉,秋の日,秋
1008,山に倚れば秋の日落つるあら野哉,秋の日,秋
1009,秋の日の薄雲がくれ蝕すなり,秋の日,秋
1010,樫の木の竝んで秋の入日かな,秋の日,秋
1011,鷄頭を伐るべく秋の日短し,秋の日,秋
1012,皀莢に秋の日落つる小窓かな,秋の日,秋
1013,竹藪のうしろに秋の入日かな,秋の日,秋
1014,ところところ秋の日さすや杉木立,秋の日,秋
1015,にこらいの會堂に秋の日赫たり,秋の日,秋
1016,秋の日の谷中にせまる蝉の聲,秋の日,秋
1017,鳥一羽飛んで秋の日落ちにけり,秋の日,秋
1018,塵の中にくれ行く秋の夕日かな,秋の夕日,秋
1019,鷄頭に暮れ行く秋の夕日哉,秋の夕日,秋
1020,杉暗く井垣に秋の夕日哉,秋の夕日,秋
1021,谷深く舟漕ぐ秋の夕日哉,秋の夕日,秋
1022,山行くや秋の夕日の影法師,秋の夕日,秋
1023,裏町や秋の夕日の蚊粒飛ぶ,秋の夕日,秋
1024,烟捲いて秋の夕日の海黄なり,秋の夕日,秋
1025,杉高く秋の夕日の茶店哉,秋の夕日,秋
1026,見え透くや秋の夕日のくの木原,秋の夕日,秋
1027,物干にかげろふ秋の夕日哉,秋の夕日,秋
1028,家もなし秋の夕日の傾きぬ,秋の夕日,秋
1029,鎌倉や秋の夕日の旅法師,秋の夕日,秋
1030,旅鳥一羽に秋の入日かな,秋の夕日,秋
1031,ハロを見る秋の夕日や八郎湖,秋の夕日,秋
1032,秋晴て故人の來る夕哉,秋晴,秋
1033,秋晴てふじのうしろに入日哉,秋晴,秋
1034,秋晴て物見に近し秋の不二,秋晴,秋
1035,秋晴れて塔にはさはるものもなし,秋晴,秋
1036,秋晴れて兩國橋の往來かな,秋晴,秋
1037,秋晴れて見かくれぬべき山もなし,秋晴,秋
1038,秋晴れぬ空の限りの蒸氣船,秋晴,秋
1039,秋晴れて敷浪雲の平なり,秋晴,秋
1040,秋晴れてものゝ煙の空に入る,秋晴,秋
1041,秋晴たり上總の烟安房の鳶,秋晴,秋
1042,秋晴れて青く小さき筑波かな,秋晴,秋
1043,秋晴れて鎌の光りの山に來る,秋晴,秋
1044,秋晴れてほこりのやうな虫が飛ぶ,秋晴,秋
1045,秋晴れて凌雲閣の人小し,秋晴,秋
1046,秋晴れて遠足の人蟻の如し,秋晴,秋
1047,秋晴れぬ千住曇りぬ西新井,秋晴,秋
1048,きのふ晴れてけふ晴て秋も二三日,秋晴,秋
1049,病人の駕で遊ぶや秋の晴,秋晴,秋
1050,秋晴るゝ松の梢の鷺一つ,秋晴,秋
1051,秋晴るゝ松の梢や鷺白し,秋晴,秋
1052,鳥海にかたまる雲や秋日和,秋日和,秋
1053,かしましう鳥啼く秋の日和哉,秋日和,秋
1054,鳶舞ふや本郷臺の秋日和,秋日和,秋
1055,賑かに都の秋の日和哉,秋日和,秋
1056,山遠しばつた高く飛ぶ秋日和,秋日和,秋
1057,磯山や鰯干したる秋日和,秋日和,秋
1058,軍艦を見に行く舟や秋日和,秋日和,秋
1059,病床に上野を見るや秋日和,秋日和,秋
1060,鷄頭の四五本秋の日和哉,秋日和,秋
1061,龍田姫ふしは女人の禁制そ,竜田姫,秋
1062,佐保姫は娘、龍田姫は後家也けり,竜田姫,秋
1063,山鳥の戀に狂ふや龍田姫,竜田姫,秋
1064,我笠に龍田姫の裾かゝる也,竜田姫,秋
1065,龍田姫四十越えぬと申しけり,竜田姫,秋
1066,秋風の姿すゝきになかめけり,秋風,秋
1067,秋風や迷子探すかねのこへ,秋風,秋
1068,秋風をそへてすゝきをうりにけり,秋風,秋
1069,散りやすきものから吹くや秋の風,秋風,秋
1070,秋風やいさみ立たる蠻むし,秋風,秋
1071,ならんたる鐘や木魚や秋の風,秋風,秋
1072,秋風や伊豫へ流るゝ汐の音,秋風,秋
1073,秋風やはりこの龜のぶらんぶらん,秋風,秋
1074,秋風や窓の戸うごくさよ砧,秋風,秋
1075,送火や灰空に舞ふ秋の風,秋風,秋
1076,面白う砧をゆるや秋の風,秋風,秋
1077,風を秋と聞く時ありて犬の骨,秋風,秋
1078,傾城に問へども知らず秋の風,秋風,秋
1079,さる程に秋とはなりぬ風の音,秋風,秋
1080,すつこめる龜の首にも秋の風,秋風,秋
1081,何といふ發句つくろふぞ秋の風,秋風,秋
1082,齒のぬけて經よむ聲も秋の風,秋風,秋
1083,火ちらちら足もとはしる秋の風,秋風,秋
1084,都には何事もなし秋の風,秋風,秋
1085,痩せたりや二十五年の秋の風,秋風,秋
1086,山本の灯ゆるゝや秋のかぜ,秋風,秋
1087,ゆりけすや下手のうたひを秋の風,秋風,秋
1088,秋風に油もぬけぬ鰹魚哉,秋風,秋
1089,秋風にふりたて行くや鹿の角,秋風,秋
1090,秋風に目をさましけり合歡の花,秋風,秋
1091,秋風の相手に熟柿一ツ哉,秋風,秋
1092,秋風の一日何を釣る人そ,秋風,秋
1093,秋風の蜘手にふくやしかの角,秋風,秋
1094,秋風のふけは倒るゝそとはかな,秋風,秋
1095,秋風や覺束なくもほとゝぎす,秋風,秋
1096,秋風や京の大路の朱傘,秋風,秋
1097,秋風や京の町には朱傘,秋風,秋
1098,秋風や崩れたつたる雲のみね,秋風,秋
1099,秋風や水月にまがふ僧の鬚,秋風,秋
1100,秋風や杉の葉くさる石のあひ,秋風,秋
1101,秋風やちびて短き旅の杖,秋風,秋
1102,秋風やつるりとしたる不盡の山,秋風,秋
1103,秋風や鳥飛び盡す筑波山,秋風,秋
1104,秋風や都にすんでなく夜あり,秋風,秋
1105,秋風や都にすんでなく夜哉,秋風,秋
1106,秋風やらんふの笠も破れたり,秋風,秋
1107,秋風や小野の小町の笑ひ聲,秋風,秋
1108,秋風をいのちにはしてざくろかな,秋風,秋
1109,秋の風帽子の角を吹きへらす,秋風,秋
1110,いつしかに桑の葉黒し秋の風,秋風,秋
1111,海原や波にもつかす秋の風,秋風,秋
1112,海原やものにもつかす秋の風,秋風,秋
1113,親が鳴き子猿が鳴いて秋の風,秋風,秋
1114,聞きにゆけ須磨の隣の秋の風,秋風,秋
1115,蛇の舌まだ赤し秋の風,秋風,秋
1116,蜘の巣に蜘の留守也秋の風,秋風,秋
1117,蜘の巣に蜘は留守也秋の風,秋風,秋
1118,此頃は蓴菜かたし秋の風,秋風,秋
1119,旅の旅その又旅の秋の風,秋風,秋
1120,旅の旅又その旅の秋の風,秋風,秋
1121,月を見る背中に吹くや秋の風,秋風,秋
1122,ていれぎの下葉淺黄に秋の風,秋風,秋
1123,天狗泣き天狗笑ふや秋の風,秋風,秋
1124,撫し子のまた細りけり秋の風,秋風,秋
1125,一ツ家のともしめくりて秋の風,秋風,秋
1126,筆の穂のさゝけ出したり秋の風,秋風,秋
1127,古鍋に豚の油や秋の風,秋風,秋
1128,秋風に生れてさすが男哉,秋風,秋
1129,秋風に兀ても昔女かな,秋風,秋
1130,秋風のおもてに立てり筑波山,秋風,秋
1131,秋風の吹きひろげけり川の幅,秋風,秋
1132,秋風やあはれ氣もなき俳諧師,秋風,秋
1133,秋風やいくさの夢も二十年,秋風,秋
1134,秋風や片手に富士の川とめん,秋風,秋
1135,秋風や通ひなれたる箱根山,秋風,秋
1136,秋風や下駄流したる最上川,秋風,秋
1137,秋風やけふだけの飯もたいてある,秋風,秋
1138,秋風や子牛引きこむ家二軒,秋風,秋
1139,秋風や胡蝶もなじむ牛の角,秋風,秋
1140,秋風や坐禪し居れば劔鳴る,秋風,秋
1141,秋風や淋しくなりし子守唄,秋風,秋
1142,秋風や鱸を釣らんとぞ思ふ,秋風,秋
1143,秋風や旅の浮世のはてしらず,秋風,秋
1144,秋風や脳味噌くさる芥子坊主,秋風,秋
1145,秋風や泪つもりて五十日,秋風,秋
1146,秋風や人あらはなる山の宿,秋風,秋
1147,秋風や人に聞けとの大鼾,秋風,秋
1148,秋風や平たくなりし力瘤,秋風,秋
1149,秋風や故郷さして歸る人,秋風,秋
1150,秋風や牡丹の夢もなかりけり,秋風,秋
1151,秋風や巫ふり亂す髪のたけ,秋風,秋
1152,秋風や道に横たふ蛇のから,秋風,秋
1153,秋風や妙義の岩に雲はしる,秋風,秋
1154,秋風や屋根に淋しき金の鳳,秋風,秋
1155,秋風やわれは可もなく不可もなし,秋風,秋
1156,秋風よ命ばかりは吹きのこせ,秋風,秋
1157,秋の風牡丹の梦もなかりけり,秋風,秋
1158,秋の風われを相手に吹きにけり,秋風,秋
1159,うしろ向けば我にも吹くや秋の風,秋風,秋
1160,賣物の大名屋敷秋の風,秋風,秋
1161,面白や草鞋はく日の秋の風,秋風,秋
1162,骸骨と我には見えて秋の風,秋風,秋
1163,笠の端に山かさなりて秋の風,秋風,秋
1164,片腕の位牌になりぬ秋の風,秋風,秋
1165,金藏の多い處よ秋の風,秋風,秋
1166,象潟の海にかはりて秋の風,秋風,秋
1167,肥肉の目には見ゆれど秋の風,秋風,秋
1168,此頃の蕗のにがさよ秋の風,秋風,秋
1169,品川は海をひかへて秋の風,秋風,秋
1170,白河や二度こゆる時秋の風,秋風,秋
1171,背に吹くや五十四郡の秋の風,秋風,秋
1172,そよそよと秋風吹きぬ單衣,秋風,秋
1173,はや一つ命へらしぬ秋の風,秋風,秋
1174,又一つ命へらしぬ秋の風,秋風,秋
1175,蕗の葉のやぶるゝ音や秋の風,秋風,秋
1176,古井戸の名はわすられて秋の風,秋風,秋
1177,都から一里はなれて秋の風,秋風,秋
1178,秋風の上野の出茶屋人もなし,秋風,秋
1179,秋風の韓山敵の影もなし,秋風,秋
1180,秋風の渤海灣口船もなし,秋風,秋
1181,秋風や雲吹きわたる出羽の海,秋風,秋
1182,秋風や傾城町の晝下り,秋風,秋
1183,秋風や天竺牡丹花細し,秋風,秋
1184,秋風や馬場の草むら犬走る,秋風,秋
1185,秋風や薔薇の花びらまとまらず,秋風,秋
1186,秋風や紫薄き燕子花,秋風,秋
1187,秋風や森を出でゝ川横はる,秋風,秋
1188,秋風や大蛇野道に横はる,秋風,秋
1189,金持の板塀高し秋の風,秋風,秋
1190,此頃や河豚小さき秋の風,秋風,秋
1191,仕置場や地藏の胴の秋の風,秋風,秋
1192,染物のはなだになりぬ秋の風,秋風,秋
1193,地藏古りて錫杖折れぬ秋の風,秋風,秋
1194,何とせん母痩せたまふ秋の風,秋風,秋
1195,墓原の提灯白し秋の風,秋風,秋
1196,莚帆や吹き破られて秋の風,秋風,秋
1197,藪川や緑青浮む秋の風,秋風,秋
1198,秋風に吹かれたやうな仁王哉,秋風,秋
1199,秋風のそなたと許り思へとよ,秋風,秋
1200,秋風や生きてあひ見る汝と我,秋風,秋
1201,秋風や馬嘶いて幕の音,秋風,秋
1202,秋風や馬合点して北の方,秋風,秋
1203,秋風や海を限りし伊豫の鼻,秋風,秋
1204,秋風や圍ひもなしに興福寺,秋風,秋
1205,秋風や雲吹き起る山のかひ,秋風,秋
1206,秋風や侍町の塀ばかり,秋風,秋
1207,秋風や侍町は塀ばかり,秋風,秋
1208,秋風や高井のていれぎ三津の鯛,秋風,秋
1209,秋風や何堂彼堂彌勒堂,秋風,秋
1210,秋風や奈良の佛に札がつく,秋風,秋
1211,秋風や白雲迷ふ親不知,秋風,秋
1212,秋風や平家吊ふ經の聲,秋風,秋
1213,秋風やほろりと落し蝉の殻,秋風,秋
1214,秋風やほろりともけし蝉の殻,秋風,秋
1215,秋風や皆千年の物ばかり,秋風,秋
1216,秋風や燒場のあとの卵塔場,秋風,秋
1217,秋風や吾は奈良の病人なり,秋風,秋
1218,淺草や猿飼ふ店の秋の風,秋風,秋
1219,色里や十歩はなれて秋の風,秋風,秋
1220,右京左京中は畑なり秋の風,秋風,秋
1221,馬下りて川の名問へば秋の風,秋風,秋
1222,送られて一人行くなり秋の風,秋風,秋
1223,棧や下をのぞけば秋の風,秋風,秋
1224,來て見ればこゝにも吹くや秋の風,秋風,秋
1225,黒崎や汐早うして秋の風,秋風,秋
1226,淋しさやどの顔見ても秋の風,秋風,秋
1227,三十の阪見あぐれば秋の風,秋風,秋
1228,絶壁の草動きけり秋の風,秋風,秋
1229,瀬戸二町中を秋風吹いて來る,秋風,秋
1230,せまり吹くや音頭が瀬戸の秋の風,秋風,秋
1231,大佛の大きさ知れず秋の風,秋風,秋
1232,大佛の尻より吹きぬ秋の風,秋風,秋
1233,狸死に狐留守なり秋の風,秋風,秋
1234,とにかくに一人は失せぬ秋の風,秋風,秋
1235,吊へばわれに吹きけり秋の風,秋風,秋
1236,ともし火を見れば吹きけり秋の風,秋風,秋
1237,中空に秋の風吹く峠かな,秋風,秋
1238,中空に秋の風吹く尾上哉,秋風,秋
1239,泣く母も笑ふ其子も秋の風,秋風,秋
1240,名所に秋風吹きぬ歌よまん,秋風,秋
1241,奈良阪や石切る家の秋の風,秋風,秋
1242,兀山を越えて吹きけり秋の風,秋風,秋
1243,晴れきつて秋風荒るゝ朝日哉,秋風,秋
1244,般若寺の釣鐘細し秋の風,秋風,秋
1245,人も居らずほこりも立たず秋の風,秋風,秋
1246,晝の灯や本堂暗く秋の風,秋風,秋
1247,船ゆれる音頭が瀬戸や秋の風,秋風,秋
1248,船よする築嶋寺や秋の風,秋風,秋
1249,古里や小寺もありて秋の風,秋風,秋
1250,ほし店の鬼灯吹くや秋の風,秋風,秋
1251,陵をめぐりて吹きぬ秋の風,秋風,秋
1252,水草の花まだ白し秋の風,秋風,秋
1253,身の上や御鬮を引けば秋の風,秋風,秋
1254,やぶ入もせぬ迄老いぬ秋の風,秋風,秋
1255,藪寺の釣鐘もなし秋の風,秋風,秋
1256,山陰や寺吹き暮るゝ秋の風,秋風,秋
1257,我死なで君生きもせで秋の風,秋風,秋
1258,我死なで汝生きもせで秋の風,秋風,秋
1259,秋風が吹くと申すぞ吹かねども,秋風,秋
1260,秋風に櫻咲くなり法華經寺,秋風,秋
1261,秋風にすこしかなめの赤芽哉,秋風,秋
1262,秋風に吹かれて來たか白い鳥,秋風,秋
1263,秋風や下界の雲をかきまぜる,秋風,秋
1264,秋風や餘所の煙を吹いて來る,秋風,秋
1265,生き殘る藪蚊するどし秋の風,秋風,秋
1266,歌は古し詩で白河の秋の風,秋風,秋
1267,魚市のあとに犬よる秋の風,秋風,秋
1268,奥の秋の風に吹かれしも昔なり,秋風,秋
1269,お日樣を蟲が喰ひけり秋の風,秋風,秋
1270,草の戸やけふ吹きそむる秋の風,秋風,秋
1271,草踏めば秋風起る那須の原,秋風,秋
1272,首出せば秋風吹くや鼻のさき,秋風,秋
1273,黒門や丸の穴より秋の風,秋風,秋
1274,五年目に國へ歸れば秋の風,秋風,秋
1275,索麺に秋風ふくや小豆嶋,秋風,秋
1276,淋しさや嵐のあとの秋の風,秋風,秋
1277,椎の樹や力を入れる秋の風,秋風,秋
1278,そよそよと入日の面を秋の風,秋風,秋
1279,大佛の腹をのぞけば秋の風,秋風,秋
1280,誰やらが睨んでござる秋の風,秋風,秋
1281,庭十歩秋風吹かぬ隈もなし,秋風,秋
1282,人間の屑に吹きけり秋の風,秋風,秋
1283,引き裂いた雲のあとなり秋の風,秋風,秋
1284,湖の空を吹きけり秋の風,秋風,秋
1285,無著天親其外の佛秋の風,秋風,秋
1286,山里に大鳥飛ぶや秋の風,秋風,秋
1287,讀み返す文の中より秋の風,秋風,秋
1288,料理屋の白川侯の秋の風,秋風,秋
1289,秋風に撫子白き桔梗哉,秋風,秋
1290,秋の風きのふ行脚に出られたり,秋風,秋
1291,虚子に俗なし鄰の三味に秋の風,秋風,秋
1292,さらばよ君明日はいづこの秋の風,秋風,秋
1293,松明に秋風起る洞の闇,秋風,秋
1294,旭に向いて空に棹さす秋の風,秋風,秋
1295,秋風や通りかゝりし一の谷,秋風,秋
1296,秋の風再び薔薇の蕾かな,秋風,秋
1297,桐や棕櫚や迫りし庭の秋の風,秋風,秋
1298,雲見れば秋の初風吹くさうな,秋風,秋
1299,三十六坊一坊殘る秋の風,秋風,秋
1300,白川や秋の初風旅の歌,秋風,秋
1301,引き殘す松葉牡丹や秋の風,秋風,秋
1302,人寐ねて秋の初風吹出しぬ,秋風,秋
1303,都まだ秋の初の風暑し,秋風,秋
1304,虫干の殘りを吹くや秋の風,秋風,秋
1305,秋風ヤ絲瓜ノ花ヲ吹キ落ス,秋風,秋
1306,馬の尾に佛性ありや秋の風,秋風,秋
1307,人問ハゞマダ生キテ居ル秋ノ風,秋風,秋
1308,町川ニボラ釣ル人ヤ秋ノ風,秋風,秋
1309,夕顔ノ太リ過ギタリ秋ノ風,秋風,秋
1310,鶴一つのして入りけり秋の雲,秋の雲,秋
1311,鶴一羽のして入りけり秋のくも,秋の雲,秋
1312,頭上の岩をめぐるや秋の雲,秋の雲,秋
1313,山の秋の雲徃來す不動尊,秋の雲,秋
1314,秋の雲いよいよ高く登りけり,秋の雲,秋
1315,秋の雲太平洋を走りけり,秋の雲,秋
1316,秋の雲瀧をはなれて山の上,秋の雲,秋
1317,足もとや眼ちらつく秋の雲,秋の雲,秋
1318,秋の雲鳴門の空を渡りけり,秋の雲,秋
1319,低く迷ふ廣野の果の秋の雲,秋の雲,秋
1320,秋の雲湖水の上を渡りけり,秋の雲,秋
1321,秋の雲湖水の空を渡りけり,秋の雲,秋
1322,秋の雲地獄の底へ吹き落す,秋の雲,秋
1323,岩山の木もなし秋の雲もなし,秋の雲,秋
1324,秋の雲湖水の底を渡りけり,秋の雲,秋
1325,朝風や鳥飛び盡す秋の雲,秋の雲,秋
1326,眼下頭上只秋の空秋の雲,秋の雲,秋
1327,夕焼けて日和になりぬ秋の雲,秋の雲,秋
1328,秋さめや薄のやすむ日もありて,秋雨,秋
1329,月ぬいてさびを見せけり秋の雨,秋雨,秋
1330,婆々いはく梟なけば秋の雨,秋雨,秋
1331,松風をおさへてふるや秋の雨,秋雨,秋
1332,折々はあかりもさして秋の雨,秋雨,秋
1333,秋雨や大人子供の話し聲,秋雨,秋
1334,秋雨や顔につめたき頬冠り,秋雨,秋
1335,秋の雨兩天傘をなぶりけり,秋雨,秋
1336,ひもじさに紙屑かむや秋の雨,秋雨,秋
1337,ひるまでも灯のともりけり秋の雨,秋雨,秋
1338,又一人頬かふり行く秋の雨,秋雨,秋
1339,眞晝まで日のともりけり秋の雨,秋雨,秋
1340,眞晝まで燈の殘りけり秋の雨,秋雨,秋
1341,犬痩せて山門淋し秋の雨,秋雨,秋
1342,子鴉人を恐れず秋の雨,秋雨,秋
1343,杉暗く鴉なくなり秋の雨,秋雨,秋
1344,古沼に鷺も動かず秋の雨,秋雨,秋
1345,みちのくのはてゞあひけり秋の雨,秋雨,秋
1346,秋の雨月になる夜のおもしろや,秋雨,秋
1347,秋の雨闇になる夜の面白や,秋雨,秋
1348,紫陽花や青にきまりし秋の雨,秋雨,秋
1349,紫陽花や緑にきまる秋の雨,秋雨,秋
1350,大木の中を人行く秋の雨,秋雨,秋
1351,掃溜に鴉鳴くなり秋の雨,秋雨,秋
1352,老僧の八百屋尋ぬる秋の雨,秋雨,秋
1353,秋の雨松をいたゞく小山哉,秋雨,秋
1354,秋雨や色のさめたる緋の袴,秋雨,秋
1355,秋の雨香爐の烟つひに絶えぬ,秋雨,秋
1356,秋雨や糠味噌臭ふ佛の間,秋雨,秋
1357,秋の雨荷物ぬらすな風引くな,秋雨,秋
1358,西に行きて秋雨多し奈良の京,秋雨,秋
1359,ひつこめて國旗立てたる秋の雨,秋雨,秋
1360,秋雨や二人汽車待つ停車場,秋雨,秋
1361,三島迄駕を雇ひぬ秋の雨,秋雨,秋
1362,秋雨や鏡は曇る青和幣,秋雨,秋
1363,秋雨や御鏡曇る青和幣,秋雨,秋
1364,秋雨や水さびのたまる庭の池,秋雨,秋
1365,色さめし秋海棠や秋の雨,秋雨,秋
1366,柴又の茶店出づれば秋の雨,秋雨,秋
1367,柴又の寺を出つれは秋の雨,秋雨,秋
1368,追込の小鳥靜まる秋の雨,秋雨,秋
1369,江漫漫白露星に映ず空明り,星,冬
1370,さゝやきや折々星の笑ひ聲,星,冬
1371,星に貸す赤褌もなかりけり,星,冬
1372,白露や原一ぱいの星月夜,星月夜,秋
1373,月蝕のけふにこそ見れ星月夜,星月夜,秋
1374,行く秋の闇にもならず星月夜,星月夜,秋
1375,鎌倉は井あり梅あり星月夜,星月夜,秋
1376,洪水の勢ひや空は星月夜,星月夜,秋
1377,押しあふてこぼるゝ空や星月夜,星月夜,秋
1378,此頃や樫の梢の星月夜,星月夜,秋
1379,禪寺の門を出づれば星月夜,星月夜,秋
1380,苫一重外は渺々として星月夜,星月夜,秋
1381,近江路や瀬田迄來ても星月夜,星月夜,秋
1382,大佛か眞黒なるは星月夜,星月夜,秋
1383,ちよぼちよぼと黒きは村か星月夜,星月夜,秋
1384,戸口迄送つて出れば星月夜,星月夜,秋
1385,星月夜原の一本杉高し,星月夜,秋
1386,三井寺や湖水の上の星月夜,星月夜,秋
1387,赤き灯の高く見えけり星月夜,星月夜,秋
1388,犬吠ゆる里は麓に星月夜,星月夜,秋
1389,犬吠ゆる麓は低し星月夜,星月夜,秋
1390,木に倚れば枝葉まばらに星月夜,星月夜,秋
1391,木に倚れは木の葉まばらに星月夜,星月夜,秋
1392,首出すや夜舟の窓の星月夜,星月夜,秋
1393,三尺の庭へ出て見つ星月夜,星月夜,秋
1394,青樓のともし火赤し星月夜,星月夜,秋
1395,寺高し窓をあくれば星月夜,星月夜,秋
1396,ともし火の一つも見えず星月夜,星月夜,秋
1397,何もなき畠をありく星月夜,星月夜,秋
1398,古庭に白菊白し星月夜,星月夜,秋
1399,星月夜一つも星の飛ばぬかな,星月夜,秋
1400,星月夜ひとり五階に寐る夜哉,星月夜,秋
1401,星月夜ひとり五階の上に寐る,星月夜,秋
1402,星月夜星を見に行く岡の茶屋,星月夜,秋
1403,萬燈の過ぎ行くあとを星月夜,星月夜,秋
1404,横町や萬燈は過きて星月夜,星月夜,秋
1405,舟過る水の光や星月夜,星月夜,秋
1406,柁取に海の名問ふや星月夜,星月夜,秋
1407,大佛の眼光るや星月夜,星月夜,秋
1408,鶴の羽をこほるゝ露や星月夜,星月夜,秋
1409,片端ハ山から出るや天の河,天の川,夏
1410,片端は山にかゝるや天の川,天の川,夏
1411,片端ハ山にすゑるや天の河,天の川,夏
1412,片端ハ山にやすめて天の河,天の川,夏
1413,原中や野菊に暮れて天の川,天の川,夏
1414,天の川淺瀬と見ゆる處もあり,天の川,夏
1415,天の川よしきの上を流れけり,天の川,夏
1416,天の川凌雲閣にもたれけり,天の川,夏
1417,伊豆まては落ちず消へけり天の河,天の川,夏
1418,後家夜更けて烟草吹きつける天の川,天の川,夏
1419,鐵橋や横すぢかひに天の川,天の川,夏
1420,ふしの根に行あたりたる天の川,天の川,夏
1421,天の川高燈籠にかゝりけり,天の川,夏
1422,家もなし水滔々として天の川,天の川,夏
1423,桑名から宮や三里の天の川,天の川,夏
1424,桑名から宮や七里の天の河,天の川,夏
1425,すゝしさや臍の眞上の天の川,天の川,夏
1426,七夕や犬も見あぐる天の川,天の川,夏
1427,ぢりぢりとねぢれて近し天の河,天の川,夏
1428,目をくばる空の廣さよ天の河,天の川,夏
1429,宿もなき旅の夜更けぬ天の川,天の川,夏
1430,山こすや左にうけて天の河,天の川,夏
1431,山の温泉や裸の上の天の川,天の川,夏
1432,天の川落ちて消えけり海の果,天の川,夏
1433,天の川敵陣下に見ゆる哉,天の川,夏
1434,天の川野牛の角にかゝりけり,天の川,夏
1435,ところところ野營張るなり天の川,天の川,夏
1436,船に寐て我に竝ぶや天の川,天の川,夏
1437,天の川海の南へ流れけり,天の川,夏
1438,天の川濱名の橋の十文字,天の川,夏
1439,天の川渡らば二匹牛と牛,天の川,夏
1440,楫を絶えて舟に見る夜の天の川,天の川,夏
1441,白露や芋の葉末の天の川,天の川,夏
1442,白露や芋の畠の天の川,天の川,夏
1443,絶頂や銀河さゝへる劍嵒,天の川,夏
1444,峠より平らに落ちぬ天の川,天の川,夏
1445,竹藪や簀子に落つる天の川,天の川,夏
1446,七夕の足なと見えよ天の川,天の川,夏
1447,晴れたとて此大水の天の川,天の川,夏
1448,仰向けにわれ嘯けば天の川,天の川,夏
1449,天の川天の橋立ほのほのや,天の川,夏
1450,天の川すこしねぢれて星が飛ぶ,天の川,夏
1451,天の川山なき國の眞上かな,天の川,夏
1452,海原や空を離るゝ天の川,天の川,夏
1453,川上は東と見えて天の川,天の川,夏
1454,北國の庇は長し天の川,天の川,夏
1455,三尺の幅とこそ見れ天の川,天の川,夏
1456,膳所越えて湖水に落ちぬ天の川,天の川,夏
1457,立てかけし杉の丸太や天の川,天の川,夏
1458,菜畑や小村にかゝる天の川,天の川,夏
1459,野の空やものを離れて天の川,天の川,夏
1460,一里の灯消えて天の川,天の川,夏
1461,星の座やゆふべのまゝの天の川,天の川,夏
1462,巻き落す浪のかしらの天の川,天の川,夏
1463,巻き落す浪のかしらや天の川,天の川,夏
1464,見あぐるや竹の中より天の川,天の川,夏
1465,行き行きて左になりぬ天の川,天の川,夏
1466,夜半過ぎて銀河傾く庭の竹,天の川,夏
1467,あくびする口に落ちけり天の川,天の川,夏
1468,天の川一本杉をはつれけり,天の川,夏
1469,天の川二條の空の夜寒しや,天の川,夏
1470,桐の葉の露はらはらと天の川,天の川,夏
1471,壇を築き物祭る灯や天の川,天の川,夏
1472,野の中や道曲りたる天の川,天の川,夏
1473,野の道の曲りたるを行天の川,天の川,夏
1474,複道や銀河に近き灯の通ひ,天の川,夏
1475,薄曇る空の濁りや天の川,天の川,夏
1476,糠星の飛びも盡さす天の川,天の川,夏
1477,夜涼如水天ノ川邊ノ星一ツ,天の川,夏
1478,虚無僧の深あみ笠や盆の月,盆の月,秋
1479,盆の月團子の數も見えてけり,盆の月,秋
1480,盆の月亡者の歸る鉦の音,盆の月,秋
1481,盆の月亡者の歸る軒端哉,盆の月,秋
1482,禰宜殿や門を出づれば盆の月,盆の月,秋
1483,盆の月佛くさくもなかりけり,盆の月,秋
1484,あの枝に見しこの枝に松の月,月,秋
1485,浮き世いかに人に戀やみ花に月,月,秋
1486,浮世より外のうき世や水と月,月,秋
1487,木の間もる月青し杉十五丈,月,秋
1488,くたけては海一めんや月の影,月,秋
1489,此波は須磨へつゞくか三津の月,月,秋
1490,捨てられて見たし浮世の外の月,月,秋
1491,月影の湖に舟なし風の音,月,秋
1492,月高く湖廣し窓の中,月,秋
1493,月高し窓より下に近江富士,月,秋
1494,月の影湖一面に碎けたり,月,秋
1495,月一つ湖水に塵もなかりけり,月,秋
1496,月一つ瀬田から膳所へ流れけり,月,秋
1497,見あぐるや湖水の上の月一つ,月,秋
1498,湖やともし火消えて月一ツ,月,秋
1499,水に月舟動くと見えざりき,月,秋
1500,むすふ手にひやりとしむや水の月,月,秋
1501,むすぶ手やひやりひやりと水の月,月,秋
1502,秋もはや七日の月のたのもしき,月,秋
1503,うたたねに月のさしこむ鼾哉,月,秋
1504,十五夜の月ふり出すや馬の首,月,秋
1505,旅寐九年故郷の月ぞあり難き,月,秋
1506,舟一ツ通るや月を碎く音,月,秋
1507,待つ夜半や月は障子の三段目,月,秋
1508,窓の繪や月の画がいたる萩すゝき,月,秋
1509,夜の月や坐禪の膝を松の影,月,秋
1510,足元をすくふて行くや月の汐,月,秋
1511,蜑か家や月に戸をさす清見潟,月,秋
1512,いくつより覺えた名やら月と花,月,秋
1513,いさり火や月を離れし沖の隅,月,秋
1514,芋の葉に月のころがる夜露哉,月,秋
1515,色々の形となるや雲の月,月,秋
1516,海原や思ひきつたる月の色,月,秋
1517,骸骨の浮み出るや水の月,月,秋
1518,かさの露動けは月のこぼれけり,月,秋
1519,雲に月わざわざはいるにくさ哉,月,秋
1520,くらからばたゞ暗からで雲の月,月,秋
1521,月蝕や笠きて出たる白拍子,月,秋
1522,塩汲の道々月をこぼしけり,月,秋
1523,尻を出し頭を出すや雲の月,月,秋
1524,沙濱に打廣げけり月の汐,月,秋
1525,その日までどこをかけらん月の旅,月,秋
1526,月影や小窓の外の唐からし,月,秋
1527,月澄て空に聞ゆるをしかゝな,月,秋
1528,月と不盡一目一目のこよひ哉,月,秋
1529,月の蘆薄のなかにそよぎけり,月,秋
1530,月の影一寸法師も憎からず,月,秋
1531,月の露吸ふて蟲なく夕哉,月,秋
1532,月の日やそろそろ暗き空模樣,月,秋
1533,月よりも空うつくしきこよひ哉,月,秋
1534,出かければ頭押へつ月の雲,月,秋
1535,時は秋月にや老を契られし,月,秋
1536,墓へ來て見ればさえけり杉の月,月,秋
1537,箱根路やぬれぬれしたる晝の月,月,秋
1538,花の都扨又月の田舍哉,月,秋
1539,晴れ過ぎて月に哀はなかりけり,月,秋
1540,踏み出ては月に鳴く也萩の鹿,月,秋
1541,干網の風なまくさし浦の月,月,秋
1542,松風をはなれて高し秋の月,月,秋
1543,松原を横にはひ行く月も哉,月,秋
1544,目にさわるものなし月の隅田河,月,秋
1545,養老の月を李白にのませはや,月,秋
1546,破れ笠月にさわりはなかりけり,月,秋
1547,よひよひに月みちたらぬ思ひ哉,月,秋
1548,雨少し月はれて山すさましき,月,秋
1549,石山や駒のりすてし月の門,月,秋
1550,海原や松にもつかず秋の月,月,秋
1551,風吹て月冴わたる木立哉,月,秋
1552,桂男うぶ聲高し月の秋,月,秋
1553,雲の間にほのめく月や嶋一つ,月,秋
1554,廓の月奥の二階のさわぎ哉,月,秋
1555,黒雲の晴れて見たれば月もなし,月,秋
1556,この國は日も善い月も善い處,月,秋
1557,鯉はねて月のさゝ波つくりけり,月,秋
1558,三人の一人は月をせがひかな,月,秋
1559,塩汲は去て人なし桶の月,月,秋
1560,素麺の瀧に李白の月見せよ,月,秋
1561,月青しくれ行く山の杉木立,月,秋
1562,月青し杉の木の間の閻魔堂,月,秋
1563,月暗し河岸は闇路の小提灯,月,秋
1564,月こぼす水のはしりや竹筵,月,秋
1565,月さすや留守になつたる燕の巣,月,秋
1566,月高し秋は八百二の都城,月,秋
1567,月に閉ぢて窓や書讀む影法師,月,秋
1568,月滿ちて小豆の飯に芋一串,月,秋
1569,爪びきの一人更けたり窓の月,月,秋
1570,罪なくて配所の月とうたひけり,月,秋
1571,杖を投げて橋となさばや水の月,月,秋
1572,日西に晴れ月は東に曇りけり,月,秋
1573,琵琶冴て蝉丸月を聞く夜哉,月,秋
1574,梟の眼玉も見えず杉の月,月,秋
1575,葡萄の美酒夜光の杯や唐の月,月,秋
1576,ふたまたに月の流るゝ野川哉,月,秋
1577,書よむや燈にとざす月の窓,月,秋
1578,松風や月の障子に法の影,月,秋
1579,水の月杖ふりあげて打たんとす,月,秋
1580,山高く月小にして人舟にあり,月,秋
1581,樂書の佛と見えぬ法の月,月,秋
1582,犬吠えて月傾きぬ天王寺,月,秋
1583,芋阪も團子も月のゆかりかな,月,秋
1584,薄月も更けぬ御格子參らせよ,月,秋
1585,大海原月眞丸に浮ひけり,月,秋
1586,祇王寺の月に何泣く經罷めて,月,秋
1587,城跡や月に黒きは何の糞,月,秋
1588,杉暗し月にこぼるゝ井戸の水,月,秋
1589,月千里馬上に小手をかざしけり,月,秋
1590,月高く樹にあり下は水の音,月,秋
1591,月の根岸闇の谷中や別れ道,月,秋
1592,月の舟鋸山の齒の上に,月,秋
1593,月更けてさゝ波つくる魚もなし,月,秋
1594,月更けて東坡の舟の流れけり,月,秋
1595,月や今かゝれり松の第三枝,月,秋
1596,野に山に進むや月の三萬騎,月,秋
1597,砲やんで月腥し山の上,月,秋
1598,橋に倚れば月に流るゝ舟一つ,月,秋
1599,船沈みてあら波月を碎くかな,月,秋
1600,星もなし月は長月十四日,月,秋
1601,山姥や月戀ふ山の山めぐり,月,秋
1602,空城や人なき月に汐の音,月,秋
1603,藍色の海の上なり須磨の月,月,秋
1604,家孤なり月落ちかゝる草の上,月,秋
1605,觀念の月晴れにけり我一人,月,秋
1606,更科や月に落合ふ僧二人,月,秋
1607,精進のこよひに落ちて月の客,月,秋
1608,社壇百級秋の月へと上る人,月,秋
1609,月暗し一筋白き海の上,月,秋
1610,月芒拂子線香禪坊主,月,秋
1611,月高し登りつめたる山の上,月,秋
1612,月に問へ東坡いづくにか去りしと,月,秋
1613,月の座や人さまさまの影法師,月,秋
1614,月眞丸船のへさきに上りけり,月,秋
1615,鶴鳴いて月の都を思ふかな,月,秋
1616,橋の月誰人柱泣く夜かな,月,秋
1617,はつきりと月現れぬ寺の上,月,秋
1618,日と月の睨みあひけり西東,月,秋
1619,笛の音に月落ちかゝる砦哉,月,秋
1620,渺々と沙漠のはてや月一つ,月,秋
1621,武藏野や大きく出たる晝の月,月,秋
1622,武藏野や大きく殘る晝の月,月,秋
1623,山既に月吐くべきけしき哉,月,秋
1624,夕榮やだまつて出たる峰の月,月,秋
1625,荒和布くふてつれつれを泣く嶋の月,月,秋
1626,青空やひろひろとして月一つ,月,秋
1627,うかうかと藪陰行けば月の露,月,秋
1628,雨氣濛濛月薄く森靜かなり,月,秋
1629,雨後の月するどき雲のかすめけり,月,秋
1630,薄雲は月のうしろを通りけり,月,秋
1631,薄月や人の影さす遣戸口,月,秋
1632,鐘を撞く坊主見えけり杉の月,月,秋
1633,歸り路は話に更けて月もなし,月,秋
1634,甲板に異國の月ともなかりけり,月,秋
1635,君が來る月の小道を見てやらん,月,秋
1636,洪水多き年を二夜の月晴れたり,月,秋
1637,棊僧棊を打ち詩僧詩を吟ず月,月,秋
1638,山河古りていくさの跡の月凄し,月,秋
1639,村會に月のさしこむ役場哉,月,秋
1640,瀧の月散るや毛穴に風起る,月,秋
1641,立ち聞くや琵琶の祕曲を門の月,月,秋
1642,立てかけし杉の丸太や市の月,月,秋
1643,月ある夜鋸山に登りけり,月,秋
1644,月落つる阜頭場の外の果もなし,月,秋
1645,月さすや几帳の上の眉許り,月,秋
1646,月に來よと只さりげなく書き送る,月,秋
1647,月一つ我舟ゆらりゆらり行く,月,秋
1648,月滿円鼾絶えてこゝに二百年,月,秋
1649,日蝕に朔日の月そ見られける,月,秋
1650,日蝕に滿月の裏ぞ見られける,月,秋
1651,墓原や月に詩うたふ聲聞ゆ,月,秋
1652,引網や渚の月に雑魚分つ,月,秋
1653,日と月とかさなりあふて晝暗し,月,秋
1654,病牀に八日の月を見得たり,月,秋
1655,貧に誇る我に月の如き寶珠あり,月,秋
1656,武藏野や月大空のたゞ中に,月,秋
1657,山陰や月さす水の底暗し,月,秋
1658,山の池月取る猿も來ざりけり,月,秋
1659,吾に爵位なし月中の桂手折るべく,月,秋
1660,岡の邊や鳥飛んで月見えかゝる,月,秋
1661,岩崎のうしろを通る塀の月,月,秋
1662,岩崎の横町淋しき塀の月,月,秋
1663,かしの月誠がましき契哉,月,秋
1664,過去の月は沒し未來の月は出でず,月,秋
1665,檄を艸し終りて月の江に嘯く,月,秋
1666,鮭と鯡と故郷語る武庫の月,月,秋
1667,更科や旅人見ゆる十日月,月,秋
1668,酒保閉て灯戸を漏る城の月,月,秋
1669,書に見ゆる長者が跡や草の月,月,秋
1670,書に見ゆる長者の跡や草の月,月,秋
1671,翠帳にさしたる月や畑の上,月,秋
1672,誰やらの後姿や廓の月,月,秋
1673,月一輪星無數空緑なり,月,秋
1674,月天心笛吹て阪を上りけり,月,秋
1675,手のものを取落しけり水の月,月,秋
1676,半月に狼吼えて雲けはし,月,秋
1677,半月や狼吼えて雲かゝる,月,秋
1678,半月や狼吼えて雲けはし,月,秋
1679,人の庭のものとはなりぬ月の松,月,秋
1680,目の下に月の唐崎堅田かな,月,秋
1681,淀にそゝぐ發句のあまり月の鯉,月,秋
1682,女窓に泣き夫馬上に思ふ月,月,秋
1683,崖上る月の歩みや夜は靜,月,秋
1684,鎌倉や畠の上の月一つ,月,秋
1685,汽車に馴れて濱名の月を眠りけり,月,秋
1686,木の蔭に酒飲んで居る月の人,月,秋
1687,酒載せて月にたゝよふ小舟哉,月,秋
1688,山すだまに木魅答へて杉の月,月,秋
1689,石塔に月漏る杉の小道哉,月,秋
1690,たはれ男の琴の音すなり門の月,月,秋
1691,月さすや碁を打つ人のうしろ迄,月,秋
1692,月の雲木の葉動かぬ雨氣哉,月,秋
1693,月の琵琶壁のやもりも出でゝ聽け,月,秋
1694,月更くる庭の小草や酒の露,月,秋
1695,月見ゆる瀧見ゆる宿をえらびけり,月,秋
1696,ところところ月漏る森の小道哉,月,秋
1697,長刀の影も更けたり橋の月,月,秋
1698,野の中や只一本の杉の月,月,秋
1699,乘物を舁きこむ月の野寺哉,月,秋
1700,葉隱れの月の光や粉碎す,月,秋
1701,人しばし月に餘念もなかりけり,月,秋
1702,琵琶一曲月は鴨居に隠れけり,月,秋
1703,琵琶冴ゆや桂の花の散る匂ひ,月,秋
1704,笛の音や遠くに見ゆる月の人,月,秋
1705,船を出て月に散歩す遊女町,月,秋
1706,松陰や月待つ人の話聲,月,秋
1707,見送るや醉のさめたる舟の月,月,秋
1708,名物や月の根岸の串團子,月,秋
1709,森にそふて葉隠れ月の小道哉,月,秋
1710,山寺や松ばかりなる庭の月,月,秋
1711,闇百里ぽつちり赤き月の端,月,秋
1712,雨雲の月をかすめし踊哉,月,秋
1713,禪堂や月さし入るゝ甃,月,秋
1714,俳諧の西の奉行や月の秋,月,秋
1715,笛賣の笛吹く月の夜店哉,月,秋
1716,月の秋興津の借家尋ねけり,月,秋
1717,龍となり虎となり月の雲一片,月,秋
1718,イモウトノ歸リ遲サヨ五日月,月,秋
1719,海原や何の苦もなく上る月,月の出,秋
1720,月か出て先は落つくこゝろかな,月の出,秋
1721,月の出て先は落ちつくこゝろかな,月の出,秋
1722,木の枝を傳ふてはやし出る月,月の出,秋
1723,月の出やまだ坂下は眞のやみ,月の出,秋
1724,我宿にはいりさう也昇る月,月の出,秋
1725,我宿の欄干に月上りけり,月の出,秋
1726,月出んとして鳴り立つる海の音,月の出,秋
1727,月の出にもはや間もなし入日影,月の出,秋
1728,月の出を取りに往かうよ東山,月の出,秋
1729,月の出を松の雫に聞けとこそ,月の出,秋
1730,やすやすと生るゝ月や九十九里,月の出,秋
1731,進め進め角一聲月上りけり,月の出,秋
1732,小式部が月今出でぬと啓しけり,月の出,秋
1733,するすると月昇りけり海の上,月の出,秋
1734,月出でゝ波靜まりぬ伊豆の海,月の出,秋
1735,月出るや紀伊と和泉の堺より,月の出,秋
1736,月昇る紀伊と和泉の堺より,月の出,秋
1737,月上る大佛殿の足場かな,月の出,秋
1738,廿日過の月は出でけり松の北,月の出,秋
1739,廿日過の月は出でたり松の北,月の出,秋
1740,山既に月を吐くべきけしき哉,月の出,秋
1741,山丸く大きな月の出でにけり,月の出,秋
1742,讀みさして月が出るなり須磨の卷,月の出,秋
1743,うしろより月升りけり庭の竹,月の出,秋
1744,嘯けば月あらはるゝ山の上,月の出,秋
1745,旅人や月出て急ぐ瀬田の橋,月の出,秋
1746,月出んとしてさらさらと竹の音,月の出,秋
1747,月森を出るや上野の九時の鐘,月の出,秋
1748,橋杭に大きな月の出たりけり,月の出,秋
1749,もの凄き月上りけり背戸の山,月の出,秋
1750,崖上に鹿立ち崖下に月升る,月の出,秋
1751,琴取つて彈ずれば月山を出づ,月の出,秋
1752,琴を取つて彈ずれば月山を出づ,月の出,秋
1753,月上る燒野に物の黒き立つ,月の出,秋
1754,月白も無くて月出る野末哉,月の出,秋
1755,月の出を斯う見よと坊は建てたらん,月の出,秋
1756,月の出をのゝしる聲や岡の上,月の出,秋
1757,月の出をのゝしる聲や崖の人,月の出,秋
1758,靜かさや月白上る森の上,月白,秋
1759,月白や四五本竝ぶ岡の松,月白,秋
1760,月白や闇ちらちらと波がしら,月白,秋
1761,紅葉から二町はなれて夕月夜,夕月,秋
1762,夕月のやゝふくれけり七八日,夕月,秋
1763,夕月に萩ある門を叩きけり,夕月,秋
1764,夕月や笠きて歸る渡し守,夕月,秋
1765,夕月や何やら跳る海の面,夕月,秋
1766,夕月夜萩ある門を叩きけり,夕月,秋
1767,宵月やふすまにならぶ影法師,夕月,秋
1768,淋しさや雁も渡らぬ夕月夜,夕月,秋
1769,馬子遲し兒待つ門の夕月夜,夕月,秋
1770,夕月に深田の蛙聲悲し,夕月,秋
1771,夕月は餘りに長し瀬田の橋,夕月,秋
1772,夕月は落ちて灯を吹く夜風哉,夕月,秋
1773,夕月や車のりこむ大曲り,夕月,秋
1774,夕月やけふる港のかゝり船,夕月,秋
1775,竹椽にこほろぎ飛ぶや夕月夜,夕月,秋
1776,夕月をうしろに入れて杉の森,夕月,秋
1777,夕月や上に城ある崖の下,夕月,秋
1778,夕月や松影落つる坐禪堂,夕月,秋
1779,夕月や怒濤岩をうつて女立つ,夕月,秋
1780,夕月や又此宿も酒わろし,夕月,秋
1781,夕月や蜈蚣這ひ出る庵の壁,夕月,秋
1782,夕月や蜈蚣這ひ居る庵の壁,夕月,秋
1783,夕月や藻に腹かへす桶の鮒,夕月,秋
1784,夕月や内陣に人の籠る音,夕月,秋
1785,宵月夜狐は化る支度哉,夕月,秋
1786,瓜小屋にひとり肌ぬぐ月夜哉,月夜,秋
1787,月の夜やくしやみあくびで歸る客,月夜,秋
1788,ある月夜路通惟然に語るらく,月夜,秋
1789,ある月夜惟然路通に語るらく,月夜,秋
1790,飼ひ鶴の行きつ戻りつ月夜哉,月夜,秋
1791,くる蟲のみな鳴きたつる月夜哉,月夜,秋
1792,子をつれて犬の出あるく月夜哉,月夜,秋
1793,皀莢の風にからめく月夜哉,月夜,秋
1794,石菖に雫の白し初月夜,月夜,秋
1795,誰やらがかなしといひし月夜哉,月夜,秋
1796,とりまいて鹿なき立つる月夜哉,月夜,秋
1797,花娵の臼をころがす月夜哉,月夜,秋
1798,閉門の御簾吹きかへす月夜哉,月夜,秋
1799,松一ツ一ツ影もつ月夜哉,月夜,秋
1800,舞ふふくべ躍るふくべや薄月夜,月夜,秋
1801,眞帆片帆瀬戸に重なる月夜哉,月夜,秋
1802,見直せは冨士ひとり白し初月夜,月夜,秋
1803,ある夜月あきらかに龍の躍りかな,月夜,秋
1804,稻妻の雲をはなれぬ月夜哉,月夜,秋
1805,牛歸る田中の杜の月夜かな,月夜,秋
1806,覺束な卯の花垣の薄月夜,月夜,秋
1807,大門を出でて隅田の月夜哉,月夜,秋
1808,風吹てさゝ波ひかる月夜哉,月夜,秋
1809,琴の音のなくて淋しき月夜哉,月夜,秋
1810,行きくれて大根畑の月夜哉,月夜,秋
1811,鎧着て衆徒のならびし月夜哉,月夜,秋
1812,一行に画かきもまじる月夜かな,月夜,秋
1813,海更けて九日頃の月夜かな,月夜,秋
1814,大船のどこに中鳴く月夜哉,月夜,秋
1815,から駕の岨道戻る月夜かな,月夜,秋
1816,松影の障子這ひ行く月夜哉,月夜,秋
1817,礎を尋ねてまはる月夜哉,月夜,秋
1818,下駄の音外は月夜と覺えたり,月夜,秋
1819,鯉はねて池の面暗き月夜哉,月夜,秋
1820,須磨の海の西に流れて月夜哉,月夜,秋
1821,寺々に秋行く奈良の月夜かな,月夜,秋
1822,本陣の門靜かなる薄月夜,月夜,秋
1823,溝川の泥鰌泡ふく月夜哉,月夜,秋
1824,藁葺の家に宿借る月夜哉,月夜,秋
1825,裏山の茶畠ありく月夜かな,月夜,秋
1826,妙法も阿彌陀も照せ南無月夜,月夜,秋
1827,川上は花火にうとき月夜哉,月夜,秋
1828,莊院に棒を教ふる月夜哉,月夜,秋
1829,千本の帆柱動く月夜かな,月夜,秋
1830,千本の帆柱ゆれる月夜哉,月夜,秋
1831,海樓に別を惜む月夜哉,月夜,秋
1832,汽車の窓にさしこむ須磨の月夜哉,月夜,秋
1833,碁にまけて厠に行けば月夜哉,月夜,秋
1834,棧橋に別を惜む月夜哉,月夜,秋
1835,稻妻の遠くに光る月夜かな,月夜,秋
1836,莊院に棒つかひ居る月夜かな,月夜,秋
1837,薄より萱より細し二日月,二日月,秋
1838,あら波や二日の月を捲いて去る,二日月,秋
1839,月ならば二日の月とあきらめよ,二日月,秋
1840,武藏野や鳥啼いて二日月細し,二日月,秋
1841,行燈のとゞかぬ松や三日の月,三日月,秋
1842,空あひのはつきり暮れて三日の月,三日月,秋
1843,竝松はまばらまばらや三日の月,三日月,秋
1844,はつとちる千鳥にあとや三日の月,三日月,秋
1845,はつとちる千鳥は遠し三日の月,三日月,秋
1846,はつとちる千鳥は見えず三日の月,三日月,秋
1847,ふじ一つくれ殘りけり三日の月,三日月,秋
1848,三日月はたゞ明月のつぼみ哉,三日月,秋
1849,むら千鳥二ツにわれて三日の月,三日月,秋
1850,傘の端に三日月かゝる晴間哉,三日月,秋
1851,かはほりや三日月つゝく竿の先,三日月,秋
1852,見あげたる蝙蝠消て三日の月,三日月,秋
1853,三日月の悲しく消る不盡の山,三日月,秋
1854,象潟や山低うして三日の月,三日月,秋
1855,はたごやの思はぬ窓よ三日の月,三日月,秋
1856,吹き入れて尾花に暗し三日の月,三日月,秋
1857,三日月やはつれはつれの水車,三日月,秋
1858,むさしのや細く涼しき三日の月,三日月,秋
1859,妙義峨々と聳えて三日の月細し,三日月,秋
1860,大波を打ちかぶせけり三日の月,三日月,秋
1861,烏寐て木の間に細し三日の月,三日月,秋
1862,大木の低き枝なし三日の月,三日月,秋
1863,猪牙舟の忽ち遠し三日の月,三日月,秋
1864,波のほの三日月消ゆる嵐かな,三日月,秋
1865,夕虹やきらりきらりと三日の月,三日月,秋
1866,夕栄やきらりきらりと三日の月,三日月,秋
1867,夕燒やきらりきらりと三日の月,三日月,秋
1868,山寺や足下雲晴れて三日の月,三日月,秋
1869,大船の帆を落しけり三日の月,三日月,秋
1870,小娘の萩に隱れて三日の月,三日月,秋
1871,城壁の崩れしところ三日の月,三日月,秋
1872,所化二人鐘撞きならふ三日の月,三日月,秋
1873,空晴れて三日月寒し樫の上,三日月,秋
1874,日蝕の三日月程に殘りけり,三日月,秋
1875,三日月にちらりと物の落ちにけり,三日月,秋
1876,夕凪や三日月見ゆる船の窓,三日月,秋
1877,どの松にかけてながめんあすの月,明日の月,秋
1878,かげることなき世に見るやけふの月,今日の月,秋
1879,日は西におしこまれけりけふの月,今日の月,秋
1880,雨に寐て夢にはれけり今日の月,今日の月,秋
1881,雨に寐て梦にはれたりけふの月,今日の月,秋
1882,海原にどこ行く雁そけふの月,今日の月,秋
1883,江の嶋ハ龜になりけりけふの月,今日の月,秋
1884,江の嶋は龜になれなれけふの月,今日の月,秋
1885,恐ろしき灘から出たりけふの月,今日の月,秋
1886,大空の眞ツたゞ中やけふの月,今日の月,秋
1887,傘張の願ひも同じけふの月,今日の月,秋
1888,鎌倉に波のよる見ゆけふの月,今日の月,秋
1889,北窓へさゝぬばかりそけふの月,今日の月,秋
1890,黒雲やわれめわれめのけふの月,今日の月,秋
1891,傾城に歌よむはなしけふの月,今日の月,秋
1892,けふの月人を寐かして晴れにけり,今日の月,秋
1893,けふの月三日月にして二つ出よ,今日の月,秋
1894,西行はどこで歌よむけふの月,今日の月,秋
1895,玉になる石もあるらんけふの月,今日の月,秋
1896,陣笠に鶴の紋ありけふの月,今日の月,秋
1897,とうつとうつと靜まれ雲よけふの月,今日の月,秋
1898,どの松にかけてながめんけふの月,今日の月,秋
1899,松を隅に一天晴れたりけふの月,今日の月,秋
1900,琉球も蝦夷もはれたりけふの月,今日の月,秋
1901,あすの月きのふの月の中にけふ,今日の月,秋
1902,ありく丈の庭は持ちけりけふの月,今日の月,秋
1903,ありく程の庭は持ちけりけふの月,今日の月,秋
1904,いが栗のはぢける音やけふの月,今日の月,秋
1905,一寸の草に影ありけふの月,今日の月,秋
1906,鼾する門叩かばや今日の月,今日の月,秋
1907,芋女團子男をけふの月,今日の月,秋
1908,浮草に泥鰌も浮きぬけふの月,今日の月,秋
1909,鐘つかば唐へひゞかんけふの月,今日の月,秋
1910,けふの月見るや箱根に腰かけて,今日の月,秋
1911,更科の人家は寐たりけふの月,今日の月,秋
1912,月こよひ肴は三五十五文,今日の月,秋
1913,月こよひ山より海をながめけり,今日の月,秋
1914,なまじひに降りも出ださぬ今宵哉,今日の月,秋
1915,はたごやのすゝけ行燈やけふの月,今日の月,秋
1916,花よめの恥かしがるやけふの月,今日の月,秋
1917,晩鐘の聲の上よりけふの月,今日の月,秋
1918,賓頭留の目鼻もなしにけふの月,今日の月,秋
1919,梟は果報な鳥よけふの月,今日の月,秋
1920,松嶋を目に浮べ見んけふの月,今日の月,秋
1921,都にはともしの山やけふの月,今日の月,秋
1922,病む人の思ひをくもるけふの月,今日の月,秋
1923,雪の富士花の芳野もけふの月,今日の月,秋
1924,我戀は闇を尋ぬるこよひ哉,今日の月,秋
1925,韓に見よ日本を出づる今日の月,今日の月,秋
1926,今日の月きのひゅの月となかめけり,今日の月,秋
1927,今日の月櫻が下に餅を煮る,今日の月,秋
1928,薪賣て干魚にかへん今日の月,今日の月,秋
1929,新立や橋の下よりけふの月,今日の月,秋
1930,空に滿つる露の中よりけふの月,今日の月,秋
1931,漫々たる海のはてよりけふの月,今日の月,秋
1932,芋阪の團子屋寐たりけふの月,今日の月,秋
1933,總門は錠のさゝれて今日の月,今日の月,秋
1934,名月の出るやゆらめく花薄,名月,秋
1935,明月や山から見れは三千里,名月,秋
1936,明月は瀬田から膳所へ流れけり,名月,秋
1937,明月や勢田から膳所へ流れ行く,名月,秋
1938,名月や湖水の中に舟一つ,名月,秋
1939,名月や角田川原に吾一人,名月,秋
1940,名月やともし火白く犬黒し,名月,秋
1941,名月や美人の顏の片あかり,名月,秋
1942,名月や我舟一ツ湖の中,名月,秋
1943,名月に三平殿の齒糞哉,名月,秋
1944,明月はこよひなりけりくもるとも,名月,秋
1945,名月や白魚店のあとやこゝ,名月,秋
1946,名月や叩かば散らん萩の門,名月,秋
1947,名月や松に音ある一軒家,名月,秋
1948,名月に後むいたるかゝしかな,名月,秋
1949,名月にうなつきあふや稻の花,名月,秋
1950,明月に波の音見るゑくぼ哉,名月,秋
1951,名月に白砂玉とも見ゆるかな,名月,秋
1952,名月に鐚錢ひろふ小供かな,名月,秋
1953,名月に馬子と漁師の出合哉,名月,秋
1954,名月のうしろに高し箱根山,名月,秋
1955,明月の思ひきつたる光かな,名月,秋
1956,名月のこよひに死ぬる秋の蚊か,名月,秋
1957,名月の空に江嶋の琵琶聞ん,名月,秋
1958,明月の露にぬれたり淡路嶋,名月,秋
1959,明月の中に何やら踊りけり,名月,秋
1960,名月の一夜に肥ゆる鱸哉,名月,秋
1961,名月の一夜に萩の老にけり,名月,秋
1962,名月の道に茶碗のかげ白し,名月,秋
1963,名月はどこでながめん草枕,名月,秋
1964,名月へかゝれば遲し雲の脚,名月,秋
1965,名月も心盡しの雲間哉,名月,秋
1966,名月や芋ぬすませる罪深し,名月,秋
1967,名月や伊豫の松山一萬戸,名月,秋
1968,名月や鰯もうかぶ海の上,名月,秋
1969,名月やうしろへまはる風の聲,名月,秋
1970,名月やうしろむいたる石佛,名月,秋
1971,名月や生れ落ちての薦被り,名月,秋
1972,名月や大海原は塵もなし,名月,秋
1973,明月や面白さうな波の音,名月,秋
1974,明月や思ふところに捨小舟,名月,秋
1975,名月や菊の御紋の丸瓦,名月,秋
1976,名月や小磯は砂のよい處,名月,秋
1977,名月や小牛のやうな沖の岩,名月,秋
1978,名月や汐に追はるゝ磯傳ひ,名月,秋
1979,名月や知らずにはいる人の背戸,名月,秋
1980,名月やすたすたありく芋畑,名月,秋
1981,明月やすつでのことで寐る處,名月,秋
1982,明月や背中合せの松のあひ,名月,秋
1983,名月やそこらに雲のすきもなし,名月,秋
1984,名月やそりやこそ雲の大かたまり,名月,秋
1985,名月や竹も光明かくや姫,名月,秋
1986,名月や田毎に月の五六十,名月,秋
1987,名月や谷の底なる話し聲,名月,秋
1988,名月や誰やらありく浪の際,名月,秋
1989,名月や露こしらへる芋の上,名月,秋
1990,名月や鶴ののつたる捨小船,名月,秋
1991,名月やどちらを見ても松許り,名月,秋
1992,名月やどの松見ても松見ても,名月,秋
1993,明月やとびはなれたる星一ツ,名月,秋
1994,名月や何やらうたふ海士か家,名月,秋
1995,名月や何やら踊る海の面,名月,秋
1996,名月や何をせむしの物思ひ,名月,秋
1997,名月や彷彿としてつくは山,名月,秋
1998,名月や人の命の五十年,名月,秋
1999,名月や晝より廣き相模灘,名月,秋
2000,名月や不二を目かけて鳥一羽,名月,秋
2001,名月や不二をめくつて虫の聲,名月,秋
2002,名月や松にわるいといふはなし,名月,秋
2003,名月や松を離れて風の聲,名月,秋
2004,名月や眞向に立ちし鹿の形,名月,秋
2005,名月や雌浪雄浪の打ち合せ,名月,秋
2006,名月や雌松雄松の間より,名月,秋
2007,名月やもう一いきで雲の外,名月,秋
2008,明月や山かけのぼる白うさぎ,名月,秋
2009,名月や闇をだきこむ松一ツ,名月,秋
2010,名月や闇をはひ出る虫の聲,名月,秋
2011,名月や横へいざらば雲もなし,名月,秋
2012,明月や雄浪雌浪の打ち合せ,名月,秋
2013,名月や雄波雌波の打ちがひ,名月,秋
2014,明月を邪魔せぬ松のくねり哉,名月,秋
2015,名月を山でやほめん野でや見ん,名月,秋
2016,我宿の名月芋の露にあり,名月,秋
2017,酒も汁も膳は名月だらけ哉,名月,秋
2018,年とはゞ名月の數をこたへばや,名月,秋
2019,はたごやの名月雨戸しめられぬ,名月,秋
2020,名月に行燈の影のうつりけり,名月,秋
2021,名月に思ふことあり我一人,名月,秋
2022,名月に茶を飲む家を尋ねばや,名月,秋
2023,名月に貧女がつゞれのふしま哉,名月,秋
2024,名月の雨に酒のむ一人かな,名月,秋
2025,名月のきのふになりて晴れにけり,名月,秋
2026,名月の小雨となつてしまひけり,名月,秋
2027,名月の障子をとほす光哉,名月,秋
2028,名月の絶えずこぼるゝ筧哉,名月,秋
2029,名月のふけて外行く小唄哉,名月,秋
2030,名月の闇や都の電氣燈,名月,秋
2031,名月は晴れて眠たきさかり哉,名月,秋
2032,名月はまだ山寺の蚊遣哉,名月,秋
2033,名月も共に抱きこむ萩の花,名月,秋
2034,名月やあからさまなる局口,名月,秋
2035,名月やあはれ一こゑの杜宇,名月,秋
2036,名月や雨戸のすきの面白き,名月,秋
2037,名月や牛一匹を闇にして,名月,秋
2038,名月や上野は庵の歸り道,名月,秋
2039,名月や大路小路の京の人,名月,秋
2040,お名月や雲かくるべき隈もなし,名月,秋
2041,名月や櫻の影はものいやし,名月,秋
2042,名月や仙人掌上の玉芙蓉,名月,秋
2043,名月や莨の煙立ち竝ぶ,名月,秋
2044,名月や納屋のうしろに人の影,名月,秋
2045,名月や馬子唄歸る松繩手,名月,秋
2046,名月や都大路の馬車,名月,秋
2047,名月や山を下り來るから車,名月,秋
2048,名月や闇のかた行く醫者の駕,名月,秋
2049,名月や連判状の血のにじみ,名月,秋
2050,名月やわれは根岸の四疊半,名月,秋
2051,名月をこぼす雫や車井戸,名月,秋
2052,名月に白粉くさき伽藍かな,名月,秋
2053,名月の大きく出たり海の上,名月,秋
2054,名月の大きく出たり屋根の上,名月,秋
2055,名月のこよひに迫る曇り哉,名月,秋
2056,名月の汐に流され淡路まで,名月,秋
2057,名月の波に浮ぶや大八洲,名月,秋
2058,名月やうかれ出でたる捨小舟,名月,秋
2059,名月や海遠く舟空に在り,名月,秋
2060,名月や白き鳥飛ぶ海の上,名月,秋
2061,名月や小便すべき隈もなし,名月,秋
2062,名月や大佛の影山の如し,名月,秋
2063,名月や人うづくまる石の上,名月,秋
2064,名月や廻りて見する風車,名月,秋
2065,名月や廻りて見せる水車,名月,秋
2066,名月や藪の中行く人の影,名月,秋
2067,名月やわれにどぶろく五合あり,名月,秋
2068,歸るさや此名月に烏啼く,名月,秋
2069,無雜作に名月出たる畠かな,名月,秋
2070,名月の山をはなれて山もなし,名月,秋
2071,名月や雲一ちぎれ二ちぎれ,名月,秋
2072,名月や簀子に竝ふ僧の影,名月,秋
2073,名月や千石船の人だかり,名月,秋
2074,名月や寺の二階の瓦頭口,名月,秋
2075,名月や鷄鳴いて靜かなり,名月,秋
2076,名月や半分出かゝる海の上,名月,秋
2077,名月や半分出たる海の上,名月,秋
2078,名月や半分出たる屋根の上,名月,秋
2079,名月や山にのぼれば山の雲,名月,秋
2080,名月や夜明の鐘をつく時は,名月,秋
2081,これ程の名月見たるばかりにて,名月,秋
2082,月見にと門を出づれば月既に,名月,秋
2083,天上に名月ならぬ夜もあらじ,名月,秋
2084,明月と我との中を風が吹く,名月,秋
2085,名月の傾かんともせざりけり,名月,秋
2086,名月のこよひ聞かばや鉢叩,名月,秋
2087,名月の心中と世にうたはれん,名月,秋
2088,名月の芒の穗迄上りけり,名月,秋
2089,名月の眞向に立つや崖の上,名月,秋
2090,名月や白馬の殿御野から來る,名月,秋
2091,名月や笛になるべき竹伐らん,名月,秋
2092,名月やます穗の芒風もなし,名月,秋
2093,名月やわが畑の芋畑の豆,名月,秋
2094,夕飯や明月上る膳の上,名月,秋
2095,明月に飛び行く雲の行方哉,名月,秋
2096,明月の波の中より上りけり,名月,秋
2097,名月の盗人どこにひそむらん,名月,秋
2098,明月は障子の外や蟲と鐘,名月,秋
2099,名月や野に面す樓の謠會,名月,秋
2100,吾病て名月晴し恨かな,名月,秋
2101,我病んで名月晴れし恨哉,名月,秋
2102,名月に飛び去る雲の行方哉,名月,秋
2103,明月の今年は遲き芒哉,名月,秋
2104,名月や隣の琴に笛吹かん,名月,秋
2105,明月やともし火見えて遠き森,名月,秋
2106,明月や灯の無き町を通りけり,名月,秋
2107,明月や樅の木高き塀の内,名月,秋
2108,木犀の香や名月は曇りけり,名月,秋
2109,明月ノ豆盗人ヲ照シケリ,名月,秋
2110,明月ヤ枝豆ノ林酒ノ池,名月,秋
2111,大磯へまで來てこよひ月もなし,無月,秋
2112,傘の端のほのかに白し雨の月,無月,秋
2113,月の夜をふつてしまうて闇夜哉,無月,秋
2114,あまつさへ我家はもりぬ月の雨,無月,秋
2115,傘の端に月は出てけり宵の雨,無月,秋
2116,犬吠えて上野の森の月もなし,無月,秋
2117,家四五軒石狩の野の月もなし,無月,秋
2118,其月は雨がかくして名のこよひ,無月,秋
2119,月もなし円通堂の歌の會,無月,秋
2120,月も見えず大きな波の立つことよ,無月,秋
2121,雨多き秋や月見も雨にして,無月,秋
2122,雨多き年や月見も雨にして,無月,秋
2123,句を案す蒲團の中や月の雨,無月,秋
2124,月の雨團子を喰ふて將棊哉,無月,秋
2125,月の雨天氣豫報のあたりけり,無月,秋
2126,名月も十六夜も皆雨にして,無月,秋
2127,十三四五六七夜月ナカリケリ,無月,秋
2128,あけの月辷りこんたりまつち山,有明,秋
2129,山の端に輕うのせけりあけの月,有明,秋
2130,有明の四條を渡る白拍子,有明,秋
2131,有明の月靜かなり最上河,有明,秋
2132,有明の落ちて周防の山遠し,有明,秋
2133,有明に鬼と狐の別哉,有明,秋
2134,いざよひといふまで寐たる月見哉,十六夜,秋
2135,いざよひの闇とゞかずよ不二の山,十六夜,秋
2136,不知よひの闇のせてたつ鴫の聲,十六夜,秋
2137,十六夜の闇をつなぐや野守の火,十六夜,秋
2138,十六夜や海にはたらぬほどのやみ,十六夜,秋
2139,十六夜の山はかはるや月の道,十六夜,秋
2140,十六夜の闇の底なり莊園寺,十六夜,秋
2141,十六夜は待宵程に晴にけり,十六夜,秋
2142,十六夜や出て後何の事もなし,十六夜,秋
2143,十六夜や尾上の鹿に月のさす,十六夜,秋
2144,十六夜は知らぬ方にて茶漬哉,十六夜,秋
2145,社を出れば十六宵の月上りけり,十六夜,秋
2146,それ丸や十六宵の闇を飛びめぐる,十六夜,秋
2147,又晴れて十六夜をたゞまうけ物,十六夜,秋
2148,十六夜や月におくるゝ迎ひ船,十六夜,秋
2149,十六夜や又酒のみの言ひ草に,十六夜,秋
2150,月二夜三夜さめにはや曇りけり,十六夜,秋
2151,月円し名は十六夜とかはりけり,十六夜,秋
2152,立待やうしろむいたる其ひまに,立待月,秋
2153,待宵に月見る處定めけり,立待月,秋
2154,待宵の晴れ過ぎて扨あした哉,立待月,秋
2155,待宵や出しぬかれたる月のてり,立待月,秋
2156,待宵や夕餉の膳に松の月,立待月,秋
2157,待宵のくもらばくもれ箱根山,立待月,秋
2158,待宵の猶たのもしや月の缺,立待月,秋
2159,待宵の猶たのもしや月の出,立待月,秋
2160,待宵や降ても晴ても面白き,立待月,秋
2161,待宵をなどてや人の狂はざる,立待月,秋
2162,待宵をにくらし誰の高鼾,立待月,秋
2163,辻君の辻に立待月夜かな,立待月,秋
2164,待宵や十日の雨は晴れにけり,立待月,秋
2165,待宵を見たりあしたはなくもがな,立待月,秋
2166,立待の闇の話や五六人,立待月,秋
2167,月待つや去年をとゝしの月を話す,立待月,秋
2168,月を待つ闇たのもしき野の廣さ,立待月,秋
2169,宵闇や野風吹くる草の音,立待月,秋
2170,宵闇や灯二つ見ゆる三河島,立待月,秋
2171,秋老て九月の月の皺寒し,九月の月,秋
2172,年もはや六十の月の名殘哉,九月の月,秋
2173,日本の都に住んで十三夜,十三夜,秋
2174,酒盛らん月なくも夜は十三夜,十三夜,秋
2175,汽車の月後にて聞けば十三夜,十三夜,秋
2176,繰りあぐる滿月會や十三夜,十三夜,秋
2177,たなびくは芋屋の煙后の月,後の月,秋
2178,こんぱすのつかひつらいや後の月,後の月,秋
2179,砥部燒の茶碗ひづむや後の月,後の月,秋
2180,晴れすきて白みづきたる后の月,後の月,秋
2181,冷酒を飲み過しけり後の月,後の月,秋
2182,丸池に少しかどあり後の月,後の月,秋
2183,明方のわつかの闇や後の月,後の月,秋
2184,更科はやゝ物すごし後の月,後の月,秋
2185,葉まばらに柚子あらはるゝ後の月,後の月,秋
2186,后の月足柄山で明けにけり,後の月,秋
2187,我國に日蓮ありて後の月,後の月,秋
2188,風空を吹き松地に印す後の月,後の月,秋
2189,後の月薄の白髪けづりあへず,後の月,秋
2190,後の月つくねんとして庵にあり,後の月,秋
2191,晴れ過ぎて風になりけり後の月,後の月,秋
2192,世の人に忘れられけり後の月,後の月,秋
2193,われ今年はじめて見たり後の月,後の月,秋
2194,仲秋の韻を疊むや後の月,後の月,秋
2195,朝霧の中に九段のともし哉,霧,秋
2196,遠方のともし動かず霧の中,霧,秋
2197,朝霧の晴れかゝりけり塔のさき,霧,秋
2198,朝霧の晴れぬ塔より見えそめて,霧,秋
2199,いつの間に舟やそろひけん霧晴れて,霧,秋
2200,いつの間に舟やそろひけん霧の下,霧,秋
2201,いつの間に舟やそろひし霧晴れて,霧,秋
2202,歌はかりきりにかくれぬ筏かな,霧,秋
2203,風吹や霧の中なる帆かけ舟,霧,秋
2204,霧にあけ煙にくるや墨田川,霧,秋
2205,霧にあけ煙にくるゝ墨田哉,霧,秋
2206,霧の中風も吹くかや帆かけ舟,霧,秋
2207,霧わけてこくも力か渡守,霧,秋
2208,霧わけてこくも力や渡守,霧,秋
2209,霧を出て又きりに入る小ふね哉,霧,秋
2210,こき行きて霧にものるや渡し舟,霧,秋
2211,こき行けは霧にうきけり渡し舟,霧,秋
2212,見る内に不盡のはれけり朝の霧,霧,秋
2213,見る内に不盡ははれけり朝の霧,霧,秋
2214,朝霧の富士を尊とく見する哉,霧,秋
2215,朝霧はおのころ島の姿かな,霧,秋
2216,朝霧や馬いばひあふつゞら折,霧,秋
2217,朝霧や女と見えてたびの笠,霧,秋
2218,樵夫二人だまつて霧を現はるゝ,霧,秋
2219,塔一ツ霧より上に晴れにけり,霧,秋
2220,紅葉出て落ちこむ瀧や霧の中,霧,秋
2221,破れ窓や霧吹き入るゝ不二颪,霧,秋
2222,小原女の歸り路霧になりにけり,霧,秋
2223,曉の霧しづか也中禪寺,霧,秋
2224,朝霧や四十八瀧下り船,霧,秋
2225,朝霧や咫尺山見えず蜑小船,霧,秋
2226,朝霧や杉の木末の園城寺,霧,秋
2227,朝霧や舟かゝり居る裏戸口,霧,秋
2228,朝霧や矢橋へ向ふ舟の數,霧,秋
2229,あれなる霧の中に白きは何にて候ぞ,霧,秋
2230,風吹て霧にまかるゝ伽藍かな,霧,秋
2231,川音や萬馬肅として霧の中,霧,秋
2232,川霧やあらはれわたる牛の數,霧,秋
2233,狐火やあはれに消ゆる霧の朝,霧,秋
2234,霧に立つや蝸牛の角の山二つ,霧,秋
2235,霧晴れて妙義は天を衝かんとす,霧,秋
2236,霧晴れて小原女山を下る見ゆ,霧,秋
2237,瀬の音や霧に明け行く最上川,霧,秋
2238,瀧とぶや霧にもつれて尾上より,霧,秋
2239,吹きおろす霧やもつるゝ牛の角,霧,秋
2240,帆柱や霧に淡路の嶋もなし,霧,秋
2241,夕霧のひかるむしろや芝居小屋,霧,秋
2242,朝霧の雫するなり大師堂,霧,秋
2243,朝霧や旗翻す三萬騎,霧,秋
2244,朝霧やもつれてめぐる塔の尖,霧,秋
2245,足もとや霧晴れて京の町見ゆる,霧,秋
2246,安房の海や霧に灯ともす漁船,霧,秋
2247,風車霧を吹きまく音すなり,霧,秋
2248,鐘撞くや霧吹きかくる僧の顔,霧,秋
2249,霧雨やほつかり明くる辻行燈,霧,秋
2250,霧晴れて大旗小旗翻る,霧,秋
2251,霧晴れて山は十歩の内にあり,霧,秋
2252,霧深き足柄山の荷汽車哉,霧,秋
2253,くさび打つ音の高さよ霧の中,霧,秋
2254,廻廊や霧吹きめぐる嚴嶋,霧,秋
2255,茶屋あらはに灯火立つや霧の中,霧,秋
2256,ともし火や霧に竝ひし村百戸,霧,秋
2257,盆の如き朝日のぼりぬ霧の中,霧,秋
2258,朝霧や海を限りし伊豫の鼻,霧,秋
2259,朝霧やもろこし船の何さわぐ,霧,秋
2260,かけ橋や霧の底行く水の音,霧,秋
2261,かけ橋や霧の底より水の音,霧,秋
2262,消えかねて朝月濡るゝ霧の中,霧,秋
2263,清水の屋根あらはれぬ霧の中,霧,秋
2264,霧晴れて雲飛ぶ山の凹み哉,霧,秋
2265,霧間よりあらおびたゞしの兵船や,霧,秋
2266,心細し我舩遲き海の霧,霧,秋
2267,心細し我船遲き灘の霧,霧,秋
2268,先陣は霧に中陣後陣哉,霧,秋
2269,中天に竝ぶ岩あり霧の奥,霧,秋
2270,ところところ竹藪青し霧の中,霧,秋
2271,鳥消えて舟あらはるゝ霧の中,霧,秋
2272,見ゆるべきお鼻も霧の十八里,霧,秋
2273,村も見えず竹藪青し霧の中,霧,秋
2274,屋の棟や草にからまる朝の霧,霧,秋
2275,山陰や霧に濡れたる村一つ,霧,秋
2276,山樫に朝霧かゝる峠かな,霧,秋
2277,山里や米つく音の霧の中,霧,秋
2278,山本や日のさす霧を出る鴉,霧,秋
2279,山々や霧吹きおろす奈良の町,霧,秋
2280,朝霧の九輪兀として鴉かな,霧,秋
2281,朝霧や起きて飯たく弟子大工,霧,秋
2282,朝霧や船頭うたふ最上川,霧,秋
2283,朝霧や一人火を焚く普請小屋,霧,秋
2284,川霧や鳥群れて飛ぶ舟の上,霧,秋
2285,霧晴るゝ田の面や鷺に旭のあたる,霧,秋
2286,霧晴れて葱に露のたまりけり,霧,秋
2287,霧晴れて檐のしのぶの雫かな,霧,秋
2288,霧深く門鎖しけり無住寺,霧,秋
2289,戸明くるや霧に起きたる屋敷守,霧,秋
2290,旅籠屋や霧晴れて窓に山近し,霧,秋
2291,旅籠屋や霧晴て窓に不二近し,霧,秋
2292,北海や日蝕見えず晝の霧,霧,秋
2293,山陰や朝霧かゝる庭の竹,霧,秋
2294,山霧の奥も知られず鳥の聲,霧,秋
2295,喇叭吹けば霧晴れて朝の星一つ,霧,秋
2296,我船や夜明けて霧に流れ居る,霧,秋
2297,朝霧の比枝を出て京に廣がりぬ,霧,秋
2298,朝霧や團十郎の二三輪,霧,秋
2299,朝立や主從と見えて霧の中,霧,秋
2300,朝立や主從と見えて土手の霧,霧,秋
2301,霧晴れて朝日さす原に人遠し,霧,秋
2302,山陰や霧吹きつけて石佛,霧,秋
2303,夜霧こめて赤き灯見ゆる廓哉,霧,秋
2304,白露のおきあまりてはこぼれけり,露,秋
2305,日あふきの露をも知らぬ風情かな,露,秋
2306,射干は露知らぬ葉の姿哉,露,秋
2307,日あふきハ露をも知らぬ風情かな,露,秋
2308,舟てくる友もありけり篷の露,露,秋
2309,夜や更けぬかすかに露の落つる音,露,秋
2310,お白粉の皿にうけばや花の露,露,秋
2311,白露のこぼれたあとや塚一つ,露,秋
2312,月かげを足にこぼすや草の露,露,秋
2313,まぼろしのいづこに住んで草の露,露,秋
2314,順禮の夢をひやすや松の露,露,秋
2315,朝露や馬糞ぬるゝはこね山,露,秋
2316,稻妻に露のちる間もなかりけり,露,秋
2317,芋の露ころがる度にわらひけり,露,秋
2318,芋の露硯の海に湛へけり,露,秋
2319,芋の露われて半分は落にけり,露,秋
2320,色々もなくて夜露の白さ哉,露,秋
2321,影むすぶ雌松雄松の松露哉,露,秋
2322,風吹て京も露けき夜也けり,露,秋
2323,からぐろの葉うつりするや露の玉,露,秋
2324,草の露こぼれてへりもせざりけり,露,秋
2325,草の戸の一重の外は露深し,露,秋
2326,火葬場の灰におきけり夜の露,露,秋
2327,火葬場の灰に置けり露の玉,露,秋
2328,こぼす露こぼさぬ露や萩と葛,露,秋
2329,白露の庵の戸あけて物や思ふ,露,秋
2330,白露のうつくし過ぎて散にけり,露,秋
2331,白露の上に濁るや天の河,露,秋
2332,白露の中に重る小鹿哉,露,秋
2333,白露の中に泣きけり祗王祗女,露,秋
2334,白露の中にほつかり夜の山,露,秋
2335,白露やよごれて古き角やぐら,露,秋
2336,白露を見事にこぼす旭哉,露,秋
2337,水晶の珠數の玉なり蓮の露,露,秋
2338,菅笠の裏に通るや夜の露,露,秋
2339,すてられた扇も露の宿り哉,露,秋
2340,大佛やかたつら乾く朝の露,露,秋
2341,魂棚の飯に露おくゆふべ哉,露,秋
2342,ちりやすき露にふるきはなかりけり,露,秋
2343,月のさす帆裏に露の通りけり,露,秋
2344,つぶつぶと丸む力や露の玉,露,秋
2345,露芋に夕立前の露涼し,露,秋
2346,露に泣き給ふ姿や市女笠,露,秋
2347,露の玉小牛の角をはしりけり,露,秋
2348,露夜毎殺生石をあらひけり,露,秋
2349,つるつると笠をすへるや露の玉,露,秋
2350,時頼が露の袈裟ほす焚火哉,露,秋
2351,仲國がすそごの袴露重し,露,秋
2352,萩か根や露にぬれたる土の色,露,秋
2353,一しきり露はらはらの夕哉,露,秋
2354,灯のちらりちらり通るや露の中,露,秋
2355,吹きかへす萩の雨戸や露はらはら,露,秋
2356,ふじは雲露にあけ行く裾野哉,露,秋
2357,佛像の眼やいれん露の玉,露,秋
2358,星一ツ飛んで音あり露の原,露,秋
2359,ほろほろと露の玉ちる夕哉,露,秋
2360,虫賣や籠の雫は瓜の露,露,秋
2361,闇の空露すみのぼる光り哉,露,秋
2362,夕露に灰のつめたき野茶屋哉,露,秋
2363,宵闇や露に引きずる狐の尾,露,秋
2364,よもすがら露ちる土の凹みけり,露,秋
2365,よもすがら露ちる土の凹みかな,露,秋
2366,猪や一ふりふるふ朝の露,露,秋
2367,小原女の歸り路露になりにけり,露,秋
2368,朝市や鯛にかぶさる笹の露,露,秋
2369,雨ながら露に明け行く野山哉,露,秋
2370,鬼ひしぐこぶしも露の宿り哉,露,秋
2371,侍の命も露のもろさ哉,露,秋
2372,白露に家四五軒の小村哉,露,秋
2373,新墓に誰の涙そ露の玉,露,秋
2374,夕風や荵をはしる露の玉,露,秋
2375,夕露の光るむしろや芝居小屋,露,秋
2376,蓬生に猶うつくしや露の玉,露,秋
2377,わらじはく人に置きけり夜の露,露,秋
2378,雨晴れて朝日の露のこぼるゝよ,露,秋
2379,生きて歸れ露の命と言乍ら,露,秋
2380,いたいけに小草露待つ夜明哉,露,秋
2381,無花菓の葉を流れけり朝の露,露,秋
2382,からげたる赤腰卷や露時雨,露,秋
2383,木立暗く堀割濡れて露の音,露,秋
2384,白露に眼の光る佛かな,露,秋
2385,白露に眼の玉光る佛かな,露,秋
2386,白露の三河嶋村灯ちらちら,露,秋
2387,白露や野營の枕木ぎれ也,露,秋
2388,大佛の顏をはしるや露の玉,露,秋
2389,大木や露の細道橋朽ちたり,露,秋
2390,松明を捨つるや露の煮ゆる音,露,秋
2391,誰が寐て石に跡ある朝の露,露,秋
2392,露の須磨霧の明石のともし哉,露,秋
2393,幅廣き葉を流れけり朝の露,露,秋
2394,紅皿も露けき頃の泪かな,露,秋
2395,草鞋はいて木曾路の露につまつくな,露,秋
2396,曉の骨に露置く燒場哉,露,秋
2397,朝露の槍の柄つたふ關屋哉,露,秋
2398,朝露や飯焚く煙草を這ふ,露,秋
2399,草の戸やひねもす深き苔の露,露,秋
2400,けさの露ゆふべの雨や屋根の草,露,秋
2401,柴門孤なり誰が住み捨てし露の庵,露,秋
2402,白露に濡るゝ不動の火焔かな,露,秋
2403,白露にぬれし不動の火焔かな,露,秋
2404,白露や冷えつくしたる捨篝,露,秋
2405,白露や葎に誰の捨車,露,秋
2406,千年の露に消えけり足の跡,露,秋
2407,竹藪の露に濡れたる夜明哉,露,秋
2408,露けしや朝日の昇る小松原,露,秋
2409,露けしや過ぎの落葉のつゝら折,露,秋
2410,露や置く神の灯青くなりけるは,露,秋
2411,白雲や山分け入れば草の露,露,秋
2412,旅籠屋の戸口で脱げば笠の露,露,秋
2413,火ちろちろ誰人寐たる露の中,露,秋
2414,灯ともすや露のしたゝる石燈籠,露,秋
2415,佛舎利とこたへて消えよ露の玉,露,秋
2416,山陰の橋朽ちんとす晝の露,露,秋
2417,已むなくば見事にはらへ劍の露,露,秋
2418,蓬生や我頬はしる露の玉,露,秋
2419,雨晴れて露けき中の煙かな,露,秋
2420,一升の露をたゝふる小庭かな,露,秋
2421,馬の尾の露をはね行く野道哉,露,秋
2422,植木屋の夜店の跡や道の露,露,秋
2423,顏見えて野武士火を焚く露の中,露,秋
2424,獵人も犬もぬれたり草の露,露,秋
2425,狩り暮れてむかばき光る露の玉,露,秋
2426,草の露馬も夜討の支度かな,露,秋
2427,草の戸や菓子も烟草も夜の露,露,秋
2428,草花や露あたゝかに温泉の流れ,露,秋
2429,草むらや露あたゝかに温泉の流れ,露,秋
2430,雲の上露の世界を忘るゝな,露,秋
2431,白露やともし火深く家低し,露,秋
2432,湯治場や夕露早き山の道,露,秋
2433,露の玉葉末の細いところかな,露,秋
2434,露の中に赤き廓のともし哉,露,秋
2435,露の身ぞ稻妻の世ぞさりながら,露,秋
2436,ばさばさと夜討過ぎ行く露の中,露,秋
2437,洞穴や石を流るゝ晝の露,露,秋
2438,森黒し月夜に光る屋根の露,露,秋
2439,藁沓や庭に山路の露を印す,露,秋
2440,草鞋を二足持て行け草の露,露,秋
2441,大佛も鐘も濡れたり森の露,露,秋
2442,太刀持の脛の白さよ草の露,露,秋
2443,鐵砲の露にぬれたる夜襲哉,露,秋
2444,堀割に露のしたゝる巖かな,露,秋
2445,草の露夜舟を昇る草履哉,露,秋
2446,庭に酌むや芋も團子も露の中,露,秋
2447,一群は庭に話すや草の露,露,秋
2448,瓶花露をこほす琵琶三両曲,露,秋
2449,屋根に置く露の光や根岸町,露,秋
2450,うつくしき抱一か画や銀の露,露,秋
2451,甲乙の露まとまりて落ちにけり,露,秋
2452,萱の露断礎敗瓦ところところ,露,秋
2453,白露や菜畑の中の濡佛,露,秋
2454,晝の露を追ひ落したる夜の露,露,秋
2455,庭行くや露ちりかゝる足の甲,露,秋
2456,病床の我に露ちる思ひあり,露,秋
2457,不知火やそことも分かす鳴く狐,不知火,冬
2458,不知火を闇路にもとす嵐哉,不知火,冬
2459,不知火や嵐はれ行く海の果,不知火,冬
2460,不知火や闇の三十日の底明り,不知火,冬
2461,不知火のしらけて寒き夜明かな,不知火,冬
2462,不知火の闇の海原船もなし,不知火,冬
2463,雨なくて稻妻うつる水涼し,稲妻,夏
2464,絶えずしも稻妻うつる水涼し,稲妻,夏
2465,稻妻にうち消されけり三日の月,稲妻,夏
2466,稻妻にひらりと桐の一葉哉,稲妻,夏
2467,稻妻に行きあたりたる闇夜哉,稲妻,夏
2468,稻妻にふと行きあたる闇夜哉,稲妻,夏
2469,稻妻に燈籠の火のあばきかな,稲妻,夏
2470,稻妻の壁つき通す光りかな,稲妻,夏
2471,稻妻の消て不知火かすか也,稲妻,夏
2472,稻妻の崩れたあとや夕嵐,稲妻,夏
2473,稲妻のはなれて遠し電氣燈,稲妻,夏
2474,稻妻は雫の落る其間かな,稲妻,夏
2475,稻つまはたとへん物もなかり鳧,稲妻,夏
2476,稻妻や蜑の子游ぐ浪がしら,稲妻,夏
2477,いなつまや大海原の波のはて,稲妻,夏
2478,稻妻や太刀魚はねる浪かしら,稲妻,夏
2479,稻妻や誰れが頭に碎け行く,稲妻,夏
2480,いなつまや誰れか頭に砕け散る,稲妻,夏
2481,稻妻や誰が稽古のくさり鎌,稲妻,夏
2482,いなつまや難船くだく波かしら,稲妻,夏
2483,稻妻や何の梦見る兒の顏,稲妻,夏
2484,いなつまや何を命に火取むし,稲妻,夏
2485,稻つまや一筋白き棉ばたけ,稲妻,夏
2486,いなつまや簑蟲のなく闇の闇,稲妻,夏
2487,いなつまや都を見れど浮世にて,稲妻,夏
2488,いなつまや妙見堂の鐘の紐,稲妻,夏
2489,稻妻をふるひおとすや鳴子引,稲妻,夏
2490,雲の峯崩れた跡や稲光り,稲妻,夏
2491,稻妻に顏おそろしき念佛哉,稲妻,夏
2492,稻妻に人見かけたる野道哉,稲妻,夏
2493,稻妻の勢弱し秋のくれ,稲妻,夏
2494,稻妻の花さく沖の小嶋哉,稲妻,夏
2495,稻妻のはらつく海や小豆嶋,稲妻,夏
2496,稻妻の北極めぐる曇り哉,稲妻,夏
2497,稻妻や赤猫狂ふ塔の尖,稲妻,夏
2498,稻妻や生血したゝるつるし熊,稲妻,夏
2499,稻妻や戌亥の雲のたゞならず,稲妻,夏
2500,稻妻やうしろ見らるゝ居合拔,稲妻,夏
2501,稻妻やこほれて落る石佛,稲妻,夏
2502,稻妻やたえずひらめく一處,稲妻,夏
2503,稻妻や狸のふぐり牛の角,稲妻,夏
2504,稻つまや鼻のさきなる嵐山,稲妻,夏
2505,稻妻や一むれさわぐ女馬,稲妻,夏
2506,稻妻や塀のくづれの生駒山,稲妻,夏
2507,稻妻やほつとりとする薄曇り,稲妻,夏
2508,稻妻や闇に美人の笑ひ聲,稲妻,夏
2509,稻妻をかまへて御らんじ候な,稲妻,夏
2510,稻妻をしきりにこぼす夕哉,稲妻,夏
2511,風吹て稻妻ちらす曇り哉,稲妻,夏
2512,風吹てちるやほろほろ稻光り,稲妻,夏
2513,金銀の色よ稻妻西東,稲妻,夏
2514,大佛の眠りさますや稻光り,稲妻,夏
2515,稻妻や壁のくづれの生駒山,稲妻,夏
2516,稻妻や金碧うつる杉の隙,稲妻,夏
2517,稻妻の海に散る時猶凄し,稲妻,夏
2518,稻妻に金屏たゝむ夕かな,稲妻,夏
2519,稻妻に見ゆるかとぞ思ふ海の底,稲妻,夏
2520,稻妻や石にあたつて折れ返る,稲妻,夏
2521,稻妻や高燈籠にふりかゝる,稲妻,夏
2522,稻妻や敵艦遠く迯げて行く,稲妻,夏
2523,稻妻に水雷艇の行方かな,稲妻,夏
2524,稻妻にすわやと投げる碇かな,稲妻,夏
2525,稻妻に松明暗き野道かな,稲妻,夏
2526,稻妻に誰そ刀拔く原の中,稲妻,夏
2527,稻妻に誰そや刀拔く原の中,稲妻,夏
2528,稻妻に紅粉つけて居る遊女哉,稲妻,夏
2529,稻妻の碎けて青し藪の奥,稲妻,夏
2530,稻妻や片帆に落す海の上,稲妻,夏
2531,稻妻や少しへだてゝ二ところ,稲妻,夏
2532,稻妻や天遠くして外が濱,稲妻,夏
2533,稻妻や檜ばかりの谷一つ,稲妻,夏
2534,稻妻や三井から見れば勢田の上,稲妻,夏
2535,稻妻や横幅廣く折れて出る,稲妻,夏
2536,稻妻やわれ宙を行く橋の上,稲妻,夏
2537,稻妻や折々見せる雲の峰,稲妻,夏
2538,稻妻や折れては殘る雲の中,稲妻,夏
2539,空城や稻妻落ちて風起る,稲妻,夏
2540,稻妻に心なぐさむひとやかな,稲妻,夏
2541,稻つまに刄物を隠す未練かな,稲妻,夏
2542,稻妻に屏風をかこふ遊女かな,稲妻,夏
2543,稻妻のあと風になる夕かな,稲妻,夏
2544,稻妻の蚊帳をすかして茶色也,稲妻,夏
2545,稻つまのちらと許りも見まいぞや,稲妻,夏
2546,稻妻や劍を按じて西の方,稲妻,夏
2547,稻妻や獄門の首我を見る,稲妻,夏
2548,稻妻や蔀をおろす刀店,稲妻,夏
2549,稻妻や大福餅をくふ女,稲妻,夏
2550,稻妻や盥の底の忘れ水,稲妻,夏
2551,稻妻や波黒く人魚出沒す,稲妻,夏
2552,稻妻や一聲鳥の夢に鳴く,稲妻,夏
2553,稻妻や森のすきまに水を見たり,稲妻,夏
2554,稻妻や森を隔てゝ水を見たり,稲妻,夏
2555,稻妻を潮に卷きこむ鳴門かな,稲妻,夏
2556,空城やいなつま落ちて風起る,稲妻,夏
2557,葬禮に稻妻散るや原の中,稲妻,夏
2558,四方から稻妻光る小家かな,稲妻,夏
2559,水晶に稻妻うつる夕かな,稲妻,夏
2560,竹伐つて稻妻近くなる夜かな,稲妻,夏
2561,ひかひかと稻妻すなり星ながら,稲妻,夏
2562,宵闇や稻妻走る西の窓,稲妻,夏
2563,夜や明けん稻妻白き森のひま,稲妻,夏
2564,夜や更けん稻妻白き森の隙,稲妻,夏
2565,稻妻のうしろの方に油斷すな,稲妻,夏
2566,稻妻のすわといふまもあらはこそ,稲妻,夏
2567,稻妻の遠くに光る花火哉,稲妻,夏
2568,竹を伐て稻妻近き夜となりぬ,稲妻,夏
2569,稻妻の木がくれなりぬ森に入る,稲妻,夏
2570,稻妻の木隱れなりぬ森の道,稲妻,夏
2571,稻妻のする時雲の形哉,稲妻,夏
2572,稻妻のはためく水の映りかな,稲妻,夏
2573,稻妻のひらめく水の映りかな,稲妻,夏
2574,稻妻の世を觀すらん大佛,稲妻,夏
2575,稻妻や足場かけたる倉の間,稲妻,夏
2576,稻妻や一本杉の右左,稲妻,夏
2577,稻妻や提灯多き野邊送,稲妻,夏
2578,稻妻や燈臺番の妻一人,稲妻,夏
2579,稻妻や飛魚飛んで海暗き,稲妻,夏
2580,稻妻や廻り燈籠は消えにけり,稲妻,夏
2581,稻妻や南に晴れし盆の月,稲妻,夏
2582,稻妻やむら雨過し森の月,稲妻,夏
2583,稻妻や目を縫はれたる市の鷺,稲妻,夏
2584,瓦斯燈や稻妻薄き屋根の上,稲妻,夏
2585,瓦斯燈や稻妻遠き屋根の上,稲妻,夏
2586,町を出てゝ稻妻廣し森の上,稲妻,夏
2587,夜更けて稻妻遠くなりにけり,稲妻,夏
2588,稻妻や惡の心もとゞまらず,稲妻,夏
2589,朝顔の一りん強しはつあらし,初嵐,秋
2590,粟の穗の折れも盡さす初嵐,初嵐,秋
2591,初あらし障子の穴を見付たり,初嵐,秋
2592,富士川の石あらはなり初嵐,初嵐,秋
2593,富士沼や小舟かちあふ初あらし,初嵐,秋
2594,松折れてふしあらはなり初嵐,初嵐,秋
2595,朝顔の花やぶれけり初嵐,初嵐,秋
2596,雨なしに吹き出だしけり初嵐,初嵐,秋
2597,猿の手のちぎれて悲し初嵐,初嵐,秋
2598,大名の家より吹きぬ初嵐,初嵐,秋
2599,恙なきや庵の蕣初嵐,初嵐,秋
2600,鳶の巣の吹き落されぬ初嵐,初嵐,秋
2601,鷄の塒に小さし初嵐,初嵐,秋
2602,初嵐鵲の橋崩れけり,初嵐,秋
2603,初嵐箱根の石のあらはれぬ,初嵐,秋
2604,初嵐軍艦悠然として來る,初嵐,秋
2605,初嵐五重の塔に上りけり,初嵐,秋
2606,初嵐小不二ゆがんて見ゆる哉,初嵐,秋
2607,初嵐櫓の足場崩れけり,初嵐,秋
2608,古庭や鼬吹き出す初嵐,初嵐,秋
2609,一輪の薔薇吹き散りぬ初嵐,初嵐,秋
2610,須磨寺や月が出て居て初嵐,初嵐,秋
2611,なかなかに朝顔つよき野分哉,野分,秋
2612,あれ馬のたて髪長き野分哉,野分,秋
2613,岩陰に鹿の落ちあふ野分哉,野分,秋
2614,笠いきて地上をはしる野分哉,野分,秋
2615,傘一ツあつかひかぬる野分哉,野分,秋
2616,から笠につられてありく野分哉,野分,秋
2617,さりげなき野分の跡やふしの山,野分,秋
2618,白浪の車輪にまはる野分かな,野分,秋
2619,人力のほろ吹きちぎる野分哉,野分,秋
2620,杉の木のたわみ見て居る野分哉,野分,秋
2621,捨舟はかたよる海の野わき哉,野分,秋
2622,捨舟の阜頭にかたよる野分哉,野分,秋
2623,旅僧のもたれてあるく野分哉,野分,秋
2624,野分して牛蒡大根のうまさ哉,野分,秋
2625,萩薄思ひ思ひの野分哉,野分,秋
2626,はせを泣き蘇鐵は怒る野分哉,野分,秋
2627,八反帆野分に落すあをり哉,野分,秋
2628,原へ出て目もあけられぬ野分哉,野分,秋
2629,針金に松の木起す野分哉,野分,秋
2630,番傘のほつきと折れし野分哉,野分,秋
2631,吹き付けてふしに消行野分哉,野分,秋
2632,吹きとつて雨さへふらぬ野分哉,野分,秋
2633,蛇落つる高石かけの野分哉,野分,秋
2634,光起が百鬼夜行く野分哉,野分,秋
2635,やせ馬の尾花恐るゝ野分哉,野分,秋
2636,猪の男鹿追ひ行く野分哉,野分,秋
2637,斧たてゝ鎌切りにげる野分かな,野分,秋
2638,あら鷲の吹きかへさるゝ野分哉,野分,秋
2639,行燈を吹き倒したる野分哉,野分,秋
2640,犬吠て野分すべき夜のけしき哉,野分,秋
2641,牛の尾の力はつよき野分哉,野分,秋
2642,鷄頭のしどろになりし野分哉,野分,秋
2643,小鼓の棚より落つる野分哉,野分,秋
2644,鷺つくむ野分のあとの澤邊哉,野分,秋
2645,しづしづと野分のあとの旭かな,野分,秋
2646,嶋一つ痩せて殘りし野分哉,野分,秋
2647,捨鐘の吹きとられたる野分哉,野分,秋
2648,宗鑑の生芋かぢる野分哉,野分,秋
2649,大佛のなひくかと思ふ野分哉,野分,秋
2650,大佛を一夜寐させぬ野分哉,野分,秋
2651,立琴にから鳴絶えぬ野分哉,野分,秋
2652,民の田の見えてものうき野分哉,野分,秋
2653,月清し野分のあとのあれ庇,野分,秋
2654,筑波根の吹きさらされて野分哉,野分,秋
2655,釣鐘を吹き殘したる野分哉,野分,秋
2656,寺あれて釣鐘のこる野分哉,野分,秋
2657,野分して飯くふ人の寒げなり,野分,秋
2658,一つづゝ星吹きちらす野分哉,野分,秋
2659,百姓の足吹きすかす野分哉,野分,秋
2660,星飛んであとは淋しき野分哉,野分,秋
2661,三井寺の釣鐘なびく野分哉,野分,秋
2662,夫婦して雨戸押へる野分哉,野分,秋
2663,ものうさは日の照りながら野分哉,野分,秋
2664,石積んで野分に向ふ車哉,野分,秋
2665,押しつける大竹原の野分哉,野分,秋
2666,大石の山道ふさぐ野分かな,野分,秋
2667,大鳴門野分のあとの靜かなり,野分,秋
2668,すさましや野分の塔のきしる音,野分,秋
2669,大道の人吹きちらす野分かな,野分,秋
2670,電燈や夜の野分の砂ほこり,野分,秋
2671,野分して孔雀の羽の細りかな,野分,秋
2672,野分すなり赤きもの空にひるがへる,野分,秋
2673,芭蕉葉の娑婆と舞ひたる野分かな,野分,秋
2674,人細し野分の朝の大伽藍,野分,秋
2675,三井寺の釣鐘うなる野分哉,野分,秋
2676,粟の穗のくたびれもせぬ野分哉,野分,秋
2677,大粒な星吹きとばす野分哉,野分,秋
2678,雲ちぎれ雲飛び野分雨もふらず,野分,秋
2679,侍の足駄ふんばる野分哉,野分,秋
2680,すごすごと月さし上る野分哉,野分,秋
2681,大佛の鼻息あらき野分哉,野分,秋
2682,大佛の鼻息あらば野分哉,野分,秋
2683,大佛の鼻の穴から野分かな,野分,秋
2684,峠より眞下におろす野分哉,野分,秋
2685,旅人の吹きまくらるゝ野分哉,野分,秋
2686,旅人の吹きまくられる野分哉,野分,秋
2687,釣鐘のそばに寄られぬ野分哉,野分,秋
2688,電信の柱を倒す野分かな,野分,秋
2689,豆腐買ふて裏道戻る野分哉,野分,秋
2690,野分荒れて翠簾に押さるゝ女哉,野分,秋
2691,野分して野の低くなるあした哉,野分,秋
2692,方十町砂糖木畠の野分哉,野分,秋
2693,比良こえて湖水に落す野分哉,野分,秋
2694,吹き返す不二の裾野の野分哉,野分,秋
2695,帆柱の山にもたるゝ野分かな,野分,秋
2696,無住寺に荒れたきまゝの野分哉,野分,秋
2697,山鳥の尾を吹かれたる野分哉,野分,秋
2698,山鳥の尾を吹かれ居る野分哉,野分,秋
2699,鐘つけばぼんときれたる野分哉,野分,秋
2700,黍動く野分の里に灯のともる,野分,秋
2701,銀杏の青葉吹き散る野分哉,野分,秋
2702,草むらに落つる野分の鴉哉,野分,秋
2703,草むらに下りる野分の鴉かな,野分,秋
2704,小石やら雨やら野分顔を撲つ,野分,秋
2705,心細く野分のつのる日暮かな,野分,秋
2706,この野分さらにやむべくもなかりけり,野分,秋
2707,せんつばや野分のあとの花白し,野分,秋
2708,大木の道に倒るゝ野分哉,野分,秋
2709,旅僧の吹き飛ばさるゝ野分哉,野分,秋
2710,野分して上野の鳶の庭に來る,野分,秋
2711,野分の夜書讀む心定まらず,野分,秋
2712,野分吹く雨横さまに筑波より,野分,秋
2713,ばさりばさり芭蕉野分に驚かず,野分,秋
2714,人がやがや土塀を起す野分哉,野分,秋
2715,日の光野分の雲の暮れんとす,野分,秋
2716,晝中や野分はじまる物の音,野分,秋
2717,福山の城を殘して野分哉,野分,秋
2718,塀こけて家あらはなる野分哉,野分,秋
2719,眞黒な雲走り行く野分哉,野分,秋
2720,三日月の吹き取られたる野分哉,野分,秋
2721,宿替の百鬼群れ行く野分哉,野分,秋
2722,路次口を出れば大路の野分哉,野分,秋
2723,起せども野分の芒たわいなき,野分,秋
2724,狂亂の野分ありたき我思ひ,野分,秋
2725,くたびれて野分のあとの草木哉,野分,秋
2726,芒伏し萩折れ野分晴れにけり,野分,秋
2727,泊り舟一夜野分にゆられけり,野分,秋
2728,野分してさすが芒は風の草,野分,秋
2729,野分して飄亭來る夜明哉,野分,秋
2730,野分して向の朝餉垣はなし,野分,秋
2731,野分してもさすが芒は風の草,野分,秋
2732,野分少しやんで鷄鳴く夜明哉,野分,秋
2733,野分晴れて手負の蝶の低く飛ぶ,野分,秋
2734,野分稍やんで鷄聞く夜明哉,野分,秋
2735,野分やんで蝶飛ぶ岡の日和哉,野分,秋
2736,野分やんで飄亭來る夜明哉,野分,秋
2737,亂れ心野分に走り狂ひたく,野分,秋
2738,見に行くや野分のあとの百花園,野分,秋
2739,大家の寐靜まりたる野分哉,野分,秋
2740,鷄頭は二尺に足らぬ野分哉,野分,秋
2741,鷄頭をもらふて植ぬ野分過,野分,秋
2742,飛ぶ鷲の勢盡きし野分哉,野分,秋
2743,竝松の小枝吹き散る野分哉,野分,秋
2744,野分して片枝折れし松の月,野分,秋
2745,野分して蝉の少きあした哉,野分,秋
2746,野分して萩をあはれむ泥まみれ,野分,秋
2747,野分待つ萩のけしきや花遲き,野分,秋
2748,野分やんて萩をあはれむ泥まみれ,野分,秋
2749,花園の垣倒れたる野分哉,野分,秋
2750,吹き足らで雨となる朝の野分哉,野分,秋
2751,闇の夜をめつたやたらの野分哉,野分,秋
2752,老木朽ちて野分恐るゝ借家哉,野分,秋
2753,鷄頭の皆倒れたる野分哉,野分,秋
2754,鷄頭ノマダイトケナキ野分カナ,野分,秋
2755,野分近ク夕顔ノ實ノ太リ哉,野分,秋
2756,夕顔ヤ野分恐ルヽ實ノ太リ,野分,秋
2757,秋しぐれ兎角月には成り易き,秋時雨,秋
2758,秋もはや日和しぐるゝ飯時分,秋時雨,秋
2759,冬瓜や霜ふりかけし秋の色,秋の霜,秋
2760,御白洲や膝つきすゑる秋の霜,秋の霜,秋
2761,山深く通草腐りぬ秋の霜,秋の霜,秋
2762,鷄頭に霜見る秋の名殘哉,秋の霜,秋
2763,もみち葉の色もかわるや秋の空,秋の空,秋
2764,すさまじき雲の走りや秋の空,秋の空,秋
2765,澄む時はあくまで澄んで秋の空,秋の空,秋
2766,海原の上にひろがる秋の空,秋の空,秋
2767,舞鶴の富士はなれけり秋の空,秋の空,秋
2768,秋の空物干竿の高さかな,秋の空,秋
2769,清水や舞臺の上の秋の空,秋の空,秋
2770,社壇百級秋の空へと登る人,秋の空,秋
2771,晝中の月宙にあり秋の空,秋の空,秋
2772,見あぐれば塔の高さよ秋の空,秋の空,秋
2773,湖の上に置きけり秋の空,秋の空,秋
2774,秋の空青菜車のつゞきけり,秋の空,秋
2775,秋の空華巖の瀧の白さかな,秋の空,秋
2776,秋の空清水流るゝ思ひあり,秋の空,秋
2777,秋の空露をためたる青さかな,秋の空,秋
2778,秋の空ますほの薄さはりけり,秋の空,秋
2779,秋の空凌雲閣に人見ゆる,秋の空,秋
2780,大水の引て雨なし秋の空,秋の空,秋
2781,椎の木を伐り倒しけり秋の空,秋の空,秋
2782,絶頂や頭の上に秋の空,秋の空,秋
2783,病人のあるき出しけり秋の空,秋の空,秋
2784,見渡すや只秋の空秋の雲,秋の空,秋
2785,鵙よりも鳶よりも高し秋の空,秋の空,秋
2786,井戸堀の星や見るらん秋の空,秋の空,秋
2787,秋の空伽藍の屋根をありく人,秋の空,秋
2788,此頃の天氣になりぬ秋の空,秋の空,秋
2789,絶頂や鳥下を舞ふて秋の空,秋の空,秋
2790,舟もなき川の廣さや空の秋,秋の空,秋
2791,あきの海伊與へ流るゝ汐の音,秋の海,秋
2792,白帆遠し嶋を見こしの秋の海,秋の海,秋
2793,秋の海名もなき嶋のあらはるゝ,秋の海,秋
2794,かたよつて白帆行くなり秋の海,秋の海,秋
2795,夕陽に馬洗ひけり秋の海,秋の海,秋
2796,ながながと安房の岬や秋の海,秋の海,秋
2797,つらつらと船ならびけり秋の海,秋の海,秋
2798,秋の海大舩ばかりかゝりけり,秋の海,秋
2799,秋の海音頭が瀬戸を流れけり,秋の海,秋
2800,秋の海鳥飛ぶ方にひろがれり,秋の海,秋
2801,秋の海舟一艘もなかりけり,秋の海,秋
2802,大船の秋の海面ゆさぶりぬ,秋の海,秋
2803,那古寺の椽の下より秋の海,秋の海,秋
2804,門を出て十歩に秋の海廣し,秋の海,秋
2805,秋の海渺々として入日哉,秋の海,秋
2806,秋の海渺々として嶋孤なり,秋の海,秋
2807,底見えてうろくづ居らす秋の海,秋の海,秋
2808,秋の海我船近き岩の鳥,秋の海,秋
2809,大岩の穴より見ゆる秋の海,秋の海,秋
2810,はつきりと垣根に近し秋の山,秋の山,秋
2811,秋の山信濃の國はおそろしき,秋の山,秋
2812,秋の山瀧を殘して紅葉哉,秋の山,秋
2813,稻つくる奧もありけり秋の山,秋の山,秋
2814,大方はすゝきなりけり秋の山,秋の山,秋
2815,笠負ふた僧の歸るや秋の山,秋の山,秋
2816,雲も皆沈み勝ちなる秋の山,秋の山,秋
2817,はつきりと行先遠し秋の山,秋の山,秋
2818,一ひらの雲の行へや秋の山,秋の山,秋
2819,行先のはつきり遠し秋の山,秋の山,秋
2820,雨晴れて馬頭に近し秋の山,秋の山,秋
2821,秋の山王子の上に見ゆる哉,秋の山,秋
2822,追分や左に遠き秋の山,秋の山,秋
2823,雲むらむら秋の山高くあらはるゝ,秋の山,秋
2824,信濃路やどこ迄つゞく秋の山,秋の山,秋
2825,日の旗や銀座は秋の山かつら,秋の山,秋
2826,秋の城山は赤松ばかりかな,秋の山,秋
2827,秋の山五重の塔に竝びけり,秋の山,秋
2828,秋の山仙人橋の高さかな,秋の山,秋
2829,秋の山突兀として寺一つ,秋の山,秋
2830,秋の山中に石鐵山高し,秋の山,秋
2831,秋の山松鬱として常信寺,秋の山,秋
2832,秋の山御幸寺と申し天狗住む,秋の山,秋
2833,雲迷ふ簾の下の秋の山,秋の山,秋
2834,山門を出て下りけり秋の山,秋の山,秋
2835,竹の窗南に秋の山近し,秋の山,秋
2836,七重八重重なりあふて秋の山,秋の山,秋
2837,七重八重かさなりあひぬ秋の山,秋の山,秋
2838,野徑曲れり十歩の中に秋の山,秋の山,秋
2839,道盡きて雲起りけり秋の山,秋の山,秋
2840,四方秋の山をめぐらす城下哉,秋の山,秋
2841,四方に秋の山をめぐらす城下哉,秋の山,秋
2842,秋の山あやしき僧に行き違ふ,秋の山,秋
2843,秋の山眼下町見えて人馬行く,秋の山,秋
2844,秋の山雲一片飛んで去る,秋の山,秋
2845,秋の山中にも金洞と申すは,秋の山,秋
2846,秋の山檜の苗を植ゑにけり,秋の山,秋
2847,高樓やわれを取り卷く秋の山,秋の山,秋
2848,白河や山あつまつて山の秋,秋の山,秋
2849,石門を五つくゞりて秋の山,秋の山,秋
2850,鳥飛んで秋の山眼に横はる,秋の山,秋
2851,人にあひて恐しくなりぬ秋の山,秋の山,秋
2852,湖をとりまく秋の高嶺哉,秋の山,秋
2853,森濡れて神鎭まりぬ秋の山,秋の山,秋
2854,宿かるや枕の上に秋の山,秋の山,秋
2855,樓に上れば樓をめぐりて秋の山,秋の山,秋
2856,閑古鳥死んで淋しや秋の山,秋の山,秋
2857,石門をくゝりぬけたり秋の山,秋の山,秋
2858,絶頂に城搆へたり秋の山,秋の山,秋
2859,國境の棒杭立つや秋の山,秋の山,秋
2860,秋の山北を固めの砦かな,秋の山,秋
2861,秋の山半腹に本社社務所など,秋の山,秋
2862,崖に倚る塔や伽藍や秋の山,秋の山,秋
2863,雲めぐる岩の柱や秋の山,秋の山,秋
2864,半腹に古き宮あり秋の山,秋の山,秋
2865,若松の城を圍みて秋の山,秋の山,秋
2866,そろそろと秋もの凄し角田河,秋の川,秋
2867,つゝくりと五位の立けり川の秋,秋の川,秋
2868,蛭痩せぬ秋の野川の水清み,秋の川,秋
2869,蓼短く秋の小川の溢れたり,秋の川,秋
2870,面白やどの橋からも秋の不二,秋の富士,秋
2871,身ふるひのつく程清し秋の不二,秋の富士,秋
2872,夕やけや星きらきらと秋の不二,秋の富士,秋
2873,秋不二や異人仰向く馬の上,秋の富士,秋
2874,右も三井左も三井秋の不盡,秋の富士,秋
2875,山はにしき不二獨り雪の朝日かな,野山の錦,秋
2876,山山の錦きたなしふしの山,野山の錦,秋
2877,都出て行けば野山の錦哉,野山の錦,秋
2878,たゝかひのあとを野山の錦かな,野山の錦,秋
2879,野の錦昼の葬礼通りけり,野山の錦,秋
2880,野の錦山の錦は繪の錦,野山の錦,秋
2881,からかさをすほめて通る花野哉,花野,秋
2882,汽車道に堀り殘されて花野哉,花野,秋
2883,閼迦桶にあるじの見えぬ花野哉,花野,秋
2884,から駕籠の近道戻る花野哉,花野,秋
2885,墨染の袖吹きあぐる花野哉,花野,秋
2886,僧一人立ちつくしたる花野哉,花野,秋
2887,其人の名もありさうな花野哉,花野,秋
2888,露にぬれて花野の雀狂ひけり,花野,秋
2889,手をあげて尼の呼びあふ花野哉,花野,秋
2890,神の子の地に低く飛ぶ花野哉,花野,秋
2891,山の上にさては湖あり花野あり,花野,秋
2892,おもしろや小道盡きたる花野原,花野,秋
2893,絶頂の山平らかに花野哉,花野,秋
2894,のぼりつめし山平らかに花野哉,花野,秋
2895,日傘して花野の小女郎誰が小女郎,花野,秋
2896,其中に牧場のある花野哉,花野,秋
2897,行列の松にかゝるや里の秋,里の秋,秋
2898,山を出てそゞろに悲し里の秋,里の秋,秋
2899,犬も來て牛につはべる刈田道,刈田,秋
2900,一段は刈り殘す田の雀かな,刈田,秋
2901,一反は刈り殘す田の雀かな,刈田,秋
2902,刈田から何驚いて鳩四五羽,刈田,秋
2903,鷄の籠をはなれて刈田哉,刈田,秋
2904,三四日見ぬ間に廣き刈田哉,刈田,秋
2905,夕陽や刈田に長き鶴の影,刈田,秋
2906,ひろびろと日の落ちかゝる刈田哉,刈田,秋
2907,大水の刈田は海の如くなり,刈田,秋
2908,大佛の夕影長き刈田哉,刈田,秋
2909,野社のぽつかりとして刈田哉,刈田,秋
2910,野社を中に殘して刈田哉,刈田,秋
2911,ところところ菜畠青き刈田哉,刈田,秋
2912,ひつじ田や痩せて慈姑の花一つ,ひつじだ,冬
2913,にぎやかにくるゝ日もあり庵の秋,庵の秋,秋
2914,花聟に何をくはさん庵の秋,庵の秋,秋
2915,藏澤の竹も久しや庵の秋,庵の秋,秋
2916,もみぢうく水や刀に血のあと,秋の水,秋
2917,洗ひなは箔やはげなん秋の水,秋の水,秋
2918,鯉はねたにごり沈むや秋の水,秋の水,秋
2919,朝な朝な稻妻かくす秋の水,秋の水,秋
2920,風吹て秋行く水の音寒し,秋の水,秋
2921,星落ちて霜や浮くらん秋の水,秋の水,秋
2922,古井戸や金魚ものくふ秋の水,秋の水,秋
2923,松さびて緋鯉も居らず秋の水,秋の水,秋
2924,秋冴えたり我れ鯉切らん水の色,秋の水,秋
2925,秋の水澄みぬ天狗の影もなし,秋の水,秋
2926,秋の水天狗の鏡澄みにけり,秋の水,秋
2927,秋の水天狗の影やうつるらん,秋の水,秋
2928,秋の水泥しづまつて魚もなし,秋の水,秋
2929,打ちこみし礫沈むや秋の水,秋の水,秋
2930,打ちこんだ礫沈むや秋の水,秋の水,秋
2931,此頃や泥龜居らず秋の水,秋の水,秋
2932,靜かさに礫打ちけり秋の水,秋の水,秋
2933,石塔の沈めるも見えて秋の水,秋の水,秋
2934,石塔の沈めるも見えぬ秋の水,秋の水,秋
2935,底見えて魚見えて秋の水深し,秋の水,秋
2936,鳴かぬ鳥の飛んで過ぎけり秋の水,秋の水,秋
2937,投げこんだ礫沈みぬ秋の水,秋の水,秋
2938,山陰や日あしもさゝず秋の水,秋の水,秋
2939,秋の水魚住むべくもあらぬ哉,秋の水,秋
2940,翡翠の來らずなりぬ秋の水,秋の水,秋
2941,翡翠も來らずなりぬ秋の水,秋の水,秋
2942,靜かさや日蝕映る秋の水,秋の水,秋
2943,絶頂や火の脈絶えて秋の水,秋の水,秋
2944,南泉の猫斬り捨てし秋の水,秋の水,秋
2945,南泉の猫捨てられつ秋の水,秋の水,秋
2946,日蝕のうつりてすごし秋の水,秋の水,秋
2947,日蝕や蓋をして置く秋の水,秋の水,秋
2948,ゐもり浮て鯉深くひそむ秋の水,秋の水,秋
2949,秋の水岩白く魚動かざる,秋の水,秋
2950,君が代や調子のそろふ落水,落し水,夏
2951,小山田や一間程の落し水,落し水,夏
2952,おもしろや田毎の月の落し水,落し水,夏
2953,新田や汐にさしあふ落し水,落し水,夏
2954,日燒田や二反はからき落し水,落し水,夏
2955,くたびれた音や山田の落水,落し水,夏
2956,千町田や夕靜かに落し水,落し水,夏
2957,ゆらゆらと廻廊浮くや秋の汐,秋の潮,秋
2958,宮嶋の鳥居平たし秋の汐,秋の潮,秋
2959,日暮るゝや空のはてより秋の汐,秋の潮,秋
2960,初汐やつなぐ處に迷ふ舟,初潮,夏
2961,初汐や帆柱ならぶ垣の外,初潮,夏
2962,初汐にすれてとびけり鶴一羽,初潮,夏
2963,初汐につれていでけり鶴一羽,初潮,夏
2964,初汐の空にたゞよふきほい哉,初潮,夏
2965,初汐の空にひろがるきほい哉,初潮,夏
2966,初汐や御茶の水橋あたりまで,初潮,夏
2967,初汐や松に浪こす四十島,初潮,夏
2968,初汐の下を流るゝ角田川,初潮,夏
2969,初汐や渚をたどる鶴の足,初潮,夏
2970,初汐やはかなきものはうつせ貝,初潮,夏
2971,初汐や太平洋を檐の下,初潮,夏
2972,初汐やどつくにはいる軍船,初潮,夏
2973,初汐に松四五本の小島かな,初潮,夏
2974,初汐の上に灯ともす小島かな,初潮,夏
2975,初汐の海にあふるゝばかりかな,初潮,夏
2976,初汐や海ゆりこして草の上,初潮,夏
2977,初汐やからくも橋をくゞる船,初潮,夏
2978,初汐や千石積の船おろし,初潮,夏
2979,初汐や河豚遊び居る阜頭の内,初潮,夏
2980,初汐の跡これならし大鳥居,初潮,夏
2981,初汐の鯨うくべきけしきかな,初潮,夏
2982,初汐の渺々として入日哉,初潮,夏
2983,初汐や川に漾ふ薦包,初潮,夏
2984,初汐や背戸に漾ふ薦包,初潮,夏
2985,初汐や藻草にからむ古足駄,初潮,夏
2986,初汐に飯くふ船や窓の前,初潮,夏
2987,初汐の鰡を追はへる小海老哉,初潮,夏
2988,初汐や船に飯くふ窓の前,初潮,夏
2989,初汐や横須賀浮ぶ家の影,初潮,夏
2990,ひたひたと初汐よする戸口哉,初潮,夏
2991,初汐や埠頭の内なる蒸氣船,初潮,夏
2992,初汐や千石船の船よそひ,初潮,夏
2993,振袖をしぼりて洗ふ硯哉,硯洗,春
2994,十年の硯洗ふこともなかりけり,硯洗,春
2995,洗ひたる机洗ひたる硯哉,硯洗,春
2996,いざ聞かん七夕づめのさゝめ言,七夕,夏
2997,笹につけて扇やかさん女七夕,七夕,夏
2998,七夕の橋やくづれてなく鴉,七夕,夏
2999,七夕や夢に驚く斧の音,七夕,夏
3000,ぬか星や七夕の子の數しれず,七夕,夏
3001,布引も願ひの絲の數にせむ,七夕,夏
3002,よもすがら烏もさわげ星祭,七夕,夏
3003,うれしさや七夕竹の中を行く,七夕,夏
3004,じりじりとよるとも見えず二つ星,七夕,夏
3005,七夕にまことの情を尋ね見よ,七夕,夏
3006,七夕の雨やいづこの牛の聲,七夕,夏
3007,七夕の雨やいづくの牛の聲,七夕,夏
3008,七夕の袖やかざゝん初嵐,七夕,夏
3009,七夕の袖やかざゝん夕あらし,七夕,夏
3010,七夕の夜は牛の尾に明けにけり,七夕,夏
3011,七夕や牛の角にも露の玉,七夕,夏
3012,七夕や戀とも知らずさわぎ鳧,七夕,夏
3013,ぢりぢりとよるとも見えず星二ツ,七夕,夏
3014,草鞋屋は草鞋をかせよ女七夕,七夕,夏
3015,七夕の今宵にせまる曇り哉,七夕,夏
3016,七夕の人無し小舟流れけり,七夕,夏
3017,七夕の枕に貸さん子持石,七夕,夏
3018,どれ貸そか女七夕には紅の裏,七夕,夏
3019,牛載せて妻迎舟漕ぎ出しぬ,七夕,夏
3020,行水ぢやふんどし貸さん男七夕,七夕,夏
3021,七夕に草履を貸すや小傾城,七夕,夏
3022,七夕は鳶の聲にて明けにけり,七夕,夏
3023,七夕やおよそやもめの涙雨,七夕,夏
3024,七夕や蜘の振舞おもしろき,七夕,夏
3025,七夕を祭らぬ御代に戀男,七夕,夏
3026,舟橋に七夕竹のかゝりけり,七夕,夏
3027,仰向に我臍見せん女七夕,七夕,夏
3028,月蝕の話などして星の妻,七夕,夏
3029,三十にしてよめらぬ人や星祭,七夕,夏
3030,七夕や城かねの水鳥の橋,七夕,夏
3031,七夕やそこらに在るは禿星,七夕,夏
3032,月落ちて雲の屏風を星の閨,七夕,夏
3033,彦星は缺落とこそのたまへど,七夕,夏
3034,更くる夜ををかしや星のさゝめ言,七夕,夏
3035,紅粉白粉と七夕姫の日半日,七夕,夏
3036,星の戀念も殘らず別れけり,七夕,夏
3037,星二人去年の雨をかこつらん,七夕,夏
3038,娵星に見られながらの湯あみ哉,七夕,夏
3039,七夕の夜を待つとはかりかゝれたり,七夕,夏
3040,椽側に七夕祭る机かな,七夕,夏
3041,思ひやる今妻星の胸さわぎ,七夕,夏
3042,貸したがる禿も星に紅の帶,七夕,夏
3043,七夕に何も貸さゞる男哉,七夕,夏
3044,七夕に物貸す人もなき世かな,七夕,夏
3045,妹に七夕星を教へけり,七夕,夏
3046,七夕の色紙分つ妹かな,七夕,夏
3047,門川や机洗ふ子五六人,七夕,夏
3048,物洗ふ七夕川の濁り哉,七夕,夏
3049,草花の上へころりと星二つ,星合,夏
3050,星合は月落ち烏啼いて夜半,星合,夏
3051,星合や求馬は三輪の烏帽子折,星合,夏
3052,女房に何を語らん星こよひ,星の夜,冬
3053,星の夜に誰をや小川を渡る音,星の夜,冬
3054,曉のしづかに星の別れ哉,星の別,冬
3055,雲のさま星別るゝと覺えたり,星の別,冬
3056,雲のさま星別るゝと覺えけり,星の別,冬
3057,船に寐て星の別を見る夜哉,星の別,冬
3058,星の別れほろりと露をこぼしけり,星の別,冬
3059,待ち待ちて星の別を見る夜哉,星の別,冬
3060,もうもうと牛鳴く星の別れ哉,星の別,冬
3061,雨うたて願ひの絲のきれやせん,願の糸,冬
3062,けふの雨願ひの絲のきれやせん,願の糸,冬
3063,梶の葉を戀のはじめや兄妹,梶の葉,秋
3064,梶の葉に書きなやみたる女哉,梶の葉,秋
3065,梶の葉に雜の歌書く女哉,梶の葉,秋
3066,松明に虫の飛ぶ見ゆ虫送,虫送,秋
3067,松明やいなごもともに虫送,虫送,秋
3068,火や鉦や遠里小野の虫送,虫送,秋
3069,虫送り送りすまして歸りけり,虫送,秋
3070,蟲送る松明森に隱れけり,虫送,秋
3071,草市にねぎる心のあはれなり,草市,夏
3072,草市のあとや麻木に露の玉,草市,夏
3073,賣れ殘る菰は露なり草の市,草市,夏
3074,賣れ殘るもの露けしや草の市,草市,夏
3075,賣れ殘るものは露なり艸の市,草市,夏
3076,草市や人まばらなる宵の雨,草市,夏
3077,草市の草しほみたる日向哉,草市,夏
3078,草市の中を葬禮通りけり,草市,夏
3079,草市の蓮にたまる埃かな,草市,夏
3080,草市や燈籠白き夕まくれ,草市,夏
3081,草市や柳の下の燈籠店,草市,夏
3082,草の市價安くてあはれなり,草市,夏
3083,しかしかと賣れても行かず草の市,草市,夏
3084,四足の瓜も茄子も草の市,草市,夏
3085,草市ノ草ノ匂ヒヤ廣小路,草市,夏
3086,草市ヤ雨ニ濡レタル蓮ノ花,草市,夏
3087,別家して盆なき家や琴の聲,盆,夏
3088,親もなき子もなき家の玉まつり,魂祭,夏
3089,團子もむ皺手あさましたま祭,魂祭,夏
3090,團子もむ皺手耻かし魂祭,魂祭,夏
3091,見た顏の三つ四つはあり魂祭,魂祭,夏
3092,牛なくや其牛かひの魂まつり,魂祭,夏
3093,酒ものめぬ身となられしか魂祭,魂祭,夏
3094,玉まつり悲しきものと覺えけり,魂祭,夏
3095,魂祭庫裏は團子の粉雪哉,魂祭,夏
3096,玉祭極樂へ轉宅の文書かん,魂祭,夏
3097,魂祭樂しみにして待つ子哉,魂祭,夏
3098,魂祭我より若き人の數,魂祭,夏
3099,つらつらとならび給へり魂祭,魂祭,夏
3100,三井寺や三千坊の魂祭,魂祭,夏
3101,討死の位牌新らし瓜の馬,魂祭,夏
3102,盂蘭盆の鵲鳴くや墓印,魂祭,夏
3103,盂蘭盆や無縁の墓に鳴く蛙,魂祭,夏
3104,おろそかになりぬ都の靈祭,魂祭,夏
3105,おろそかになりまさる世の魂祭,魂祭,夏
3106,聖靈の寫眞によるや二三日,魂祭,夏
3107,魂祭る門を覗くや物狂ひ,魂祭,夏
3108,病んで父を思ふ心や魂祭,魂祭,夏
3109,裏店の隅に今年は魂祭,魂祭,夏
3110,壁のすきにいなづますこし魂まつり,魂祭,夏
3111,壁のすきに稻妻すなり魂祭,魂祭,夏
3112,來たまはぬもあるべし旅の魂祭,魂祭,夏
3113,脚絆解いて魂祭るなり旅戻,魂祭,夏
3114,草の戸や月明かに魂祭,魂祭,夏
3115,御先祖はうしろの方に聖靈棚,魂祭,夏
3116,御先祖はうしろの方に玉祭り,魂祭,夏
3117,ごたごたと竝べたてたり魂祭,魂祭,夏
3118,聖靈やすこし後から女だち,魂祭,夏
3119,魂祭團子をくへといはれけり,魂祭,夏
3120,魂祭蜩鳴いて夕なり,魂祭,夏
3121,花嫁のうゐうゐしくも魂祭,魂祭,夏
3122,貧乏を見せじと人の魂祭,魂祭,夏
3123,孫共か物見に來るよ魂祭,魂祭,夏
3124,孫共が拜みに來るよ魂祭,魂祭,夏
3125,無縁樣の供物すつれば鴉鳴く,魂祭,夏
3126,我病んで魂祭るべくもあらぬ身よ,魂祭,夏
3127,晝飯は精進鮓や魂祭,魂祭,夏
3128,雨の夜はおくれ給はん魂迎,魂迎え,夏
3129,過去帳を讀み申さんか魂迎,魂迎え,夏
3130,迎火をもやひにたくや三軒家,迎火,夏
3131,迎火や父に似た子の頬の明り,迎火,夏
3132,いちはやく迎火焚きし隣哉,迎火,夏
3133,撫子に迎火映る小庭哉,迎火,夏
3134,迎火の消えて人來るけはひ哉,迎火,夏
3135,迎火や心いそぎの夕間暮,迎火,夏
3136,迎火や墓は故郷家は旅,迎火,夏
3137,夕餉はてゝ迎火を焚くいそぎ哉,迎火,夏
3138,棚経や小僧面白さうに讀む,棚経,秋
3139,魂棚や何はあれとも白團子,魂棚,夏
3140,魂棚や壁のひまもる夕つく日,魂棚,夏
3141,魂棚に壁のひま漏る夕日哉,魂棚,夏
3142,魂棚やいくさを語る人二人,魂棚,夏
3143,魂棚やいくさを語る後家二人,魂棚,夏
3144,魂棚の火を吹き消しぬ夕嵐,魂棚,夏
3145,魂棚に團子供へて拜みけり,魂棚,夏
3146,生身玉其又親も達者なり,生見玉,新年
3147,生身魂我は芋にて祭られん,生見玉,新年
3148,生身魂七十と申し達者也,生見玉,新年
3149,五ツ子やあはれ笠きる墓參り,墓参,夏
3150,神主や烏帽子のまゝの墓參,墓参,夏
3151,長崎や三味線提げて墓參,墓参,夏
3152,舟借りて行くや小嶋の墓參,墓参,夏
3153,家族從者十人許り墓參,墓参,夏
3154,石ころで花いけ打や墓參,墓参,夏
3155,とかくして月になりけり大文字,大文字,夏
3156,大文字をのぞいて出たり山の月,大文字,夏
3157,夜の露もえて音あり大文字,大文字,夏
3158,弘法の投筆かなに大文字,大文字,夏
3159,大文字に片頬まばゆき往來哉,大文字,夏
3160,風吹て廻り燈籠の浮世かな,走馬燈,夏
3161,同し事を走馬燈のまはりけり,走馬燈,夏
3162,同じ事を廻燈籠のまはりけり,走馬燈,夏
3163,灯をともす女なまめく切籠哉,切籠,冬
3164,窓の内に切籠をともす嵐かな,切籠,冬
3165,燈籠も交喙のはしとかわりけり,燈籠,夏
3166,薄絹に燈籠の火の朧かな,燈籠,夏
3167,うつくしき燈籠の猶哀れ也,燈籠,夏
3168,鎌倉に燈籠くらき夕かな,燈籠,夏
3169,傾城の燈籠のぞくや寶巖寺,燈籠,夏
3170,權助も燈籠になれば哀れ也,燈籠,夏
3171,燈籠に大小のある親子哉,燈籠,夏
3172,燈籠に人一人のかるさかな,燈籠,夏
3173,燈籠の朧に松の月夜かな,燈籠,夏
3174,燈籠の戒名習ふ子供かな,燈籠,夏
3175,燈籠の消へて泣きだすやも女哉,燈籠,夏
3176,燈籠の竹にうつろふすごさ哉,燈籠,夏
3177,燈籠の火に音たてゝ秋の風,燈籠,夏
3178,燈籠やそよ吹く風の何とやら,燈籠,夏
3179,燈籠を見かけて馬子のたまりけり,燈籠,夏
3180,とこやらに稻妻はしる燈籠哉,燈籠,夏
3181,何處やらを稻妻走る燈籠哉,燈籠,夏
3182,なき人もかたさまざまの燈籠哉,燈籠,夏
3183,母さまといはれておがむ燈籠哉,燈籠,夏
3184,母樣もいはれて拜む燈籠哉,燈籠,夏
3185,家根の上にどこの哀れぞ揚燈籠,燈籠,夏
3186,家根の上に何處の哀や揚燈籠,燈籠,夏
3187,藪かげは誰か買ふて行く燈ろう哉,燈籠,夏
3188,籔陰を誰がさげて行く燈籠哉,燈籠,夏
3189,籔陰を誰がよそ行くや燈籠哉,燈籠,夏
3190,をさな子のつることいそぐ燈籠哉,燈籠,夏
3191,あらびをのはてハやさしき燈籠哉,燈籠,夏
3192,うつゝともなき燈籠や松の陰,燈籠,夏
3193,こゝも亦燈籠店のさわぎ哉,燈籠,夏
3194,燈籠のかげに網すく苫家哉,燈籠,夏
3195,燈籠の火消えなんとす此夕,燈籠,夏
3196,燈籠や小雨ふる夜の窓明り,燈籠,夏
3197,灯の消えて闇路をめぐる灯籠哉,燈籠,夏
3198,ほんやりと燈籠うつる小窓哉,燈籠,夏
3199,われ死なばどんな燈籠を願ふべし,燈籠,夏
3200,われ死なばどんな燈籠を願ふべき,燈籠,夏
3201,孝行のしたい頃には燈籠哉,燈籠,夏
3202,垣ごしに見ゆる隣の燈籠哉,燈籠,夏
3203,賤が檐端干魚燈籠蕃椒,燈籠,夏
3204,たはれ男の遊君祭る燈籠哉,燈籠,夏
3205,たをやめの足もと暗き燈籠哉,燈籠,夏
3206,燈籠をともして留守の小家哉,燈籠,夏
3207,人呼ぶや燈籠竝べし道の端,燈籠,夏
3208,尼の子の燈籠に遊ぶあはれ也,燈籠,夏
3209,うつくしき燈籠掛けたり竹の奧,燈籠,夏
3210,去年よりちいさき燈籠吊しけり,燈籠,夏
3211,傾城の猶うつくしき燈籠哉,燈籠,夏
3212,子を負ふてかるた貼り居る燈籠哉,燈籠,夏
3213,しょんぼりと燈籠白し草の奥,燈籠,夏
3214,燈籠にさはらんとする芭蕉哉,燈籠,夏
3215,燈籠に灯ともさぬ家の端居哉,燈籠,夏
3216,燈籠の主が達者で居られたら,燈籠,夏
3217,燈籠の門を叩くや女馬士,燈籠,夏
3218,燈籠二つかけて淋しき大家哉,燈籠,夏
3219,燈籠や椽を這ひ居る蟋蟀,燈籠,夏
3220,燈籠を二つかけたる小家かな,燈籠,夏
3221,亡き妻や燈籠の陰に裾をつかむ,燈籠,夏
3222,墓原に隣る小家の燈籠哉,燈籠,夏
3223,疫ありて燈籠多き小村哉,燈籠,夏
3224,里川や燈籠提けて渉る人,燈籠,夏
3225,里川や燈籠をさげて渡る人,燈籠,夏
3226,淋しさは燈籠かけたる二階哉,燈籠,夏
3227,雪院へ通ふ廊下の燈籠哉,燈籠,夏
3228,雪院へ行かんとすれば燈籠哉,燈籠,夏
3229,灯籠消えて芭蕉に風の渡る音,燈籠,夏
3230,燈籠の岐阜提灯と竝ひけり,燈籠,夏
3231,燈籠のぽっと消えけり夜半の窓,燈籠,夏
3232,燈籠見えて小徑盡たり八重葎,燈籠,夏
3233,燈籠を得ねぎらぬもあはれなり,燈籠,夏
3234,萩垣や萩の葉隱れ釣燈籠,燈籠,夏
3235,人聲や燈籠見ゆる低き垣,燈籠,夏
3236,吉原の燈籠見による酒の醉,燈籠,夏
3237,草の雨燈籠さげて通りけり,燈籠,夏
3238,燈籠に夜半の喧嘩や仲の町,燈籠,夏
3239,燈籠の夜に見初めたる遊女哉,燈籠,夏
3240,吉原の燈籠見による月夜哉,燈籠,夏
3241,吉原や燈籠の花人の花,燈籠,夏
3242,燈籠さげて橋行く人や水の影,燈籠,夏
3243,墨水は燈籠もこはくおぼすらん,燈籠,夏
3244,燈籠にふたゝひともす夜半哉,燈籠,夏
3245,木曽さへも人は死ぬとや高燈籠,高燈籠,夏
3246,冨士はまた暮れぬ内より高燈籠,高燈籠,夏
3247,一つづゝ星はくもりて高燈籠,高燈籠,夏
3248,日の入や星のあたりの高燈籠,高燈籠,夏
3249,火や消えし雲やかゝりし高燈籠,高燈籠,夏
3250,山の端や晝見る寺の高燈籠,高燈籠,夏
3251,あちこちに高燈籠の見ゆる哉,高燈籠,夏
3252,旅に暮れて高燈籠の村に出づ,高燈籠,夏
3253,目じるしや晝は杉夜は高燈籠,高燈籠,夏
3254,痩村やひつそりとして高燈籠,高燈籠,夏
3255,わりなくも宿乞ふ僧や高燈籠,高燈籠,夏
3256,原中や西に當りて高燈籠,高燈籠,夏
3257,鵜のかゝりならてうれしゝ流燈會,燈籠流,夏
3258,鵜のかゝりならてうれしや流燈會,燈籠流,夏
3259,身の罪を水に流して流燈會,燈籠流,夏
3260,身の罪を水に流すか流燈會,燈籠流,夏
3261,女にも生れて見たき踊哉,踊,夏
3262,いざ踊れ溝の蛙ものら猫も,踊,夏
3263,負はれたる子供もせなで踊哉,踊,夏
3264,窓のかげよその二階の踊かな,踊,夏
3265,よし原は猫もうかれておどりけり,踊,夏
3266,住吉は松とりまいて踊かな,踊,夏
3267,袖なくてうき洋服の踊り哉,踊,夏
3268,日がくれて踊りに出たり生身玉,踊,夏
3269,しかすがに胸うちさわぐ踊哉,踊,夏
3270,背の高い人のこにくき踊哉,踊,夏
3271,ちかづきの多過ぎてうき踊哉,踊,夏
3272,やせ村に老もこぞりし踊かな,踊,夏
3273,宵の間の角力くづれて踊哉,踊,夏
3274,踊りけり腰にぶらつく奉加帳,踊,夏
3275,親負うて踊念佛見に行ん,踊,夏
3276,雷のあとを淋しき踊哉,踊,夏
3277,誰そや闇に小石投げこむ踊哉,踊,夏
3278,うき人の袂觸れたる踊哉,踊,夏
3279,歌垣の世は變りたる踊りかな,踊,夏
3280,なまくさき漁村の月の踊かな,踊,夏
3281,英人も露人もましる踊哉,踊,夏
3282,肘白き君が踊の手ぶりかな,踊,夏
3283,一人おきに男女の踊哉,踊,夏
3284,一人置きに女のまじる踊かな,踊,夏
3285,羽打つて小天狗どもの踊哉,踊,夏
3286,羽を打つて小天狗どもの踊かな,踊,夏
3287,魂送り背戸より歸り給ひけり,魂送り,夏
3288,風吹て聖靈いそぐ歸り道,魂送り,夏
3289,送火や朦朧として佛だち,送り火,夏
3290,送火や烟朦朧として佛達,送り火,夏
3291,烏帽子着て送り火たくや白拍子,送り火,夏
3292,送火の煙見上る子どもかな,送り火,夏
3293,送火の何とはなしに灰たまる,送り火,夏
3294,送火の灰の上なり桐一葉,送り火,夏
3295,送火のあとやもうき焦れ石,送り火,夏
3296,送火のもえたちかぬる月夜哉,送り火,夏
3297,送火にさつさと歸り給ひけり,送り火,夏
3298,いざたまへ迎火焚てまゐらせん,苧殻焚く,冬
3299,麻木焚く女ばかりの哀れなり,苧殻焚く,冬
3300,燃えかねて麻木の烟西へ吹く,麻木,冬
3301,やぶ入や皆見覺えの木槿垣,藪入,春
3302,盆過の村靜かなり猿廻し,盆過ぎ,秋
3303,盆過の小草生えたる墓場哉,盆過ぎ,秋
3304,盆過の月明かに雨の音,盆過ぎ,秋
3305,折からの攝待うくる涙かな,摂待,春
3306,攝待のむすび喰ひつゝ別れけり,摂待,春
3307,攝待やむすびにしたる今年米,摂待,春
3308,攝待のすみて淋しき茶堂哉,摂待,春
3309,攝待の施主や佛屋善右衞門,摂待,春
3310,攝待の札所や札の打ち納め,摂待,春
3311,攝待や芝居のやうな子順禮,摂待,春
3312,頓入や納屋をあくれば唐辛子,つと入,新年
3313,衝突入や人の心の見たき哉,つと入,新年
3314,つと入に小袖をかざす寐顔哉,つと入,新年
3315,つと入らでうき人の門を過ぎにけり,つと入,新年
3316,來て見れば取氣に成や辻角力,相撲,秋
3317,相撲見や翁の面に似た親父,相撲,秋
3318,一休の投げつけられし角力哉,相撲,秋
3319,風吹て淋しき宵の角力哉,相撲,秋
3320,くらがりに聲を力の角力哉,相撲,秋
3321,角力見の人上りけり稻荷堂,相撲,秋
3322,夕月や京のはづれの辻角力,相撲,秋
3323,篝焚いて今宵も角力取りけるよ,相撲,秋
3324,朝鴉稽古角力を笑ひけり,相撲,秋
3325,軍配上る時羽織飛び帽子ふる,相撲,秋
3326,四ヶ村に響く角力の大鼓かな,相撲,秋
3327,角力取ると見えて鎭守の土俵哉,相撲,秋
3328,一すぢに勝たんと思ふ角力かな,相撲,秋
3329,善き聲にこなた小錦とよばゝつたり,相撲,秋
3330,四つに組んで贔負の多き角力哉,相撲,秋
3331,りゝしさは四つに組んだる角力哉,相撲,秋
3332,小錦に五人がゝりの角力かな,相撲,秋
3333,天高し角力の大鼓鳴り渡る,相撲,秋
3334,豐年や月明かに宮角力,相撲,秋
3335,角力取の見て居る辻の角力哉,相撲,秋
3336,東柚べし西のし梅や分角力,相撲,秋
3337,大關ト大關ト組ム角力カナ,相撲,秋
3338,マハシ著ケテ子供角力ノ竝ビケリ,相撲,秋
3339,角力取の猪首はつらしふじの山,相撲取,秋
3340,うつくしき秋を名乘るや角力取,相撲取,秋
3341,母親に孝の名もあり角力取,相撲取,秋
3342,いとし妻もつとしもあらす角力取,相撲取,秋
3343,角力取いづれ江戸絹京錦,相撲取,秋
3344,燒栗や妻なき宿の角力取,相撲取,秋
3345,角力取の矢走へ渡る小舟哉,相撲取,秋
3346,年若く前齒折りたる角力取,相撲取,秋
3347,わづらふと聞けばあはれや角力取,相撲取,秋
3348,藥煮て母をいたはる角力取,相撲取,秋
3349,勝角力其夜殿より召されけり,相撲取,秋
3350,相撲取小き妻を持ちてけり,相撲取,秋
3351,角力取負けてぞ歸る月の原,相撲取,秋
3352,憎まれて見にくき顏や相撲取,相撲取,秋
3353,番附にひいき角力を評しけり,相撲取,秋
3354,宮相撲九紋龍と名のりける,相撲取,秋
3355,村角力九紋龍とぞ名のりけり,相撲取,秋
3356,村角力九紋龍とそ名のりける,相撲取,秋
3357,阿波人ハ阿波ノ相撲ヲヒイキカナ,相撲取,秋
3358,幾秋ヲ負ケテ老イヌル角力カナ,相撲取,秋
3359,大關ニナラデ老イヌル角力カナ,相撲取,秋
3360,角力取ニ角力取ノ子モナカリケリ,相撲取,秋
3361,幕ノ内ニナツテ故郷ニ歸リケリ,相撲取,秋
3362,十徳の打そろふたる会式哉,御命講,冬
3363,佐渡へ行く舟よびもどせ御命講,御命講,冬
3364,町内の年寄はかりや御命講,御命講,冬
3365,日の入や法師居竝ぶ御命講,御命講,冬
3366,御命講の花かつぎ行く夕日哉,御命講,冬
3367,築地派のお講淋しや普請中,御命講,冬
3368,御命講や寺につたはる祖師の筆,御命講,冬
3369,饅頭買ふて連に分つやお命講,御命講,冬
3370,放生會して心よくぬる夜かな,放生会,秋
3371,母親を負ふて出でけり御遷宮,御遷宮,秋
3372,秋はまた春の殘りの三阿彌陀,後の彼岸,秋
3373,うまさうに見れば彼岸の燒茄子,後の彼岸,秋
3374,富士は曇り筑波は秋の彼岸哉,後の彼岸,秋
3375,山吹の歸花見る彼岸哉,後の彼岸,秋
3376,山吹の花歸りさく彼岸かな,後の彼岸,秋
3377,オ萩クバル彼岸ノ使行キ逢ヒヌ,後の彼岸,秋
3378,梨腹モ牡丹餅腹モ彼岸カナ,後の彼岸,秋
3379,うつくしきものなげこむやせがき舟,施餓鬼,夏
3380,施餓鬼舟向ふの岸はなかりけり,施餓鬼,夏
3381,水底の亡者やさわぐ施餓鬼舟,施餓鬼,夏
3382,施餓鬼會や水音更る後夜の鐘,施餓鬼,夏
3383,淋しさや施餓鬼のあとの火の光,施餓鬼,夏
3384,施餓鬼舟はや龍王も浮ぶべし,施餓鬼,夏
3385,殘る蚊の痩せてあはれや施餓鬼棚,施餓鬼,夏
3386,水の音施餓鬼涼しき灯影哉,施餓鬼,夏
3387,門前の川に灯ともす施餓鬼哉,施餓鬼,夏
3388,由緒ありて泥鰌施餓鬼と申けり,施餓鬼,夏
3389,夜更けて施餓鬼の燈籠流しけり,施餓鬼,夏
3390,石佛に水をかけたる施餓鬼哉,施餓鬼,夏
3391,餓鬼モ食ヘ闇ノ夜中ノ鰌汁,施餓鬼,夏
3392,朝顏ノ盛過ギタル施餓鬼カナ,施餓鬼,夏
3393,宿の菊天長節をしらせばや,天長節,秋
3394,海晴れて天長節の日和かな,天長節,秋
3395,草の戸や天長節の小豆飯,天長節,秋
3396,唱歌聞ゆ天長節の朝日哉,天長節,秋
3397,畑打の天長節を知らぬかな,天長節,秋
3398,粥にする天長節の小豆飯,天長節,秋
3399,人も來ぬ天長節の病哉,天長節,秋
3400,一日の秋にぎやかに祭りかな,秋祭,秋
3401,村會に秋の祭の日のべかな,秋祭,秋
3402,武藏野は稻刈る秋と成りにけり,稲刈,秋
3403,稻刈て近道もどる牛のむれ,稲刈,秋
3404,早稻刈て大黒笑ふ聲す也,稲刈,秋
3405,稻刈りや雨ならんとして山近し,稲刈,秋
3406,稻刈るや燒場の煙たゝぬ日に,稲刈,秋
3407,脛に立つ水田の晩稻刈る日かな,稲刈,秋
3408,鶴一羽稻刈るあとの夕日哉,稲刈,秋
3409,見下せば里は稻刈る日和かな,稲刈,秋
3410,早稻刈れば晩稻のうらむ實入哉,稲刈,秋
3411,稻刈の鎌持つて女見返しぬ,稲刈,秋
3412,子を負ふて女痩田の稻を刈る,稲刈,秋
3413,順禮や稲刈るわざを見て過る,稲刈,秋
3414,道ばたや稻刈る男こぐ女,稲刈,秋
3415,早稻晩稻刈るや東海道長し,稲刈,秋
3416,早稻刈ていまだ晩稻の殘りけり,稲刈,秋
3417,稻刈りて眞宗寺の殘りけり,稲刈,秋
3418,稻借りて村會開く小村かな,稲刈,秋
3419,稲刈りて地藏に化ける狸かな,稲刈,秋
3420,稻刈るは父こぐは母這ふは子よ,稲刈,秋
3421,稲つけて馬が行くなり稻の中,稲刈,秋
3422,股を沒す水田の稻の刈りにくき,稲刈,秋
3423,股引の女稻刈る水深み,稲刈,秋
3424,遠村に稻刈る人の小さゝよ,稲刈,秋
3425,稻掛けて梢短き竝木かな,稲掛,秋
3426,稻掛けて家まばら也谷の底,稲掛,秋
3427,稻掛けて神南村の時雨哉,稲掛,秋
3428,稻舟に棹とり馴れぬ女かな,稲舟,秋
3429,稻舟や野菊の渚蓼の岸,稲舟,秋
3430,稻舟に棹取り馴れし女かな,稲舟,秋
3431,稻積んで車推し行く親子哉,稲車,秋
3432,稻つんで子供載せたる車哉,稲車,秋
3433,稻こくや街道狹き藁の束,稲扱,秋
3434,街道を尻に稻こく女かな,稲扱,秋
3435,問へど答へずひとり稻こく女かな,稲扱,秋
3436,藁積んで地藏わびしや道の端,稲扱,秋
3437,夕榮や稻こぐ嫁の赤き顔,稲扱,秋
3438,あぜ豆のつぎめは青し稻莚,稲筵,秋
3439,あぜ豆のつぎめは白し稻莚,稲筵,秋
3440,高低に螽とぶなり稻むしろ,稲筵,秋
3441,夜嵐のあとくぼみけり稻莚,稲筵,秋
3442,一條も九條も見えず稻莚,稲筵,秋
3443,稻莚朝日わつかに上りけり,稲筵,秋
3444,稻莚九條あたりは見えぬ也,稲筵,秋
3445,四國路や小山の底の稻莚,稲筵,秋
3446,はせ違ふ氣車のかけりや稻莚,稲筵,秋
3447,はせ違ふ氣車の行方や稻莚,稲筵,秋
3448,松山の城を載せたり稻莚,稲筵,秋
3449,雨雲の夕榮すなり稻莚,稲筵,秋
3450,稻莚國旗立てたる村見ゆる,稲筵,秋
3451,詩經には籾摺歌こそ入れたけれ,籾すり,秋
3452,道はたの籾すり臼や蓼老いぬ,籾すり,秋
3453,籾すりのすみし小村や猿まはし,籾すり,秋
3454,風吹て籾のほこりのゆがみけり,籾干,秋
3455,籾干すや鷄遊ぶ門の内,籾干,秋
3456,駒とめて何事問ふぞ毛見の人,毛見,春
3457,旅人をさびしからする鳴子哉,鳴子,秋
3458,西行の子とは思へず鳥おどし,鳴子,秋
3459,どこで引くとしらで廣がる鳴子哉,鳴子,秋
3460,一日は鳴子も引かず村まつり,鳴子,秋
3461,稻妻にひとゆりゆれる鳴子かな,鳴子,秋
3462,思ひ出し思ひ出しひく鳴子哉,鳴子,秋
3463,砧よりふしむつかしき鳴子哉,鳴子,秋
3464,こちで引けばあちでも引くや鳴子繩,鳴子,秋
3465,淋しさにうつむいて引く鳴子哉,鳴子,秋
3466,旅人を追かけてひく鳴子哉,鳴子,秋
3467,何げなく引けと鳴子のすさましき,鳴子,秋
3468,引板繩にふしを動かす夜明哉,鳴子,秋
3469,鳴子引晝から秋をなぶりけり,鳴子,秋
3470,引てから耳たてゝ聞く鳴子哉,鳴子,秋
3471,引けば引くものよ一日鳴子引,鳴子,秋
3472,引張て耳たてゝゐる鳴子哉,鳴子,秋
3473,ひとりゆれひとり驚く鳴子かな,鳴子,秋
3474,行秋や案山子にかゝる鳴子繩,鳴子,秋
3475,小山田に秋をひろげる鳴子哉,鳴子,秋
3476,風吹て山本遠き鳴子哉,鳴子,秋
3477,山里にひとりゆれたる鳴子哉,鳴子,秋
3478,夜に入りて音の遠のく鳴子哉,鳴子,秋
3479,餘り淋し鳥なと飛ばせ鳴子引,鳴子,秋
3480,あれよあれよ鳴子に鳥のとぶことよ,鳴子,秋
3481,親が子が妻が代りて鳴子哉,鳴子,秋
3482,五六間に鳴子盡きたる山田哉,鳴子,秋
3483,田は刈りぬ鳴子の縄のすぢかひに,鳴子,秋
3484,鳴ることは風にまかする鳴子哉,鳴子,秋
3485,わびて誰鳴子に鈴の音すなり,鳴子,秋
3486,鳴子画いて圍ひの外に鳥一羽,鳴子,秋
3487,鳴子さげて鷄さげて惡和尚行く,鳴子,秋
3488,鳴子なくて鳥飛びぬ敵隱れたり,鳴子,秋
3489,鳴子引いて旅人おどす思ひあり,鳴子,秋
3490,鳴子引晝飯くふて休みけり,鳴子,秋
3491,痩畑に鳴子引くこともなかりけり,鳴子,秋
3492,痩畑の鳴子引くこともなかりけり,鳴子,秋
3493,我戀は鳴子の繩のきれてけり,鳴子,秋
3494,粟の穂に倒れかゝりし鳴子哉,鳴子,秋
3495,粟の穂にもたれかゝりし鳴子哉,鳴子,秋
3496,僧の老の鳴子引く罪後世近し,鳴子,秋
3497,手こたへは繩のきれたる鳴子哉,鳴子,秋
3498,鳴子引く家陰の粟や三坪程,鳴子,秋
3499,鳴子引く僧の後生や臼の餓鬼,鳴子,秋
3500,ぬす人のふりかへりたる案山子哉,案山子,秋
3501,人をみなからすと思ふかゞし哉,案山子,秋
3502,くづれてはむかしにかへるかゝしかな,案山子,秋
3503,世の中の人や案山子の出來不出來,案山子,秋
3504,汝かゞしそもさんか秋の第一義,案山子,秋
3505,餘所のよりおのがつくつた案山子哉,案山子,秋
3506,をかしうに出來てかゞしの哀也,案山子,秋
3507,不器用に出來て案山子のあはれ也,案山子,秋
3508,秋風としらずにやせる案山子哉,案山子,秋
3509,案山子にも目鼻ありける浮世哉,案山子,秋
3510,缺徳利字山田の案山子哉,案山子,秋
3511,笠とれたあとはものうき案山子哉,案山子,秋
3512,笠とれば跡は物うき案山子哉,案山子,秋
3513,君が代は案山子に殘る弓矢哉,案山子,秋
3514,試みに案山子の口に笛入れん,案山子,秋
3515,淋しさにたへてうつむく案山子哉,案山子,秋
3516,菅笠のくさりて落ちしかゞし哉,案山子,秋
3517,世の中につれぬ案山子の弓矢哉,案山子,秋
3518,朝見れば笠落したる案山子哉,案山子,秋
3519,落武者を紛らしてやる案山子哉,案山子,秋
3520,風吹て狂ふに似たる案山子哉,案山子,秋
3521,風簑を吹て案山子入相を勇むかと,案山子,秋
3522,魂はふくべなりけり痩案山子,案山子,秋
3523,どちらから見てもうしろの案山子哉,案山子,秋
3524,山颪くるや案山子の片くづれ,案山子,秋
3525,山畑は笠に雲おく案山子哉,案山子,秋
3526,笠落ちて案山子仰むく姿あり,案山子,秋
3527,兀然ときりかぎ畑の案山子哉,案山子,秋
3528,血に染むやいくさのあとのこけ案山子,案山子,秋
3529,敵死して案山子の笠の血しほ哉,案山子,秋
3530,向きあふて何を二つの案山子哉,案山子,秋
3531,笠ぬげて手拭かぶる案山子哉,案山子,秋
3532,兼平の塚を案山子の矢先かな,案山子,秋
3533,草摺のちぎれて高き案山子哉,案山子,秋
3534,こしらへて案山子負ひ行く山路哉,案山子,秋
3535,どう見ても案山子に耳はなかりけり,案山子,秋
3536,人立つて鳥追舟の案山子哉,案山子,秋
3537,人に似て月夜の案山子あはれなり,案山子,秋
3538,男ばかりと見えて案山子の哀れ也,案山子,秋
3539,あるが中に最も愚なる案山子哉,案山子,秋
3540,大水を踏みこたえたるかゞし哉,案山子,秋
3541,案山子にも劣りし人の行へかな,案山子,秋
3542,こけもせでやつれ行く身の案山子哉,案山子,秋
3543,村會や背戸の案山子もまかり出よ,案山子,秋
3544,刈あとやひとり案山子の影法師,案山子,秋
3545,其中にもつとも愚なるかゝし哉,案山子,秋
3546,梺田の夕日に多き案山子哉,案山子,秋
3547,十年の狂態今に案山子哉,案山子,秋
3548,徳利の頬冠する案山子哉,案山子,秋
3549,其中に把栗の如き案山子かな,案山子,秋
3550,雀祝ひ鼠よろこぶや今年米,今年米,秋
3551,神を祝ふ小豆の飯や今年米,今年米,秋
3552,つみあげて庄屋ひれふす年貢哉,年貢納め,冬
3553,道々にこぼるゝ年のみつぎ哉,年貢納め,冬
3554,挽きをさめ牛も年貢の車哉,年貢納め,冬
3555,すつと拔きすつと細るや牛房引,牛蒡引く,秋
3556,浪人の力ためしや牛蒡引,牛蒡引く,秋
3557,牛蒡肥えて鎭守の祭近よりぬ,牛蒡引く,秋
3558,莨干す壁に西日のよわりかな,煙草干す,秋
3559,ほしわたやふし見る脊戸の一むしろ,棉摘,秋
3560,片隅を牛の蹴返す綿むしろ,棉摘,秋
3561,日あたりや棉も干し犬も寐る戸口,棉摘,秋
3562,日あたりや綿も干し猫も寐る戸口,棉摘,秋
3563,木棉取高雄の紅葉まだ早し,棉摘,秋
3564,大水のあとに取るべき綿もなし,棉摘,秋
3565,洪水のあとに取るべき棉もなし,棉摘,秋
3566,蘆刈や一里四方に木も見えず,芦刈,秋
3567,蘆刈や誰が行末の紺しぼり,芦刈,秋
3568,蘆刈や見廻すかきり雲の峰,芦刈,秋
3569,刈ル蘆やひきぬく蘆もまじりけり,芦刈,秋
3570,笠一ツ動いて行くや木賊刈,木賊刈る,秋
3571,子を負ふて木賊刈る里の女哉,木賊刈る,秋
3572,蓋とれば京の匂ひの柚味噌哉,柚味噌,冬
3573,鯛もなし柚味噌淋しき膳の上,柚味噌,冬
3574,江湖部屋に頭竝べる柚味噌哉,柚味噌,冬
3575,木守りの終に柚味噌とならん哉,柚味噌,冬
3576,客あり柚味噌探し得つ只一つ,柚味噌,冬
3577,こゝろみに柚味噌を製す居士二人,柚味噌,冬
3578,小僧既に柚味噌の底を叩きけり,柚味噌,冬
3579,昨夜星落ち今朝柚味噌到る,柚味噌,冬
3580,禪寺の柚味噌ねらふや白藏主,柚味噌,冬
3581,貧厨や柚味噌殘りて鼠鳴く,柚味噌,冬
3582,柚の玉味噌火焔を吐かんとす,柚味噌,冬
3583,柚の木兀として京極に柚味噌出づ,柚味噌,冬
3584,柚味噌買ふて愚庵がもとに茶を乞はん,柚味噌,冬
3585,柚味噌買ふて吉田の里に歸りけり,柚味噌,冬
3586,柚味噌盡きて更に梅干を愛す哉,柚味噌,冬
3587,柚味噌の蓋釜の蓋程に切り拔けり,柚味噌,冬
3588,老僧や手底に柚味噌の味噌を點す,柚味噌,冬
3589,我ねぶり彼なめる柚味噌一つ哉,柚味噌,冬
3590,われ病んで京の柚味噌の喰ひたかり,柚味噌,冬
3591,釜こげる柚子の上味噌つめたかり,柚味噌,冬
3592,禁酒して茶の道に入る柚味噌哉,柚味噌,冬
3593,小包の歪みし柚味噌とり出しぬ,柚味噌,冬
3594,尻焦けし柚味噌の釜や古疊,柚味噌,冬
3595,膳もなき疊の上の柚味噌哉,柚味噌,冬
3596,冷酒や柚味噌を炙る古火桶,柚味噌,冬
3597,碧梧桐の卷鮓虚子の柚味噌哉,柚味噌,冬
3598,堀盡す柚味噌の釜や焦くさき,柚味噌,冬
3599,柚味噌燒く雨の夕や菊百句,柚味噌,冬
3600,老禪師柚味噌の狂歌詠まれたり,柚味噌,冬
3601,露月黙し柚味噌つぶやく別かな,柚味噌,冬
3602,六句目にさし合のある柚味噌哉,柚味噌,冬
3603,草庵や柚味噌賣る店遠からず,柚味噌,冬
3604,俳諧の奈良茶茶の湯の柚味噌哉,柚味噌,冬
3605,我庵や柚味噌賣る店遠からず,柚味噌,冬
3606,藥堀に出てしか翁返り來す,薬掘る,冬
3607,藥堀に出てしか終に返り來す,薬掘る,冬
3608,椋の木に囮掛たり家の北,囮,春
3609,狩茸に山の名も添ふ籠のなか,茸狩,秋
3610,茸狩や友呼ぶこゑも秋の風,茸狩,秋
3611,茸狩や心細くも山のおく,茸狩,秋
3612,我聲の風になりけり茸狩,茸狩,秋
3613,茸狩女と知れし木玉哉,茸狩,秋
3614,茸狩や鳥啼て女淋しがる,茸狩,秋
3615,茸狩山淺くいくちばかりなり,茸狩,秋
3616,茸狩の池ある山にふみ込みぬ,茸狩,秋
3617,茸取つて大聲あぐる女かな,茸狩,秋
3618,茸狩に夕日さしけり森のひま,茸狩,秋
3619,茸狩のしやしやぶは兒のみやげ哉,茸狩,秋
3620,茸狩の靈芝取りてぞ歸りける,茸狩,秋
3621,茸狩やひとり離れて鳥の聲,茸狩,秋
3622,一むれは女ばかりの茸狩,茸狩,秋
3623,熊手持つ女案内す菌狩,茸狩,秋
3624,五六本竝ぶしめぢや氣のあせり,茸狩,秋
3625,茸狩の歸らんとする女かな,茸狩,秋
3626,茸狩や熊手持つ女案内にて,茸狩,秋
3627,紅茸の捨るに惜き籠の中,茸狩,秋
3628,汽車を下りる茸狩衆や稲荷山,茸狩,秋
3629,茱萸折て山を出づるや茸狩,茸狩,秋
3630,早稲刈て暇を得たり菌狩,茸狩,秋
3631,蕈狩や淺き山々女連,茸狩,秋
3632,水落ちて石痩せにけり崩れ梁,崩れ簗,秋
3633,雨ほろほろ小橋落ち簗崩れたり,崩れ簗,秋
3634,崩れ簗杭一本殘りけり,崩れ簗,秋
3635,浮樽や小嶋ものせて鰯引,鰯引く,冬
3636,鰯ひく數に加はるわらは哉,鰯引く,冬
3637,浮樽や小鳥ものせて鰯引,鰯引く,冬
3638,海原をちゞめよせたり鰯曳,鰯引く,冬
3639,網あけて鰯ちらばる濱邊哉,鰯引く,冬
3640,七浦の夕雲赤し鰯引,鰯引く,冬
3641,にぎやかに鰯引く也九十九里,鰯引く,冬
3642,警報を傳ふる村や鰯引,鰯引く,冬
3643,轉地する安房の濱地や鰯引,鰯引く,冬
3644,鈴蟲の中によるうつ砧かな,砧,秋
3645,月落ちて灯のあるかたや小夜砧,砧,秋
3646,菅笠にともしをかこふ砧の音,砧,秋
3647,哀れしれと門もとさゝぬ砧かな,砧,秋
3648,一村は家皆うごく砧哉,砧,秋
3649,砧うつ隣に寒きたひね哉,砧,秋
3650,乳のまぬ子は寐入けりさよきぬた,砧,秋
3651,二軒家は二軒とも打つ砧哉,砧,秋
3652,一つ家に泣聲まじる砧哉,砧,秋
3653,よくきけば我家にもうつ砧かな,砧,秋
3654,餘りうたば砧にくえんふじの雪,砧,秋
3655,かるく打つ砧の中のわらひ哉,砧,秋
3656,此頃は旅らしうなる砧かな,砧,秋
3657,二軒家ハ二軒家ともうつ砧哉,砧,秋
3658,一村は女や多き小夜碪,砧,秋
3659,牛馴れて梦驚かぬ砧哉,砧,秋
3660,大江戸や砧を聞かぬ人の数,砧,秋
3661,風吹いて鹿風やんで砧かな,砧,秋
3662,淋しさは裸男の砧かな,砧,秋
3663,三千の遊女に砧うたせばや,砧,秋
3664,寐た牛の鼻先にうつ砧哉,砧,秋
3665,年々に藏の傾く砧哉,砧,秋
3666,ふんどしになる白布を砧哉,砧,秋
3667,星ちるや多摩の里人砧打つ,砧,秋
3668,狼や梺にひくき小夜砧,砧,秋
3669,砧打てばほろほろと星のこぼれける,砧,秋
3670,船かけて明石の砧聞く夜かな,砧,秋
3671,市中や砧打ち絶えて何の聲,砧,秋
3672,市中や砧打ち絶えて夜の聲,砧,秋
3673,砧うつ五條あたりの伏家哉,砧,秋
3674,玉川や夜毎の月に砧打つ,砧,秋
3675,人遅し砧打たうよ更かさうよ,砧,秋
3676,舟に寐よ大津の砧三井の鐘,砧,秋
3677,夕月や砧聞ゆる城の内,砧,秋
3678,よめ入りて餘所の砧ぞ打ちにくき,砧,秋
3679,嵐吹く芒の中や砧打つ,砧,秋
3680,打ちやみつ打ちつ砧に恨あり,砧,秋
3681,遠方の子を思ひ思ひ衣打つ,砧,秋
3682,大家の内庭に打つ砧かな,砧,秋
3683,思ふこと砧に更けて人の影,砧,秋
3684,砧うつうつ月天心に上りけり,砧,秋
3685,狭莚に砧打ちけり庭の月,砧,秋
3686,五年目に歸れば妹が砧かな,砧,秋
3687,小博奕にまけて戻れば砧かな,砧,秋
3688,里の月砧打つべく夜はなりぬ,砧,秋
3689,里の月衣うつべく夜はなりぬ,砧,秋
3690,忍ぶれど砧の音にいでにけり,砧,秋
3691,説教に行かでやもめの砧かな,砧,秋
3692,出しぬけに砧打ち出す隣哉,砧,秋
3693,露ほろりほろり砧の拍子かな,砧,秋
3694,郎いまだ歸らずと打つ砧かな,砧,秋
3695,二處長者の内の砧かな,砧,秋
3696,嫁入の翌を思ひつゝ砧うつ,砧,秋
3697,鎌倉に砧うつ家もなかりけり,砧,秋
3698,貧交は秋の扇を參らせん,秋扇,秋
3699,忘れ物扇一本と停車場,忘れ扇,秋
3700,忘れたる扇返さん君がもと,忘れ扇,秋
3701,破れ扇小町かはてを見付たり,捨扇,秋
3702,破れ扇これも小町かなれのはて,捨扇,秋
3703,扇捨てゝ手を置く膝のものうさよ,捨扇,秋
3704,外にありや扇の骨の紋處,捨扇,秋
3705,二三本扇捨てあり塾の庭,捨扇,秋
3706,古扇物書き散らし捨てにけり,捨扇,秋
3707,議論とて秋の團扇を手の力,秋団扇,秋
3708,蚊を拂ふ團扇の風も秋の風,秋団扇,秋
3709,つくつくと秋の團扇をながめけり,秋団扇,秋
3710,絹團扇ソレサヘ秋トナリニケリ,秋団扇,秋
3711,捨團扇鳳と化しけり樽天王,捨団扇,秋
3712,捨團扇鳳となる夜の樽天皇,捨団扇,秋
3713,投げやればすねて落たる團哉,捨団扇,秋
3714,捨團扇遊女の顔のあはれなり,捨団扇,秋
3715,捨團扇肴の骨にまじりけり,捨団扇,秋
3716,捨てられて厠に落ちし團扇哉,捨団扇,秋
3717,捨てられて厠に古りし團扇哉,捨団扇,秋
3718,白頭の吟を書きけり捨團扇,捨団扇,秋
3719,我膝に一葉落ちたる團扇哉,捨団扇,秋
3720,掃溜に捨てずもかなの團扇哉,捨団扇,秋
3721,捨團扇捨てぬ團扇をしまひけり,捨団扇,秋
3722,捨て惜み古き團扇を收めけり,捨団扇,秋
3723,はき溜に三日の雨や捨團扇,捨団扇,秋
3724,裏店や貧乏見ゆる秋のとばり,秋の蚊帳,秋
3725,日三竿あるじが寐たる秋の蚊帳,秋の蚊帳,秋
3726,病人の息たえたえに秋の蚊帳,秋の蚊帳,秋
3727,筆モ墨モ溲瓶モ内ニ秋ノ蚊帳,秋の蚊帳,秋
3728,ふたぬいて月のかけくむ新酒哉,新酒,冬
3729,新酒かけて見ばや祇王の墓の上,新酒,冬
3730,船頭の風に吹かるゝ新酒哉,新酒,冬
3731,竹立てゝ新酒の風の匂ひかな,新酒,冬
3732,横波にゆさぶる船の新酒哉,新酒,冬
3733,新酒賣る家は小菊の莟かな,新酒,冬
3734,日の旗の杉葉に竝ぶ新酒哉,新酒,冬
3735,思ふこと新酒に醉ふてしまひけり,新酒,冬
3736,狐啼いて新酒の醉のさめにけり,新酒,冬
3737,君今來ん新酒の燗のわき上る,新酒,冬
3738,竹の風新酒の醉はさめにけり,新酒,冬
3739,竹の風新酒の醉を吹きにけり,新酒,冬
3740,二三匹馬繋ぎたる新酒かな,新酒,冬
3741,惡僧の評議をこらす新酒かな,新酒,冬
3742,うき人の新酒勸めついなみあへず,新酒,冬
3743,菊も咲きぬ新酒盗みに來ませ君,新酒,冬
3744,葬禮の崩れや新酒のむ月夜,新酒,冬
3745,更に一杯の新酒を盡せ路遠し,新酒,冬
3746,新酒あり馬鹿貝を得つ野の小店,新酒,冬
3747,新酒酌むは中山寺の僧どもか,新酒,冬
3748,新酒三盃天高く風髪を吹く,新酒,冬
3749,竹立てゝ門に新酒と記しけり,新酒,冬
3750,たまさかの君に新酒を參らせん,新酒,冬
3751,月高し新酒賣る家は猶一里,新酒,冬
3752,世のうさや新酒飲み習ふきのふけふ,新酒,冬
3753,居酒屋に新酒の友を得たりけり,新酒,冬
3754,我病で新酒の債をはたらるゝ,新酒,冬
3755,駕かきのすき腹に飲む新酒哉,新酒,冬
3756,駕に揺る新酒の醉や眠くなる,新酒,冬
3757,磊落は新酒を偸む事にあらず,新酒,冬
3758,馬叱る新酒の醉や頬冠,新酒,冬
3759,新酒や鳴雪翁の三オンス,新酒,冬
3760,新酒賣る亭主が虎の話哉,新酒,冬
3761,新酒賣る亭主の髯や水滸傳,新酒,冬
3762,小便して新酒の醉の醒め易き,新酒,冬
3763,馬鹿貝の名をなつかしみ新酒哉,新酒,冬
3764,嚊殿に盃さすや菊の酒,菊の酒,秋
3765,喝士殿に盃さすや菊の酒,菊の酒,秋
3766,升のみの酒の雫や菊の花,菊の酒,秋
3767,たまはるや大盃の菊の酒,菊の酒,秋
3768,雨の菊酒酌む門の馬もなし,菊の酒,秋
3769,記者會す天長節の菊の酒,菊の酒,秋
3770,お菊見や酒をたまはる供の者,菊の酒,秋
3771,屈原のはじめた名なり濁酒,濁酒,冬
3772,白菊の花でこさばや濁り酒,濁酒,冬
3773,此瓶に蓮や生ん濁り酒,濁酒,冬
3774,三日月のうつらで寒し濁酒,濁酒,冬
3775,濁り酒木蘭いくさより歸る,濁酒,冬
3776,鹿笛を覺えて鹿を鳴かせばや,鹿笛,秋
3777,鹿ふえの谷を隔つる月夜哉,鹿笛,秋
3778,猿は啼かで鹿笛の夜こそ淋しけれ,鹿笛,秋
3779,鹿笛や聞耳立つる月の鹿,鹿笛,秋
3780,鹿聞きに來て鹿笛を聞く夜哉,鹿笛,秋
3781,鹿鳴て又鹿笛を吹出しぬ,鹿笛,秋
3782,鹿笛に答へて鹿の遠音哉,鹿笛,秋
3783,鹿笛の吹やんで人あらはるゝ,鹿笛,秋
3784,鹿笛のやみけりやがて銃の音,鹿笛,秋
3785,鹿笛や岩にふり向く月の鹿,鹿笛,秋
3786,鹿笛や鹿あらはるゝ山の鼻,鹿笛,秋
3787,鹿笛や鹿走り行く葛の風,鹿笛,秋
3788,月いでゝ猶鹿笛の吹つのる,鹿笛,秋
3789,鹿笛や解珍解寶立ち別れ,鹿笛,秋
3790,山もとや鳩吹く聲消えて行,鳩吹く,春
3791,藪陰や鳩吹く人のあらはるゝ,鳩吹く,春
3792,鳩吹の貧しき里を通りけり,鳩吹く,春
3793,五十年鳩吹く老の子も持たず,鳩吹く,春
3794,子を連れて鳩吹過る小村哉,鳩吹く,春
3795,鳩飛んで鳩吹聲はやみにけり,鳩吹く,春
3796,鳩の飛ぶ方に鳩吹く聲遠し,鳩吹く,春
3797,鳩吹きつゝ信太の森に這入けり,鳩吹く,春
3798,鳩吹の過ぎ行里や八ッ下り,鳩吹く,春
3799,鳩吹のたくみも老いてしまひけり,鳩吹く,春
3800,鳩吹のだまつて通る嵐哉,鳩吹く,春
3801,鳩吹の一人に落つる夕日哉,鳩吹く,春
3802,鳩吹や寺領の畑の柿林,鳩吹く,春
3803,鳩吹をいさむる妻もなかりけり,鳩吹く,春
3804,鳩吹を叱る法師もなかりけり,鳩吹く,春
3805,鳩吹くや狐の宮のうしろ側,鳩吹く,春
3806,町を出てやがて鳩吹く聲す也,鳩吹く,春
3807,くらがりの天地にひゞく花火哉,花火,夏
3808,人の身は咲てすく散る花火哉,花火,夏
3809,星はおち月はくたくる花火哉,花火,夏
3810,星はきへ月はくたくる花火哉,花火,夏
3811,花火ちる四階五階のともし哉,花火,夏
3812,花火やむあとは露けき夜也けり,花火,夏
3813,梟や花火のあとの薄曇り,花火,夏
3814,ふじ見えて物うき晝の花火哉,花火,夏
3815,風吹てかたよる空の花火哉,花火,夏
3816,木の末に遠くの花火開きけり,花火,夏
3817,舟に寐て我にふりかゝる花火哉,花火,夏
3818,音もなし松の梢の遠花火,花火,夏
3819,城山の北にとゞろく花火かな,花火,夏
3820,人かへる花火のあとの暗さ哉,花火,夏
3821,晝見れば小旗立てたり花火舟,花火,夏
3822,道見えて闇上り行く花火哉,花火,夏
3823,夕花火虹の浮橋碎きけり,花火,夏
3824,月白や花火のあとの角田川,花火,夏
3825,晝の花火烟となつてしまひけり,花火,夏
3826,夕曇遠くの花火音もなし,花火,夏
3827,兩國の花火聞ゆる月夜かな,花火,夏
3828,兩國の花火見て居る上野哉,花火,夏
3829,枝川や花火にいそぐ館船,花火,夏
3830,落つかぬ晝の花火や人心,花火,夏
3831,風を圍ふ線香花火の端居哉,花火,夏
3832,淋しさや花火のあとを星の飛ぶ,花火,夏
3833,空高み嵐して花火消やすき,花火,夏
3834,恙なく玉になりしよ釣花火,花火,夏
3835,二三人花火線香に端居哉,花火,夏
3836,西風に火の流れたる花火哉,花火,夏
3837,花火して頭うごめく橋の上,花火,夏
3838,萬人の聲に散り落つ花火哉,花火,夏
3839,萬人の聲に散り來る花火哉,花火,夏
3840,物干や薄べり敷て花火見る,花火,夏
3841,夕飯や花火聞ゆる川開,花火,夏
3842,警察の舟も漕ぎ行く花火哉,花火,夏
3843,警察の舟も繋ぐや花火舟,花火,夏
3844,花火あげて開く間を心落付ず,花火,夏
3845,夕榮や晝の花火の打終り,花火,夏
3846,暮を待つ兄弟の子や釣花火,花火,夏
3847,後しざりしながら戻る月見哉,月見,秋
3848,あの枝をこの木をきれと月見哉,月見,秋
3849,網引の網引きながら月見哉,月見,秋
3850,犬つれて松原ありく月見哉,月見,秋
3851,芋を買ふ力もなくて月見哉,月見,秋
3852,いろいろの灯ともす舟の月見哉,月見,秋
3853,椽端や月に向いたる客あるじ,月見,秋
3854,大磯の町出はなれし月見哉,月見,秋
3855,厮から居待の月をながめけり,月見,秋
3856,北窓に眼やすめる月見哉,月見,秋
3857,雲のすきばかり見つむるこよひ哉,月見,秋
3858,新暦の十月五日月見哉,月見,秋
3859,沙濱に足くたびれる月見哉,月見,秋
3860,沙濱に人のあとふむ月見哉,月見,秋
3861,大名のかたゐに劣る月見哉,月見,秋
3862,月と酒敵も味方もなかりけり,月見,秋
3863,月見るや上野は江戸の比叡山,月見,秋
3864,月見んとふじに近よる一日つゝ,月見,秋
3865,にくらしや月見戻りの蛇の目傘,月見,秋
3866,庭へ出てごみ拾ひ行月見哉,月見,秋
3867,盗人の笠きて出たる月見哉,月見,秋
3868,寢ころんで椽に首出す月見哉,月見,秋
3869,花よめは男を隈の月見哉,月見,秋
3870,孕句に雲のかゝりし月見哉,月見,秋
3871,人もなし我ものにして月見哉,月見,秋
3872,干網に足をとらるゝ月見哉,月見,秋
3873,星數へ數へ月見の戻り哉,月見,秋
3874,松苗に行末ちぎる月見哉,月見,秋
3875,松原を出つ入りつして月見哉,月見,秋
3876,村人の市へ出でたる月見哉,月見,秋
3877,羊羹に隈ある下戸の月見哉,月見,秋
3878,我庵は人にあつけて月見哉,月見,秋
3879,色々と名をつけて秋の月見哉,月見,秋
3880,朱兀げて辨天堂の月見哉,月見,秋
3881,立琴に瀧こしらへて月見哉,月見,秋
3882,樋の口に鼠顔出す月見哉,月見,秋
3883,橋二つ三つ漕ぎ出でゝ月見哉,月見,秋
3884,ひつそりと三千坊の月見哉,月見,秋
3885,灯の渡る橋の長さや闇こよひ,月見,秋
3886,窓の向き厠を月見處かな,月見,秋
3887,月酒に醉ふ我はた月に醉ふて舞ふ,月見,秋
3888,あす知らぬ身を韓國の月見哉,月見,秋
3889,いろいろに坐り直す舟の月見哉,月見,秋
3890,馬追ふて芋畑歸る月見哉,月見,秋
3891,雲一つこよひの空の大事なり,月見,秋
3892,隨身の走りついたる月見哉,月見,秋
3893,大名のひとり月見る夜中哉,月見,秋
3894,月見るやきのふの花に出家して,月見,秋
3895,萬人の額あつむる月見哉,月見,秋
3896,あるが中に詩人痩せたり月の宴,月見,秋
3897,思ひ出の月見も過きて分れけり,月見,秋
3898,侍の朱鞘に出立つ月見哉,月見,秋
3899,彳むや月見て居れば水の音,月見,秋
3900,月見るや寺の二階の瓦頭口,月見,秋
3901,月見るや流さるゝ身の舟の中,月見,秋
3902,兎角して九年の月見友もなし,月見,秋
3903,方丈や月見の客の五六人,月見,秋
3904,兀山にさはるものなき月見哉,月見,秋
3905,兀山にものもさはらぬ月見哉,月見,秋
3906,舟に橋に物干に皆月見哉,月見,秋
3907,豆のあと畔道ありく月見哉,月見,秋
3908,めづらしや始めて見たる月の不二,月見,秋
3909,物干に大阪人の月見哉,月見,秋
3910,行燈の火を細くして月見哉,月見,秋
3911,高樓や月に酒酌み詩を吟ず,月見,秋
3912,崖上に月見る聲や五六人,月見,秋
3913,場末なり月見る空の邪魔もなし,月見,秋
3914,雨晴れて旅僧おこす月見哉,月見,秋
3915,重箱の芋ころげ落つ月見哉,月見,秋
3916,朝雲り觀月會の用意哉,月見,秋
3917,ある僧の月も待たずに歸りけり,月見,秋
3918,酒載せてたゝよふ舟の月見哉,月見,秋
3919,精進に月見る人の誠かな,月見,秋
3920,月曇る觀月會の終り哉,月見,秋
3921,盆に分けて栗は少し芋と豆,月見,秋
3922,稍醉ひし月の酒宴や握飯,月見,秋
3923,お寺より月見の芋をもらひけり,月見,秋
3924,小淋しき月見の宴や雨曇,月見,秋
3925,寺に待つ觀月會の車哉,月見,秋
3926,止みになる觀月會の手紙哉,月見,秋
3927,先生の草鞋も見たりもみぢ狩,紅葉狩,秋
3928,大小の朱鞘はいやし紅葉狩,紅葉狩,秋
3929,紅葉狩鬼すむ方を見つけたり,紅葉狩,秋
3930,岩またぎ岩くゞり紅葉見てありく,紅葉狩,秋
3931,紅葉折て腕たしかむる男哉,紅葉狩,秋
3932,紅葉折て夕日寒がる女哉,紅葉狩,秋
3933,紅葉見や異國の王子馬で來る,紅葉狩,秋
3934,むら雨や車をいそぐ紅葉狩,紅葉狩,秋
3935,騎馬一人從者五六人紅葉狩,紅葉狩,秋
3936,書生四五人紅葉さしたる帽子哉,紅葉狩,秋
3937,紅葉見の舟著けて居る三軒屋,紅葉狩,秋
3938,紅葉見や女載せたる駕の雨,紅葉狩,秋
3939,菊を見ず菊人形を見る人よ,菊細工,秋
3940,旗立てゝ菊人形の日和かな,菊細工,秋
3941,広告や菊人形の園開き,菊細工,秋
3942,雨になる天長節や菊細工,菊細工,秋
3943,大方は似顔なりけり菊細工,菊細工,秋
3944,崖に倚る菊人形の小屋高し,菊細工,秋
3945,傘さして菊細工見る小雨哉,菊細工,秋
3946,枯れ方になりて哀れや菊人形,菊細工,秋
3947,白菊を瀧につくりし細工哉,菊細工,秋
3948,千駄木の友訪ふ道や菊細工,菊細工,秋
3949,團洲の似顔愛づるや菊細工,菊細工,秋
3950,二軒見て通り過ぎけり菊細工,菊細工,秋
3951,墓參の歸りを行くや菊細工,菊細工,秋
3952,菊細工舞臺も枯れてしまひけり,菊細工,秋
3953,燒米や路通か袋重げなり,燒米,冬
3954,燒米や路通の袋重げ也,燒米,冬
3955,鹿聞て出あるく人も歸りけり,鹿,秋
3956,小男鹿の通ひ路狹し萩の風,鹿,秋
3957,宮島の神殿走る男鹿哉,鹿,秋
3958,曉や霧わけ出る鹿の角,鹿,秋
3959,岩角にのつほり立つや月の鹿,鹿,秋
3960,烏帽子きた禰宜のよびけり神の鹿,鹿,秋
3961,奥殿に鹿のまねする夕かな,鹿,秋
3962,押しあふて月に遊ぶや鹿ふたつ,鹿,秋
3963,親鹿の岩とびこえて鳴きにけり,鹿,秋
3964,神さびて鹿なく奈良の都哉,鹿,秋
3965,神に灯をあげて戻れば鹿の聲,鹿,秋
3966,刈稻にけつまづいてや鹿のこゑ,鹿,秋
3967,御殿場に鹿の驚く夜汽車哉,鹿,秋
3968,里の灯を見かけてなくや闇の鹿,鹿,秋
3969,小男鹿の首とゝきけり月の笠,鹿,秋
3970,小男鹿の尻聲きゆるあらし哉,鹿,秋
3971,棹鹿のなくなく山を登りけり,鹿,秋
3972,さを鹿のにげにげはねる紅葉哉,鹿,秋
3973,さを鹿の萩のりこゆる嵐かな,鹿,秋
3974,小男鹿の一よさ聲を盡しけり,鹿,秋
3975,さをしかの晝なく秋と成にけり,鹿,秋
3976,小男鹿の冨士よちかゝる月よ哉,鹿,秋
3977,鹿老て猿の聲にも似たる哉,鹿,秋
3978,鹿なくや闇に見すかす山のなり,鹿,秋
3979,鹿の影幽靈に似る夕哉,鹿,秋
3980,鹿のくびねぢけて細き月夜哉,鹿,秋
3981,鹿の首ねぢれて細き月夜哉,鹿,秋
3982,鹿の聲ある夜はぬれて細長し,鹿,秋
3983,鹿の聲川一筋のあなたかな,鹿,秋
3984,鹿の聲月夜になれは細りけり,鹿,秋
3985,鹿のこへとなりの山へかゝりけり,鹿,秋
3986,鹿の聲一夜一夜に秋深し,鹿,秋
3987,鹿の聲二ツにわれる嵐かな,鹿,秋
3988,鹿の尾のうしろを見れハ闇夜哉,鹿,秋
3989,鹿一ツひよとり越を下りけり,鹿,秋
3990,鹿二つ尻を重ぬる月夜哉,鹿,秋
3991,しとやかに鹿の角ゆく薄哉,鹿,秋
3992,神殿や鏡に向かふ鹿のふり,鹿,秋
3993,關の戸にへだてられてや鹿の聲,鹿,秋
3994,背戸へ來て鍋ふみかへす男鹿哉,鹿,秋
3995,その角を蔦にからめてなく鹿か,鹿,秋
3996,谷あひにはさまりて鳴く男鹿哉,鹿,秋
3997,谷の鹿こなたになければかなたにも,鹿,秋
3998,旅僧も淋しと申せ鹿のこゑ,鹿,秋
3999,月代や鹿のふしどハ松の影,鹿,秋
4000,月にふしつ仰きつ鹿の姿哉,鹿,秋
4001,月の鹿思ひ思ひの足場かな,鹿,秋
4002,月の鹿尾の上上に鳴きにけり,鹿,秋
4003,なきなきて近よる聲や鹿二ツ,鹿,秋
4004,啼に出ていよいよやせる男鹿哉,鹿,秋
4005,啼に出てよるよるやせる男鹿哉,鹿,秋
4006,鳴き別れ又鳴きよるや女夫鹿,鹿,秋
4007,奈良の鹿やせてことさら神々し,鹿,秋
4008,盜みぐひしてさへ鹿の痩せにけり,鹿,秋
4009,萩こほす留守の伏處や鹿の妻,鹿,秋
4010,萩に寐て月見あげたる男鹿哉,鹿,秋
4011,一ツ一ツなでゝ通るや神の鹿,鹿,秋
4012,吹きまくる萩に男鹿のふしど哉,鹿,秋
4013,ほつかりと月夜に黒し鹿の影,鹿,秋
4014,町へ來て紅葉ふるふや奈良の鹿,鹿,秋
4015,松に身をすつて鳴けり雨の鹿,鹿,秋
4016,みあかしをめぐりてなくや鹿の聲,鹿,秋
4017,三日月をすくひあげたり鹿の角,鹿,秋
4018,耳出して蒲團に鹿を聞く夜哉,鹿,秋
4019,宮嶋に汐やふむらん月の鹿,鹿,秋
4020,宮島は汐やふむらん月の鹿,鹿,秋
4021,宮嶋の神殿はしる小鹿かな,鹿,秋
4022,宮嶋や干汐にたてる月の鹿,鹿,秋
4023,雌鹿雄鹿尾の上をわけてなきにけり,鹿,秋
4024,物置に鹿のいねたる嵐かな,鹿,秋
4025,門へ來てひゝと鳴きけり奈良の鹿,鹿,秋
4026,山かけり谷かけり鹿の月に啼く,鹿,秋
4027,行く秋をすつくと鹿の立ちにけり,鹿,秋
4028,夕月や鹿のふしどは松のかげ,鹿,秋
4029,夕月や山の裏行く鹿の聲,鹿,秋
4030,爐にくべて紅葉を焚けば鹿の聲,鹿,秋
4031,牛歸るあとの山田や鹿の聲,鹿,秋
4032,柏手の木玉に迯る男鹿哉,鹿,秋
4033,風の中に一筋細し鹿の聲,鹿,秋
4034,風吹て春日の鹿の鳴く夜哉,鹿,秋
4035,風吹て鹿の音細き尾上かな,鹿,秋
4036,傾城はなれてよく寐る鹿の聲,鹿,秋
4037,けうとしや鹿のまねする馬の聲,鹿,秋
4038,小雨ふる夜明は遠し鹿の聲,鹿,秋
4039,鹿なくや尾上にかゝる天の川,鹿,秋
4040,鹿の秋牛の秋さへ悲しきを,鹿,秋
4041,新家の拾ふて來たり鹿の角,鹿,秋
4042,新田やこの頃さびて鹿の角,鹿,秋
4043,關守の戸をあけてやる男鹿哉,鹿,秋
4044,夕山の尾上ほのかに鹿一つ,鹿,秋
4045,石壇に鹿鳴く奈良の月夜哉,鹿,秋
4046,大杉の下に鹿立つ一つかな,鹿,秋
4047,小男鹿や上野にどこの秋を鳴く,鹿,秋
4048,捨舟や鹿の寐に來る薄月夜,鹿,秋
4049,奈良淋し犬に追はるゝ鹿の聲,鹿,秋
4050,人去て鹿鳴く山の湯壺哉,鹿,秋
4051,闇の鹿石につまづく聲すなり,鹿,秋
4052,梦に見て何處の秋を啼く鹿ぞ,鹿,秋
4053,有明や寐ぼけてしらむ鹿の顔,鹿,秋
4054,岩橋や月にうつむく鹿二つ,鹿,秋
4055,岩鼻や眞向に細き鹿の尻,鹿,秋
4056,春日野の女鹿呼ぶ夕かな,鹿,秋
4057,鹿聞て淋しき奈良の旅籠哉,鹿,秋
4058,鹿聞いて淋しき奈良の宿屋哉,鹿,秋
4059,鹿鳴くや小窓の外は薄月夜,鹿,秋
4060,鹿なくや小窓の外は藪月夜,鹿,秋
4061,鹿鳴くや杉の梢の二十日月,鹿,秋
4062,鹿も居らず樵夫下り來る手向山,鹿,秋
4063,煎餅をくふて鳴きけり神の鹿,鹿,秋
4064,月雲に隱れて悲し鹿の聲,鹿,秋
4065,ともし火や鹿鳴くあとの神の杜,鹿,秋
4066,奈良の宿悲しく鹿の鳴く夜哉,鹿,秋
4067,盜み喰ひしたまひけりや神の鹿,鹿,秋
4068,萩の上に寐ころびうつや鹿の腹,鹿,秋
4069,晝の鹿來るや人なき博奕宿,鹿,秋
4070,行く秋や眞向に細き鹿の尻,鹿,秋
4071,わりなしや妻追ひまはす晝の鹿,鹿,秋
4072,岩はなや月にうつむく鹿一つ,鹿,秋
4073,草花や寺無住にして鹿の糞,鹿,秋
4074,傾城の鹿呼ぶ奈良の夕淋し,鹿,秋
4075,鹿追ふてあとの淋しき夕かな,鹿,秋
4076,鹿二匹つるして獵師夜食す,鹿,秋
4077,鹿の聲鹿や見ゆると戸を明る,鹿,秋
4078,そぼぬれて雨の薄に鹿二つ,鹿,秋
4079,旅人や鹿追ひ上る春日山,鹿,秋
4080,旅人や鹿に餌をやる春日山,鹿,秋
4081,筒の音雄鹿は鳴かずなりにけり,鹿,秋
4082,豆腐屋の娘呼び出す神の鹿,鹿,秋
4083,二三匹鹿の立ちたる刈田かな,鹿,秋
4084,旅籠屋の厠に鹿を聞く夜哉,鹿,秋
4085,灯ともして宮を出づれば鹿の聲,鹿,秋
4086,洞穴や圓座人無く鹿白し,鹿,秋
4087,またくらに月上りけり一つ鹿,鹿,秋
4088,山の端や月さしのぼる鹿のまた,鹿,秋
4089,夕月や雄鹿群れ行く東大寺,鹿,秋
4090,浴堂の外に鹿鳴く興福寺,鹿,秋
4091,鹿を放ち向ふの森に鳴かせばや,鹿,秋
4092,二三匹鹿鳴く月の木の間哉,鹿,秋
4093,鹿聞きに來て鹿笛をあはれがる,鹿,秋
4094,鹿來る樂屋の外や薪能,鹿,秋
4095,春日野の宿屋を出るや鹿に逢ふ,鹿,秋
4096,鹿にやる菓子の殘りや紅葉茶屋,鹿,秋
4097,奈良に寐る絹の蒲團や鹿の聲,鹿,秋
4098,鹿を逐ふ夏野の夢路草茂る,鹿,秋
4099,トコロトコロ鹿ノ顔出ス茂リカナ,鹿,秋
4100,御殿場や猪死して五百年,猪,冬
4101,蛇穴に入りぬ萱原を恐るゝな,蛇穴に入る,秋
4102,穴にいそぐ小き蛇のをさな心,蛇穴に入る,秋
4103,石垣の穴に入らず蛇の這去りし,蛇穴に入る,秋
4104,洪水の來んとして蛇穴に入る,蛇穴に入る,秋
4105,五蛇穴に一蛇泣く夜の風悲し,蛇穴に入る,秋
4106,蛇穴に入らんとして物におぢ心,蛇穴に入る,秋
4107,蛇穴に入りけり菌生えにけり,蛇穴に入る,秋
4108,蛇穴に入りたるを覗く岡の蟹,蛇穴に入る,秋
4109,蛇穴に入る時曼珠沙花赤し,蛇穴に入る,秋
4110,蛇穴に入るや彼岸の鐘が鳴る,蛇穴に入る,秋
4111,蛇の入りし榎の穴を塞ぎけり,蛇穴に入る,秋
4112,蛇鵙に鳴き立てられて穴に入る,蛇穴に入る,秋
4113,稻の波かぶりて遊ぶ雀かな,稲雀,秋
4114,稻雀稻を追はれて唐秬へ,稲雀,秋
4115,嬉しさうに忙がしさうに稻雀,稲雀,秋
4116,むら雨やはつと崩るゝ稻雀,稲雀,秋
4117,稻雀案山子に射られ海に入,稲雀,秋
4118,つくつくと聞けば初鴨鳴て居る,初鴨,冬
4119,初雁や餘所の冷みの添て來る,初雁,秋
4120,初雁があれあれ山の向ふから,初雁,秋
4121,初雁の我を見かけていそぐ也,初雁,秋
4122,不二こえたくたびれ顔や隅田の雁,雁,秋
4123,夕榮や雁一つらの西の空,雁,秋
4124,山僧の笠から雁の渡りけり,雁,秋
4125,蒔繪なんぞ小窓の月に雁薄,雁,秋
4126,下し來る雁の中也笠いくつ,雁,秋
4127,雁いくつ一手は月を渡りけり,雁,秋
4128,雁こえた山は月夜と成にけり,雁,秋
4129,きのふ來てけふ來てあすや雁いくつ,雁,秋
4130,さわがしう鳴くや立つ雁下りる雁,雁,秋
4131,月の雁蘆ちる中へ下しけり,雁,秋
4132,闇の雁手のひら渡る峠かな,雁,秋
4133,風吹てくの字にまがる雁の棹,雁,秋
4134,堅田なり雁の居ぬ夜のおもしろや,雁,秋
4135,雁暮れて西湖明るし眞帆片帆,雁,秋
4136,雁啼て船の灯遠き入江哉,雁,秋
4137,雁のつら我家の上へ鳴いて來る,雁,秋
4138,旅烏雁にまじりてあはれなり,雁,秋
4139,旅烏雁にまじるも哀れなり,雁,秋
4140,月の出や皆首立てゝ小田の雁,雁,秋
4141,波ぎはや二度來た雁の二ならび,雁,秋
4142,やよ雁よどこまで往ても鳰の海,雁,秋
4143,大佛の御手を渡るか闇の雁,雁,秋
4144,船燒けて夕榮の雁亂れけり,雁,秋
4145,雨の雁ひとり屏風の月を見る,雁,秋
4146,雁鳴かぬ夜もなし船の旅十日,雁,秋
4147,雁の聲旅に聞かぬぞくちをしき,雁,秋
4148,雁もなし入江見おろす山の上,雁,秋
4149,月の雁をりをりさわぐ田面哉,雁,秋
4150,朝鮮へ渡るや雁と行きちかひ,雁,秋
4151,長橋を左に見てや落つる雁,雁,秋
4152,投げ出したやうに山から雁の竿,雁,秋
4153,飯櫃に雁の落ち來る堅田哉,雁,秋
4154,雁低く薄の上を渡りけり,雁,秋
4155,汽車道に雁低く飛ぶ月夜哉,雁,秋
4156,汽車道に低く雁飛ぶ月夜哉,雁,秋
4157,くたびれもせぬか番雁首立てゝ,雁,秋
4158,田の泥に雁の足跡凍りけり,雁,秋
4159,雁なくや巖に白き夜の波,雁,秋
4160,聞きやるや闇におし行く雁の聲,雁が音,秋
4161,むらむらと雁かねたまる小池哉,雁が音,秋
4162,雨をよぶ小田の雁金あはれ也,雁が音,秋
4163,行在は雨の漏りけり雁の聲,雁が音,秋
4164,鐵鉢の中へ落ちけり雁の聲,雁が音,秋
4165,三日月の下をわたるや雁の聲,雁が音,秋
4166,陸奥通ふ雨の夜氣車や雁の聲,雁が音,秋
4167,雁かねの家鴨にまじるあはれ也,雁が音,秋
4168,雁かねの腹に月さす夕かな,雁が音,秋
4169,書に倦みて饅頭燒けば雁の聲,雁が音,秋
4170,日本が見えてやいそぐ雁の聲,雁が音,秋
4171,雁の聲蓮盡く破れたり,雁が音,秋
4172,行水の首筋わたる雁の聲,雁が音,秋
4173,旅枕雁が鳴いても目がさめる,雁が音,秋
4174,妻や子や野營夢さめて雁の聲,雁が音,秋
4175,なかなかに猿聞きなれて雁の聲,雁が音,秋
4176,釵で行燈掻き立て雁の聲,雁が音,秋
4177,雨となりぬ雁聲昨夜低かりし,雁が音,秋
4178,打消えんとすれば雁鳴き雨來る,雁が音,秋
4179,雁かねや朝日にすくむ小田の水,雁が音,秋
4180,灯消えんとすれば雁鳴き雨來る,雁が音,秋
4181,駕早し根岸へ落る雁の聲,雁が音,秋
4182,縫物や灯をかきたつる雁の聲,雁が音,秋
4183,人を送りて歸るはしけや雁の聲,雁が音,秋
4184,庄屋殿の提灯遠し雁の聲,雁が音,秋
4185,鴫も來ず鴉を下りず雀堂,鴫,秋
4186,鴫黒く不二紫のゆふべ哉,鴫,秋
4187,鴫なくや笠きてやせた都人,鴫,秋
4188,淋しさを立ち行く鴫の夕哉,鴫,秋
4189,立てば淋し立たねば淋し澤の鴫,鴫,秋
4190,立てば淋し立たねば淋し鴫一つ,鴫,秋
4191,立てば鴫立たねば秋の夕かな,鴫,秋
4192,古沼や鴫立て三日の月低し,鴫,秋
4193,鴫立てあとにものなき入日哉,鴫,秋
4194,勅選に漏れてや鴫の猶淋し,鴫,秋
4195,獵師つれて鴫打ちに行く泊り掛,鴫,秋
4196,淋しさの三羽減りけり鴫の秋,鴫,秋
4197,むく鳥の聲聞きつけし林哉,椋鳥,冬
4198,歸りかけて又立ち戻る燕哉,帰燕,春
4199,燕や家をめぐりて暇ごひ,帰燕,春
4200,燕の歸りて淋し電信機,帰燕,春
4201,燕の歸ると見れば戻しけり,帰燕,春
4202,歸りしか燕門へ來ずなりぬ,帰燕,春
4203,鶯となりには見せてめ次郎かな,目白,冬
4204,草むらや目白だまつて飛びうつる,目白,冬
4205,木隱れて目白の覗く雀かな,目白,冬
4206,誰やらが口まねすれば目白鳴く,目白,冬
4207,眼白鳴く此里下りのお乳の人,目白,冬
4208,眼白鳴くと見れば垣の眼白籠,目白,冬
4209,沓の代はたられて百舌鳥の聲悲し,鵙,秋
4210,鵙啼て秋の日和を定めけり,鵙,秋
4211,鵙啼くや一番高い木のさきに,鵙,秋
4212,鵙啼くや灘をひかえた岡の松,鵙,秋
4213,鵙なくやふしを見下す松のさき,鵙,秋
4214,鵙ないて大根畑の日和哉,鵙,秋
4215,鵙なくや雜木の中の古社,鵙,秋
4216,鵙なくや夕日に歸る松葉掻き,鵙,秋
4217,稻刈れと鵙の促す日和かな,鵙,秋
4218,氣短に鵙啼き立つる日和哉,鵙,秋
4219,啼きながら鵙の尾をふる日和哉,鵙,秋
4220,鵙鳴て妙義赤城の日和かな,鵙,秋
4221,鵙鳴くや晩稻掛けたる大師道,鵙,秋
4222,鵙鳴くや十日の雨の晴際を,鵙,秋
4223,鵙鳴くや小藪の中の蕎麥畑,鵙,秋
4224,鵙鳴くや藪のうしろの蕎麥畠,鵙,秋
4225,雨の村暮れかけて鵙の声淋し,鵙,秋
4226,いそがしや誰が追はれて鵙の聲,鵙,秋
4227,馬士去つて鵙鳴いて土手の淋しさよ,鵙,秋
4228,鵙木に鳴けば雀和するや蔵の上,鵙,秋
4229,鵙鳴くや妻鎌を取つて戸を出づる,鵙,秋
4230,六尺の竹の梢や鵙の聲,鵙,秋
4231,演習の野中の杉や鵙の聲,鵙,秋
4232,木の末や落馬あざける鵙の聲,鵙,秋
4233,百舌鳴いて村會散す三時過,鵙,秋
4234,百舌鳴くや土手に棉荷の十四五駄,鵙,秋
4235,鵙の晝こほろぎの夜と分れけり,鵙,秋
4236,鵙鳴て北海の林檎到來す,鵙,秋
4237,百舌鳴くや蕣赤き花一つ,鵙,秋
4238,犬つれて狩に出る日や鵙の聲,鵙,秋
4239,稻掛けし榛の梢や鵙の聲,鵙,秋
4240,杉の木に鵙鳴きやんで夕燒す,鵙,秋
4241,鵙のやうな辯舌蟇のやうな顔,鵙,秋
4242,塒を出て餌につく鵙の囮哉,鵙,秋
4243,野に近き根岸の庭や鵙落し,鵙,秋
4244,鵲や橋杭になるふしの山,鵲,冬
4245,橋もなし鵲飛んでしまひけり,鵲,冬
4246,鵲の橋の一夜もうらやまし,鵲,冬
4247,鵲の橋に柱はなかりけり,鵲,冬
4248,一ツ家はこの道でなしなく鶉,鶉,冬
4249,一ツ家はすゝきにくれてなく鶉,鶉,冬
4250,粟の穂にふじはかくれて鶉啼く,鶉,冬
4251,あこあこと呼べど聲なし鳴く鶉,鶉,冬
4252,新田の曙はやき鶉かな,鶉,冬
4253,粟の穂に村はかくれて鶉啼く,鶉,冬
4254,鶉鳴いて提灯草に隱れ行く,鶉,冬
4255,末枯に晝の鶉のあはれなり,鶉,冬
4256,ちよろちよろと粟の穂がくれ行く鶉,鶉,冬
4257,鶉啼けば淋しきものに思ひけり,鶉,冬
4258,粟の穂に鶉かくれて見えずなりぬ,鶉,冬
4259,鶉取る人は歸りぬ鳴く鶉,鶉,冬
4260,片鶉交野の人家灯ともさず,鶉,冬
4261,向きあふて鳴くや鶉の籠二ツ,鶉,冬
4262,ぬかつけは鵯なくやどこてやら,鵯,冬
4263,鵯の二羽來て狹き砌かな,鵯,冬
4264,鵯の人をよぶやら山淋し,鵯,冬
4265,鵯や夜は子猿の叫ぶ枝,鵯,冬
4266,我なりを見かけて鵯のなくらしき,鵯,冬
4267,鵯の聲ばかり也箱根山,鵯,冬
4268,鵯や晝の朝顏花細し,鵯,冬
4269,鵯鳴いて杉の下道晝凄し,鵯,冬
4270,山は雲鵯鳴いて奥深し,鵯,冬
4271,御獵場やひよ鳥驕る蝶々と,鵯,冬
4272,町中に鵯群るゝ水木かな,鵯,冬
4273,雀ほど鶸鳴きたてゝ山淋し,鶸,冬
4274,追ひつめた鶺鴒見えず渓の景,鶺鴒,秋
4275,忘れたる笠の上なり石たゝき,鶺鴒,秋
4276,鶺鴒の糞して行くや石佛,鶺鴒,秋
4277,鶺鴒の飛び石づたひ來りけり,鶺鴒,秋
4278,鶺鴒の欄干はしる五條哉,鶺鴒,秋
4279,鶺鴒の尾にはねらるゝ蚯蚓哉,鶺鴒,秋
4280,鶺鴒や岩を凹める尾の力,鶺鴒,秋
4281,せき鴒や風にかまはぬ尾のひねり,鶺鴒,秋
4282,鶺鴒やこの笠たゝくことなかれ,鶺鴒,秋
4283,鶺鴒や三千丈の瀧の水,鶺鴒,秋
4284,鶺鴒や飛び失ふて殘る不盡,鶺鴒,秋
4285,鶺鴒や庭の小石をふみ返し,鶺鴒,秋
4286,鶺鴒や欄干はしる瀬田の橋,鶺鴒,秋
4287,鶺鴒よこの笠叩くことなかれ,鶺鴒,秋
4288,叩く尾のすりきれもせす石敲き,鶺鴒,秋
4289,飛ぶさまや尾につらさるゝ石叩き,鶺鴒,秋
4290,箱庭の山に上るや石たゝき,鶺鴒,秋
4291,箱庭の山へ上るや石たたき,鶺鴒,秋
4292,ひよいひよいと鶺鴒ありく岩ほ哉,鶺鴒,秋
4293,鶺鴒のあらはれそめて山けはし,鶺鴒,秋
4294,鶺鴒の見えそめてより山けはし,鶺鴒,秋
4295,鶺鴒や山と渓との幾十里,鶺鴒,秋
4296,鶺鴒や瀧をはねたる尾の力,鶺鴒,秋
4297,鶺鴒や叩き折つたる石の橋,鶺鴒,秋
4298,鶺鴒や水痩せて石あらはるゝ,鶺鴒,秋
4299,藪川や鶺鴒とまるごみの上,鶺鴒,秋
4300,鶺鴒や浪うちかけし岩の上,鶺鴒,秋
4301,淵靜かに鶺鴒の尾の動きけり,鶺鴒,秋
4302,瀧落ち岩尖る處鶺鴒飛ぶ,鶺鴒,秋
4303,鶺鴒や池の渚の芭蕉塚,鶺鴒,秋
4304,鶺鴒や池の汀の芭蕉塚,鶺鴒,秋
4305,啄木鳥のつゝき落すやせみのから,啄木鳥,冬
4306,木のうろに隱れうせけりけらつゝき,啄木鳥,冬
4307,啄木鳥の來て錦木を倒しけり,啄木鳥,冬
4308,啄木鳥や山しんとして晝の月,啄木鳥,冬
4309,秋の小鳥はらはらと枝に飛び移る,秋の鳥,秋
4310,秋の小鳥梟の目を笑ひけり,秋の鳥,秋
4311,色鳥の聲をそろへて渡るげな,色鳥,冬
4312,色鳥や頬の白きは頬白か,色鳥,冬
4313,鳥はらはらどれが頬赤やら目白やら,色鳥,冬
4314,鳥はらはらどれが目白やら頬赤やら,色鳥,冬
4315,色鳥や一むれ嶋へ分れ行く,色鳥,冬
4316,打ち得たる色鳥美也名を知らず,色鳥,冬
4317,朝鳥の來ればうれしき日和哉,朝鳥,春
4318,一つ一つ帆柱くれて渡り鳥,渡り鳥,秋
4319,一つづゝ帆柱暮れて渡り鳥,渡り鳥,秋
4320,軍艦の帆檣高し渡り鳥,渡り鳥,秋
4321,牛積んだ船の上より渡り鳥,渡り鳥,秋
4322,烏羽玉や夜半の嵐の渡り鳥,渡り鳥,秋
4323,崩れては返し寄せては渡り鳥,渡り鳥,秋
4324,今朝どこを立て夕日の渡り鳥,渡り鳥,秋
4325,爲朝の弭のさきや渡り鳥,渡り鳥,秋
4326,ひたすらにそなたと許り渡り鳥,渡り鳥,秋
4327,我畑の米くひに來よ渡り鳥,渡り鳥,秋
4328,草臥や我足遲き渡り鳥,渡り鳥,秋
4329,船の灯を目當に闇の渡り鳥,渡り鳥,秋
4330,渡りかけて鳥さわぐ海の響き哉,渡り鳥,秋
4331,小嶋から陸へ五町の渡り鳥,渡り鳥,秋
4332,小島から岡へ五町の渡り鳥,渡り鳥,秋
4333,旅僧やひとり四國へ渡り鳥,渡り鳥,秋
4334,旅人の馬こはがるや渡り鳥,渡り鳥,秋
4335,とりつくや日本の山へ渡り鳥,渡り鳥,秋
4336,晝凄し沖は嵐の渡り鳥,渡り鳥,秋
4337,むれ來るや小鳥は小鳥雁は雁,渡り鳥,秋
4338,大海や一かたまりの渡り鳥,渡り鳥,秋
4339,一むれは大島さして渡り鳥,渡り鳥,秋
4340,かぎりなり竿になる手やわたり鳥,渡り鳥,秋
4341,籠の虫皆啼きたつる小雨哉,虫,秋
4342,虫賣の月なき方へ歸りけり,虫,秋
4343,虫賣や北野の聲に嵯峨の聲,虫,秋
4344,松杉や晝の虫鳴く八重葎,虫,秋
4345,笠塚や晝の蟲鳴く石の下,虫,秋
4346,ある月夜ことごとく籠の虫を放つ,虫,秋
4347,籠の蟲鳴いて居るのを覗かばや,虫,秋
4348,籠の虫茄子の露を吸ひにけり,虫,秋
4349,傾城や格子にすがる籠の虫,虫,秋
4350,一つ買ふて歸れば淋し籠の虫,虫,秋
4351,人病んで籠の虫鳴く枕もと,虫,秋
4352,虫賣や虫かしましき市の月,虫,秋
4353,虫聞くべくこゝに亭あり岡の上,虫,秋
4354,湯戻りの小便するや蟲の中,虫,秋
4355,わりなしや鳴くものにして籠の虫,虫,秋
4356,富める人の蟲買ふて放つ植木鉢,虫,秋
4357,虫賣の虫賣と語る嵯峨の道,虫,秋
4358,虫賣の虫賣に逢ぬ嵯峨の道,虫,秋
4359,籠の虫の鳴かざるを庭に放ちけり,虫,秋
4360,庭の草に鳴かざる蟲を放ちけり,虫,秋
4361,サマヾヽノ蟲鳴ク夜トナリニケリ,虫,秋
4362,虫取る夜運座戻りの夜更など,虫,秋
4363,虫の音の上に床しく伏家哉,虫の声,秋
4364,蟲の音をふみわけて行く小道哉,虫の声,秋
4365,ともし火になじむ夜頃や虫の聲,虫の声,秋
4366,邯鄲につかれ忘れる枕かな,虫の声,秋
4367,仇し野や露吸ふ虫の聲三里,虫の声,秋
4368,横窓は嵯峨の月夜や蟲の聲,虫の声,秋
4369,新道やまだ人なれぬ蟲の聲,虫の声,秋
4370,虫賣りにゆられて虫の啼きにけり,虫の声,秋
4371,虫啼て籠から月をのぞきけり,虫の声,秋
4372,虫の鳴隅隅暗し石灯籠,虫の声,秋
4373,駕籠舁の喧嘩も過ぎて虫の聲,虫の声,秋
4374,旅人のいそぐ夜山や虫の聲,虫の声,秋
4375,婆々が茶屋夜は虫鳴く處哉,虫の声,秋
4376,虫の音や君を思へば土手八町,虫の声,秋
4377,蓬生はこのましき名よ虫の聲,虫の声,秋
4378,蓬生はこのもしき名よ虫の聲,虫の声,秋
4379,下宿屋の裏窗あかし虫の聲,虫の声,秋
4380,虫鳴くや木もなき闇の山一つ,虫の声,秋
4381,噛みまぜてあくび念佛蟲の聲,虫の声,秋
4382,行列の太皷過ぎけり蟲の声,虫の声,秋
4383,蟲鳴くや梅若寺の葭簀茶屋,虫の声,秋
4384,蟲鳴くや金堂の跡門の跡,虫の声,秋
4385,蟲鳴くや七堂伽藍何もなし,虫の声,秋
4386,蟲鳴くや花露草の晝の露,虫の声,秋
4387,蟲鳴くや闇におどろく地藏尊,虫の声,秋
4388,蟲の聲一番鷄の鳴きにけり,虫の声,秋
4389,旅に迷ふ心細さを虫の聲,虫の声,秋
4390,野の闇の渺茫として虫の聲,虫の声,秋
4391,萩が枝に蟲籠吊つて聞きにけり,虫の声,秋
4392,萩が根も芒かもとも虫の聲,虫の声,秋
4393,町荒れて家まばら也虫の聲,虫の声,秋
4394,蟲籠やこちらで鳴けばあちらでも,虫の声,秋
4395,虫鳴くや人少し野の停車場,虫の声,秋
4396,虫の名は知らず虫聞く男ども,虫の声,秋
4397,灯ともせば既に蟲なく夕哉,虫の声,秋
4398,窓の灯の草にうつりて虫の聲,虫の声,秋
4399,虫鳴や俳句分類の進む夜半,虫の声,秋
4400,くたびれし僧の鼾や蟲の聲,虫の声,秋
4401,竹垣の外は上野や虫の聲,虫の声,秋
4402,庭上にラムプを置くや蟲の聲,虫の声,秋
4403,更くる夜や川を隔つる虫の聲,虫の声,秋
4404,蟲鳴くや月出でゝ猶暗き庭,虫の声,秋
4405,虫の聲二度目の運坐始まりぬ,虫の声,秋
4406,ツクヾヽト我影見ルヤ虫の聲,虫の声,秋
4407,八石ノ拍子木鳴ルヤ虫ノ聲,虫の声,秋
4408,虫ノ聲滋シ歌ヨミナラバ歌ヨマン,虫の声,秋
4409,夜凉如水書燈ニ迫ル虫ノ聲,虫の声,秋
4410,夜嵐に黒木くつれていとゝかな,竈馬,秋
4411,夜嵐や黒木くづれて鳴くいとゞ,竈馬,秋
4412,灯ともすや竈馬飛びつく佛の眼,竈馬,秋
4413,筆の穗にいとど髭うつ寫し物,竈馬,秋
4414,轡蟲夜討も來べき夜なる哉,轡虫,秋
4415,轡虫夜討よすると覺えたり,轡虫,秋
4416,一夜一夜がちやがちや近くやかましく,轡虫,秋
4417,松虫や風呂暗らくして松の月,松虫,秋
4418,人は寐て籠の松虫啼きいでぬ,松虫,秋
4419,迯したる松虫なくや庭の草,松虫,秋
4420,松蟲ヤ露ニ濡レタル絹團扇,松虫,秋
4421,鈴蟲や露をのむこと日に五升,鈴虫,秋
4422,鈴虫や土手の向ふは相模灘,鈴虫,秋
4423,鈴虫や小川の流れちかちかと,鈴虫,秋
4424,よもすがら鈴虫近く波遠し,鈴虫,秋
4425,鈴虫の籠に燈籠の月夜哉,鈴虫,秋
4426,釜の湯は冷えて鈴蟲ちんちろり,鈴虫,秋
4427,鈴虫や風呂の灯消えて松の月,鈴虫,秋
4428,鈴虫や風呂場灯消えて松の月,鈴虫,秋
4429,鈴蟲よ鳴け籠の月籠の露,鈴虫,秋
4430,飼ひ置きし鈴虫死で庵淋し,鈴虫,秋
4431,山路の草間に眠るきりぎりす,蟋蟀,秋
4432,むさし野や月をふまへてきりきりす,蟋蟀,秋
4433,掛茶屋の灰はつめたしきりきりす,蟋蟀,秋
4434,下駄箱の奥になきけりきりきりす,蟋蟀,秋
4435,下駄箱の底になきけり蟋蟀,蟋蟀,秋
4436,こほろぎの蘆にとびつく襖かな,蟋蟀,秋
4437,こほろぎの頭にはねる伏家かな,蟋蟀,秋
4438,汐風にすがれて鳴くやきりきりす,蟋蟀,秋
4439,捨笠をうてばだまるやきりきりす,蟋蟀,秋
4440,露のちるたびになくなり蟋蟀,蟋蟀,秋
4441,我庵や蠧にまじはる蟋蟀,蟋蟀,秋
4442,曉や廚子を飛び出るきりきりす,蟋蟀,秋
4443,あかつきや御厨子とびでる蟋蟀,蟋蟀,秋
4444,刈りのこす草のあたりやきりきりす,蟋蟀,秋
4445,笊ふせて置けば晝鳴くきりきりす,蟋蟀,秋
4446,賤か家に露おく床やきりきりす,蟋蟀,秋
4447,旅人の草鞋すてたりきりきりす,蟋蟀,秋
4448,夜をこめて麥つく臼や蟋蟀,蟋蟀,秋
4449,夜をこめて麥つく音やきりきりす,蟋蟀,秋
4450,井戸堀の焚火のあとやきりきりす,蟋蟀,秋
4451,こほろぎや露なめて居る夜泣石,蟋蟀,秋
4452,山ぞひや帽子の椽にきりぎりす,蟋蟀,秋
4453,山ぞひや帽子の端にきりきりす,蟋蟀,秋
4454,馬の息とゞくあたりのきりきりす,蟋蟀,秋
4455,大寺の竃は冷えてきりきりす,蟋蟀,秋
4456,草刈つて枕に遠しきりきりす,蟋蟀,秋
4457,こほろぎや承塵の邊に聲す也,蟋蟀,秋
4458,晝鳴いて子に取られけりきりきりす,蟋蟀,秋
4459,吉原の太皷更けたりきりきりす,蟋蟀,秋
4460,こほろぎや蜩いまだ鳴きやまず,蟋蟀,秋
4461,惣門は錠のさゝれてきりきりす,蟋蟀,秋
4462,佛壇のともし火暗しきりきりす,蟋蟀,秋
4463,平作もおよねも寐たりきりきりす,蟋蟀,秋
4464,夕露や大砲冷えてきりきりす,蟋蟀,秋
4465,籠二つきりぎりす先鳴いでぬ,蟋蟀,秋
4466,こほろぎに宿かる蝶の旅寐哉,蟋蟀,秋
4467,こほろぎに宿かる蝶の夫婦哉,蟋蟀,秋
4468,こほろぎに宿かる旅の胡蝶哉,蟋蟀,秋
4469,こほろぎの佛壇の中に鳴出しぬ,蟋蟀,秋
4470,こほろぎや青物市のこぼれ菜に,蟋蟀,秋
4471,萩の月きりきりすやがて鳴出ぬ,蟋蟀,秋
4472,こほろぎや猫の寐て居る臺處,蟋蟀,秋
4473,いな子燒く香やこほろきの鳴止ぬ,蟋蟀,秋
4474,こほろぎや翌の大根を刻む音,蟋蟀,秋
4475,こほろぎや翌の大根を刻みけり,蟋蟀,秋
4476,こほろぎや犬を埋めし庭の隅,蟋蟀,秋
4477,こほろぎや隣へ移る壁の穴,蟋蟀,秋
4478,こほろぎや隣へくゝる壁の穴,蟋蟀,秋
4479,こほろぎや夜學の灯消して後,蟋蟀,秋
4480,消エントシテトモシ火青シキリヾヽス,蟋蟀,秋
4481,コホロギヤ物音絶エシ臺所,蟋蟀,秋
4482,夜更ケテ米トグ音ヤキリヾヽス,蟋蟀,秋
4483,馬追にラムプの低き葛家哉,馬追,秋
4484,馬追のこほろぎを追ふ聲すなり,馬追,秋
4485,馬追の長き髭ふるラムプ哉,馬追,秋
4486,馬追の我貧乏を鳴く夜哉,馬追,秋
4487,馬追や追ひ出だされて椽に鳴く,馬追,秋
4488,椽端に馬追啼くや西瓜の灯,馬追,秋
4489,月明り馬追鳴くや西の窓,馬追,秋
4490,狹莚に機織鳴けば足寒し,機織,秋
4491,釣鐘にとまりて鳴くや秋の蝉,秋の蝉,秋
4492,秋の蝉子にとらるゝもあはれ也,秋の蝉,秋
4493,此頃はまばらになりぬ秋の蝉,秋の蝉,秋
4494,秋の蝉朝日にきほふあはれなり,秋の蝉,秋
4495,啼きなから蟻にひかるゝ秋の蝉,秋の蝉,秋
4496,鳴くあとのやゝ淋しさや秋の蝉,秋の蝉,秋
4497,秋の蝉蜩にまぎれ鳴きにけり,秋の蝉,秋
4498,死にかけて猶やかましき秋の蝉,秋の蝉,秋
4499,泣き盡す我が玉の緒も秋の蝉,秋の蝉,秋
4500,泣盡せりわが玉の緒も秋の蝉,秋の蝉,秋
4501,蜩に鳴き勝たれけり秋の蝉,秋の蝉,秋
4502,一日一日思ひせまるか秋の蝉,秋の蝉,秋
4503,あながまや死ぞこなひの秋の蝉,秋の蝉,秋
4504,あながまや死でもよきに秋の蝉,秋の蝉,秋
4505,拔けんとして拔け得ず死る秋の蝉,秋の蝉,秋
4506,やかましきものニコライの鐘秋の蝉,秋の蝉,秋
4507,九月蝉椎伐ラバヤト思フカナ,秋の蝉,秋
4508,病牀ノウメキニ和シテ秋の蝉,秋の蝉,秋
4509,庭に椎の樹ありつくつくぼうし鳴く,法師蝉,夏
4510,大聲につくつくほうしと鳴て居る,法師蝉,夏
4511,家ヲ遶リテツクヽヽボーシ樫林,法師蝉,夏
4512,ツクヽヽボーシ明日無キヤウニ鳴キニケリ,法師蝉,夏
4513,ツクヽヽボーシ雨ノ日和ノキラヒナシ,法師蝉,夏
4514,ツクヽヽボーシツクヽヽボーシバカリナリ,法師蝉,夏
4515,夕飯ヤツクヽヽボーシヤカマシキ,法師蝉,夏
4516,友をまつ虫たゞ日ぐらしの蝉のこゑ,蜩,夏
4517,蜩や椎の實ひろふ日は長き,蜩,夏
4518,蜩や背戸から覗く婆の顔,蜩,夏
4519,蜩や隣もねむき絲車,蜩,夏
4520,蜩に一すぢ長き夕日かな,蜩,夏
4521,蜩の松は月夜となりにけり,蜩,夏
4522,蜩や金箱荷ふ人の息,蜩,夏
4523,蜩や一日一日をなきへらす,蜩,夏
4524,蝉の聲あつし蜩やゝ涼し,蜩,夏
4525,蝉蜩其中下す小舟かな,蜩,夏
4526,蜩の二十五年もむかし哉,蜩,夏
4527,蜩やお堀の松に人もなし,蜩,夏
4528,蜩や乘あひ舟のかしましき,蜩,夏
4529,蜩や宮しんとして人もなし,蜩,夏
4530,蜩や飯くふ窓に樫の影,蜩,夏
4531,蜩や森は夕日の古やしろ,蜩,夏
4532,蜩や夕日の坐敷十の影,蜩,夏
4533,蜩や夕日の里は見えながら,蜩,夏
4534,奥の院見えて蜩十八町,蜩,夏
4535,蜩の茶屋靜かなり杉の中,蜩,夏
4536,蜩の茶屋靜かなる木の間かな,蜩,夏
4537,蜩や動物園の垣ひろし,蜩,夏
4538,蜩の聲の尻より三日の月,蜩,夏
4539,蝉の鳴いて机の日影かな,蜩,夏
4540,蜩や夕日の窓に樫の影,蜩,夏
4541,蜩や上野の茶店灯ともる,蜩,夏
4542,書に倦むや蜩鳴て飯遲し,蜩,夏
4543,蜩や几を壓す椎の影,蜩,夏
4544,蜩や柩を埋む五六人,蜩,夏
4545,雨晴れて山は蜩夕榮す,蜩,夏
4546,蜩に翌の米とぐ伏屋哉,蜩,夏
4547,蜩に翌の米なき伏屋哉,蜩,夏
4548,蜩や尼こゝに住む二十年,蜩,夏
4549,蜩や神鳴晴れて又夕日,蜩,夏
4550,蜩や木曾塚こゝに杉木立,蜩,夏
4551,蜩や小説を書く田舍住,蜩,夏
4552,蜩や疊に上る夕日影,蜩,夏
4553,蜩や竝松盡きて町に入る,蜩,夏
4554,蜩や旅籠もすなる一軒家,蜩,夏
4555,蜩や谷中を出づる墓參,蜩,夏
4556,夕榮や蜩多き岡の松,蜩,夏
4557,殘る蚊や飄々として飛んで來る,残る蚊,秋
4558,秋の蚊や疊にそふて低く飛ふ,秋の蚊,秋
4559,秋の蚊や疊の上を低く飛ふ,秋の蚊,秋
4560,哀れにも來て秋の蚊のころさるゝ,秋の蚊,秋
4561,哀れにも來てころさるゝ秋の蚊の,秋の蚊,秋
4562,秋の蚊や親にもらふた血をわけん,秋の蚊,秋
4563,秋の蚊を追へどたわいもなかりけり,秋の蚊,秋
4564,秋の蚊に病む身さゝるゝ山路かな,秋の蚊,秋
4565,壁の笠とれは秋の蚊あらはるゝ,秋の蚊,秋
4566,壁の笠とるや秋の蚊あらはるる,秋の蚊,秋
4567,秋の蚊の聲ばかりするあはれ也,秋の蚊,秋
4568,秋の蚊や死ぬる覺期でわれを刺す,秋の蚊,秋
4569,待つ戀を又秋の蚊にさゝれけり,秋の蚊,秋
4570,秋の蚊とあなどれば群れて我をさす,秋の蚊,秋
4571,秋の蚊の人見て出づる箱根山,秋の蚊,秋
4572,秋の蚊や人見て出るよ卵塔場,秋の蚊,秋
4573,秋の蚊の泣聲細し古そとば,秋の蚊,秋
4574,秋の蚊の人見て出づる上り阪,秋の蚊,秋
4575,秋の蚊の人見て出るよ卵塔場,秋の蚊,秋
4576,秋の蚊や人見て出づる上り阪,秋の蚊,秋
4577,秋の蚊やともし火暗き棺の前,秋の蚊,秋
4578,一夜二夜秋の蚊居らずなりにけり,秋の蚊,秋
4579,秋の蚊の大粒なるが殘りけり,秋の蚊,秋
4580,秋の蚊や墓場に近き寺の庫裏,秋の蚊,秋
4581,秋の蚊や秋海棠を鳴いて出る,秋の蚊,秋
4582,秋の蚊や玉の御膚刺しに來る,秋の蚊,秋
4583,秋の蚊の源左衞門と名乘りけり,秋の蚊,秋
4584,秋の蚊のよろよろと來て人を刺す,秋の蚊,秋
4585,病室に蚊帳の寒さや蚊の名殘,秋の蚊,秋
4586,痩臑ニ秋ノ蚊トマル憎キカナ,秋の蚊,秋
4587,追かけた人にとまるや秋の蝶,秋の蝶,秋
4588,枯れ草にすれすれ飛ぶや秋の蝶,秋の蝶,秋
4589,魂祭ふわふわと來る秋の蝶,秋の蝶,秋
4590,すかりてはへちまにゆれる秋の蝶,秋の蝶,秋
4591,秋に來て石臼頼む胡蝶かな,秋の蝶,秋
4592,秋の蝶動物園をたどりけり,秋の蝶,秋
4593,秋の蝶長柄の傘にとまりけり,秋の蝶,秋
4594,秋の蝶長柄の傘に宿りけり,秋の蝶,秋
4595,馬糞にわりなき秋のこてふ哉,秋の蝶,秋
4596,情なう色のさめたり秋の蝶,秋の蝶,秋
4597,情なく色のさめけり秋の蝶,秋の蝶,秋
4598,秋の蝶祗王の袖にかくれけり,秋の蝶,秋
4599,淋しさや杉の木立ちの秋の蝶,秋の蝶,秋
4600,炭竈をめぐりて秋の胡蝶哉,秋の蝶,秋
4601,秋の蝶物喰はで何を生きて居る,秋の蝶,秋
4602,秋の蝶羽小さくもなりにけり,秋の蝶,秋
4603,命なり小夜の中山秋の蝶,秋の蝶,秋
4604,馬糞に息つく秋の胡蝶哉,秋の蝶,秋
4605,何事の心いそぎぞ秋の蝶,秋の蝶,秋
4606,塵塚や扇の骨に秋の蝶,秋の蝶,秋
4607,身のはてや蟻の餌食の秋の蝶,秋の蝶,秋
4608,身のはてを蟻にくはるゝ秋の蝶,秋の蝶,秋
4609,毛虫にもなれぬ妄執か秋の蝶,秋の蝶,秋
4610,毛蟲にもなれぬ妄執や秋の蝶,秋の蝶,秋
4611,毛蟲にもなれぬ夫婦や秋の蝶,秋の蝶,秋
4612,辻君のたもとに秋の螢かな,秋の螢,秋
4613,枯れ柴にくひ入る秋の螢かな,秋の螢,秋
4614,消えもせでかなしき秋の螢かな,秋の螢,秋
4615,附木手に燃えつきて秋の螢飛ぶ,秋の螢,秋
4616,日にむけたぢゝの背中や秋の蠅,秋の蠅,秋
4617,日にさらす人の背中や秋の蠅,秋の蠅,秋
4618,わびしげに臑をねぶるや秋の蠅,秋の蠅,秋
4619,笠について一里は來たり秋の蠅,秋の蠅,秋
4620,飯粒を探りあてたり秋の蠅,秋の蠅,秋
4621,秋の蠅叩かれやすく成にけり,秋の蠅,秋
4622,秋の蠅二尺のうちを立ち去らず,秋の蠅,秋
4623,秋の蠅拂子の髭にとまりけり,秋の蠅,秋
4624,はたごやにわれをなぶるか秋の蠅,秋の蠅,秋
4625,秋もはや象なぶるべき蠅もなし,秋の蠅,秋
4626,馬糞をはなれて石に秋の蠅,秋の蠅,秋
4627,秋の蠅叩いて見れば叩かるゝ,秋の蠅,秋
4628,人もなし駄菓子の上の秋の蠅,秋の蠅,秋
4629,お供物に群れたる秋の蠅鈍し,秋の蠅,秋
4630,秋の蠅秋の蚊よりも猶憎し,秋の蠅,秋
4631,瀬戸船や晝餉にたかる秋の蠅,秋の蠅,秋
4632,打捨し辨當のからや秋の蠅,秋の蠅,秋
4633,秋ノ蠅追ヘバマタ來ル叩ケバ死ヌ,秋の蠅,秋
4634,秋ノ蠅殺セドモ猶盡キヌカナ,秋の蠅,秋
4635,秋ノ蠅叩キ殺セト命ジケリ,秋の蠅,秋
4636,秋ノ蠅蠅タヽキ皆破レタリ,秋の蠅,秋
4637,濕氣多ク汗バム日ナリ秋ノ蠅,秋の蠅,秋
4638,病室ヤ窓アタゝカニ秋ノ蠅,秋の蠅,秋
4639,蓑虫の首ちゞめたる嵐哉,蓑虫,秋
4640,蓑虫の其父母よりも鳴くなめり,蓑虫,秋
4641,蓑虫の妹戀しとは鳴かぬ也,蓑虫鳴く,秋
4642,蓑虫の金戀しとは鳴くなめり,蓑虫鳴く,秋
4643,蓑虫の闇とも知らで啼きにけり,蓑虫鳴く,秋
4644,蓑蟲やひとり常夜の闇を鳴く,蓑虫鳴く,秋
4645,蓑蟲のなくや芭蕉の塚の木に,蓑虫鳴く,秋
4646,蓑虫ノ鳴ク時蕃椒赤シ,蓑虫鳴く,秋
4647,芋虫や女をおどす惡太郎,芋虫,夏
4648,西日さす地藏の笠に蜻蛉哉,蜻蛉,秋
4649,蜻蛉や花なき枝を飛めぐり,蜻蛉,秋
4650,蜻蛉やりゝととまつてついと行,蜻蛉,秋
4651,砂濱にとまるものなし赤蜻蛉,蜻蛉,秋
4652,旅人の笠追へけり赤蜻蜒,蜻蛉,秋
4653,蜻蛉の中ゆく旅の小笠哉,蜻蛉,秋
4654,耳なくてにげるやんまの悟り哉,蜻蛉,秋
4655,牛若の扇は赤きとんほ哉,蜻蛉,秋
4656,草枕我膝にくる蜻蛉哉,蜻蛉,秋
4657,蜻蜒のうつる西日や竹格子,蜻蛉,秋
4658,蜻蜒や追ひつきかぬる下り船,蜻蛉,秋
4659,蜻蜒を相手に上る峠かな,蜻蛉,秋
4660,赤蜻蛉筑波に雲もなかりけり,蜻蛉,秋
4661,石橋の石に喰ひつく蜻蜒哉,蜻蛉,秋
4662,蜻蛉の影せつろしや顔の上,蜻蛉,秋
4663,蜻蛉の勢を揃ゆる夕日哉,蜻蛉,秋
4664,蜻蛉の眠られもせぬ眼玉かな,蜻蛉,秋
4665,蜻蛉群るゝ地藏の辻の夕日哉,蜻蛉,秋
4666,兀山にそふて夕日の蜻蛉哉,蜻蛉,秋
4667,噴水につばへて遊ぶ蜻蜒かな,蜻蛉,秋
4668,堀割を四角に返す蜻蛉哉,蜻蛉,秋
4669,赤蜻蛉地藏の顔の夕日哉,蜻蛉,秋
4670,赤蜻蜒飛ぶや平家のちりぢりに,蜻蛉,秋
4671,動かずに早瀬の上の蜻蜒かな,蜻蛉,秋
4672,蜻蛉の海をかゝえる西日かな,蜻蛉,秋
4673,蜻蛉の御寺見おろす日和哉,蜻蛉,秋
4674,蜻蛉の御幸寺見下す日和哉,蜻蛉,秋
4675,蜻蛉や何をわすれてもとの杭,蜻蛉,秋
4676,線香の烟に向ふ蜻蛉かな,蜻蛉,秋
4677,赤蜻蛉鳥毛の槍の通りけり,蜻蛉,秋
4678,絲つけてふりまはさるゝ蜻蛉哉,蜻蛉,秋
4679,五郎櫃を追ひかけて行く蜻蛉哉,蜻蛉,秋
4680,竹竿のさきに夕日の蜻蛉かな,蜻蛉,秋
4681,溜池に蜻蛉集まる夕日哉,蜻蛉,秋
4682,蜻蛉の羽にかゝやく夕日かな,蜻蛉,秋
4683,晝の雲消え去つて蜻蛉蚊の如し,蜻蛉,秋
4684,赤蜻蛉運動會の日となりぬ,蜻蛉,秋
4685,いつ見ても蜻蛉一つ竹の先,蜻蛉,秋
4686,蜻蛉の群れて河越す夕日かな,蜻蛉,秋
4687,年五十蜻蛉つりしことを思ふ哉,蜻蛉,秋
4688,とまらんとす蜻蛉に動く芒哉,蜻蛉,秋
4689,蜻蜒の蜻蛉にとまる水の上,蜻蛉,秋
4690,干柿に蜻蛉飛行く西日かな,蜻蛉,秋
4691,蘆の葉の蜻蛉風無し蟹の泡,蜻蛉,秋
4692,演習に人群るゝ岡や赤蜻蛉,蜻蛉,秋
4693,土べたにくひついて居る蜻蛉哉,蜻蛉,秋
4694,蜻蜒のとまり直して夕日哉,蜻蛉,秋
4695,蜻蛉の外は動かず沼の草,蜻蛉,秋
4696,蜻蛉の外は動かず沼の晝,蜻蛉,秋
4697,番兵にとまらんとする蜻蜒哉,蜻蛉,秋
4698,水草や蜻蛉とまる秋の花,蜻蛉,秋
4699,醉兵士蜻蜒釣る子を叱りけり,蜻蛉,秋
4700,團十郎の眼玉蜻蛉の眼玉かな,蜻蛉,秋
4701,蜻蛉や日本一の大眼玉,蜻蛉,秋
4702,飛付て螽を落す蛙哉,蝗,秋
4703,あぜ道や稻をおこせば螽飛ぶ,蝗,秋
4704,菅笠に螽わけゆく野路哉,蝗,秋
4705,稻刈りて水に飛びこむ螽かな,蝗,秋
4706,蛙迯げ螽飛ぶ野の小道哉,蝗,秋
4707,刈株に螽老い行く日數かな,蝗,秋
4708,飛びかけし螽押ゆる嵐かな,蝗,秋
4709,はらはらと螽飛ぶ野の日和哉,蝗,秋
4710,低く飛ぶ畔の螽や日の弱り,蝗,秋
4711,餘所の田へ螽のうつる日和哉,蝗,秋
4712,我袖に來てはね返る螽かな,蝗,秋
4713,飛びはせで川に落ちたる螽かな,蝗,秋
4714,はらはらと汽車に驚く螽かな,蝗,秋
4715,稻刈りてにぶくなりたる螽かな,蝗,秋
4716,稻刈るや螽飛び込む野の茶店,蝗,秋
4717,螳螂のおどしてまはる螽かな,蝗,秋
4718,燒鮎に賣れ殘りたる螽哉,蝗,秋
4719,螽取る人に飛びつく螽哉,蝗,秋
4720,螽焼く爺の話や嘘だらけ,蝗,秋
4721,稻舟に游ぎついたる螽かな,蝗,秋
4722,くたびれて歸る野道や螽踏む,蝗,秋
4723,問ふて曰く稻の稻子の鳴くや否や,蝗,秋
4724,一つつかむ手に猶攫む螽哉,蝗,秋
4725,蟷螂の風にはむかふきをひ哉,蟷螂,秋
4726,秋風や蟷螂肥て蝶細し,蟷螂,秋
4727,稻妻やかまきり何をとらんとす,蟷螂,秋
4728,かきよせて又蟷螂の草移り,蟷螂,秋
4729,蟷螂の切籠にかゝる夕かな,蟷螂,秋
4730,かまきりのはひ渡る也鍋のつる,蟷螂,秋
4731,かまきりの引きゆがめたる庵哉,蟷螂,秋
4732,かまきりのゆらゆら上る芒哉,蟷螂,秋
4733,蟷螂の斧ほのほのと三日の月,蟷螂,秋
4734,蟷螂は叶はぬ戀の狂亂か,蟷螂,秋
4735,かまきりは聲にも出さぬ思ひ哉,蟷螂,秋
4736,螳螂も刀豆の實にくみつくか,蟷螂,秋
4737,蟷螂や西瓜の甲かゝんとす,蟷螂,秋
4738,石塔に誰れが遺恨のかまきりぞ,蟷螂,秋
4739,螳螂の露ひきこぼす葉末哉,蟷螂,秋
4740,螳螂の石を枕にはてにける,蟷螂,秋
4741,螳螂の身は痩せながら何恨む,蟷螂,秋
4742,きほへども身は蟷螂の痩腕,蟷螂,秋
4743,いくさありと鎌切急ぐ嵐かな,蟷螂,秋
4744,いちさきに螳螂逃げる嵐かな,蟷螂,秋
4745,蟷螂落ち蜈蚣這ひ上る縁の上,蟷螂,秋
4746,蟷螂に石うつて去る野路かな,蟷螂,秋
4747,螳螂にしばしば出逢ふ小道哉,蟷螂,秋
4748,蟷螂の枳殻の中に逢着す,蟷螂,秋
4749,螳螂のすぐに鎌振る卑怯哉,蟷螂,秋
4750,蟷螂の取逃したる螽哉,蟷螂,秋
4751,蟷螂の這登りたる城の壁,蟷螂,秋
4752,螳螂の人に向かふぞあはれなる,蟷螂,秋
4753,螳螂の不覺を取りし最期哉,蟷螂,秋
4754,蟷螂のほむらさめたる芙蓉かな,蟷螂,秋
4755,螳螂や油取らるゝ身の終り,蟷螂,秋
4756,螳螂や蟹のいくさにも參りあはず,蟷螂,秋
4757,螳螂や鐘の龍頭に手をかける,蟷螂,秋
4758,螳螂や二つ向きあふ石の上,蟷螂,秋
4759,桐落ちて螳螂多き小庭かな,蟷螂,秋
4760,執念や鎌切踏めば腹の蟲,蟷螂,秋
4761,城跡やばつた蟷螂なんど飛,蟷螂,秋
4762,日蝕して蟷螂蝉を捕んとす,蟷螂,秋
4763,螳螂や蟹の味方にも參りあはず,蟷螂,秋
4764,蚯蚓鳴けば蓑虫もなく夕哉,蚯蚓鳴く,秋
4765,名劍の土に埋れて蚯蚓なく,蚯蚓鳴く,秋
4766,名劍は土に埋れて蚯蚓鳴く,蚯蚓鳴く,秋
4767,夕闇に蚯蚓鳴きけり流元,蚯蚓鳴く,秋
4768,童子呼べば答なし只蚯蚓鳴く,蚯蚓鳴く,秋
4769,茶坊主の鼾の下や蚯蚓鳴く,蚯蚓鳴く,秋
4770,眞夜中や蚯蚓の聲の風になる,蚯蚓鳴く,秋
4771,手洗へば蚯蚓鳴きやむ手水鉢,蚯蚓鳴く,秋
4772,蚯蚓鳴く第四の絃に恨あり,蚯蚓鳴く,秋
4773,蚯蚓鳴くとそれはおけらの一種也,蚯蚓鳴く,秋
4774,蚯蚓鳴くや土の達磨はもとの土,蚯蚓鳴く,秋
4775,蛙鳴蝉噪彼モ一時ト蚯蚓鳴ク,蚯蚓鳴く,秋
4776,秋の蜘枕刀にかくれけり,秋の蜘蛛,秋
4777,秋の蜘枕刀にひよりぬ,秋の蜘蛛,秋
4778,秋の蜘枕刀に落かゝる,秋の蜘蛛,秋
4779,善き酒を吝む主やひしこ漬,ひしこ,春
4780,押しよせて網の底なる鰯哉,鰯,冬
4781,五軒家や門竝はいる鰯賣,鰯,冬
4782,鰯分つ上樣日和暮れんとす,鰯,冬
4783,夕榮や鰯の網に人だかり,鰯,冬
4784,夕燒や鰯の網に人だかり,鰯,冬
4785,目をぬすみ小鰯ひろふ貧女哉,鰯,冬
4786,安房へ來て鰯に飽きし脚氣哉,鰯,冬
4787,安房へ來て鰯をくはぬ脚氣哉,鰯,冬
4788,今取りし鰯をわけてもらひけり,鰯,冬
4789,鰯網鰯の中の小鯛哉,鰯,冬
4790,鰮干す磯靜か也遠鴎,鰯,冬
4791,鰯焼く隣同士や木槿垣,鰯,冬
4792,カンテラに鰯かゝやく夜店哉,鰯,冬
4793,三錢の鰯包むや竹の皮,鰯,冬
4794,十家内こぞつて出ぬ鰯網,鰯,冬
4795,十家内こぞって出たり鰯網,鰯,冬
4796,大漁の鰯拾ふて戻りけり,鰯,冬
4797,大漁や鰯こぼるゝ濱の道,鰯,冬
4798,覗き行く夕餉の家や鰯賣,鰯,冬
4799,夕餉すみて濱の散歩や鰯網,鰯,冬
4800,十ヶ村鰮くはぬは寺ばかり,鰯,冬
4801,北海の鮭あり厨貧ならず,鮭,冬
4802,澁鮎の岩關落す嵐かな,錆鮎,秋
4803,澁鮎のさりとて紅葉にもならず,錆鮎,秋
4804,さびたりな茄子の紫鮎の腹,錆鮎,秋
4805,何として鮎はさびたぞ取られたぞ,錆鮎,秋
4806,落鮎や小石小石に行きあたり,落鮎,秋
4807,鮎澁ていよいよ石に似たりけり,落鮎,秋
4808,落鮎にはねる力はなかりけり,落鮎,秋
4809,落鮎や武者の瀬を聞く村はづれ,落鮎,秋
4810,落鮎の身をまかせたる流れかな,落鮎,秋
4811,海へ五里一日に鮎や落るらん,落鮎,秋
4812,瀬の音や月夜に落つる鮎もあらん,落鮎,秋
4813,落鮎の三の瀬あたり人網す,落鮎,秋
4814,赤腹とあだ名や立ちて紅葉鮒,紅葉鮒,秋
4815,山里に魚あり其名紅葉鮒,紅葉鮒,秋
4816,紅葉鮒琉球人におくらばや,紅葉鮒,秋
4817,沙魚釣りの大加賀歸る月夜哉,鯊,夏
4818,引しほやはぜつり出る埠の先,鯊,夏
4819,引汐や沙魚釣り繞る阜頭の先,鯊,夏
4820,鱸さげて簔笠の人通りけり,鱸,夏
4821,籠あけて雜魚にまじりし鱸哉,鱸,夏
4822,堀江潟釣り得て歸る鱸かな,鱸,夏
4823,江に網し三尺の鱸得て歸る,鱸,夏
4824,誰か知らず三尺の鱸得て歸る,鱸,夏
4825,訴へや廣島の鱸伊豫の鯛,鱸,夏
4826,鱸釣る藤江の浦を尋ねけり,鱸,夏
4827,吸物も鱸さしみも鱸哉,鱸,夏
4828,釣上し顔に鱸の雫かな,鱸,夏
4829,貧厨の光を生ず鱸哉,鱸,夏
4830,太刀魚の出刃庖丁にはてにけり,太刀魚,秋
4831,太刀魚の水きつて行く姿かな,太刀魚,秋
4832,馬つなぐ綱にこかるゝ木槿かな,木槿,夏
4833,折れもせで凋む木槿の哀れなり,木槿,夏
4834,一尺の木に花さかる木槿かな,木槿,夏
4835,家もなき土手に木槿の籬かな,木槿,夏
4836,尼寺の尼のぞきけり白木槿,木槿,夏
4837,馬ひとり木槿にそふて曲りけり,木槿,夏
4838,白木槿鳥海山を見こし哉,木槿,夏
4839,海苔あぶる匂ひの深し木槿垣,木槿,夏
4840,木槿垣鳥海山を見こしかな,木槿,夏
4841,木槿咲く土手の人馬や酒田道,木槿,夏
4842,紫と名には呼ばれぬ木槿哉,木槿,夏
4843,繪屏風に木槿を漏るゝ夕日哉,木槿,夏
4844,杉垣に結ひこまれたる木槿哉,木槿,夏
4845,寺町の片側淋し木槿垣,木槿,夏
4846,花木槿西日さしこむ簀子かな,木槿,夏
4847,木槿垣人も通らぬ小道かな,木槿,夏
4848,木槿垣箕輪の里の境かな,木槿,夏
4849,木槿垣箕輪をめぐる小川哉,木槿,夏
4850,木槿咲いて船出來上る漁村哉,木槿,夏
4851,木槿咲て里の社の普請かな,木槿,夏
4852,木槿咲く垣や小道の楷子賣,木槿,夏
4853,木槿咲く何ぞと見れば野雪隱,木槿,夏
4854,川舟や木槿の垣根菊の背戸,木槿,夏
4855,君が門木槿見て行く別れ哉,木槿,夏
4856,汐風や痩せて花なき木槿垣,木槿,夏
4857,駄菓子賣る村の小店の木槿かな,木槿,夏
4858,花木槿家ある限り機の音,木槿,夏
4859,花木槿雲林先生恙なきや,木槿,夏
4860,道ばたに蔓草まとふ木槿哉,木槿,夏
4861,道ばたの木槿にたまるほこり哉,木槿,夏
4862,木槿垣草鞋ばかりの小店哉,木槿,夏
4863,木槿咲く塀や昔の武家屋敷,木槿,夏
4864,夕暮の旅僧通る木槿かな,木槿,夏
4865,十軒の長屋とりまく木槿哉,木槿,夏
4866,白木槿大水引いて家孤なり,木槿,夏
4867,花木槿犬神飼ふと人のいふ,木槿,夏
4868,低き木に花咲くそれは白木槿,木槿,夏
4869,木槿垣本所區を野へ出る處,木槿,夏
4870,落馬した人あはれむや花木槿,木槿,夏
4871,家借られざる一月木槿盛り也,木槿,夏
4872,かけ落の夫婦來て住む木槿垣,木槿,夏
4873,かたばかり長屋の前の木槿垣,木槿,夏
4874,木槿咲て繪師の家問ふ三嶋前,木槿,夏
4875,山の手や朝日さしたる木槿垣,木槿,夏
4876,木槿垣出水の跡を殘しけり,木槿,夏
4877,木槿さくや寺のうしろの貧乏町,木槿,夏
4878,やぶ入の一日にしぼむ芙蓉哉,芙蓉,秋
4879,雨の芙蓉花かたつらになひきけり,芙蓉,秋
4880,妻戸明けて一枚はねる芙蓉哉,芙蓉,秋
4881,枝廣くたしかに開く芙蓉哉,芙蓉,秋
4882,古家や芙蓉咲いて人なまめかし,芙蓉,秋
4883,爪紅の手をのべて芙蓉折らんとす,芙蓉,秋
4884,露なくて色のさめたる芙蓉哉,芙蓉,秋
4885,芙蓉咲く橋の袂の小家かな,芙蓉,秋
4886,芙蓉見えてさすがに人の聲ゆかし,芙蓉,秋
4887,松が根になまめきたてる芙蓉哉,芙蓉,秋
4888,八ツ時の太皷打ち出す芙蓉哉,芙蓉,秋
4889,村會の議員住みける芙蓉哉,芙蓉,秋
4890,廢舘に鷄遊ぶ芙蓉かな,芙蓉,秋
4891,芙蓉咲いて古池の鴛やもめ也,芙蓉,秋
4892,明家の草の中より芙蓉哉,芙蓉,秋
4893,雨にぬれて雜草の中の芙蓉哉,芙蓉,秋
4894,雜草の雨にぬれたる芙蓉哉,芙蓉,秋
4895,椽廣く折り曲りたる芙蓉哉,芙蓉,秋
4896,碁の音や芙蓉の花に灯のうつり,芙蓉,秋
4897,萎みたる芙蓉の花や磬の聲,芙蓉,秋
4898,月出たり芙蓉の花の傍に,芙蓉,秋
4899,廢苑や芙蓉を覆ふ葭の風,芙蓉,秋
4900,廣椽の折り曲りたる芙蓉かな,芙蓉,秋
4901,柳散る芙蓉の庭や朝嵐,芙蓉,秋
4902,武藏野を見下す寺の芙蓉哉,芙蓉,秋
4903,芙蓉ヨリモ朝顔ヨリモウツクシク,芙蓉,秋
4904,雪洞は消えて木犀の匂ひ哉,木犀,秋
4905,木犀や雨の欄干人もなし,木犀,秋
4906,木犀や朱欄高くア鬟月に立つ,木犀,秋
4907,木犀や欄干高く人もなし,木犀,秋
4908,木犀の夕小袖にたきものす,木犀,秋
4909,木犀や母が教ふる二絃琴,木犀,秋
4910,朝飯に木犀匂ふ旅籠哉,木犀,秋
4911,詩人住む寺の坐敷や木犀花,木犀,秋
4912,木犀やしきりに匂ふ宵の程,木犀,秋
4913,木犀や人は寐ねたる庭の月,木犀,秋
4914,木犀や障子しめたる佛の間,木犀,秋
4915,桐の木に家あらはるゝ小路哉,桐の秋,秋
4916,桐の木に葉もなき秋の半かな,桐の秋,秋
4917,ひろがつたまゝで落るや桐一葉,桐一葉,秋
4918,石上の梦をたゝくや桐一葉,桐一葉,秋
4919,隣からそれて落ちけり桐一葉,桐一葉,秋
4920,見てをればつひに落ちけり桐一葉,桐一葉,秋
4921,あなかちに枯れるてもなし桐一葉,桐一葉,秋
4922,落ちてから庭をはいれば桐一葉,桐一葉,秋
4923,落ちてから庭をはひけり桐一葉,桐一葉,秋
4924,大内に秋の一葉や桐の紋,桐一葉,秋
4925,重けれは落つるならひそ桐一葉,桐一葉,秋
4926,鎌きりを石にふせるや桐一葉,桐一葉,秋
4927,桐の木に雀とまりて一葉かな,桐一葉,秋
4928,桐一葉尼の頭にかゝりけり,桐一葉,秋
4929,桐一葉落て鳴きやむいとゞ哉,桐一葉,秋
4930,桐一葉落ちても秋の未だ青し,桐一葉,秋
4931,桐一葉笠にかぶるや石地藏,桐一葉,秋
4932,桐一葉心もとなきひゝき哉,桐一葉,秋
4933,桐一葉何をかいてもはぢきけり,桐一葉,秋
4934,桐一ははしごの段にかゝりけり,桐一葉,秋
4935,桐一葉一葉やついに不二の山,桐一葉,秋
4936,桐一葉拾ふてもとる小供かな,桐一葉,秋
4937,桐二木時をちがへて一葉かな,桐一葉,秋
4938,業平は何とか見たる桐一葉,桐一葉,秋
4939,ぬす人のはいつた朝や桐一葉,桐一葉,秋
4940,早し遲し二木の桐の一葉哉,桐一葉,秋
4941,一雨は過ぎて靜かに桐一葉,桐一葉,秋
4942,一葉ちるはじめもなくて桐林,桐一葉,秋
4943,井のそこに沈み入りけり桐一葉,桐一葉,秋
4944,金持は悟りのわろし桐一葉,桐一葉,秋
4945,曙や一葉浮いたる手水鉢,桐一葉,秋
4946,桐の葉の四五枚許り動きけり,桐一葉,秋
4947,つくねんと坐し居れば桐の一葉落つ,桐一葉,秋
4948,夏痩の骨にひゞくや桐一葉,桐一葉,秋
4949,我に落ちて淋しき桐の一葉かな,桐一葉,秋
4950,我に落ちて夕淋しき桐の一葉哉,桐一葉,秋
4951,桐も落ちず風そよめかす許り也,桐一葉,秋
4952,人聲や桐の葉がくれ灯のともる,桐一葉,秋
4953,晝人なし棋盤に桐の影動く,桐一葉,秋
4954,落ちたるは蟲ばみし桐の一葉哉,桐一葉,秋
4955,桐の葉のいまだ落ざる小庭哉,桐一葉,秋
4956,桐の葉の落ちても居らず庭の芝,桐一葉,秋
4957,桐落ちて庵の障子の破れ哉,桐一葉,秋
4958,桐落ちて椶櫚緑なる小庭哉,桐一葉,秋
4959,塵取に押し込む桐の廣葉かな,桐一葉,秋
4960,病む人の獨り聞き知る一葉哉,一葉,秋
4961,おくればせに殘る一葉も散りにけり,一葉,秋
4962,我に落ちてものゝ淋しき一葉哉,一葉,秋
4963,青桐の實は豌豆に似たりけり,桐の実,秋
4964,絲萩の露こぼしけり青蛙,萩,秋
4965,萩ちるや檐に掛けたる青燈籠,萩,秋
4966,一日の旅おもしろや萩の原,萩,秋
4967,猪や臥せし鹿や亂せし萩の花,萩,秋
4968,すりよつてだいても見たり萩の花,萩,秋
4969,分けて行く手にきづかはし萩の花,萩,秋
4970,水門に萩を吸ひこむ流れ哉,萩,秋
4971,あえぎあえぎ登って見るや萩すゝき,萩,秋
4972,一句なかるべからずさりとてはこの萩の原,萩,秋
4973,うねりたるまゝを小萩のうねり哉,萩,秋
4974,うねりたるまゝを小萩のすがた哉,萩,秋
4975,奥山やうねりならはぬ萩のはな,萩,秋
4976,大ゆれにゆれてあぶなし萩の花,萩,秋
4977,白露のちるやたまるや萩すすき,萩,秋
4978,白萩や夜のあけぎはをりんと澄む,萩,秋
4979,床の間の萩は一日おくれけり,萩,秋
4980,ぬれて戻る犬の背にもこぼれ萩,萩,秋
4981,萩薄秋を行脚のいのちにて,萩,秋
4982,ふみこんで歸る道なし萩の原,萩,秋
4983,行きくれてふりむくかほや萩芒,萩,秋
4984,夕月やたゝかば散らん萩の門,萩,秋
4985,萩に寐て月見あげたる小鹿哉,萩,秋
4986,同し秋高低に成て萩と葛,萩,秋
4987,笠賣の笠ぬらしけり萩の露,萩,秋
4988,傾城は屏風の萩に旅寐哉,萩,秋
4989,白露にぬれて重たし萩の蝶,萩,秋
4990,白萩の露ふき落す薄哉,萩,秋
4991,白萩や以ての外に露もなし,萩,秋
4992,萩薄小町が笠は破れけり,萩,秋
4993,萩薄小町が笠は破れたり,萩,秋
4994,萩薄月に重なる夕かな,萩,秋
4995,萩薄一ツになりて花火散る,萩,秋
4996,萩の露疊の上にこぼしけり,萩,秋
4997,萩の花思ふ通りにたわみけり,萩,秋
4998,萩の花思ひ通りにたわみけり,萩,秋
4999,萩ゆられ葛ひるかへる夕かな,萩,秋
5000,萩折て戻れは肩の月夜かな,萩,秋
5001,古寺や木魚うつうつ萩のちる,萩,秋
5002,ほろほろと露になりけり雨の萩,萩,秋
5003,御陵としらで咲けり萩の花,萩,秋
5004,風の萩月に起き臥す夕哉,萩,秋
5005,白萩のしきりに露をこほしけり,萩,秋
5006,白萩や星一つ消え二つ消え,萩,秋
5007,新井戸にこほれそめけり萩の花,萩,秋
5008,月に出でゝ萩の枝折戸押す女,萩,秋
5009,庭の萩寐て見るやうにたわみけり,萩,秋
5010,萩さくや百萬石の大城下,萩,秋
5011,萩散ちるや女机の愚案抄,萩,秋
5012,萩に來てはねかへさるゝ雀かな,萩,秋
5013,萩の中に猶白萩のあはれなり,萩,秋
5014,萩の花くねるとなくてうねりけり,萩,秋
5015,萩の花雀の背にこほれけり,萩,秋
5016,萩の花寐て見るやうなたわみ哉,萩,秋
5017,萩を手に兒山下る一人かな,萩,秋
5018,萩を見に行くや彼岸の渡し舟,萩,秋
5019,はなしては又抱えけり萩の花,萩,秋
5020,はね返し牛行く萩の小道哉,萩,秋
5021,灯きえんとして小窓にそよぐ萩の影,萩,秋
5022,人ぬれて萩の下道月細し,萩,秋
5023,堀わりのきはにうつむく萩の花,萩,秋
5024,山駕籠に散りこむ萩の盛哉,萩,秋
5025,我まゝの猶うつくしき小萩哉,萩,秋
5026,大庭に亂れぬ萩のまがきかな,萩,秋
5027,こぼるゝや萩の枝折戸誰が住みて,萩,秋
5028,裾山や萩咲く中の尼一人,萩,秋
5029,裾山や萩吹く中の尼一人,萩,秋
5030,地に引くや雀のすがる萩の花,萩,秋
5031,露の萩はらりはらりとはね返る,萩,秋
5032,萩散るや筧の下の水溜り,萩,秋
5033,萩の花垣と申さば垣ながら,萩,秋
5034,人や待つ萩の枝折戸明けすてゝ,萩,秋
5035,古塚や何を亂れて萩の花,萩,秋
5036,明き寺や取り亂したる萩の花,萩,秋
5037,馬牽くや松の下道乱れ萩,萩,秋
5038,筧からこぼれた水を萩の露,萩,秋
5039,風をいたみ萩の上枝の花もなし,萩,秋
5040,さきつ散りつ皆露の萩萩の露,萩,秋
5041,白萩や水にちぎれし枝の尖,萩,秋
5042,僧もなし山門閉ぢて萩の花,萩,秋
5043,太閣の像の古びや萩の花,萩,秋
5044,旅人の簔着て行くや萩の原,萩,秋
5045,萩荒れて鵙鳴く松の梢哉,萩,秋
5046,萩ちりぬ西行も來よ宿かさん,萩,秋
5047,麓から寺まで萩の花五町,萩,秋
5048,古簑や芒の小雨萩の露,萩,秋
5049,ほろほろと石にこぼれぬ萩の露,萩,秋
5050,ものうさや手すりに倚れば萩の花,萩,秋
5051,ものうしや手すりによれは萩の花,萩,秋
5052,尼をその尼をなつかしみ萩の門,萩,秋
5053,垣の外に萩咲かせけり百花園,萩,秋
5054,今年又養ひ得たり萩桔梗,萩,秋
5055,靜かさや少しこぼるゝ萩の花,萩,秋
5056,僧房を借りて人住む萩の花,萩,秋
5057,其はてが萩と薄の心中かな,萩,秋
5058,道慾な坊主錢取る寺の萩,萩,秋
5059,名所や小僧案内す萩の庭,萩,秋
5060,庭の萩莟も持たずあはれ也,萩,秋
5061,野の萩の伏し重なりて路もなし,萩,秋
5062,萩芒風絶ゆることもなかりけり,萩,秋
5063,萩薄中に水汲む小道かな,萩,秋
5064,萩芒萩は芒に押されけり,萩,秋
5065,萩芒われに落馬の心あり,萩,秋
5066,萩散らぬ寺の小道もなかりけり,萩,秋
5067,萩の花のこぼれ盡さぬ程に來よ,萩,秋
5068,萩の路薄の路と分れけり,萩,秋
5069,萩の畫月の句も一つ袋かな,萩,秋
5070,萩の画も月の句も一つ袋かな,萩,秋
5071,萩は月に芒は風になる夕,萩,秋
5072,萩は骨に薄白髪にならんとす,萩,秋
5073,萩低く薄の風をかぶりけり,萩,秋
5074,古庭の萩に錢取るお寺かな,萩,秋
5075,古庭の萩に錢取る坊主かな,萩,秋
5076,みちのくは馬の多さよ萩の花,萩,秋
5077,水の上に萩うづ高くこぼれけり,萩,秋
5078,遣戸あけて彳めば萩の亂れ哉,萩,秋
5079,我庵や萩に飯櫃松に竿,萩,秋
5080,萩の中に猶の白萩あはれなり,萩,秋
5081,いもうとが日覆をまくる萩の月,萩,秋
5082,七日月庇の下に萩の上に,萩,秋
5083,萩植て家賃五圓の家に住む,萩,秋
5084,萩咲て家賃五円の家に住む,萩,秋
5085,萩咲くや生きて今年の望足る,萩,秋
5086,萩芒今年は見たり來年は,萩,秋
5087,萩芒來年逢んさりながら,萩,秋
5088,萩寺の屏風に萩の發句哉,萩,秋
5089,萩に立て萩の句記す手帳哉,萩,秋
5090,萩によらで蝶の過行く恨哉,萩,秋
5091,萩の風さぞや都は砂ほこり,萩,秋
5092,萩の風書燈消えんとしてあかる,萩,秋
5093,朝飯や日のあたりたる萩芒,萩,秋
5094,うしろ手に百日草や萩の花,萩,秋
5095,枝折れて野分のあとの萩淋し,萩,秋
5096,押分て行けは行かるゝ萩の原,萩,秋
5097,合點ぢや萩のうねりの其事か,萩,秋
5098,萩刈て百日草のあらは也,萩,秋
5099,萩芒水汲みに行く道一つ,萩,秋
5100,萩の花二百十日を氣遣ひぬ,萩,秋
5101,花少し殘れる萩を刈にけり,萩,秋
5102,温泉の道や通ひなれたる萩桔梗,萩,秋
5103,草庵に千句の會や萩の花,萩,秋
5104,妻を呼ぶ籠の鶉や庭の萩,萩,秋
5105,杖によりて立ち上りけり萩の花,萩,秋
5106,庭荒れて萩の亂れをつくろはず,萩,秋
5107,萩咲いて俗に墮つ松の小庭哉,萩,秋
5108,萩咲て抱一の画を掛にけり,萩,秋
5109,萩を題に歌つくらしむ萩の宿,萩,秋
5110,箔燒けて萩の模樣や古色紙,萩,秋
5111,彫物の鹿を置きけり萩の庭,萩,秋
5112,活版の誤植や萩に荻交る,萩,秋
5113,下草に萩咲く松の林かな,萩,秋
5114,土饅頭萩も芒もなかりけり,萩,秋
5115,萬葉の輪講會や萩の花,萩,秋
5116,餅ノ名ヤ秋ノ彼岸ハ萩ニコソ,萩,秋
5117,首あげて折々見るや庭の萩,萩,秋
5118,宮城野ノマ萩ノ若葉馬ヤ喰ヒシ,萩,秋
5119,山萩のしどろに秋を亂れけり,山萩,秋
5120,山萩やものすこやかな枝のふり,山萩,秋
5121,山萩の枝にかゝれり捨草鞋,山萩,秋
5122,秋のうら秋のおもてや葛尾花,葛,秋
5123,葛の葉を傳ふて松の雫哉,葛,秋
5124,葛の葉をふみ返したる別哉,葛,秋
5125,葛の葉の何に驚く夕まくれ,葛,秋
5126,葛の葉や何に驚く夕まぐれ,葛,秋
5127,うら返す葛の葉亂り心地なる,葛,秋
5128,山葛の風に動きて旅淋し,葛,秋
5129,葛花や秋を尋ねてはひまはる,葛の花,秋
5130,葛花や何を尋ねてはひまわる,葛の花,秋
5131,葛の葉の花に成たる憎さかな,葛の花,秋
5132,山葛にわりなき花の高さかな,葛の花,秋
5133,葛の葉の吹きしづまりて葛の花,葛の花,秋
5134,葛の葉や吹き靜まりて葛の花,葛の花,秋
5135,花ながら葛ぞ引かるゝ水車,葛の花,秋
5136,甘干にしたし浮世の人心,柿,秋
5137,甘干の枝村かけてつゞきけり,柿,秋
5138,柿の實やうれしさうにもなく烏,柿,秋
5139,澁柿のとり殘されてあはれ也,柿,秋
5140,澁柿もまじりてともに盆の中,柿,秋
5141,澁柿や行來のしげき道の端,柿,秋
5142,澁柿の一枝重きわらじ哉,柿,秋
5143,月白く柿赤き夜や猿の夢,柿,秋
5144,店さきの柿の實つゝく烏かな,柿,秋
5145,澁柿に菅笠かざす日和哉,柿,秋
5146,澁柿や落るはつみを牛の面,柿,秋
5147,澁柿や酒屋の前のから車,柿,秋
5148,追分や鷄飼ふ茶屋の柿石榴,柿,秋
5149,澁柿の青くて落つる彼岸哉,柿,秋
5150,澁柿の烏もつかずあはれなり,柿,秋
5151,澁柿や落ちて踏まるゝ石の上,柿,秋
5152,臍寒し柿喰ふ宿の旅枕,柿,秋
5153,柿赤く稻田みのれり塀の内,柿,秋
5154,柿落ちて犬吠ゆる奈良の横町かな,柿,秋
5155,柿くへば鐘が鳴るなり法隆寺,柿,秋
5156,垣ごしに澁柿垂るゝ隣かな,柿,秋
5157,柿に照り蕎麥に雨ふる畑哉,柿,秋
5158,柿の木にとりまかれたる温泉哉,柿,秋
5159,柿の木や宮司が宿の門搆,柿,秋
5160,柿の實や口ばし赤き鳥が來る,柿,秋
5161,柿ばかり竝べし須磨の小店哉,柿,秋
5162,柿ばかり竝べし須磨の茶店哉,柿,秋
5163,御所柿にいそぐ祭の用意哉,柿,秋
5164,御所柿に雄群祭の用意哉,柿,秋
5165,御所柿に小栗祭の用意哉,柿,秋
5166,澁柿の實勝になりて肌寒し,柿,秋
5167,澁柿やあら壁つゞく奈良の町,柿,秋
5168,澁柿や古寺多き奈良の町,柿,秋
5169,高円をかざして柿の在所哉,柿,秋
5170,駄菓子賣る茶店の門の柿青し,柿,秋
5171,町あれて柿の木多し一くるわ,柿,秋
5172,村一つ澁柿勝に見ゆるかな,柿,秋
5173,温泉の町を取り卷く柿の小山哉,柿,秋
5174,嫁がものに凡そ五町の柿畠,柿,秋
5175,嫁がものに凡そ五町歩の柿畠,柿,秋
5176,柿喰ふて洪水の詩を草しけり,柿,秋
5177,柿くふて文學論を草しけり,柿,秋
5178,柿くふや道灌山の婆が茶屋,柿,秋
5179,黄菊白菊柿赤くして澁し,柿,秋
5180,古跡見んと車してよぎる柿の村,柿,秋
5181,小祭や柿賣る店の柿の皮,柿,秋
5182,米櫃や米にたくはふ柿一つ,柿,秋
5183,澁柿の庄屋と申し人惡き,柿,秋
5184,澁柿や猪隣村へ來る,柿,秋
5185,書に倦みて燈下に柿をむく半夜,柿,秋
5186,樽柿や少し澁きも喰ふべく,柿,秋
5187,奈良の宿御所柿くへば鹿が鳴く,柿,秋
5188,山本にかたよる柿の小村哉,柿,秋
5189,痢病ありて會議催す柿の村,柿,秋
5190,講堂や澁柿くふた顔は誰,柿,秋
5191,柿多き村に出でけり西の京,柿,秋
5192,柿買の裏門覗く屋敷かな,柿,秋
5193,柿くふて鬼の泣く詩を作らばや,柿,秋
5194,柿くふて腹痛み出す旅籠哉,柿,秋
5195,柿くはゞや鬼の泣く詩を作らばや,柿,秋
5196,柿喰の俳句好みしと傳ふべし,柿,秋
5197,柿熟す愚庵に猿も弟子もなし,柿,秋
5198,和尚病んで禪寺の柿猶澁し,柿,秋
5199,柿に來る烏逐ふなるお僧哉,柿,秋
5200,柿の皮を掃きつ床几を置かへつ,柿,秋
5201,柿の木に烏のおどし反古なり,柿,秋
5202,くひさしの柿捨てゝある繩手道,柿,秋
5203,三千の俳句を閲し柿二つ,柿,秋
5204,澁柿や高尾の紅葉猶早し,柿,秋
5205,禪寺の澁柿くへば澁かりき,柿,秋
5206,禪寺の澁柿猶澁き恨かな,柿,秋
5207,樽柿の少し澁きをすてかねし,柿,秋
5208,つり鐘の蔕のところが澁かりき,柿,秋
5209,文賣らん柿買ふ錢の足らぬ勝,柿,秋
5210,故郷や祭も過ぎて柿の味,柿,秋
5211,御佛に供へあまりの柿十五,柿,秋
5212,稍澁き佛の柿をもらひけり,柿,秋
5213,累々と澁柿たるゝ塀の上,柿,秋
5214,和尚病んで柿猶澁き恨哉,柿,秋
5215,秋暮るゝ奈良の旅籠や柿の味,柿,秋
5216,枝柿の青きをもらふ土産哉,柿,秋
5217,枝柿を提げて汽車待つ田夫哉,柿,秋
5218,柿を呼ぶうしろの方の列車哉,柿,秋
5219,歸るさの柿を入れたる袂哉,柿,秋
5220,淋しげに柿くふは碁を知らざらん,柿,秋
5221,鳥啼くや木蔭の卓に柿を盛る,柿,秋
5222,癒えんとして柿くはれぬそ小淋しき,柿,秋
5223,大なるやはらかき柿を好みけり,柿,秋
5224,柿あまたくひけるよりの病哉,柿,秋
5225,柿くはぬ腹にまぐろのうまさ哉,柿,秋
5226,柿くはぬ病に柿をもらひけり,柿,秋
5227,柿店に馬繋ぎたる騎兵哉,柿,秋
5228,柿もくはて隨問隨答を草しけり,柿,秋
5229,柿を入れし帽子小脇にかゝへけり,柿,秋
5230,側に柿くふ人を恨みけり,柿,秋
5231,句を閲すラムプの下や柿二つ,柿,秋
5232,子規ひとり柿の眼利や手にナイフ,柿,秋
5233,澁柿の木蔭に遊ぶ童哉,柿,秋
5234,樽柿を握るところを寫生哉,柿,秋
5235,停車場に柿賣る柿の名所かな,柿,秋
5236,初なりの柿を佛にそなへけり,柿,秋
5237,風呂敷をほどけば柿のころげゝり,柿,秋
5238,干柿や湯殿のうしろ納屋の前,柿,秋
5239,宿取りて淋しき宵や柿を喰ふ,柿,秋
5240,醉さめや戸棚を探る柿二つ,柿,秋
5241,我好の柿をくはれぬ病哉,柿,秋
5242,胃を病んで柿をくはれぬいさめ哉,柿,秋
5243,柿蜜柑園遊會の用意哉,柿,秋
5244,柿をもらひ柿の一句をむくいけり,柿,秋
5245,ころ柿も一年ぶりや淡路島,柿,秋
5246,野の茶屋に柿買ふて遠く歩きけり,柿,秋
5247,柿くふも今年ばかりと思ひけり,柿,秋
5248,音深く熟柿落けり井戸の中,熟柿,秋
5249,日もさして雨の小村の熟柿哉,熟柿,秋
5250,晩鐘や寺の熟柿の落つる音,熟柿,秋
5251,明屋敷凡を百本の柿熟す,熟柿,秋
5252,家まばらに澁柿熟す西の京,熟柿,秋
5253,此村に赤痢のはやる熟柿かな,熟柿,秋
5254,カブリツク熟柿ヤ髯ヲ汚シケリ,熟柿,秋
5255,根府川や石切る山の青蜜柑,青蜜柑,秋
5256,綿弓や店にならべし青蜜柑,青蜜柑,秋
5257,居風呂の煙のさきや青蜜柑,青蜜柑,秋
5258,蜜柑青き背戸の居風呂屋根もなし,青蜜柑,秋
5259,白雲や山の麓の蜜柑畑,青蜜柑,秋
5260,行秋や病氣見舞の青蜜柑,青蜜柑,秋
5261,皮むけば青煙たつ蜜柑哉,蜜柑,冬
5262,蜜柑、籠に蜜柑山下りて來る女,蜜柑,冬
5263,道南紀州に入つて蜜柑畑,蜜柑,冬
5264,飯くはで蜜柑を好む病哉,蜜柑,冬
5265,杯盤狼藉蜜柑の皮のところどころ,蜜柑,冬
5266,豚汁の後口渇く蜜柑かな,蜜柑,冬
5267,蜜柑燒くや太祇の手紙よみながら,蜜柑,冬
5268,棟あげや棟の上なる餅蜜柑,蜜柑,冬
5269,蜜柑得てうれしき支那のたより哉,蜜柑,冬
5270,珍らしきみかむや母に參らする,蜜柑,冬
5271,佛壇の柑子を落す鼠かな,柑子,新年
5272,柑子咲く酒屋の門や繩簾,柑子,新年
5273,九州に入りて五月のジャボン哉,朱欒,冬
5274,林檎無き國をあはれむジャボン哉,朱欒,冬
5275,枕元に内紫を竝べけり,朱欒,冬
5276,わらんべの頭程あるザボン哉,朱欒,冬
5277,橘に嶋原匂ふむかし哉,橘,冬
5278,橘の小窓に牛の匂ひ哉,橘,冬
5279,橘の窓に小牛の匂ひ哉,橘,冬
5280,橘は昔の曲にかをりけり,橘,冬
5281,橘やあたりに家もなき野中,橘,冬
5282,橘や牛飼殿に何とはん,橘,冬
5283,橘や風ふるくさき長谷の里,橘,冬
5284,橘やとかくに物のふる臭き,橘,冬
5285,橘やどの枝切て三味にせん,橘,冬
5286,橘や都のあとの只の家,橘,冬
5287,橘や南圓堂の香爐盤,橘,冬
5288,橘や吾身の昔なつかしき,橘,冬
5289,橘の昔を忍ぶ血筋かな,橘,冬
5290,橘や宇佐の使の旅館,橘,冬
5291,荒壁や柚子に楷子す武家屋敷,柚子,冬
5292,古家や累々として柚子黄なり,柚子,冬
5293,あやまつて林檎落しぬ海の上,林檎,秋
5294,頬の落る林檎齒の痛む肉に足る,林檎,秋
5295,林檎くふて又物寫す夜半哉,林檎,秋
5296,盗みくふ林檎に腹をいためけり,林檎,秋
5297,林檎くふて牡丹の前に死なん哉,林檎,秋
5298,胃痛癒えて林檎の來る嬉しさよ,林檎,秋
5299,赤き林檎青き林檎や卓の上,林檎,秋
5300,澁紙の袋に入れし林檎かな,林檎,秋
5301,千成と書きし札貼る林檎かな,林檎,秋
5302,札貼りし品評會の林檎かな,林檎,秋
5303,美しき籃の林檎や贈り物,林檎,秋
5304,いが栗のなぜみにくうは生れける,栗,秋
5305,いが栗をひきぞわづろふあれ鼠,栗,秋
5306,老猿の忌日を栗の落ちにけり,栗,秋
5307,栗のいが鼠の穴をふさぎけり,栗,秋
5308,栗燒てしづかに話す夕哉,栗,秋
5309,黒染にいが栗つかむ松か岡,栗,秋
5310,近道やいが栗落て足をさす,栗,秋
5311,小原女の通ひ路狭し栗のいが,栗,秋
5312,雨の日や泥に突きさす栗のいが,栗,秋
5313,姪婿が栗擔はせて參りたり,栗,秋
5314,燒栗のはねて驚く一人かな,栗,秋
5315,秋もはや栗の落葉や目黒道,栗,秋
5316,いがながら栗くれる人の誠哉,栗,秋
5317,怒る栗笑ふ栗皆落ちにけり,栗,秋
5318,落栗に膝ついて居る關所かな,栗,秋
5319,栗落ちて鼬の道の絶えてけり,栗,秋
5320,栗飯の給仕して居る娘哉,栗,秋
5321,栗飯や不動參りの大工連,栗,秋
5322,栗飯や目黒の茶屋の發句會,栗,秋
5323,栗燒いて經義爭ふ法師かな,栗,秋
5324,雜談の間に栗の燒けるべく,栗,秋
5325,柴栗を袂につゝむ小供かな,栗,秋
5326,人も居らず栗はねて猫を驚かす,栗,秋
5327,道端に栗賣竝ぶ祭かな,栗,秋
5328,飯赤く栗黄にあるじすこやか也,栗,秋
5329,もてなしに栗燒くとて妹がやけど哉,栗,秋
5330,盆に分けて栗は少し豆と芋,栗,秋
5331,芋のあとに栗を蒸すべき指圖哉,栗,秋
5332,勝ちさうになつて栗剥く暇かな,栗,秋
5333,勝ちさうになりて栗剥く暇哉,栗,秋
5334,毬ながら栗くれる人のまことかな,栗,秋
5335,燒栗のはねかけて行く先手哉,栗,秋
5336,主病ム絲瓜ノ宿ヤ栗ノ飯,栗,秋
5337,栗飯ノ四椀ト書キシ日記カナ,栗,秋
5338,栗飯ヤ病人ナガラ大食ヒ,栗,秋
5339,栗飯ヤ絲瓜ノ花ノ黄ナルアリ,栗,秋
5340,眞心ノ虫喰ヒ栗ヲモラヒケリ,栗,秋
5341,眞心の蟲喰ひ栗をもらひたり,栗,秋
5342,椎の實や袂の底にいつからぞ,椎の実,秋
5343,椎の實や山又山を山めぐり,椎の実,秋
5344,椎の實も寂しきものに禰宜の顔,椎の実,秋
5345,城山や椎の實落ちて兒もなし,椎の実,秋
5346,椎の實に雀を嚇す烏かな,椎の実,秋
5347,椎の實のまじる槻の落葉哉,椎の実,秋
5348,椎の實を探す槻の落葉哉,椎の実,秋
5349,椎の實を拾ひに來るや隣の子,椎の実,秋
5350,團栗に添ふて落けりかせの音,団栗,秋
5351,袈裟とれば團栗一つこぼれけり,団栗,秋
5352,猿聞く夜團栗落つるしきりなり,団栗,秋
5353,猿啼く夜團栗落つるしきり也,団栗,秋
5354,椎ひろふあとに團栗哀れ也,団栗,秋
5355,竹椽を團栗はしる嵐哉,団栗,秋
5356,竹籠のめを團くりのこほれけり,団栗,秋
5357,團栗にうたれて牛の眠り哉,団栗,秋
5358,どんぐりのいくつ落ちてや破れ笠,団栗,秋
5359,どんぐりの落つるや土手の裏表,団栗,秋
5360,どんぐりの竹椽走る嵐哉,団栗,秋
5361,團栗の礫戸を打つあらし哉,団栗,秋
5362,團栗の水に落つるや終夜,団栗,秋
5363,團栗二つ闇にまぎれてこぼれけり,団栗,秋
5364,團栗もかきよせらるゝ落葉哉,団栗,秋
5365,團栗や内を覗けど人もなし,団栗,秋
5366,どん栗や一ツころがる納屋の隅,団栗,秋
5367,團栗や剛力やすむ土手の陰,団栗,秋
5368,暁の團栗たまる戸口かな,団栗,秋
5369,團栗の音いかめしや卵塔場,団栗,秋
5370,團栗の音めづらしや板庇,団栗,秋
5371,團栗の廣葉つきぬく音すなり,団栗,秋
5372,團栗や屋根をころげて手水鉢,団栗,秋
5373,團栗の落ちて沈むや山の池,団栗,秋
5374,山に飢ゑて道は團栗ばかり也,団栗,秋
5375,團栗の落ちずなりたる嵐哉,団栗,秋
5376,團栗のひとりころがる山路哉,団栗,秋
5377,八方に風の道ある榎實哉,榎の実,秋
5378,野社に子供のたえぬ榎實哉,榎の実,秋
5379,一本に子供あつまる榎の實かな,榎の実,秋
5380,榎の實散る此頃うとし隣の子,榎の実,秋
5381,甘からず酸からず酸醤の實や秋の味,山椒の実,秋
5382,日おさへの通草の棚や檐のさき,通草,秋
5383,松高く通草の蔓のさがりたる,通草,秋
5384,山高く通草腐りぬ秋の霜,通草,秋
5385,老僧に通草をもらふ暇乞,通草,秋
5386,はちわれて實をこぼしたる柘榴哉,柘榴,秋
5387,口あけて柘榴のたるゝ軒端哉,柘榴,秋
5388,はちわれて實もこぼさゞる柘榴哉,柘榴,秋
5389,筆筒に拙く彫りし柘榴かな,柘榴,秋
5390,盆栽ノ柘榴實垂レテ落チントス,柘榴,秋
5391,白桃の白やこほるゝ朝の露,桃の実,夏
5392,とゞくだけ桃むしらるゝ二階哉,桃の実,夏
5393,桃くふや羽黒の山を前にして,桃の実,夏
5394,桃の實を籠にもりてや床の上,桃の実,夏
5395,桃舟の伏見を出るや二三艘,桃の実,夏
5396,越が谷へ桃喰ひに行くつれも哉,桃の実,夏
5397,旅籠屋の行燈暗し桃の虫,桃の実,夏
5398,道ばたの桃の木に實はなかりけり,桃の実,夏
5399,虫はみて桃紅の腐り哉,桃の実,夏
5400,桃盗む子を叱りけり垣の内,桃の実,夏
5401,桃の實の桃源を出て流れけり,桃の実,夏
5402,桃の實を論語讀む子に分ちけり,桃の実,夏
5403,病間や桃食ひながら李画く,桃の実,夏
5404,桃太郎は桃金太郎は何からぞ,桃の実,夏
5405,桃の如く肥えて可愛や目口鼻,桃の実,夏
5406,桃の實に目鼻かきたる如きかな,桃の実,夏
5407,川崎や梨を食ひ居る旅の人,梨,秋
5408,がしがしとしかも小梨の堅き哉,梨,秋
5409,川崎や小店小店の梨の山,梨,秋
5410,小刀や鉛筆を削り梨を剥く,梨,秋
5411,極上々あわ雪と記す梨の札,梨,秋
5412,すゞなりの小梨に村の曇り哉,梨,秋
5413,梨くふは大師戻りの人ならし,梨,秋
5414,梨むくや甘き雫の刃を垂るゝ,梨,秋
5415,日毎日毎十顆の梨を喰ひけり,梨,秋
5416,晝淋し梨をかぢつて句を案ず,梨,秋
5417,佛へと梨十ばかりもらひけり,梨,秋
5418,歸省して裏庭の梨落すべく,梨,秋
5419,梨黒く腐りて落つる畠哉,梨,秋
5420,梨したゝか腐りて落つる旱哉,梨,秋
5421,旱して梨くさり落つ畠哉,梨,秋
5422,梨くふて暫く憩ふ茶店哉,梨,秋
5423,大きなる梨を包みし袱紗哉,梨,秋
5424,ザボンより大きな梨をもらひけり,梨,秋
5425,汽車待つや梨喰ふ人の淋し顔,梨,秋
5426,石ノ卷ノ長十郎ガ見舞カナ,梨,秋
5427,吾ヲ見舞フ長十郎ガ誠カナ,梨,秋
5428,行脚より歸れば棗熟したり,棗,秋
5429,祇園の鴉愚庵の棗くひに來る,棗,秋
5430,棗多き古家買ふて移りけり,棗,秋
5431,茘枝摘んで土の達磨に供へばや,茘枝,夏
5432,倒まに這ひ行く兒や葡萄棚,葡萄,秋
5433,葉は虫にくはれなからも葡萄哉,葡萄,秋
5434,佛壇の葡萄を落す鼠哉,葡萄,秋
5435,蟲飛ぶや葡萄畠の薄月夜,葡萄,秋
5436,朱硯に葡萄のからの散亂す,葡萄,秋
5437,毎日は葡萄も喰はず水藥,葡萄,秋
5438,桃を得て葡萄を望む患者哉,葡萄,秋
5439,三尺の庭を掩ふや葡萄棚,葡萄,秋
5440,西洋の田舍に似たり葡萄園,葡萄,秋
5441,小説を好むあるじや葡萄棚,葡萄,秋
5442,小説を讀む窓さきや葡萄棚,葡萄,秋
5443,梨に飽きて葡萄を好む病哉,葡萄,秋
5444,鄙に住む牧師か家や葡萄棚,葡萄,秋
5445,ほしいまゝに葡萄取らしむ葡萄園,葡萄,秋
5446,虫くひの葉にかくれたる葡萄哉,葡萄,秋
5447,虫絶えず來る小窓や葡萄棚,葡萄,秋
5448,紫の玉累々と葡萄哉,葡萄,秋
5449,持主も知らず山路の葡萄園,葡萄,秋
5450,黒キマデニ紫深キ葡萄カナ,葡萄,秋
5451,ナリ初メシ自家ノ葡萄ヲ侑メケリ,葡萄,秋
5452,吹キ下ス妙義ノ霧ヤ葡萄園,葡萄,秋
5453,野葡萄に鶏遊ぶ小家かな,野葡萄,秋
5454,無花果や八百屋の裏にまだ青し,無花果,秋
5455,無花果や桶屋か門の月細し,無花果,秋
5456,黒板塀無花果多き小道かな,無花果,秋
5457,無花果の落ちてもくれぬ家主哉,無花果,秋
5458,無花果ニ手足生エタト御覧ゼヨ,無花果,秋
5459,一つらに藤の實なびく嵐哉,藤の實,秋
5460,南天の實をこぼしたる目白かな,南天の実,冬
5461,南天の實をこぼしてや鳴く雀,南天の実,冬
5462,花賣や七草盡きて梅もとき,梅もどき,冬
5463,貧しさに菊枯し瓶の梅もとき,梅もどき,冬
5464,貧しさは菊枯れし瓶の梅嫌,梅もどき,冬
5465,はりはりと木の實ふる也檜木笠,木の実,秋
5466,木立暗く何の實落つる水の音,木の実,秋
5467,木立暗く小川に落つる何の實ぞ,木の実,秋
5468,鳥啼いて赤き木の實をこぼしけり,木の実,秋
5469,鳥啼いて笹にこぼるゝ何の實ぞ,木の実,秋
5470,はね返る木の實の音や板庇,木の実,秋
5471,御手洗にこぼれて赤き木の實かな,木の実,秋
5472,我見しより久しきひよんの木實哉,木の実,秋
5473,代る代る礫打ちたる木の實かな,木の実,秋
5474,鍋蓋にはぢく木の實や流し元,木の実,秋
5475,二つ三つ木の實の落つる音淋し,木の実,秋
5476,木の實くふ我が前の世は猿か鳥か,木の実,秋
5477,俳諧や木の實くれさうな人を友,木の実,秋
5478,明寺の垣潜り入る木實哉,木の実,秋
5479,明寺の垣潜る子や木實取,木の実,秋
5480,師の坊に猿の持て來る木實哉,木の実,秋
5481,堂守の木の實を拾ふ掃除哉,木の実,秋
5482,貧淋し喰へぬ木の實の落る音,木の実,秋
5483,不二一つおさえて高き銀杏哉,銀杏黄葉,秋
5484,杉暗く中に色つく銀杏かな,銀杏黄葉,秋
5485,田甫から見ゆる谷中の銀杏哉,銀杏黄葉,秋
5486,松杉の中に黄ばみし銀杏哉,銀杏黄葉,秋
5487,鳶一羽住むや銀杏の羽はらはら,銀杏落葉,秋
5488,鷄遊ふ銀杏の下の落葉哉,銀杏落葉,秋
5489,下闇に光る銀杏の落葉かな,銀杏落葉,秋
5490,銀杏散る辻の日南やト屋算,銀杏落葉,秋
5491,此處はかり夕日の殘る紅葉哉,紅葉,秋
5492,一村の家まばらなる紅葉哉,紅葉,秋
5493,馬つなぐ木に散りそむる紅葉哉,紅葉,秋
5494,こかくれて薄き夕日の紅葉哉,紅葉,秋
5495,谷陰に夕日の殘る紅葉かな,紅葉,秋
5496,通りぬけ通りぬけても紅葉哉,紅葉,秋
5497,一もとの紅葉も見えず松縄手,紅葉,秋
5498,山寺の鐘に見あくる紅葉哉,紅葉,秋
5499,戎山の紅葉流るゝ小川哉,紅葉,秋
5500,菅笠をぬげばもみぢの二ツ三ツ,紅葉,秋
5501,日光は木さへ岩さへ紅葉哉,紅葉,秋
5502,はきすてる程にはちらす初紅葉,紅葉,秋
5503,吹きはるゝきりの跡より紅葉哉,紅葉,秋
5504,いつしかにふじも暮けり夕紅葉,紅葉,秋
5505,笠ぬげば笠の上にも紅葉かな,紅葉,秋
5506,痩村と思ひの外の紅葉哉,紅葉,秋
5507,夕日さす紅葉の中に小村哉,紅葉,秋
5508,朝霧の杉にかたよるもみち哉,紅葉,秋
5509,一村は夕日をあびる紅葉哉,紅葉,秋
5510,岩に腹つけてのぞけばもみち哉,紅葉,秋
5511,岩鼻に見上げ見下す紅葉哉,紅葉,秋
5512,いろいろの紅葉の中の銀杏哉,紅葉,秋
5513,牛小屋の留守に鹿鳴く紅葉哉,紅葉,秋
5514,牛の子を追ひ追ひはいるもみち哉,紅葉,秋
5515,薄紅葉紅にそめよと與へけり,紅葉,秋
5516,薄紅葉紅にそめよと與へたり,紅葉,秋
5517,うつくしき朝日夕日やむらもみち,紅葉,秋
5518,馬の背の大根白し夕もみち,紅葉,秋
5519,奥庭やもみぢ蹴あぐる緋の袴,紅葉,秋
5520,恐ろしきいはほと見れば紅葉かな,紅葉,秋
5521,面白や一尺の木も櫨紅葉,紅葉,秋
5522,駕下りて紅葉へ二里と申す也,紅葉,秋
5523,かごかきの熱い息ふく紅葉かな,紅葉,秋
5524,川一つ處々のもみぢ哉,紅葉,秋
5525,傘にをりをり見すくもみち哉,紅葉,秋
5526,からかねの鑄ぬきの門や薄紅葉,紅葉,秋
5527,狩りくらす靱の底の紅葉哉,紅葉,秋
5528,煙たつ軒にふすぼるもみち哉,紅葉,秋
5529,猿引の家はもみちとなりにけり,紅葉,秋
5530,下闇に紅葉一木のゆふ日哉,紅葉,秋
5531,尺八の手に持ちそふるもみち哉,紅葉,秋
5532,白河の關を染めけり夕紅葉,紅葉,秋
5533,白鷺の泥にふみこむもみち哉,紅葉,秋
5534,神殿の御格子おろすもみち哉,紅葉,秋
5535,居風呂に紅葉はねこむ筧哉,紅葉,秋
5536,關守の徳利かくすもみち哉,紅葉,秋
5537,絶壁に夕日うらてるもみち哉,紅葉,秋
5538,背に鳥帽子かけた仕丁や薄もみち,紅葉,秋
5539,千山の紅葉一すぢの流れ哉,紅葉,秋
5540,先生の草鞋も見たり紅葉哉,紅葉,秋
5541,松明の山上り行くもみち哉,紅葉,秋
5542,谷窪に落ち重なれるもみち哉,紅葉,秋
5543,谷底に空の狹さやむら紅葉,紅葉,秋
5544,谷深く夕日一すぢのもみち哉,紅葉,秋
5545,旅人のもみちに暮れてあはれ也,紅葉,秋
5546,旅人のもみちに暮れていそぎけり,紅葉,秋
5547,豆腐屋の豆腐の水にもみち哉,紅葉,秋
5548,常盤木にまじりて遲き紅葉哉,紅葉,秋
5549,どの山の紅葉か殘る馬の鞍,紅葉,秋
5550,どの山の紅葉なるらん馬の鞍,紅葉,秋
5551,ともし火の見えて紅葉の奥深し,紅葉,秋
5552,何の木も紅葉となればうつくしき,紅葉,秋
5553,二三枚取て重ねる紅葉哉,紅葉,秋
5554,日光に紅葉せぬ木はなかりけり,紅葉,秋
5555,日光は杖にする木も紅葉かな,紅葉,秋
5556,鷄の鳴く奥もありむらもみち,紅葉,秋
5557,箱根路は一月早し初もみち,紅葉,秋
5558,橋赤く谷川青し薄もみち,紅葉,秋
5559,橋一つ樵夫の通ふ紅葉かな,紅葉,秋
5560,一枝の紅葉そへたり妹が文,紅葉,秋
5561,一むらは夕日をあびる紅葉哉,紅葉,秋
5562,火ともせはずんぶり暮るゝ紅葉哉,紅葉,秋
5563,二荒や紅葉紅葉の山かつら,紅葉,秋
5564,舟流すあとに押しよるもみち哉,紅葉,秋
5565,辨當を鹿にやつたるもみち哉,紅葉,秋
5566,町ありく樵夫の髪にもみち哉,紅葉,秋
5567,眞黒に釣鐘暮れるもみち哉,紅葉,秋
5568,松の木はあらはれにけりむら紅葉,紅葉,秋
5569,味噌色に摺鉢山の紅葉哉,紅葉,秋
5570,道二つ馬士と木こりのもみち哉,紅葉,秋
5571,湖をとりまく山の紅葉かな,紅葉,秋
5572,むら紅葉巖ばかりの深山かな,紅葉,秋
5573,燃え殘る伽藍のあとの紅葉かな,紅葉,秋
5574,紅葉する木立もなしに山深し,紅葉,秋
5575,紅葉せぬいはほも山もなかりけり,紅葉,秋
5576,紅葉にも一日にぎわし京の秋,紅葉,秋
5577,紅葉見え瀧見える茶屋の床几かな,紅葉,秋
5578,紅葉やく烟は黒し土鑵子,紅葉,秋
5579,紅葉より瀧ちる谷間谷間かな,紅葉,秋
5580,藪蔭に夕日の足らぬもみち哉,紅葉,秋
5581,山駕の空からくるやむらもみち,紅葉,秋
5582,山寺に塩こぼし行くもみちかな,紅葉,秋
5583,山はくつ日のてりわける紅葉かな,紅葉,秋
5584,行く秋を奇麗にそめし紅葉哉,紅葉,秋
5585,夕しくれ見返る山のもみち哉,紅葉,秋
5586,夕紅葉寺の木魚ははげにけり,紅葉,秋
5587,夕もみち女もまじるうたひ哉,紅葉,秋
5588,横雲のすき間こほるゝもみち哉,紅葉,秋
5589,廊下から手燭をうつすもみち哉,紅葉,秋
5590,兩岸の紅葉に下す筏かな,紅葉,秋
5591,をさな子の手に重ねたるもみち哉,紅葉,秋
5592,小原女の衣ふるへばもみぢ哉,紅葉,秋
5593,をりをりに鹿のかほ出す紅葉哉,紅葉,秋
5594,家あれば菊あり村あれば薄紅葉,紅葉,秋
5595,馬行くや雨の棧橋夕紅葉,紅葉,秋
5596,傘持の火鉢ほしがる紅葉哉,紅葉,秋
5597,川青く瀧白し紅葉處處,紅葉,秋
5598,汽車の窓折々うつる紅葉哉,紅葉,秋
5599,煙立つ紅葉の中の小村かな,紅葉,秋
5600,源氏画の車もかもな夕紅葉,紅葉,秋
5601,上臈の折たさうなる紅葉哉,紅葉,秋
5602,石門に雲の宿かる紅葉哉,紅葉,秋
5603,谷川は藍より青しむら紅葉,紅葉,秋
5604,血なまくさき戸隱山の紅葉哉,紅葉,秋
5605,釣鐘を染め殘したる紅葉哉,紅葉,秋
5606,虹消えて夕山寒し薄紅葉,紅葉,秋
5607,日光の空をこがすや夕紅葉,紅葉,秋
5608,初紅葉そろそろ松をこぼれけり,紅葉,秋
5609,人もなし紅葉の小橋夕日さす,紅葉,秋
5610,人呼ぶや紅葉の宿のきぬかつき,紅葉,秋
5611,二荒や紅葉にこもる瀧の音,紅葉,秋
5612,二荒を蒔繪にしたる紅葉哉,紅葉,秋
5613,古寺に灯のともりたる紅葉哉,紅葉,秋
5614,まだ青き紅葉に秋の夕寒し,紅葉,秋
5615,又一つ紅葉の中に小村哉,紅葉,秋
5616,道々の菊や紅葉や右左,紅葉,秋
5617,武者一騎夕山こゆる紅葉哉,紅葉,秋
5618,紅葉あり夕日の酒屋月の茶屋,紅葉,秋
5619,紅葉して錦に埋む家二軒,紅葉,秋
5620,紅葉して兀山一つのこりけり,紅葉,秋
5621,山鳥のしだり尾動く紅葉哉,紅葉,秋
5622,行く秋や紅葉の中の一軒家,紅葉,秋
5623,夕雲の石門めぐる紅葉哉,紅葉,秋
5624,夕紅葉谷川つたひ牛戻る,紅葉,秋
5625,夕紅葉角あるものは鹿許り,紅葉,秋
5626,夕山や下戸と上戸のむら紅葉,紅葉,秋
5627,伶人のならびぬ紅葉かざしつゝ,紅葉,秋
5628,女ゆかし紅葉を散らす烟草盆,紅葉,秋
5629,家まばら牛歸る道の紅葉哉,紅葉,秋
5630,家やいづこ夕山紅葉人歸る,紅葉,秋
5631,奥深き杉の木の間の紅葉かな,紅葉,秋
5632,きらきらと紅葉まはゆし藪の中,紅葉,秋
5633,紅の夕日を浦の紅葉かな,紅葉,秋
5634,杉木立中に紅葉の家居あり,紅葉,秋
5635,杉の奥に白雲起る紅葉哉,紅葉,秋
5636,塔見ゆや小山つゞきのむら紅葉,紅葉,秋
5637,つれだつや女商人山紅葉,紅葉,秋
5638,手も足も顔も野寺の紅葉かな,紅葉,秋
5639,はらはらと飛ぶや紅葉の四十雀,紅葉,秋
5640,一葉二葉若木の楓初紅葉,紅葉,秋
5641,一もとは墓場の中の薄紅葉,紅葉,秋
5642,松杉や朱の圍垣の薄紅葉,紅葉,秋
5643,松紅葉中に暮るゝや大悲閣,紅葉,秋
5644,眞帆片帆小島小島の紅葉哉,紅葉,秋
5645,見上ぐれば石壇高し夕紅葉,紅葉,秋
5646,水青く石白く兩岸の紅葉哉,紅葉,秋
5647,目の下やおよそ紅葉の十箇村,紅葉,秋
5648,紅葉あり寺も社も岡の上,紅葉,秋
5649,山に倚つて家まばらなりむら紅葉,紅葉,秋
5650,嵐山はつかにもみちそめにけり,紅葉,秋
5651,梅紅葉天滿の屋根に鴉鳴,紅葉,秋
5652,砂土手や山をかざして櫨紅葉,紅葉,秋
5653,亭ところところ渓に橋ある紅葉哉,紅葉,秋
5654,通天の下に火を焚く紅葉かな,紅葉,秋
5655,西うくる奈良の家々紅葉かな,紅葉,秋
5656,箒持つて所化二人立つ紅葉哉,紅葉,秋
5657,白雲紅葉ともし火見えて日暮れたり,紅葉,秋
5658,日表を塀崩れたる紅葉かな,紅葉,秋
5659,人氣なき山の紅葉や瀧の音,紅葉,秋
5660,松の中ひそかにもみちそめにけり,紅葉,秋
5661,紅葉焼く法師は知らず酒の燗,紅葉,秋
5662,夕山の裾に紅葉の小村かな,紅葉,秋
5663,柳樹屯紅葉する木もなかりけり,紅葉,秋
5664,惡僧の女捉ふる紅葉かな,紅葉,秋
5665,荒寺や金屏はげて夕紅葉,紅葉,秋
5666,大杉の下に一木の紅葉哉,紅葉,秋
5667,樫多く紅葉稀なり山深み,紅葉,秋
5668,暮れ行くや杉の林の薄紅葉,紅葉,秋
5669,酒を賣る紅葉の茶屋に妖女あり,紅葉,秋
5670,笹原に笹のたけなる紅葉かな,紅葉,秋
5671,三寸の苗も楓の紅葉かな,紅葉,秋
5672,谷を渡り寺に上るところ紅葉哉,紅葉,秋
5673,手拭に紅葉打ちこむ砧かな,紅葉,秋
5674,手拭に紅葉打ち出す砧かな,紅葉,秋
5675,寺やある夕山紅葉木魚打つ,紅葉,秋
5676,栂尾や紅葉にかゝるこぼれ酒,紅葉,秋
5677,南岸の茶屋北岸の寺やむら紅葉,紅葉,秋
5678,方等と般若と懸る紅葉哉,紅葉,秋
5679,人さわぐ漁村の市や夕紅葉,紅葉,秋
5680,灯ともしの顔に灯うつる紅葉かな,紅葉,秋
5681,幕吹いて伶人見ゆる紅葉哉,紅葉,秋
5682,滿山の紅葉一條の流れ哉,紅葉,秋
5683,夕紅葉飯繩に人の淋しがる,紅葉,秋
5684,魯知深の寺を追はるゝもみち哉,紅葉,秋
5685,犬吠えて故郷荒れぬ柿紅葉,紅葉,秋
5686,稻刈て村靜か也柿紅葉,紅葉,秋
5687,家すこし牛歸る道の紅葉かな,紅葉,秋
5688,柿賣て淋しき柿の紅葉哉,紅葉,秋
5689,柿の實の三ツ四ツ柿の紅葉哉,紅葉,秋
5690,門口に棉干す家や柿もみち,紅葉,秋
5691,河内から大和へ出でぬ柿紅葉,紅葉,秋
5692,蕎麥白く柿の紅葉に夕榮す,紅葉,秋
5693,寺紅葉京の柿賣は女なり,紅葉,秋
5694,櫨紅葉柿紅葉里の夕榮す,紅葉,秋
5695,塀低き在郷寺や柿紅葉,紅葉,秋
5696,讀み盡きし状をこぼるゝ紅葉哉,紅葉,秋
5697,讀み盡きて手紙こほるゝ紅葉哉,紅葉,秋
5698,藁家をめくりて柿の紅葉哉,紅葉,秋
5699,駕舁や紅葉は焚かす茶碗酒,紅葉,秋
5700,かつ散らす庭の紅葉や四十雀,紅葉,秋
5701,鉢栽の小松が中の紅葉かな,紅葉,秋
5702,ひとり寐の紅葉に冷えし夜もあらん,紅葉,秋
5703,文と詩と松と紅葉とまじりたり,紅葉,秋
5704,紅葉山の文庫保ちし人は誰,紅葉,秋
5705,山駕や雨さつと來る夕紅葉,紅葉,秋
5706,白瀧の二筋かゝる紅葉かな,紅葉,秋
5707,草紅葉ばつたが宿は荒にけり,紅葉,秋
5708,病牀ノ財布モ秋ノ錦カナ,紅葉,秋
5709,御連枝の末まで秋の錦かな,紅葉,秋
5710,山寺や無縁の墓に散る紅葉,紅葉散る,秋
5711,夕日さす村の煙や散る紅葉,紅葉散る,秋
5712,馬の沓換ふるや櫨の紅葉散る,紅葉散る,秋
5713,縱横に蔦這ひたらぬ岩屋哉,蔦,秋
5714,水晶のいはほに蔦の錦かな,蔦,秋
5715,蔦の葉をつたふて松の雫哉,蔦,秋
5716,浪ぎはへ蔦はひ下りる十餘丈,蔦,秋
5717,羽衣やちきれてのこる松のつた,蔦,秋
5718,ひつはれは思はぬ蔦の動きけり,蔦,秋
5719,蔦の這ふ吉野拾遺の名所哉,蔦,秋
5720,我戀や筆のはこびも蔦かつら,蔦,秋
5721,板塀や厨につゞく蔦かづら,蔦,秋
5722,岩橋の裏這ふ猿や蔦かつら,蔦,秋
5723,岩山や空に這ひつく蔦紅葉,蔦,秋
5724,搦手や門朽ちて蔦うつくしき,蔦,秋
5725,淋しさや蔦の細道捨草鞋,蔦,秋
5726,大木を抱いて短し蔦かつら,蔦,秋
5727,月うかれ妙義の蔦を上らうよ,蔦,秋
5728,蔦かつら裏門多き小道かな,蔦,秋
5729,蔦さがる岩の凹みや堂一つ,蔦,秋
5730,蔦の葉や無絃の琴に這ひかゝる,蔦,秋
5731,引窓に蔦の手を出す山家かな,蔦,秋
5732,猪や足すくはるゝ蔦かつら,蔦,秋
5733,蔦からむ侍町の土塀かな,蔦,秋
5734,蔦さがる窓に緑の朝日かな,蔦,秋
5735,西側は蔦の窓なり四疊半,蔦,秋
5736,足ふるふ胎内くゞり蔦赤し,蔦,秋
5737,松嶋の松にかつらも蔦もなし,蔦,秋
5738,蔦まとふ塀に窓あり家中町,蔦,秋
5739,わざと這はす蔦の茂りや茶師の門,蔦,秋
5740,神杉や三百年の蔦紅葉,蔦紅葉,秋
5741,神松や三百年のつたもみぢ,蔦紅葉,秋
5742,かりそめの鑵子のつるや蔦もみち,蔦紅葉,秋
5743,枯木ともしらずに蔦の紅葉哉,蔦紅葉,秋
5744,山賊のすみかを問へば鳶紅葉,蔦紅葉,秋
5745,杉の木や三百年の鳶紅葉,蔦紅葉,秋
5746,鉢植の松にも蔦の紅葉かな,蔦紅葉,秋
5747,一筋は月にたれけり蔦紅葉,蔦紅葉,秋
5748,一筋は月にたれたり蔦もみぢ,蔦紅葉,秋
5749,松二木蔦一もとのもみぢ哉,蔦紅葉,秋
5750,行く秋や松にすがりし蔦紅葉,蔦紅葉,秋
5751,わりなしや小松をのぼる蔦紅葉,蔦紅葉,秋
5752,白雲の上に岩あり蔦紅葉,蔦紅葉,秋
5753,白雲や三千丈の蔦紅葉,蔦紅葉,秋
5754,竝松や根はむしられて蔦紅葉,蔦紅葉,秋
5755,軒の端や裏葉すゝけて蔦紅葉,蔦紅葉,秋
5756,一筋は戸にはさまれて蔦紅葉,蔦紅葉,秋
5757,紅葉する蔦さへ見えず神の松,蔦紅葉,秋
5758,松の蔦きたならしくも紅葉哉,蔦紅葉,秋
5759,藪かこふ寺の土塀や蔦紅葉,蔦紅葉,秋
5760,燕を見送りながら柳ちる,柳散る,秋
5761,柳ちる土手や笠ゆき笠戻る,柳散る,秋
5762,大柳ちり盡すとも見えざりき,柳散る,秋
5763,門の柳烏啼きけり散りにけり,柳散る,秋
5764,此門や客の出入りにちる柳,柳散る,秋
5765,寺あれて柳ちりこむ古井哉,柳散る,秋
5766,路ばたの柳ちりけり牛の角,柳散る,秋
5767,道ばたの柳ちる也牛の角,柳散る,秋
5768,六朝の塚や夕日の柳散る,柳散る,秋
5769,さで網に柳散りこむ小川かな,柳散る,秋
5770,古庭の柳散りけり手水鉢,柳散る,秋
5771,柳散り菜屑流るゝ小川哉,柳散る,秋
5772,明家の戸に寐る犬や柳散る,柳散る,秋
5773,かせを干す紺屋の柳散りにけり,柳散る,秋
5774,鐘を撞く叟の頭に柳散る,柳散る,秋
5775,斷橋流水夕日の柳散りにけり,柳散る,秋
5776,橋を守る叟の頭に柳散る,柳散る,秋
5777,古塚に恋のさめたる柳散る,柳散る,秋
5778,古塚や戀のさめたる柳散る,柳散る,秋
5779,古濠や腐つた水に柳散る,柳散る,秋
5780,通ひけり出口の柳散る日迄,柳散る,秋
5781,廣小路散るか柳のまばらなる,柳散る,秋
5782,朝見れば柳散りけり辻行燈,柳散る,秋
5783,池近き芝に柳の落葉哉,柳散る,秋
5784,今も猶柳散るなり山谷堀,柳散る,秋
5785,大門の柳散りけり掃きにけり,柳散る,秋
5786,柳散る秦淮と詩につくりけり,柳散る,秋
5787,柳散る地藏の頭なかりけり,柳散る,秋
5788,色かへぬ松や主は知らぬ人,色かえぬ松,冬
5789,うらの戸に色かへぬ松の枯れにけり,色かえぬ松,冬
5790,色かへぬ松はめでたし竹ゆかし,色かえぬ松,冬
5791,青々と障子にうつるはせを哉,芭蕉,夏
5792,さびしさのうれしさうなる芭蕉哉,芭蕉,夏
5793,芭蕉葉や風も蜘手にふき分れ,芭蕉,夏
5794,思ふ事風に成たるはせを哉,芭蕉,夏
5795,笹塚の笹を根にしてはせを哉,芭蕉,夏
5796,桐の雨はせをの風や庵の空,芭蕉,夏
5797,風吹てさし物裂けるはせを哉,芭蕉,夏
5798,隣からともしのうつるはせを哉,芭蕉,夏
5799,芭蕉己に此秋をのびる事五尺,芭蕉,夏
5800,芭蕉破れて書讀む君の聲近し,芭蕉,夏
5801,荒寺や芭蕉破れて猫もなし,芭蕉,夏
5802,唐めかす石に竝びて芭蕉かな,芭蕉,夏
5803,廻廊の曲り曲りの芭蕉哉,芭蕉,夏
5804,芭蕉破れて露おくべくもあらぬ哉,芭蕉,夏
5805,綻びのとめどもなくて芭蕉哉,芭蕉,夏
5806,石に觸れて芭蕉驚く夜半哉,芭蕉,夏
5807,大寺の施餓鬼過ぎたる芭蕉哉,芭蕉,夏
5808,大寺や芭蕉廣がる庭の隅,芭蕉,夏
5809,がさがさと猫の上りし芭蕉哉,芭蕉,夏
5810,壁隣芭蕉に風のわたりけり,芭蕉,夏
5811,壁隣芭蕉の風に吹かれけり,芭蕉,夏
5812,さらさらと白雲わたるはせを哉,芭蕉,夏
5813,猿松の狸を繋ぐ芭蕉かな,芭蕉,夏
5814,靜かさを少し吹かるゝ芭蕉哉,芭蕉,夏
5815,芭蕉四五株朱欄の橋の苔ぬれたり,芭蕉,夏
5816,芭蕉破れて繕ふべくもあらぬ哉,芭蕉,夏
5817,芭蕉破れて古池半ば埋もれり,芭蕉,夏
5818,破れ盡す貧乏寺の芭蕉哉,芭蕉,夏
5819,六尺の庭にふさがる芭蕉かな,芭蕉,夏
5820,黄檗の山門深き芭蕉かな,芭蕉,夏
5821,折々や芭蕉雨戸にさはる音,芭蕉,夏
5822,渓に近く亭あり芭蕉七八株,芭蕉,夏
5823,手燭袖に芭蕉の廊を通りけり,芭蕉,夏
5824,手燭袖に芭蕉の廊下通りけり,芭蕉,夏
5825,日蝕すること八分芭蕉に風起る,芭蕉,夏
5826,試みに芭蕉の題字蘇子に擬す,芭蕉,夏
5827,廣き葉に朝日のあたる芭蕉哉,芭蕉,夏
5828,貧村に寺一つあり破れ芭蕉,芭蕉,夏
5829,吹き散らす芭蕉の露や敷瓦,芭蕉,夏
5830,屋根葺のごみ掃落す芭蕉哉,芭蕉,夏
5831,十反の帆は巻いてある芭蕉哉,芭蕉,夏
5832,とゆ朽て雨だれかゝる芭蕉哉,芭蕉,夏
5833,青崖ト愚庵芭蕉ト蘇鐡哉,芭蕉,夏
5834,蘇東坡の笠やつくらん竹の春,竹の春,春
5835,七賢の正月來たり竹の春,竹の春,春
5836,碁盤あり琴あり窓の竹の春,竹の春,春
5837,窓あつて琴立てかけつ竹の春,竹の春,春
5838,竹むらの秋をうしろに浦家かな,竹の春,春
5839,手てうけてやりたし荻のこほれ露,荻,秋
5840,さらさらと水こす荻の下葉哉,荻,秋
5841,水門に荻をすひこむ流れ哉,荻,秋
5842,濱荻や水氣はなれし畑の中,荻,秋
5843,水音の荻にかくるゝ夕哉,荻,秋
5844,わがはねるその水かぶる風の荻,荻,秋
5845,濱荻に隠れて低し蜑が家,荻,秋
5846,荻吹くや崩れそめたる雲の峰,荻,秋
5847,川風はあしの葉に來てそよきたつけり,芦,秋
5848,川風はあしの葉に來てそよきたつ,芦,秋
5849,沼古りし蘆の茂や四手小屋,芦,秋
5850,蜑か家のかこひもなしに蘆の花,芦の花,秋
5851,蘆ちるや淺妻舟の波の音,芦の花,秋
5852,鮭船のへさき竝べて蘆の花,芦の花,秋
5853,月落て江村蘆の花白し,芦の花,秋
5854,蘆散るや夕日の川の捨小舟,芦の花,秋
5855,砂村や蘆散る暮の戻り舟,芦の花,秋
5856,橋高し小川を挟む蘆の花,芦の花,秋
5857,引舟や蘆の葉隱れ花隱れ,芦の花,秋
5858,舟歌のどのに隱れて蘆の花,芦の花,秋
5859,夕風や蘆の花散る捨小舟,芦の花,秋
5860,蘆の花彦根の城は隠れけり,芦の花,秋
5861,橋やあらん漁夫歸り行く蘆の花,芦の花,秋
5862,鷺落ちて夕月細し蘆の花,芦の花,秋
5863,魚釣り得て酒買ひに行く蘆の花,芦の花,秋
5864,魚を得て酒買ひに行く蘆の花,芦の花,秋
5865,柴又へ通ふ渡しや蘆の花,芦の花,秋
5866,船つなく阮家の背戸や蘆の花,芦の花,秋
5867,弓掛けし朱貴が酒屋や蘆の花,芦の花,秋
5868,笠いくつ蘆の穗つたひ廻りけり,芦の穂,秋
5869,引舟の蘆の穗かくれ動く笠,芦の穂,秋
5870,蘆の穗に汐さし上る小川かな,芦の穂,秋
5871,蘆の穗や酒屋へ上る道一つ,芦の穂,秋
5872,堀割や蘆の穗がくれ捨小舟,芦の穂,秋
5873,刈萱の穗にあらはれぬ思ひかな,刈萱,秋
5874,刈萱の穗にあらはれぬうらみかな,刈萱,秋
5875,刈萱の亂るゝ思ひをまがきかな,刈萱,秋
5876,宵闇や薄に月のいづる音,薄,秋
5877,秋風のそよく處の尾花かな,薄,秋
5878,秋風のそよく處や尾花かな,薄,秋
5879,おのが荷に追はれて淋し芒賣,薄,秋
5880,僧一人薄の中にくれにけり,薄,秋
5881,のびすぎてさひしさまさる芒哉,薄,秋
5882,水流れ芒招くやされかうべ,薄,秋
5883,尼寺や向へはなびくすゝきの穗,薄,秋
5884,奥山や秋はと問へばすゝきかな,薄,秋
5885,これ程の秋を薄のおさえけり,薄,秋
5886,そよそよとすゝき動くや晴るゝ霧,薄,秋
5887,どれだけの秋の奢ぞ薄うり,薄,秋
5888,細らすにゐられぬ風のすゝき哉,薄,秋
5889,三日月の重みをしなふすゝきかな,薄,秋
5890,武藏野に月あり芒八百里,薄,秋
5891,秋老て物恐ろしきすゝきかな,薄,秋
5892,雨さそふ千疊敷の薄かな,薄,秋
5893,石の上にはへぬ許りそ花薄,薄,秋
5894,伊豆相模境もわかず花すゝき,薄,秋
5895,馬の尾をたばねてくゝる薄哉,薄,秋
5896,おろおろとのんで風呼ぶ薄哉,薄,秋
5897,笠賣とならんで出たり薄賣,薄,秋
5898,風拂ふ尾花か雲や不二の山,薄,秋
5899,風一筋川一筋の薄かな,薄,秋
5900,川一筋風一筋のすゝきかな,薄,秋
5901,行水の中へしたゝる薄哉,薄,秋
5902,草刈の刈りそろへけり花薄,薄,秋
5903,さきへ行く馬の尾かくす薄かな,薄,秋
5904,菅笠のそろふて動く薄哉,薄,秋
5905,薄賣去年の笠をかぶりけり,薄,秋
5906,すてつきに押し分けて行薄哉,薄,秋
5907,月の出て風に成たる芒かな,薄,秋
5908,出つ入つ薄の山と蘆の海,薄,秋
5909,はけ物といハれてそよく花薄,薄,秋
5910,はけ物といハれてゆれし花薄,薄,秋
5911,はけ物といハれてをかし花薄,薄,秋
5912,箱根山薄八里と申さはや,薄,秋
5913,箱根山薄八里と申さずや,薄,秋
5914,はねかえす野分のあとの薄哉,薄,秋
5915,はや秋のありたけ見する芒哉,薄,秋
5916,一谷は風撫であぐる薄哉,薄,秋
5917,一谷は雲すみつかぬ薄かな,薄,秋
5918,一山は風にかたよる薄哉,薄,秋
5919,晝見れば薄の山や虫の聲,薄,秋
5920,吹きかへす風の薄のそゝけ哉,薄,秋
5921,への字への字かさなる山の薄哉,薄,秋
5922,堀割に風のうつむく薄哉,薄,秋
5923,堀割になれてうつむく薄哉,薄,秋
5924,水はねる添水のまねを尾花かな,薄,秋
5925,むさし野に筑波を望む尾花哉,薄,秋
5926,武蔵野の不二は尾花に紛れけり,薄,秋
5927,むさしのや薄のはてのつくば山,薄,秋
5928,山姥の力餅賣る薄かな,薄,秋
5929,槍たてた人も通らず花薄,薄,秋
5930,槍立てゝ通る人なし花薄,薄,秋
5931,夕月に露ふりかける尾花哉,薄,秋
5932,宵闇や笠のうらかく花薄,薄,秋
5933,我戀は穗に出て招く尾花哉,薄,秋
5934,草鞋の緒きれてよりこむ薄哉,薄,秋
5935,牛引て大の男や薄原,薄,秋
5936,牛むれて薄まじりの牧場哉,薄,秋
5937,風筋のかはりて枯るゝ薄かな,薄,秋
5938,風吹てはても那須野の芒哉,薄,秋
5939,風吹て一つ家かくすすゝき哉,薄,秋
5940,こゝろみに四五本出たり初尾花,薄,秋
5941,實方が馬の尾を吹く薄哉,薄,秋
5942,順禮の親子出てくるすゝき哉,薄,秋
5943,少しづゝ砂利に取らるゝ薄哉,薄,秋
5944,すゞ風のよそよそしさよ初尾花,薄,秋
5945,薄ほるあとのくぼみや小雨ふる,薄,秋
5946,旅人のともに吹かるゝ尾花かな,薄,秋
5947,辻君や尾花波よる袖の露,薄,秋
5948,墓あれて卒塔婆短き尾花哉,薄,秋
5949,花薄こゝも小町のふしど哉,薄,秋
5950,花山車や薄に似たる小提灯,薄,秋
5951,人や招く狐の尾花そよぐなり,薄,秋
5952,舟一つそよぎ出したる薄哉,薄,秋
5953,穗薄の顏かく汽車の小窓哉,薄,秋
5954,穗薄を筆に結んで物書かん,薄,秋
5955,三日月やはつれはつれの花芒,薄,秋
5956,むら尾花物見やしきの跡古りぬ,薄,秋
5957,夕風に一山なびく薄哉,薄,秋
5958,海見えて尾花が末の白帆かな,薄,秋
5959,大石を抱えてなびく尾花かな,薄,秋
5960,きぬきぬの薄の小道君招く,薄,秋
5961,谷川や岸は夕日の尾花散る,薄,秋
5962,何草となく生ふる中の尾花かな,薄,秋
5963,何の草となく生ふる中の尾花哉,薄,秋
5964,二度よりは通らぬ汽車や花芒,薄,秋
5965,一つ家を埋めて風の薄かな,薄,秋
5966,舟や行く水棹動く花芒,薄,秋
5967,麓から風吹き起るすゝき哉,薄,秋
5968,麓より風吹き起る薄かな,薄,秋
5969,祭見に狐も尾花かざし來よ,薄,秋
5970,武藏野や畠の隅の花芒,薄,秋
5971,賣馬の進まず風の芒花,薄,秋
5972,椽朽ちて狐の穴の尾花哉,薄,秋
5973,片側に薄少しある小池かな,薄,秋
5974,薄原月は頭の上にあり,薄,秋
5975,捨笠や芒の小雨萩の露,薄,秋
5976,田の中や何に殘して花芒,薄,秋
5977,露に伏す薄の原の朝日哉,薄,秋
5978,箱根路の石落ちかゝる芒哉,薄,秋
5979,花薄しきりに雲の起りけり,薄,秋
5980,花芒墓いづれとも見定めず,薄,秋
5981,伏勢の矢尻そろへる芒かな,薄,秋
5982,穗芒や野末は暮れて氣車の音,薄,秋
5983,招かれつ追はれつ風の芒かな,薄,秋
5984,皆やせけり男薄に女郎花,薄,秋
5985,見渡せば薄がちなる山邊哉,薄,秋
5986,山陰や薄は薄月は月,薄,秋
5987,猪の嵐に向ふ芒かな,薄,秋
5988,稻光芒の上を走りけり,薄,秋
5989,學校の此頃で來し薄かな,薄,秋
5990,駕二つ徒歩五六人花薄,薄,秋
5991,刀拔いて人潛み居る芒かな,薄,秋
5992,狩人の鐵砲見ゆる薄かな,薄,秋
5993,くゝりあげて片そよぎする芒哉,薄,秋
5994,十字架の墓に薄もなかりけり,薄,秋
5995,十丈の杉六尺の薄かな,薄,秋
5996,死んだ夢は生きた夢也花芒,薄,秋
5997,薄刈る童に逢ひぬ箱根山,薄,秋
5998,芒わけて甘藷先生の墓を得たり,薄,秋
5999,薄わけて行くや笠深く鞘赤し,薄,秋
6000,絶頂平かに寺の跡と見えて花薄,薄,秋
6001,絶頂はなかなかに薄ばかり也,薄,秋
6002,旅はものゝ那須の薄にだまされな,薄,秋
6003,田を隔てゝ薄の岡を見得たり,薄,秋
6004,戸あくれば灯影にそよぐ芒哉,薄,秋
6005,とかくして西に傾く芒かな,薄,秋
6006,何ともな芒がもとの吾亦香,薄,秋
6007,何やらの原と申して薄かな,薄,秋
6008,箱根路や薄に富士の六合目,薄,秋
6009,花芒品川の人家隱見す,薄,秋
6010,一秋の思ひに痩する薄かな,薄,秋
6011,一谷は芒にまじる草もなし,薄,秋
6012,一もとの薄に風の起りけり,薄,秋
6013,祠淋し一むら芒そよそよと,薄,秋
6014,山に上れば芒の中に墓場あり,薄,秋
6015,夕風や薄つかんで鳥が鳴く,薄,秋
6016,夕薄草履さげて人うろうろす,薄,秋
6017,夕薄見る見る風になりにけり,薄,秋
6018,夜嵐や風呂場倒れて花薄,薄,秋
6019,片側は鶯谷の芒かな,薄,秋
6020,しばられて片そよぎする芒かな,薄,秋
6021,薄の芽もえぬ病のいえるべく,薄,秋
6022,穗薄や裃多き野邊送,薄,秋
6023,無雜作にくゝりあけたる芒哉,薄,秋
6024,犬に逢ふ芒の山や村近き,薄,秋
6025,汽車を下りて淋しき驛や花芒,薄,秋
6026,實方の芒は刈らず村の者,薄,秋
6027,萩刈りて芒淋しき小庭哉,薄,秋
6028,日は暮れて芒の山を越えにけり,薄,秋
6029,武藏野を見下す崖や花芒,薄,秋
6030,汽車を見る崖の茶店や花芒,薄,秋
6031,庭さきに暑し芒の亂髪,薄,秋
6032,尾花常山崖の茶店や汽車を見る,薄,秋
6033,夕月や芒吹かるゝ塀の外,薄,秋
6034,芋の湯氣團子ノ露ヤ花芒,薄,秋
6035,よべこゝに花火あげたる芒かな,薄,秋
6036,粟の穗に鷄飼ふや一構,粟,秋
6037,粟の穗のこゝを叩くなこの墓を,粟,秋
6038,粟の穗のこゝを叩くな父の墓,粟,秋
6039,粟や菜や裾山畠四角なり,粟,秋
6040,通夜堂の前に粟干す日向かな,粟,秋
6041,山里や箕に干す粟の二三升,粟,秋
6042,小山田や箕に干す粟の二三升,粟,秋
6043,大水や屋根に粟干す野の小家,粟,秋
6044,行く馬のあとにうなづく粟か稗か,粟,秋
6045,粟刈りて黍にむらかる雀哉,粟,秋
6046,粟畑を前に網張る男哉,粟,秋
6047,旅人の荷にかけし粟の一穗哉,粟,秋
6048,故郷や道狹くして粟垂るゝ,粟,秋
6049,故郷や道狹うして粟垂るゝ,粟,秋
6050,草鞋の緒結び居れば粟穗笠を打,粟,秋
6051,粟くふて妻を思ふか飼鶉,粟,秋
6052,片鶉粟穗もくはで鳴きにけり,粟,秋
6053,鳴子きれて粟の穗垂るゝみのり哉,粟,秋
6054,粟畑や家遠くして小鳥網,粟,秋
6055,高麗黍の穗波も秋のひとつ哉,黍,秋
6056,高黍や百姓涼む門の月,黍,秋
6057,高きびの中にせわしきつるべ哉,黍,秋
6058,黍からや鷄あそぶ土間の隅,黍,秋
6059,白帆見ゆや黍のうしろの角田川,黍,秋
6060,高黍の上に短き白帆かな,黍,秋
6061,黍小黍一里半來て別れ哉,黍,秋
6062,城あとの石垣高し黍畑,黍,秋
6063,黍刈て檐の朝日の土間に入る,黍,秋
6064,唐秬のからでたく湯や山の宿,唐黍,秋
6065,唐黍に背中うたるゝ湯あみ哉,唐黍,秋
6066,唐黍のうしろに低し寺の壁,唐黍,秋
6067,唐黍の白髪にもならであはれ也,唐黍,秋
6068,子を負ふて唐秬かぢる子守哉,唐黍,秋
6069,唐秬の上に見えたる小城かな,唐黍,秋
6070,稻の葉や袂にふくむ風の味,稲,秋
6071,稻の香や闇に一すぢ野の小道,稲,秋
6072,霧はれて稲のおしあふ旭哉,稲,秋
6073,むさし野は稻よりのぼる朝日哉,稲,秋
6074,君が代や四海静かに稻の波,稲,秋
6075,大名のお庭は廣し稻十里,稲,秋
6076,稻の波渺々として牛の聲,稲,秋
6077,稻の波南に凌雲閣低し,稲,秋
6078,靜かさや稻の葉末の本願寺,稲,秋
6079,彳むや社壇から見る稻の雲,稲,秋
6080,武藏野や昔問へば稻のうなづきぬ,稲,秋
6081,村遠近雨雲垂れて稻十里,稲,秋
6082,稻の秋命拾ふて戻りけり,稲,秋
6083,稲の雨班鳩寺にまうでけり,稲,秋
6084,稻の香に人居らずなりぬ避病院,稲,秋
6085,稻の香の雨ならんとして燕飛ぶ,稲,秋
6086,稻の香や野末は暮れて汽車の音,稲,秋
6087,家高低稻段々に山の裾,稲,秋
6088,魚提げて歸る親父や稻の中,稲,秋
6089,庄屋殿の棺行くなり稻の中,稲,秋
6090,高繩や稻の葉末の五里六里,稲,秋
6091,ところところ家かたまりぬ稻の中,稲,秋
6092,晩鐘や稻の葉末を鳴り渡る,稲,秋
6093,山盡きて稻の葉末の白帆かな,稲,秋
6094,稻の香や修覆しかゝる神輿部屋,稲,秋
6095,稻の香や修覆出來たる神輿部屋,稲,秋
6096,村會や水損の稻いまだ刈らず,稲,秋
6097,ところところ刈りたるも見えぬ稻の中,稲,秋
6098,宮立てゝ稻の神とぞあがめける,稲,秋
6099,稻の香や汽車から見ゆる法隆寺,稲,秋
6100,稻の畫をかき直さゞる話かな,稲,秋
6101,濡れて行く柩の駕や稻の雨,稲,秋
6102,柴又の茶店いづれば稻の雨,稲,秋
6103,婆つれし佛詣りや稻曇,稲,秋
6104,雨ふくむ上野の森や稻日和,稲,秋
6105,氣車路や百里餘りを稲の花,稲の花,秋
6106,そよそよとそよぎ出しけり稻の花,稲の花,秋
6107,電信に眠る燕や稻の花,稲の花,秋
6108,稻の花道灌山の日和かな,稲の花,秋
6109,牛小屋に町は盡きたり稻の花,稲の花,秋
6110,絶壁は蕎黍に盡きたり稻の花,稲の花,秋
6111,大國のもの靜かなり稻の花,稲の花,秋
6112,大藩のもの靜かなり稻の花,稲の花,秋
6113,犬山の城はるかなり稻の花,稲の花,秋
6114,稻の花今津の海の光りけり,稲の花,秋
6115,稻の花四五人かたりつゝ歩行く,稲の花,秋
6116,うぶすなに幟立てたり稻の花,稲の花,秋
6117,裏口や出入にさはる稻の花,稲の花,秋
6118,汽車道をありけば近し稲の花,稲の花,秋
6119,汽車道を辿れは近し稲の花,稲の花,秋
6120,眞宗の伽藍いかめし稻の花,稲の花,秋
6121,杖によりて町を出づれば稻の花,稲の花,秋
6122,何となけれとそゞろありきや稻の花,稲の花,秋
6123,何とはなくてそゞろありきぬ稻の花,稲の花,秋
6124,何とはなくてそゞろありぬ稻の花,稲の花,秋
6125,南無大師石手の寺よ稻の花,稲の花,秋
6126,二の門は二町奥なり稻の花,稲の花,秋
6127,百姓の家の低さよ稻の花,稲の花,秋
6128,本堂やうらへまはれば稻の花,稲の花,秋
6129,村中の先生顔や稻の花,稲の花,秋
6130,山城に殘る夕日や稻の花,稲の花,秋
6131,稻の花阿彌陀を買ふて戻りけり,稲の花,秋
6132,稻の花庄屋を會の議長にて,稲の花,秋
6133,稻の花東籬菊いまだ莟なり,稲の花,秋
6134,稻の花人相書のまはりけり,稲の花,秋
6135,大寺の上棟式や稻の花,稲の花,秋
6136,夕燒けて雨雲黄なり稻の花,稲の花,秋
6137,稻正に二百十日の花曇り,稲の花,秋
6138,鷄鳴て里ゆたかなり稻の花,稲の花,秋
6139,演習のあるべき村や稻の花,稲の花,秋
6140,駕おろす鳥居の前や稻の花,稲の花,秋
6141,汽車下りて遠き宿場や稲の花,稲の花,秋
6142,汽車を下りて遠き宿場や稲の花,稲の花,秋
6143,君か代や五尺の稻の花盛,稲の花,秋
6144,此頃の五十三次稻の花,稲の花,秋
6145,四國路の小さき馬や稲の花,稲の花,秋
6146,湯治廾日山を出づれば稻の花,稲の花,秋
6147,電信の街道筋や稻の花,稲の花,秋
6148,婆つれし佛參りや稻の花,稲の花,秋
6149,稻の穗に招く哀れはなかりけり,稲穂,秋
6150,稻の穗のうつむく程にみのりけり,稲穂,秋
6151,稻の穗のうねりこんだり祝谷,稲穂,秋
6152,稻の穗の伏し重なりし夕日哉,稲穂,秋
6153,稻の穗の鎌の形にたわみける,稲穂,秋
6154,稻の穗の人招きよせよせ,稲穂,秋
6155,稻の穗の名所に神の鎭まりぬ,稲穂,秋
6156,稻穗やあちらこちらの赤錬瓦,稲穂,秋
6157,稻の穗や南に凌雲閣低し,稲穂,秋
6158,朝露に稻の穗波の亂れ哉,稲穂,秋
6159,雨晴れて稻の穗末の夕日哉,稲穂,秋
6160,稻の穗に十里の雨の靜かなり,稲穂,秋
6161,稻の穗に姫路の城は暮れてけり,稲穂,秋
6162,稻の穗に温泉の町低し二百軒,稲穂,秋
6163,稻の穗の雨ならんとして燕飛ふ,稲穂,秋
6164,稻の穗の嵐になりし夕かな,稲穂,秋
6165,稻の穗やうるちはものゝいやしかり,稲穂,秋
6166,豐年や稻の穗がくれ雀鳴く,稲穂,秋
6167,山盡きて稻の穗末の白帆かな,稲穂,秋
6168,稻の穗の動きて昇る朝日哉,稲穂,秋
6169,牛一つ早稻の匂ひをわけて來る,早稲,秋
6170,早稻の香や小山にそふて汽車走る,早稲,秋
6171,一枚の田は早稻の穗に分れけり,早稲,秋
6172,夕日さす山段々の晩稻哉,晩稲,秋
6173,晩稻刈る東海道の日和かな,晩稲,秋
6174,大水の女は舟に晩稻刈る,晩稲,秋
6175,馬士醉ふて晩稻月夜の小唄哉,晩稲,秋
6176,晩稻田の水も落してしまひけり,晩稲,秋
6177,武藏野の薄にまじる岡穗かな,陸稲,秋
6178,一升に五合まぜたる陸穗哉,陸稲,秋
6179,刈稻もふじも一つに日暮れけり,刈稲,秋
6180,刈稻を枕に寐たるこじき哉,刈稲,秋
6181,苗代に出て干稻に戻りけり,干稲,秋
6182,干稻の上に首出す地藏かな,干稲,秋
6183,山陰に稻干す晝の日脚哉,干稲,秋
6184,干稻に鷄上る夕日かな,干稲,秋
6185,杉垣に稲干してある門の脇,干稲,秋
6186,掛稻に人の影行く夕日哉,掛稲,秋
6187,掛稻の見こしに遠き上野哉,掛稲,秋
6188,掛稻に螽飛びつく夕日かな,掛稲,秋
6189,掛稻に烏啼くなり須磨の里,掛稲,秋
6190,掛稻の上に短し塔の尖,掛稲,秋
6191,掛稻のとぎれに青き筑波かな,掛稲,秋
6192,掛稻や狐に似たる村の犬,掛稲,秋
6193,掛稻や野菊花咲く道の端,掛稲,秋
6194,掛けながら稻に隱るゝ嫁御哉,掛稲,秋
6195,背戸も見えず晩稻かけたる竝木哉,掛稲,秋
6196,谷あひや谷は掛稻山は柿,掛稲,秋
6197,掛稻に夕陽殘る榛の畦,掛稲,秋
6198,掛稻や雨雲蔽ふ鴻の臺,掛稲,秋
6199,榛の木に晩稻掛けたり道の端,掛稲,秋
6200,掛稻やまた引かてある畦の黍,掛稲,秋
6201,順禮の木にかけて行く落穗哉,落穂,秋
6202,ぬす人の見返りもせぬ落穗哉,落穂,秋
6203,鷄の親子引きあふ落穗かな,落穂,秋
6204,君が代は道に拾はぬ落穗かな,落穂,秋
6205,新米や天つちの和をこめた出來,新米,秋
6206,新米や何はともあれいたゝきて,新米,秋
6207,新米や先ツいたゝきて詠め見る,新米,秋
6208,新米に月日の味を覺えけり,新米,秋
6209,こぼれしか車のあとの今年米,新米,秋
6210,新米の下落政府の瓦解哉,新米,秋
6211,新米の市に出でたる相場かな,新米,秋
6212,新米のこぼるゝ庭や鶏の群れ,新米,秋
6213,新米のこぼれし庭や鶏の群れ,新米,秋
6214,新米の十駄ばかりや城下口,新米,秋
6215,新米の二十駄ばかり城下口,新米,秋
6216,新米や妻に櫛買ふ小百姓,新米,秋
6217,新米や方丈樣へ一袋,新米,秋
6218,新米や目利かしこき掌,新米,秋
6219,新米や賣りに出でたり小百姓,新米,秋
6220,新米を河の東に運びけり,新米,秋
6221,痩村や税の増したる今年米,新米,秋
6222,新わらや此頃出來し鼠の巣,新藁,秋
6223,蕎麥植ゑて人住みけるよ藪の中,蕎麥,秋
6224,墓原のつゞきや寺の蕎麥畠,蕎麥,秋
6225,踏まれたが損か彼岸の蕎麥畠,蕎麥,秋
6226,山本や雲もかゝらず蕎麥の莖,蕎麥,秋
6227,酒のあらたならんよりは蕎麥のあらたなれ,蕎麥,秋
6228,汽車道のあらはに蕎麥の莖赤し,蕎麥,秋
6229,花蕎麥の下までとゞく夕日哉,蕎麥の花,秋
6230,花蕎麥や山の腹までくる夕日,蕎麥の花,秋
6231,冨士隱す山のうらてや蕎麥の花,蕎麥の花,秋
6232,蕎麥の花やもめの畑はあれにけり,蕎麥の花,秋
6233,灯ちらちら村暮れかねつ蕎麥の花,蕎麥の花,秋
6234,花蕎麥や湖水小さく舟細し,蕎麥の花,秋
6235,砂土手や西日をうけて蕎麥の花,蕎麥の花,秋
6236,蕎麥の花野川の音に暮れにけり,蕎麥の花,秋
6237,蕎麥の花野川の音はくれにけり,蕎麥の花,秋
6238,山明けぬあれは花蕎麥これは雲,蕎麥の花,秋
6239,山本やうしろ上りに蕎麥の花,蕎麥の花,秋
6240,山本や雲もかゝらず蕎麥の花,蕎麥の花,秋
6241,山本や日落ちて見ゆるそばの花,蕎麥の花,秋
6242,なだらなる岡の片側蕎麥の花,蕎麥の花,秋
6243,箱根越えて三嶋近く蕎麥の花暮るゝ,蕎麥の花,秋
6244,煙草干す家も見えけり蕎麥の花,蕎麥の花,秋
6245,花蕎麥に大砲の鳴る曇哉,蕎麥の花,秋
6246,山越えて三島に近し蕎麥の花,蕎麥の花,秋
6247,少しづゝ洗ひ減すやかいわり菜,貝割菜,春
6248,村近し小川流るゝかいわり菜,貝割菜,春
6249,間引して淋しくなりし畠哉,間引き,秋
6250,間引して緑少き畠哉,間引き,秋
6251,卓上や狼藉として豆のから,枝豆,夏
6252,話ながら枝豆をくふあせり哉,枝豆,夏
6253,枝豆は喰ひけり月は見ざりけり,枝豆,夏
6254,枝豆ノカラ棄テニ出ル月夜カナ,枝豆,夏
6255,枝豆ノ月ヨリ先ニ老イニケリ,枝豆,夏
6256,枝豆ノツマメバハヂク仕掛カナ,枝豆,夏
6257,枝豆ヤ三寸飛ンデ口ニ入ル,枝豆,夏
6258,枝豆ヤ月ハ絲瓜ノ棚ニ在リ,枝豆,夏
6259,枝豆ヤ俳句ノ才子曹子建,枝豆,夏
6260,枝豆ヤ盆ニ載セタル枝ナガラ,枝豆,夏
6261,枝豆ヤ病ノ牀ノ晝永シ,枝豆,夏
6262,學校に行カズ枝豆賣ル子カナ,枝豆,夏
6263,刀豆や親王樣の齒の力,刀豆,夏
6264,新棉の荷をこぼれ出る寒さ哉,新棉,秋
6265,里芋の娵入したる月夜かな,芋,秋
6266,里芋の娵入したる都かな,芋,秋
6267,新田や雨はなけれと芋の露,芋,秋
6268,いも積んで中嶋舟の來りけり,芋,秋
6269,芋はあれど酒なし月を如何せん,芋,秋
6270,里人よ今宵は許せ芋掘らん,芋,秋
6271,知る人のいも送り來る俵かな,芋,秋
6272,芋の子や龍の目あらみころげ落つ,芋,秋
6273,芋の子を箸で追はえる膳の上,芋,秋
6274,芋堀りに行けば雄鹿に出あひけり,芋,秋
6275,芋堀らんと行けば男鹿に出逢ひけり,芋,秋
6276,芋堀るや夜宮の太鼓月に鳴る,芋,秋
6277,椽端の芋に湯氣立つ月見哉,芋,秋
6278,衣かつき芋の御前とも申すや,芋,秋
6279,切れ味や五尺に餘る芋の莖,芋,秋
6280,叱られて芋嫌ひの小僧泣きにけり,芋,秋
6281,薄生け芋盛りて月いまだ出でず,芋,秋
6282,三日月の頃より肥ゆる子芋哉,芋,秋
6283,重箱の芋ころげ落つ草の上,芋,秋
6284,芋阪に芋を賣らず團子賣る小店,芋,秋
6285,板敷や豆積みあげし芋の側,芋,秋
6286,芋くふて不平を鳴らす酒の醉,芋,秋
6287,芋阪の團子の起り尋ねけり,芋,秋
6288,芋の用意酒の用意や人遲し,芋,秋
6289,芋は煮えず豆は釜中に在りて泣,芋,秋
6290,茶の土瓶酒の土瓶や芋團子,芋,秋
6291,琵琶聽くや芋をくふたる顔もせず,芋,秋
6292,夕飯は芋でくひけり寺男,芋,秋
6293,貧乏な八百屋車や芋大根,芋,秋
6294,豚汁や芋を得て秋の季となりぬ,芋,秋
6295,芋アリ豆アリ女房ニ酒ヲネダリケリ,芋,秋
6296,芋ヲ喰ハヌ枝豆好ノ上戸カナ,芋,秋
6297,大家ヤ芋煮エテ居ル臺所,芋,秋
6298,十人ノ家内ヤ芋ノ十皿程,芋,秋
6299,盛リ分ツ十皿ノ芋ヤ臺所,芋,秋
6300,新田は枯色多しさつま芋,薩摩芋,秋
6301,新田は黄ばみ勝なりさつま芋,薩摩芋,秋
6302,小きを珍重かるや秋茄子,秋茄子,秋
6303,唐秬の圍ひは枯れて秋茄子,秋茄子,秋
6304,秋茄子唐辛子の朱に奪はれぬ,秋茄子,秋
6305,秋茄子小きはものゝなつかしき,秋茄子,秋
6306,鮎はあれど鰻はあれど秋茄子,秋茄子,秋
6307,鮎もあり鰻もあれと秋茄子,秋茄子,秋
6308,鮎もあれと鰻はあれと秋茄子,秋茄子,秋
6309,武家町の畠になりぬ秋茄子,秋茄子,秋
6310,うら廣く秋の茄子も植ゑてあらん,秋茄子,秋
6311,うら廣し秋の茄子も植ゑてあらん,秋茄子,秋
6312,畑になる侍町や秋茄子,秋茄子,秋
6313,病む人が老いての戀や秋茄子,秋茄子,秋
6314,西瓜切るこぶしのさえや刄の雫,西瓜,夏
6315,世の中ようれぬ西瓜のひとかゝへ,西瓜,夏
6316,歌もなし朱印さひしき西瓜哉,西瓜,夏
6317,西瓜くふあとにものうきゝぬた哉,西瓜,夏
6318,西瓜さへ表は青し蕃椒,西瓜,夏
6319,風吹て見てもころげぬ西瓜哉,西瓜,夏
6320,西瓜買ふて闇の方より歸りけり,西瓜,夏
6321,君來ばと西瓜抱えて待つ夜かな,西瓜,夏
6322,切賣の西瓜くふなり市の月,西瓜,夏
6323,西瓜舟天の河原につきにけり,西瓜,夏
6324,敲けばか西瓜は赤し肺わろし,西瓜,夏
6325,寺清水西瓜も見えず秋老いぬ,西瓜,夏
6326,赤行燈西瓜を切りて竝べけり,西瓜,夏
6327,だまされて薄桃色の西瓜哉,西瓜,夏
6328,旱雲西瓜を切れば眞赤也,西瓜,夏
6329,風呂を出て西瓜を切れと命じけり,西瓜,夏
6330,薄月夜西瓜を盜む心あり,西瓜,夏
6331,起し繪を照す西瓜の灯籠哉,西瓜,夏
6332,上手より西瓜流さん桂川,西瓜,夏
6333,試驗所に西洋種の西瓜哉,西瓜,夏
6334,西瓜わらん桔梗の花のつほむ頃,西瓜,夏
6335,すてゝある西瓜の皮や堂の前,西瓜,夏
6336,隅田川西瓜の皮の流れけり,西瓜,夏
6337,船頭の西瓜を切るや涼船,西瓜,夏
6338,ものもいはで喰ひついたる西瓜哉,西瓜,夏
6339,桃賣の西瓜食ひ居る木陰哉,西瓜,夏
6340,ぐるりからくろはひ上る南瓜哉,南瓜,秋
6341,傾城も南瓜の畑で生れけり,南瓜,秋
6342,丸裸南瓜かゝえて戻りけり,南瓜,秋
6343,南瓜や茄子の從兄弟瓜の叔父,南瓜,秋
6344,南瓜や絲瓜の從弟茄子の叔父,南瓜,秋
6345,仇花の南瓜にならぬ許り也,南瓜,秋
6346,鉢植の南瓜をとめし竹の杖,南瓜,秋
6347,鉢植の南瓜傾く重み哉,南瓜,秋
6348,鉢植の南瓜をつくる床屋哉,南瓜,秋
6349,鉢植の南瓜をとめし一つ哉,南瓜,秋
6350,南瓜の賦茄子の篇や村夫子,南瓜,秋
6351,たのしみの其中にあるひさごかな,瓢,秋
6352,秋に實の入りて重たし種瓢,瓢,秋
6353,くりぬいて中へはいらん種ふくべ,瓢,秋
6354,種ふくべ垣根の闇にもつれけり,瓢,秋
6355,種ふくべ何の力にくびれけん,瓢,秋
6356,ぶらぶらと小窓うれしき瓢哉,瓢,秋
6357,蔓長く下る飄の風もなし,瓢,秋
6358,藁家の右に傾くふくべかな,瓢,秋
6359,藁屋根の右に傾くふくべかな,瓢,秋
6360,血脈をつたへて今に瓢かな,瓢,秋
6361,血脈をつたへて古き瓢かな,瓢,秋
6362,試ミニ名ヲハ巾着フクベカナ,瓢,秋
6363,子ヲ育ツフクベヲ育ツ如キカモ,瓢,秋
6364,取付テ松ニモ一ツフクベカナ,瓢,秋
6365,夕月やふくべの尻の花乍ら,瓢,秋
6366,雨ノ日ヲ夕顔ノ實ノナガメカナ,夕顔の実,秋
6367,驚クヤ夕顏落チシ夜半ノ音,夕顔の実,秋
6368,成佛ヤ夕顏ノ顔ヘチマノ屁,夕顔の実,秋
6369,棚一ツ夕顔フクベヘチマナンド,夕顔の実,秋
6370,珍客に夕顔の實を見せ申す,夕顔の実,秋
6371,鄙ノ宿夕顏汁ヲ食ハサレシ,夕顔の実,秋
6372,夕顏ノ愚ニ及バザルフクベカナ,夕顔の実,秋
6373,夕顏ノ實ニ富ヲ得シ話カナ,夕顔の実,秋
6374,夕顏ノ實ヲフクベトハ昔カナ,夕顔の実,秋
6375,秋に形あらば絲瓜に似たるべし,糸瓜,秋
6376,しばらくは風のもつるゝ絲瓜かな,糸瓜,秋
6377,露いくつ絲瓜の尻に出あひけり,糸瓜,秋
6378,蔓かれてへちまぶらりと不二の山,糸瓜,秋
6379,茶屋淋し絲瓜の蔓の這ひかゝる,糸瓜,秋
6380,家一つ門は絲瓜の月夜かな,糸瓜,秋
6381,柴の戸に絲瓜の風の靜かさよ,糸瓜,秋
6382,投げ出したやうな絲瓜や垣の外,糸瓜,秋
6383,投げ出したやうに垣根の絲瓜哉,糸瓜,秋
6384,絲瓜肥え鶏頭痩せぬ背戸の雨,糸瓜,秋
6385,わぐなつて殘る絲瓜や屋根の上,糸瓜,秋
6386,五六反叔父がつくりし絲瓜かな,糸瓜,秋
6387,雪隱の窓にぶらりと絲瓜かな,糸瓜,秋
6388,行く秋を絲瓜にさはる雲もなし,糸瓜,秋
6389,垢すりになるべく絲瓜愚也けり,糸瓜,秋
6390,秋のいろあかきへちまを畫にかゝむ,糸瓜,秋
6391,へちまとは絲瓜のようなものならん,糸瓜,秋
6392,夕顔の貧に處る絲瓜の愚を守る,糸瓜,秋
6393,西行に絲瓜の歌はなかりけり,糸瓜,秋
6394,内閣を絲瓜にたとへ論ずべく,糸瓜,秋
6395,絲瓜とも瓢ともわかぬ目利哉,糸瓜,秋
6396,愚なる處すなはち雅なる絲瓜かな,糸瓜,秋
6397,目鼻画く絲瓜の顏の長さ哉,糸瓜,秋
6398,秋ノ灯ノ絲瓜ノ尻ニ映リケリ,糸瓜,秋
6399,棚ノ絲瓜思フ處ヘブラ下ル,糸瓜,秋
6400,西ヘマハル秋ノ日影ヤ絲瓜棚,糸瓜,秋
6401,病間ニ絲瓜ノ句ナド作リケル,糸瓜,秋
6402,病閑ニ絲瓜ノ花ノ落ツル晝,糸瓜,秋
6403,日掩棚絲瓜ノ蔓ノ這ヒ足ラズ,糸瓜,秋
6404,絲瓜サヘ佛ニナルゾ後ルヽナ,糸瓜,秋
6405,絲瓜ニハ可モ不可モナキ殘暑カナ,糸瓜,秋
6406,絲瓜ブラリ夕顔ダラリ秋ノ風,糸瓜,秋
6407,牡丹ニモ死ナズ瓜ニモ絲瓜ニモ,糸瓜,秋
6408,黙然ト絲瓜ノサガル庭ノ秋,糸瓜,秋
6409,物思フ窓ニブラリト絲瓜哉,糸瓜,秋
6410,夕顔ト絲瓜殘暑ト新涼と,糸瓜,秋
6411,夕顔ノ棚に絲瓜モ下リケリ,糸瓜,秋
6412,夕顔モ絲瓜モ同ジ棚子同士,糸瓜,秋
6413,痰一斗絲瓜の水も間にあはず,糸瓜,秋
6414,絲瓜咲て痰のつまりし佛かな,糸瓜,秋
6415,をととひのへちまの水も取らざりき,糸瓜,秋
6416,鳩麥や昔通ひし叔父が家,鳩麦,夏
6417,じゅずだまや昔通ひし叔父が家,じゅずだま,秋
6418,じゅずだまに大雨來る野道かな,じゅずだま,秋
6419,朝川の薑を洗ふ匂かな,生姜,秋
6420,一束の葉生姜ひたす野川哉,生姜,秋
6421,蕃椒晝間の月のうそ白し,唐辛子,秋
6422,つまだつて秋にとゞくや蕃椒,唐辛子,秋
6423,何の思ひ内にあればや蕃椒,唐辛子,秋
6424,あき家に一畝赤し唐からし,唐辛子,秋
6425,雨風にますます赤し唐辛子,唐辛子,秋
6426,いつしかにくひ習ひけり蕃椒,唐辛子,秋
6427,垣きはにかたへは青し唐辛子,唐辛子,秋
6428,紅にならでくちをし蕃椒,唐辛子,秋
6429,煙にも更にすゝけず唐からし,唐辛子,秋
6430,兼好に歌をよません唐辛子,唐辛子,秋
6431,草子にも書きもらしけり蕃椒,唐辛子,秋
6432,すさましくつッ立つさまや蕃椒,唐辛子,秋
6433,すさましや七鉢竝ぶ唐辛子,唐辛子,秋
6434,すさましややもめすむ家の蕃椒,唐辛子,秋
6435,束髪の人にくはせん唐辛子,唐辛子,秋
6436,添竹を殘して赤し蕃椒,唐辛子,秋
6437,唐辛子赤き穗先をそろへけり,唐辛子,秋
6438,唐辛子おろかな色はなかりけり,唐辛子,秋
6439,唐辛子辛きが上の赤さかな,唐辛子,秋
6440,唐辛子かんで待つ夜の恨哉,唐辛子,秋
6441,蕃椒心ありける浮世かな,唐辛子,秋
6442,蕃椒手水盥の水赤し,唐辛子,秋
6443,蕃椒中にも種のからさかな,唐辛子,秋
6444,唐辛子殘る暑さをほのめかす,唐辛子,秋
6445,唐辛子一ツ二ツは青くあれ,唐辛子,秋
6446,唐辛子日に日に秋の恐ろしき,唐辛子,秋
6447,蕃椒やゝひんまがつて猶からし,唐辛子,秋
6448,蕃椒横むいたのはなかりけり,唐辛子,秋
6449,蓼をくふ虫はあるとや唐辛子,唐辛子,秋
6450,なまじいに赤く成けり唐辛子,唐辛子,秋
6451,はらわたに通りて赤し蕃椒,唐辛子,秋
6452,一すぢに思ひつめてや蕃椒,唐辛子,秋
6453,盆栽の數に入りけり蕃椒,唐辛子,秋
6454,養父入のうれしがりけり蕃椒,唐辛子,秋
6455,行秋やつられてさがる唐辛子,唐辛子,秋
6456,世の中を赤うばかすや唐辛子,唐辛子,秋
6457,姑の口裂けもせで唐辛子,唐辛子,秋
6458,すゝけたる廚の隅や唐辛子,唐辛子,秋
6459,葉がくれの色なつかしみ唐辛子,唐辛子,秋
6460,唐辛子芦のまろ屋の戸口哉,唐辛子,秋
6461,にくにくと赤き色なり蕃椒,唐辛子,秋
6462,はらわたもなくて淋しや蕃椒,唐辛子,秋
6463,いろいろの秋や小錦唐辛子,唐辛子,秋
6464,蒟蒻の鈍なる蕃椒の利なる,唐辛子,秋
6465,唐辛子に朝日さしたる飯時分,唐辛子,秋
6466,鉢植の唐辛子喰ふ世帶哉,唐辛子,秋
6467,唐辛子三十棒をくらひけり,唐辛子,秋
6468,唐辛子からき命をつなきけり,唐辛子,秋
6469,唐辛子三十棒をくねりけり,唐辛子,秋
6470,蕃椒廣長舌をちゞめけり,唐辛子,秋
6471,惡ノ利ク女形ナリ唐辛子,唐辛子,秋
6472,日蓮の骨の辛さよ唐辛子,唐辛子,秋
6473,鬼灯や田舍の秋は秋らしき,鬼灯,秋
6474,をさな子の鬼灯盛るや竹の籠,鬼灯,秋
6475,鬼灯の顏や四つ子が筆の跡,鬼灯,秋
6476,葉のかれて鬼灯もゆる垣根哉,鬼灯,秋
6477,鬼灯に妹がうらみを鳴らしける,鬼灯,秋
6478,鬼灯の少し赤らむぞなつかしき,鬼灯,秋
6479,鬼灯の少し破れたるぞ口をしき,鬼灯,秋
6480,鬼灯をほうと吹きたるア鬟哉,鬼灯,秋
6481,鬼灯をほうと吹きたる禿かな,鬼灯,秋
6482,虫賣と鬼灯賣と話しけり,鬼灯,秋
6483,鬼灯やいまだ楊家の娘ぶり,鬼灯,秋
6484,鬼灯を鳴らしやめたる唱歌哉,鬼灯,秋
6485,鬼灯の行列いくつ御命講,鬼灯,秋
6486,あら壁やこほろぎ老いて懸烟草,懸煙草,冬
6487,くちをしう老にけらしな若烟草,若煙草,夏
6488,ほろほろとぬかごこぼるゝ垣根哉,零餘子,秋
6489,雨に痩せて秋海棠のそゞろ也,秋海棠,秋
6490,紅に秋海棠の雫かな,秋海棠,秋
6491,露ほろほろ秋海棠のゆれにけり,秋海棠,秋
6492,石蕗に倚る秋海棠の姿かな,秋海棠,秋
6493,女こびて秋海棠に何思ふ,秋海棠,秋
6494,化粧の間秋海棠の風寒し,秋海棠,秋
6495,君か植ゑし秋海棠も甲斐ありき,秋海棠,秋
6496,秋海棠に齒磨こぼす端居哉,秋海棠,秋
6497,雨だれの秋海棠にかゝりけり,秋海棠,秋
6498,石白く秋海棠の小庭かな,秋海棠,秋
6499,妹が庭や秋海棠とおしろいと,秋海棠,秋
6500,画き習ふ秋海棠の繪具哉,秋海棠,秋
6501,紙ににじむ秋海棠の繪の具哉,秋海棠,秋
6502,噛んで見る秋海棠の莖赤き,秋海棠,秋
6503,秋海棠妹が好みの小庭哉,秋海棠,秋
6504,秋海棠日陰の庭の三坪程,秋海棠,秋
6505,秋海棠の小庭に滿つる濕地哉,秋海棠,秋
6506,硯箱に秋海棠の蒔繪哉,秋海棠,秋
6507,蕾多き秋海棠の寫生哉,秋海棠,秋
6508,露こぼす秋海棠や手水鉢,秋海棠,秋
6509,葉蘭青く秋海棠は痩にけり,秋海棠,秋
6510,病牀に秋海棠を描きけり,秋海棠,秋
6511,水を打つ秋海棠や夜の市,秋海棠,秋
6512,移シ植ヱシ秋海棠ヤ寐テ見ユル,秋海棠,秋
6513,秋海棠朝顔ノ花ハ飽キ易キ,秋海棠,秋
6514,秋海棠ニ鋏ヲアテルコト勿レ,秋海棠,秋
6515,秋海棠ニ向ケル病ノ寐床カナ,秋海棠,秋
6516,毒蝶ノ秋海棠ニトマリケリ,秋海棠,秋
6517,毒蝶ノ秋海棠ヲ犯スカナ,秋海棠,秋
6518,俳を談す秋海棠の夕哉,秋海棠,秋
6519,美女立テリ秋海棠ノ如キカナ,秋海棠,秋
6520,臥シテ見ル秋海棠ノ木末カナ,秋海棠,秋
6521,斷腸花つれなき文の返事哉,秋海棠,秋
6522,一枝は荷にさしはさむ菊の花,菊,秋
6523,まいた餌に鶏もどる菊畠,菊,秋
6524,菊植る丈の畑あり山のおく,菊,秋
6525,菊形の焼餅くふて節句哉,菊,秋
6526,菊さくやきせ綿匂ふ不二の雪,菊,秋
6527,すてた餌に鶏もとる菊畠,菊,秋
6528,袖は一重二重合羽や菊の花,菊,秋
6529,竹垣や菊と野菊の裏表,菊,秋
6530,誰に賣らん金なき人に菊賣らん,菊,秋
6531,殘る菊けふより後の名にせはや,菊,秋
6532,盆程の庭の蒔繪や菊もみち,菊,秋
6533,明耿々朝日に竝ぶ菊花？,菊,秋
6534,ゆゝしさや九輪咲いたるけふの菊,菊,秋
6535,醉ざめや十日の菊にたばこのむ,菊,秋
6536,世や捨てんわれも其名を菊の水,菊,秋
6537,浮世哉菊に晴レ着の黒小袖,菊,秋
6538,縁日へ押し出す菊の車かな,菊,秋
6539,蠣がらは垣根に白し菊の花,菊,秋
6540,歸んなんいざと咲きけり菊の花,菊,秋
6541,菊あれて鶏ねらふ鼬かな,菊,秋
6542,菊賣るや十二街道の塵の中,菊,秋
6543,菊買ふや杖頭の錢二百文,菊,秋
6544,菊咲かす程の畑あり山の奥,菊,秋
6545,菊さくや米飯麥飯粟の飯,菊,秋
6546,菊淋し歌にもならで賤か庭,菊,秋
6547,菊つかむ雀悲しき嵐哉,菊,秋
6548,菊時はあきぞ悲しき明樽の,菊,秋
6549,菊の垣犬くゞりだけ折れにけり,菊,秋
6550,菊の香や雲井に近き朝朗,菊,秋
6551,菊の香や鬚ある人の思はるゝ,菊,秋
6552,菊の花我を相手に咲きにけり,菊,秋
6553,菊の宿昔女のうたひかな,菊,秋
6554,菊許り花賣の荷の物淋し,菊,秋
6555,菊や鍬や買ひけり市の夕月夜,菊,秋
6556,栗飯や下駄ぬぐきはに菊の花,菊,秋
6557,けふの菊御堀の水をのまうよ,菊,秋
6558,これもうし菊に晴着の黒小袖,菊,秋
6559,咲きさうにしながら菊のつぼみかな,菊,秋
6560,里近し酒賣る家の菊の花,菊,秋
6561,聖天のうしろは淋し菊の花,菊,秋
6562,白菊や珊瑚の簪入るべからず,菊,秋
6563,城趾の菊に硯の瓦かな,菊,秋
6564,竹垣や隣の菊のこぼれ咲く,菊,秋
6565,南山にもたれて咲くや菊の花,菊,秋
6566,野分して葎の中の小菊哉,菊,秋
6567,旭に向くや大輪の菊露ながら,菊,秋
6568,百姓の垣に菊あり鶏頭あり,菊,秋
6569,古家にあるじは知らず菊の花,菊,秋
6570,味噌桶をめくつて菊の花咲きぬ,菊,秋
6571,昔めくことこそよしや菊の露,菊,秋
6572,棟上げや家巍々として菊の紋,菊,秋
6573,嵐雪の黄菊白菊庵貧し,菊,秋
6574,我庵や黄菊白菊それもなし,菊,秋
6575,繪に書くは黄菊白菊に限りけり,菊,秋
6576,男なり小菊ながらも白を咲く,菊,秋
6577,菊さくや十二街頭の塵の中,菊,秋
6578,嵐雪が黄菊白菊庵貧し,菊,秋
6579,明家や旗はなけれど菊の花,菊,秋
6580,あはれ氣もなくて此菊あはれなり,菊,秋
6581,哀れにもなくて此菊哀れ也,菊,秋
6582,稻舟や穂蓼の渚菊の岸,菊,秋
6583,縁日へ菊買ひに行く翁かな,菊,秋
6584,號外を受け取る菊の垣根哉,菊,秋
6585,號外を投込菊の垣根哉,菊,秋
6586,菊咲くや草の庵の大硯,菊,秋
6587,菊咲くや大師の堂の普請小屋,菊,秋
6588,菊咲くや舟漕いで童子酒買ひに,菊,秋
6589,菊積んで人中通る車かな,菊,秋
6590,菊の垣滿艦飾の見ゆる哉,菊,秋
6591,菊の花蓑の下より見ゆるかな,菊,秋
6592,菊の花八百屋の店に老いにける,菊,秋
6593,菊折て日の丸る旗の竿にせん,菊,秋
6594,汐風に蜑か垣根の菊痩せぬ,菊,秋
6595,白菊の老いて赤らむわりなさよ,菊,秋
6596,白菊や闇をこぼれて庭の隅,菊,秋
6597,戸あくれば紙燭のとゞく黄菊哉,菊,秋
6598,菜畠のわつかに青し菊の花,菊,秋
6599,日曜やけふ菊による人の蟻,菊,秋
6600,旗一本菊一鉢の小家かな,菊,秋
6601,旗は菊は人は錦のむら紅葉,菊,秋
6602,旗汚れ垣は頽れて小菊かな,菊,秋
6603,八十の翁なりけり菊作り,菊,秋
6604,一つづゝ橋持つ家の菊の花,菊,秋
6605,日の旗や淋しき村の菊の垣,菊,秋
6606,佛壇の灯暗く菊の匂ひかな,菊,秋
6607,水一筋菊の亂れのうつくしき,菊,秋
6608,御階近く大菊の花亂けり,菊,秋
6609,ものゝうれし小菊の莟鳥の聲,菊,秋
6610,木棉ながら善き衣着たり菊の花,菊,秋
6611,藁屋根の雫に痩する小菊哉,菊,秋
6612,朝霧や奈良阪下る小菊賣,菊,秋
6613,大君のあれましゝ日や菊の花,菊,秋
6614,大君のあれましせし日や菊の花,菊,秋
6615,面白う黄菊白菊咲きやつたよ,菊,秋
6616,面白う黄菊白菊咲きやたな,菊,秋
6617,かやふきの細殿あれて菊の花,菊,秋
6618,黄菊白菊一もとは赤もあらまほし,菊,秋
6619,菊荒れて日好し虻去り虻來る,菊,秋
6620,菊いけて荷物ちらはる旅籠哉,菊,秋
6621,菊活けて荷物ちらばる宿屋哉,菊,秋
6622,菊作り顏に疱瘡のある男なり,菊,秋
6623,菊の香や只三人に夜の更くる,菊,秋
6624,菊の花天長節は過ぎにけり,菊,秋
6625,君が代は菊の花こそ大きけれ,菊,秋
6626,小橋かけて黄菊鷄頭なと見えぬ,菊,秋
6627,滄浪の水濁りけり菊の花,菊,秋
6628,白菊にしかもこよひは月夜哉,菊,秋
6629,白菊の一もと白し八重葎,菊,秋
6630,白菊の一もとゆかし八重葎,菊,秋
6631,白も黄も咲きならべけり菊の園,菊,秋
6632,白も黄もさき竝べたり菊の園,菊,秋
6633,白も黄もさき竝べたり菊の花,菊,秋
6634,せわしなや桔梗に來り菊に去る,菊,秋
6635,谷川に臨んで菊の宿屋哉,菊,秋
6636,人形のならぶ小店や菊の花,菊,秋
6637,人形をきざむ小店や菊の花,菊,秋
6638,年々や菊に思はん思はれん,菊,秋
6639,花に月に雪にわけては菊の香に,菊,秋
6640,病居士の端居そゞろなり菊の花,菊,秋
6641,百號に滿ちけり菊はさきにけり,菊,秋
6642,古き香に白菊咲いて手向かな,菊,秋
6643,古き香に白菊さける手向哉,菊,秋
6644,松に菊古きはものゝなつかしき,菊,秋
6645,痩村の質屋富みたり菊の花,菊,秋
6646,繪かきには見せじよ庵の作り菊,菊,秋
6647,一年の丹精こゝに菊の花,菊,秋
6648,うれしさや聞えぬ耳で菊の花,菊,秋
6649,大菊を養ひ得たる隱士かな,菊,秋
6650,隱れ家や贅澤盡す菊の鉢,菊,秋
6651,門口や稻干すそばの菊の花,菊,秋
6652,菊一籬栗三升に事足りぬ,菊,秋
6653,菊咲て龍駕幸手にとゞまりぬ,菊,秋
6654,菊提げて雜魚提げて村へ歸る人,菊,秋
6655,菊の垣南の山は上野なり,菊,秋
6656,菊畠南の山は上野なり,菊,秋
6657,絹着せぬ家に菊あり詩經あり,菊,秋
6658,金色に咲くとは菊の口をしき,菊,秋
6659,草の戸や盃赤く菊白し,菊,秋
6660,こともなげに菊咲かせたる小家哉,菊,秋
6661,酒買ひにどこへ行きしぞ菊の花,菊,秋
6662,殘菊のしどろに妹が垣根かな,菊,秋
6663,殘菊や宇治の古宮女君,菊,秋
6664,白菊に蟻はひ上る日和かな,菊,秋
6665,白露に養ふ菊の莟かな,菊,秋
6666,先生はいつも留守なり菊の花,菊,秋
6667,竹立てゝ？燭さしぬ菊の中,菊,秋
6668,茶屋に菊あり遠足會の人休む,菊,秋
6669,何事もなき世なりけり菊の花,菊,秋
6670,庭荒れて名なしの菊の盛哉,菊,秋
6671,萩刈りぬ菊に朝日を受くるべく,菊,秋
6672,馬蹄去つて菊提げし僧に逢着す,菊,秋
6673,灯ともして御影祭るや菊の花,菊,秋
6674,日に向いて菊の莟のはぜかゝる,菊,秋
6675,二人のめ四百歳づゝ菊の花,菊,秋
6676,豆程にむらがる菊の莟かな,菊,秋
6677,御園生やところところに菊の家,菊,秋
6678,ものつくる程の田もなし菊の花,菊,秋
6679,山猫をよぶ主艶也菊の花,菊,秋
6680,ゆかしさはさしみのつまの黄菊哉,菊,秋
6681,靈山の麓に白し菊の花,菊,秋
6682,井戸端に一うね菊の赤きかな,菊,秋
6683,秋菊に媒はき落す小窓哉,菊,秋
6684,雨上り菊拜觀の草履哉,菊,秋
6685,後から朝日さす菊の花壇哉,菊,秋
6686,大菊に吾は小菊を愛すかな,菊,秋
6687,大菊や金持めかす門搆へ,菊,秋
6688,大菊や金持めかす家構,菊,秋
6689,金持の隱居なりけり菊つくり,菊,秋
6690,菊花壇の障子をあぶる西日哉,菊,秋
6691,菊咲くや樓に上れば舟遠し,菊,秋
6692,菊年々天長節の日和順,菊,秋
6693,菊の宴に菊の蒔繪そ心なき,菊,秋
6694,小雨して小袖に菊の香をしたむ,菊,秋
6695,御所の雨菊拜觀の草履哉,菊,秋
6696,其中に莟の多き黄菊かな,菊,秋
6697,谷の家や朝日に育つ菊少し,菊,秋
6698,二三本菊倒れ伏す草の雨,菊,秋
6699,萩枯れて隣の菊を妬みけり,菊,秋
6700,薔薇を移して跡に莟の菊を植ゑし,菊,秋
6701,故郷の菊はいくさに踏まれけん,菊,秋
6702,古庭に芒散る菊の莟かな,菊,秋
6703,本尊は阿彌陀菊咲いて無住也,菊,秋
6704,松を伐てうれし小菊に旭のあたる,菊,秋
6705,門の内に菊つくりたる小料理屋,菊,秋
6706,横町につゞきて菊の夜店哉,菊,秋
6707,我今年牡丹に病んで菊に起きし,菊,秋
6708,赤菊の蕾黄菊の蕾哉,菊,秋
6709,御菊見の物運ぶらし女官だち,菊,秋
6710,カンテラや蕾少き市の菊,菊,秋
6711,菊賣に天長節の朝日哉,菊,秋
6712,菊つくる五位の隱居や黒あばた,菊,秋
6713,菊の壇氣に入つた菊はなかりけり,菊,秋
6714,菊の杖蜻蜒のとまる處なり,菊,秋
6715,菊安し天長節の後の市,菊,秋
6716,銀燭の燦爛として菊合,菊,秋
6717,三錢と札の付いたる小菊哉,菊,秋
6718,白菊と思ひし菊の黄を咲ぬ,菊,秋
6719,庭の菊天長節の蕾哉,菊,秋
6720,店先に賣れざる菊の盛哉,菊,秋
6721,赤菊をそへし柚味噌の贈物,菊,秋
6722,買ふて來た菊に水やる手燭哉,菊,秋
6723,買ふて來た菊を見せたる手燭哉,菊,秋
6724,菊活けて黄菊一枝殘りけり,菊,秋
6725,菊時は菊を賣る也小百姓,菊,秋
6726,菊の句を殘して去りぬ把栗居士,菊,秋
6727,菊の主拙き歌を詠みにけり,菊,秋
6728,菊鉢や咲きひろけたる二百輪,菊,秋
6729,菊鉢や咲きも咲いたる二百輪,菊,秋
6730,菊園に天長節の國旗哉,菊,秋
6731,くれといへはしたゝかくれし小菊哉,菊,秋
6732,酒買ふて酒屋の菊をもらひけり,菊,秋
6733,藪蕎麥に菊の膾はなかりけり,菊,秋
6734,菊くゝる杖の長さをそろへけり,菊,秋
6735,燈心の如き白菊咲きにけり,菊,秋
6736,九日も知らぬ野菊のさかり哉,野菊,秋
6737,野菊折る手元に低し伊豆の嶋,野菊,秋
6738,石あげて野菊花さく力餅,野菊,秋
6739,石原にやせて倒るゝ野菊かな,野菊,秋
6740,草むらにはつきりとさく野菊哉,野菊,秋
6741,どつさりと山駕籠おろす野菊かな,野菊,秋
6742,何のかのうき名をすてゝ野菊哉,野菊,秋
6743,秋三月咲て淋しき野菊哉,野菊,秋
6744,風吹て薄の中の野菊哉,野菊,秋
6745,捨草鞋野菊しかれて一盛り,野菊,秋
6746,寺見えて小道の曲る野菊哉,野菊,秋
6747,鄙のつと野菊にそへて參らせん,野菊,秋
6748,我庵や野菊の外に菊もなし,野菊,秋
6749,稻刈りて野菊おとろふ小道かな,野菊,秋
6750,稻刈て野菊淋しき小道哉,野菊,秋
6751,いやが上に野菊露草かさなりぬ,野菊,秋
6752,大寺の礎殘る野菊かな,野菊,秋
6753,大水のあとを蟹行く野菊かな,野菊,秋
6754,草むらにもつともらしき野菊かな,野菊,秋
6755,けふの日を祝へ野菊の草枕,野菊,秋
6756,野菊咲て測量杭の丈低し,野菊,秋
6757,野菊咲いてまひまひ遊ぶ小川哉,野菊,秋
6758,野菊折つて足洗ふ里の女かな,野菊,秋
6759,道の邊に野菊咲くなり善光寺,野菊,秋
6760,屋根見れば野菊咲くなり古社,野菊,秋
6761,きり崖や日陰の野菊濡れて咲く,野菊,秋
6762,草の中に野菊咲くなり一里塚,野菊,秋
6763,草むらむら其中に野菊まじり咲く,野菊,秋
6764,肥溜のいくつも竝ぶ野菊かな,野菊,秋
6765,鐵砲のかすかにひゞく野菊哉,野菊,秋
6766,野菊やらん汽車の窓より見ゆる也,野菊,秋
6767,道の邊や荊がくれに野菊咲く,野菊,秋
6768,下草に野菊咲くなり杉木立,野菊,秋
6769,痩馬の老尼載せ行く野菊哉,野菊,秋
6770,洪水に痩せて野菊の花細き,野菊,秋
6771,杉の下に野菊咲きたる誰が冢そ,野菊,秋
6772,野菊待ちし女の童に逢ひぬ鈴鹿越,野菊,秋
6773,初旅をなぐさめ顔の野菊哉,野菊,秋
6774,道ばたに赤い菊さく野の小店,野菊,秋
6775,袱子垂れて野菊山萩顔に散る,野菊,秋
6776,籾すりのほこりをかぶる野菊哉,野菊,秋
6777,人力をあぜによけたる野菊かな,野菊,秋
6778,人力をよけたるくろの野菊哉,野菊,秋
6779,溝蕎麥に野菊乏しき川へ哉,野菊,秋
6780,尼寺の佛の花は野菊哉,野菊,秋
6781,野菊より嫁菜の花はかじけたる,野菊,秋
6782,穗蓼多くたまたま野菊柴に,野菊,秋
6783,ゆれ殘る紫苑にさひし庭の秋,紫苑,秋
6784,ゆれ殘る紫苑にさひし庵の秋,紫苑,秋
6785,ゆれ殘る紫苑にさひし窓の秋,紫苑,秋
6786,淋しさを猶も紫苑ののびるなり,紫苑,秋
6787,雨そぼそぼ紫苑の花の盛り哉,紫苑,秋
6788,古庭に痩せて紫苑のさかり哉,紫苑,秋
6789,弓靱紫苑活けたり床の上,紫苑,秋
6790,竹籠に紫苑活けたり軸は誰,紫苑,秋
6791,床の間や紫苑を活けて弓靱,紫苑,秋
6792,八重葎荒れにし宿の紫苑哉,紫苑,秋
6793,弓靱紫苑生けたり床柱,紫苑,秋
6794,紫苑活けて机に向ふ讀書哉,紫苑,秋
6795,桔梗笠勘十郎の好み哉,桔梗,秋
6796,風吹て桔梗あぶなき細り哉,桔梗,秋
6797,桔梗折る妹が手もとのたゆげ也,桔梗,秋
6798,花籠に莟ばかりの桔梗哉,桔梗,秋
6799,一籠のこき紫や桔梗賣,桔梗,秋
6800,むつかしくつぼむ桔梗の力哉,桔梗,秋
6801,桔梗活けてしばらく假の書齋哉,桔梗,秋
6802,桔梗折つて婆のつれ立つ彼岸哉,桔梗,秋
6803,銅瓶に白き桔梗をさゝれたり,桔梗,秋
6804,銅瓶に白き桔梗をさゝれけり,桔梗,秋
6805,明日よりは桔梗折るべき人もなし,桔梗,秋
6806,桔梗活けて屏風は狩野の繋馬,桔梗,秋
6807,旅硯庭の桔梗は咲きにけり,桔梗,秋
6808,盜人の塚の横から桔梗かな,桔梗,秋
6809,秋もはや桔梗の名殘花一つ,桔梗,秋
6810,雨はれて荒野の桔梗夕日照る,桔梗,秋
6811,枝ぶりの手折るに安き桔梗哉,桔梗,秋
6812,枝ふりの折るにたやすき桔梗哉,桔梗,秋
6813,桔梗刈て菊の下葉の枯し見ゆ,桔梗,秋
6814,桔梗折れば撫子恨む女心,桔梗,秋
6815,種に刈る桔梗長く花一つ,桔梗,秋
6816,紫のふつとふくらむ桔梗哉,桔梗,秋
6817,二度生の低き桔梗や花多き,桔梗,秋
6818,梅干すや桔梗の花の傍に,桔梗,秋
6819,笠にさす那須野の桔梗花小し,桔梗,秋
6820,朝顔の垣根に鷄の遊びけり,朝顔,秋
6821,朝顔やきのふなかりし花のいろ,朝顔,秋
6822,朝顔やきのふハしらぬ花のいろ,朝顔,秋
6823,朝顔や日うらに殘る花一ツ,朝顔,秋
6824,朝顔や日かけに殘る花一ツ,朝顔,秋
6825,朝顔やよしある人のわひ住ひ,朝顔,秋
6826,朝顔にわれ恙なきあした哉,朝顔,秋
6827,朝顔の莟數へてまはりけり,朝顔,秋
6828,朝顔やあてありさうにのびる蔓,朝顔,秋
6829,あさがほや顔子も居らん裏借家,朝顔,秋
6830,朝顔や氣儘に咲いておもしろき,朝顔,秋
6831,蕣や人の心に塵もなし,朝顔,秋
6832,朝顔や夢裡の美人は消えて行く,朝顔,秋
6833,朝がほや梦の美人の消え處,朝顔,秋
6834,朝顔や我筆先に花も咲け,朝顔,秋
6835,ほのぼのに朝顔見るや？一重,朝顔,秋
6836,めざましに朝がほ見るや蚊帳一重,朝顔,秋
6837,夕暮に朝顔の葉のならびけり,朝顔,秋
6838,朝かほや斜にさきしつる一ツ,朝顔,秋
6839,朝な朝な朝がほながき契り哉,朝顔,秋
6840,朝な朝な朝がほながきさかり哉,朝顔,秋
6841,蕣としらでとりつくかつら哉,朝顔,秋
6842,朝顔となりおほせたる垣根哉,朝顔,秋
6843,朝顔と見えて夜明る庵かな,朝顔,秋
6844,蕣の地をはひわたる明家哉,朝顔,秋
6845,朝顔のつるさき秋に屆きけり,朝顔,秋
6846,朝顔の日うら勝にてあはれなり,朝顔,秋
6847,蕣の不二を脊にして咲きにけり,朝顔,秋
6848,朝顔のわつかに闇をはなれけり,朝顔,秋
6849,朝顔は命の中のいのちかな,朝顔,秋
6850,朝顔やあしたはいくつ開くやら,朝顔,秋
6851,朝顔や傾城町のうら通り,朝顔,秋
6852,蕣や鉢に植ゑても同じ事,朝顔,秋
6853,稻妻に朝顔つぼむ夕かな,朝顔,秋
6854,白露や蕣は世に長きもの,朝顔,秋
6855,蕣に今朝は朝寐の亭主あり,朝顔,秋
6856,蕣に土佐の昔画兀にけり,朝顔,秋
6857,蕣に引きくづされな一軒家,朝顔,秋
6858,蕣に昔女の住居かな,朝顔,秋
6859,蕣の入谷豆腐の根岸哉,朝顔,秋
6860,蕣の咲くがあはれや日に向て,朝顔,秋
6861,蕣の何しに赤を咲く事ぞ,朝顔,秋
6862,蕣の殘る日陰のいほり哉,朝顔,秋
6863,蕣は開く間を賣られけり,朝顔,秋
6864,蕣やあるじの外は知らぬ也,朝顔,秋
6865,蕣やいづれかさきに露の玉,朝顔,秋
6866,蕣や君いかめしき文學士,朝顔,秋
6867,蕣や客來てあるじまだ寐たり,朝顔,秋
6868,蕣や心にひゞく尼の鉦,朝顔,秋
6869,蕣や此頃へりし花の數,朝顔,秋
6870,蕣や誰が恨みに痩せはてし,朝顔,秋
6871,蕣や千代萬代の花の種,朝顔,秋
6872,蕣やはなだの上に霧かゝる,朝顔,秋
6873,妹の朝顔赤を咲きにけり,朝顔,秋
6874,風吹て蕣開く垣間かな,朝顔,秋
6875,人の家を借りて蕣さかせけり,朝顔,秋
6876,めつらしや蕣老いて花一つ,朝顔,秋
6877,我梦をめぐつて蕣のさかり哉,朝顔,秋
6878,朝貌のかくて宵寐の人ならし,朝顔,秋
6879,朝顔にまた明日迄の命哉,朝顔,秋
6880,朝顔の石に這ひつく山家哉,朝顔,秋
6881,朝顔の這ひいでて咲きぬ塀の蔦,朝顔,秋
6882,朝顔の引き捨てられし莟かな,朝顔,秋
6883,蕣や赤きを咲ける妹が垣,朝顔,秋
6884,朝顔や明石のお城須磨の船,朝顔,秋
6885,朝顔や入谷あたりの只の家,朝顔,秋
6886,朝顔や塵紙を漉く一つ家,朝顔,秋
6887,朝顔や野茶屋の垣根まばらなり,朝顔,秋
6888,朝顔や實勝になりて花細し,朝顔,秋
6889,朝顔やわれ未だ起きずと思ふらん,朝顔,秋
6890,貸家札蕣の庵と申さばや,朝顔,秋
6891,何も彼も庭は蕣だらけなり,朝顔,秋
6892,二三輪蕣咲くや竹格子,朝顔,秋
6893,人もなし蕣の垣根蔦の壁,朝顔,秋
6894,紅筆の朝顔風に咲きにけり,朝顔,秋
6895,曲り曲り突きあたる垣の蕣ぞ,朝顔,秋
6896,曲り曲り突きあたる家の蕣ぞ,朝顔,秋
6897,苧をうむや蕣の花まばらなる,朝顔,秋
6898,蕣に一夜とめたる車かな,朝顔,秋
6899,蕣に餅あたゝかき茶店かな,朝顔,秋
6900,蕣の蔦にとりつく山家哉,朝顔,秋
6901,蕣の莟うれしや酒の燗,朝顔,秋
6902,蕣の花くふ鹿やいつく嶋,朝顔,秋
6903,蕣や裏這ひまはる八軒家,朝顔,秋
6904,蕣やきのふ死んだる小傾城,朝顔,秋
6905,蕣やとても短き浮世なら,朝顔,秋
6906,蕣や十日戻らぬ小商人,朝顔,秋
6907,蕣や乘りおくれたる二番舟,朝顔,秋
6908,雨十日朝顔の花細りけり,朝顔,秋
6909,歸るかと朝顔咲きし留守の垣,朝顔,秋
6910,歸るかとあさかほさくや留守の垣,朝顔,秋
6911,きぬぎぬや蕣いまだ綻びず,朝顔,秋
6912,きぬきぬや蕣折りて參らする,朝顔,秋
6913,きのふ活けて今日蕣の花もなし,朝顔,秋
6914,逆上の人蕣に遊ぶべし,朝顔,秋
6915,小傾城蕣の君と申しけり,朝顔,秋
6916,とりつきて蕣上る柳哉,朝顔,秋
6917,朝顔に傾城だちの鼾かな,朝顔,秋
6918,朝顏に吉原の夢はさめにけり,朝顔,秋
6919,朝顏の彩色薄き燈籠かな,朝顔,秋
6920,朝顏の澁色茶色なども咲きぬ,朝顔,秋
6921,蕣の松にとりつく心かな,朝顔,秋
6922,朝顏やいろいろに咲いて皆萎む,朝顔,秋
6923,蕣や枳殻のとげの中に咲く,朝顔,秋
6924,蕣や新聞を讀みながら行く,朝顔,秋
6925,朝顏や寐ぼけた色を咲かせけり,朝顔,秋
6926,垣の外に朝顏咲くや上根岸,朝顔,秋
6927,かれかれになりて朝顏の花一つ,朝顔,秋
6928,きぬきぬを朝顏の花に見られけり,朝顔,秋
6929,三圓の蕣何ともなかりけり,朝顔,秋
6930,瑠璃色の朝顏咲きぬ下厠,朝顔,秋
6931,瑠璃色の朝顏さくや松の枝,朝顔,秋
6932,蕣に朝商ひす篠の雪,朝顔,秋
6933,朝顏の車立てたり裏御門,朝顔,秋
6934,朝顏のさまさま色を盡す哉,朝顔,秋
6935,朝顏の戸に掛けて去る牛の乳,朝顔,秋
6936,朝顏の鉢竝べたり萩の前,朝顔,秋
6937,朝顏の鉢に分限を見するかな,朝顔,秋
6938,竹垣に蕣の咲く空家かな,朝顔,秋
6939,敲けども蕣咲て明家なり,朝顔,秋
6940,晩酌に對す蕣の花一つ,朝顔,秋
6941,古庭の蕣さきぬ霧の中,朝顔,秋
6942,朝顏にあさつての莟多き哉,朝顔,秋
6943,朝顏にからむ隣の瓢哉,朝顔,秋
6944,朝顏の淺黄は薄き夜明哉,朝顔,秋
6945,朝顏の垣に鴉のとまりけり,朝顔,秋
6946,朝顏の垣や上野の山かつら,朝顔,秋
6947,朝顏の白き蕾を尋ねけり,朝顔,秋
6948,朝顏の白きは画にもかゝぬなり,朝顔,秋
6949,朝顏の種を干す日や鵙の聲,朝顔,秋
6950,朝顏の鉢移したるうがひ哉,朝顔,秋
6951,朝顏の花木深しや松の中,朝顔,秋
6952,朝顏の花猶存す午の雨,朝顔,秋
6953,朝顏や新聞くばる鈴の音,朝顔,秋
6954,朝顏や團十郎の名を憎む,朝顔,秋
6955,朝顏や松の梢の花一つ,朝顔,秋
6956,朝顏や紫しほる朝の雨,朝顔,秋
6957,入谷から出る朝顏の車哉,朝顔,秋
6958,この頃の蕣藍に定まりぬ,朝顔,秋
6959,實になりし鉢の朝顏花一つ,朝顔,秋
6960,山里の蕣藍も紺もなし,朝顔,秋
6961,朝顏の花や上野の山かつら,朝顔,秋
6962,朝顏に傾城眠きさかり哉,朝顔,秋
6963,朝顏の垣根荒れたり小傾城,朝顔,秋
6964,蕣のはじめて咲きし二輪哉,朝顔,秋
6965,咲て見れば團十郎でなかりけり,朝顔,秋
6966,おくればせに朝顏蒔きつまだ生えず,朝顔,秋
6967,蕣ノ一輪ザシニ萎レケリ,朝顔,秋
6968,朝顔ノシボマヌ秋トナリニケリ,朝顔,秋
6969,朝顔ヤ九月ノ花ニ耻多キ,朝顔,秋
6970,朝顔ヤ繪ニカクウチニ萎レケリ,朝顔,秋
6971,朝顔ヤ繪ノ具ニジンデ繪ヲ成サズ,朝顔,秋
6972,朝顔や我に寫生の心あり,朝顔,秋
6973,川飛んたきほひあまりて女郎花,朝顔,秋
6974,つとのびてほちりとさくや女郎花,朝顔,秋
6975,足柄や花に雲おく女郎花,朝顔,秋
6976,うき人にすねて見せけり女郎花,朝顔,秋
6977,末枯や覺束なくも女郎花,朝顔,秋
6978,かたまるを力にさくや女郎花,朝顔,秋
6979,大名の庭に痩せたり女郎花,朝顔,秋
6980,月の中に一本高し女郎花,朝顔,秋
6981,女郎花生ひそふ小家の柱かな,朝顔,秋
6982,すよすよとのびて淋しや女郎花,朝顔,秋
6983,ちよほちよほと花かたまつて女郎花,朝顔,秋
6984,露あげる力もなくて女郎花,朝顔,秋
6985,舟引きの背丈短し女郎花,朝顔,秋
6986,又一つ墓のふゑけり女郎花,朝顔,秋
6987,三日月は眉より細し女郎花,朝顔,秋
6988,道ばたに誰がくねらせて女郎花,朝顔,秋
6989,夕風のもつれそめけり女郎花,朝顔,秋
6990,鎧着て行き臥す人や女郎花,朝顔,秋
6991,女郎花枝の出るこそわりなけれ,女郎花,秋
6992,女郎花關屋の厠やつれけり,女郎花,秋
6993,女郎花たゞはづかしき許り也,女郎花,秋
6994,女郎花汝朝顏を知るや知らずや,女郎花,秋
6995,女郎花昔の人のすがた也,女郎花,秋
6996,此邊を通ふ汽車あり女郎花,女郎花,秋
6997,小法師に心ゆるすな女郎花,女郎花,秋
6998,何戀ひて痩するぞ小野の女郎花,女郎花,秋
6999,女郎花日毎にのびてあはれなり,女郎花,秋
7000,戀塚や男芒に女郎花,女郎花,秋
7001,淋しさに堪へて廣野の女郎花,女郎花,秋
7002,裾山や小松が中の女郎花,女郎花,秋
7003,裾山や小松の上の女郎花,女郎花,秋
7004,裾山や小松の中の女郎花,女郎花,秋
7005,一もとは誰が塚古りて女郎花,女郎花,秋
7006,堀わりや此頃はえし女郎花,女郎花,秋
7007,駕舁の裸て寐たり女郎花,女郎花,秋
7008,十里來て旅僧暮れぬ女郎花,女郎花,秋
7009,吹かるゝや薄の中の女郎花,女郎花,秋
7010,女郎花宮守ならば物語れ,女郎花,秋
7011,女郎花宮守ならば物語る,女郎花,秋
7012,女郎花男郎花戀のはじめ也,女郎花,秋
7013,芒より一尺高し女郎花,女郎花,秋
7014,女郎花の宿を尾花に尋ねばや,女郎花,秋
7015,淋しさや芒の中の女郎花,女郎花,秋
7016,若君は駕にめされつ女郎花,女郎花,秋
7017,女郎花刀のこじりさはりけり,女郎花,秋
7018,嵯峨野行く被衣姿や女郎花,女郎花,秋
7019,關越えて野道になりぬ女郎花,女郎花,秋
7020,雨ノ日や皆倒レタル女郎花,女郎花,秋
7021,女郎花女なからも一人前,女郎花,秋
7022,鷄頭はまだ下草よ女郎花,女郎花,秋
7023,名にばかりつよみを見せて男郎花,男郎花,秋
7024,淋しさをこらへて白し男郎花,男郎花,秋
7025,七草に入らぬあはれや男郎花,男郎花,秋
7026,手折るべき女もなくて男郎花,男郎花,秋
7027,男郎花女を待てる風情哉,男郎花,秋
7028,男郎花は男にばけし女かな,男郎花,秋
7029,一、二を生し二、三を生す我亦香,吾亦紅,秋
7030,春か秋か何とも見えぬ我亦香,吾亦紅,秋
7031,鷄頭や壁のやぶれた夕日影,鶏頭,秋
7032,鷄頭や壁のやぶれをもる夕日影,鶏頭,秋
7033,鶏頭や蜘のとぢたるうり家札,鶏頭,秋
7034,鷄頭や馬子がきせるの雁首に,鶏頭,秋
7035,鷄頭や馬士が烟管の雁首で,鶏頭,秋
7036,何もかもかれて墓場の鶏頭花,鶏頭,秋
7037,裏町は鷄頭淋し一くるわ,鶏頭,秋
7038,鷄頭や賤が伏家の唐錦,鶏頭,秋
7039,鷄頭のうしろを通る荷汽車哉,鶏頭,秋
7040,鷄頭や油ぎつたる花の色,鶏頭,秋
7041,鷄頭や雨の夕日の壁を漏る,鶏頭,秋
7042,鷄頭やあれたきまゝの背戸畠,鶏頭,秋
7043,大木に竝んで高し鷄頭花,鶏頭,秋
7044,二三本鷄頭咲けり墓の間,鶏頭,秋
7045,墓原や小草も無しに鷄頭花,鶏頭,秋
7046,鷄頭の丈を揃へたる土塀哉,鷄頭,秋
7047,鷄頭の一本殘る畠かな,鷄頭,秋
7048,藁葺の法華の寺や鷄頭花,鶏頭,秋
7049,秋盡きんとして鷄頭愚也けり,鶏頭,秋
7050,芋引かれ豆ひかれ鷄頭二三本,鶏頭,秋
7051,鷄頭高くのび澁柿低く垂る,鶏頭,秋
7052,鷄頭の晝も過ぎたり念佛講,鶏頭,秋
7053,鷄頭の痩せて枝多く花細し,鶏頭,秋
7054,鷄頭の夕影長き畠かな,鶏頭,秋
7055,鷄頭も松も植ゑたる小庭哉,鶏頭,秋
7056,鷄頭や遊行を拜む道の端,鶏頭,秋
7057,鷄頭を伐り倒したる夕日かな,鶏頭,秋
7058,村會のあと靜かなり鷄頭花,鶏頭,秋
7059,筑波暮れて夕日の鷄頭五六本,鶏頭,秋
7060,芭蕉青く鷄頭赤き野寺かな,鶏頭,秋
7061,鷄頭の下にごみ焚く墓場哉,鶏頭,秋
7062,鷄頭の下にごみ燒く墓場哉,鶏頭,秋
7063,鷄頭に大砲ひゞく日午也,鶏頭,秋
7064,鷄頭の短き影や蟻の穴,鶏頭,秋
7065,佛壇に鷄頭枯るゝ日數哉,鶏頭,秋
7066,鷄頭活けて地藏を洗ふお願哉,鶏頭,秋
7067,鷄頭の十本ばかり百姓家,鶏頭,秋
7068,鷄頭に秋の夕の迫りけり,鶏頭,秋
7069,鷄頭に車引き入るゝごみ屋哉,鶏頭,秋
7070,鷄頭の傾く秋の名殘哉,鶏頭,秋
7071,鷄頭の十四五本もありぬべし,鶏頭,秋
7072,鷄頭の花にとまりしばつた哉,鶏頭,秋
7073,鷄頭の花に涙を濺ぎけり,鶏頭,秋
7074,鷄頭の林に君を送る哉,鶏頭,秋
7075,鷄頭や二度の野分に恙なし,鶏頭,秋
7076,誰が植ゑしともなき路次の鷄頭や,鶏頭,秋
7077,萩刈て鷄頭の庭となりにけり,鶏頭,秋
7078,鷄頭ヤ今年ノ秋モタノモシキ,鶏頭,秋
7079,鷄頭ヤ絲瓜ヤ庵ハ貧ナラズ,鶏頭,秋
7080,ムラ雨ノ過ギテ鷄頭ノ夕日カナ,鶏頭,秋
7081,とりまぜた一木の色や葉鷄頭,葉鶏頭,秋
7082,とりませる一木の色や葉鷄頭,葉鶏頭,秋
7083,一家や冨士を見越の雁來紅,葉鶏頭,秋
7084,百姓の秋はうつくし葉鷄頭,葉鶏頭,秋
7085,牛部屋の入口狹し葉鷄頭,葉鶏頭,秋
7086,葉鷄頭や老莱の家奇麗なり,葉鶏頭,秋
7087,うつくしき色見えそめぬ葉鷄頭,葉鶏頭,秋
7088,釣鐘の寄進につくや葉鷄頭,葉鶏頭,秋
7089,鷄頭や不折がくれし葉鷄頭,葉鶏頭,秋
7090,葉鷄頭晝照草を引きにけり,葉鶏頭,秋
7091,葉鷄頭の首を投げたる天氣哉,葉鶏頭,秋
7092,駕吊りし醫師か門や葉鷄頭,葉鶏頭,秋
7093,駕吊りし醫師か宿や葉鷄頭,葉鶏頭,秋
7094,朝顏の枯し垣根や葉鷄頭,葉鶏頭,秋
7095,葉鷄頭の三寸にして眞赤也,葉鶏頭,秋
7096,葉鷄頭の錦を照す夕日哉,葉鶏頭,秋
7097,鯊釣の日和になりぬ葉鷄頭,葉鶏頭,秋
7098,塀低き田舎の家や葉鷄頭,葉鶏頭,秋
7099,水引を草に覺ゆるこじきかな,水引草,秋
7100,牛鳴て水引草のさかり哉,水引草,秋
7101,かひなしや水引草の花ざかり,水引草,秋
7102,彼岸過水引草の花さきぬ,水引草,秋
7103,藤袴笠は何笠桔梗笠,藤袴,秋
7104,賤が家に花白粉の赤かりき,白粉花,夏
7105,一つ木におしろいの花の黄と赤と,白粉花,夏
7106,道端に白粉花咲ぬ須磨の里,白粉花,夏
7107,おしろいは妹のものよ俗な花,白粉花,夏
7108,一嵐おしろいの花倒れけり,白粉花,夏
7109,花ならば爪くれなゐやおしろいや,白粉花,夏
7110,一輪の天竺牡丹活けて秋,ダリア,秋
7111,後れ咲の天竺牡丹活けて秋,ダリア,秋
7112,川水は下をくゞるや蓼の花,蓼の花,秋
7113,城あとや石すえわれて蓼の花,蓼の花,秋
7114,葉を洗ふ川の濁りや蓼の花,蓼の花,秋
7115,ふみこんで片足ぬらすたでの花,蓼の花,秋
7116,犬蓼の花くふ馬や茶の煙,蓼の花,秋
7117,一ツ家の家根に蓼咲く山路かな,蓼の花,秋
7118,堀川の滿干のあとや蓼の花,蓼の花,秋
7119,山里にすゝけて咲くや蓼の花,蓼の花,秋
7120,井戸堀や砂かぶせたる蓼の花,蓼の花,秋
7121,白水の行へや蓼の花盛り,蓼の花,秋
7122,石搭を橋にかけたり蓼の花,蓼の花,秋
7123,雪隱を埋めて蓼のさかりかな,蓼の花,秋
7124,水赤く泡流れけり蓼の花,蓼の花,秋
7125,森ぬけて川へ出づれば蓼の花,蓼の花,秋
7126,畦道の盡きて溝あり蓼の花,蓼の花,秋
7127,蓼の穂や裸子桶をさげて行く,蓼の花,秋
7128,溝川を埋めて蓼のさかりかな,蓼の花,秋
7129,水せきて穂蓼踏み込む野川哉,蓼の花,秋
7130,畦道の曲り曲りや蓼の花,蓼の花,秋
7131,門前に舟繋ぎけり蓼の花,蓼の花,秋
7132,蓼咲くや溜壺一つ寺の跡,蓼の花,秋
7133,蓼の穂や溜壺一つ寺の跡,蓼の花,秋
7134,葉も花にさいてや赤し曼珠沙花,曼珠沙華,秋
7135,葉も花になつてしまうか曼珠沙花,曼珠沙華,秋
7136,秋風に枝も葉もなし曼珠沙花,曼珠沙華,秋
7137,かたかたは花そば白し曼珠沙花,曼珠沙華,秋
7138,酒のんだ僧の後生やまんじゆ沙花,曼珠沙華,秋
7139,そのあたり似た草もなし曼珠沙花,曼珠沙華,秋
7140,露むすぶ處さへなし曼珠沙花,曼珠沙華,秋
7141,野ぜんちをさゝへて咲くや曼珠さけ,曼珠沙華,秋
7142,ひしひしと立つや墓場のまん珠さけ,曼珠沙華,秋
7143,餘の草にはなれて赤しまんじゆさけ,曼珠沙華,秋
7144,秣にもならぬあはれや曼珠沙花,曼珠沙華,秋
7145,葉もなしに何をあわてゝ曼珠沙花,曼珠沙華,秋
7146,古塚や誰が細工の曼珠沙花,曼珠沙華,秋
7147,陵や何と思ふて曼珠沙花,曼珠沙華,秋
7148,叢やきよろりとしたる曼珠沙花,曼珠沙華,秋
7149,草むらや土手ある限り曼珠沙花,曼珠沙華,秋
7150,四本五本はてはものうし曼珠沙華,曼珠沙華,秋
7151,ひよつと葉は牛が喰ふたか曼珠沙花,曼珠沙華,秋
7152,道ばたやきよろりとしたる曼珠沙花,曼珠沙華,秋
7153,道ばたや魂消たやうに曼珠沙花,曼珠沙華,秋
7154,曼珠沙花野暮な親父の墓の前,曼珠沙華,秋
7155,田の中の墓原いくつ曼珠沙華,曼珠沙華,秋
7156,日の落る野中の丘や曼珠沙華,曼珠沙華,秋
7157,曼珠沙花郷居の叔父を訪ふ日哉,曼珠沙華,秋
7158,曼珠沙花郷居の叔父を訪ふ道に,曼珠沙華,秋
7159,じゅずだまの小道盡きたり曼珠沙華,曼珠沙華,秋
7160,二里足らぬ道に飽きけり曼珠沙華,曼珠沙華,秋
7161,蘭の香に一絃琴の音じめ哉,蘭,夏
7162,雨蕭々建蘭の花老いて黒し,蘭,夏
7163,雨蕭々蘭の花老いて黒し,蘭,夏
7164,十両を虻もすさめす蘭の花,蘭,夏
7165,百両を虻もすさめず蘭の花,蘭,夏
7166,蘭の香に來る人を待つ夕哉,蘭,夏
7167,蘭の香に琴ひく人の聲ねびたり,蘭,夏
7168,蘭の香や女詩うたふ詩は東坡,蘭,夏
7169,蘭の香ににび色の衣脱捨てし,蘭,夏
7170,蘭の香ににび色の下着脱きすてし,蘭,夏
7171,蘭の香や佳人髣髴として來る,蘭,夏
7172,蘭の香や旅の裝束脱ぎたまふ,蘭,夏
7173,石摺を掛けて盆蘭の花黄なり,蘭,夏
7174,清貧の家に客あり蘭の花,蘭,夏
7175,蘭の如き君子桂の如き儒者,蘭,夏
7176,獵の犬蘭の葎に探りけり,蘭,夏
7177,雨しぶく書齋の椽や蘭の鉢,蘭,夏
7178,酒濁れり蘭の詩を書く琴の裏,蘭,夏
7179,潮州の碑の石摺や蘭の花,蘭,夏
7180,筆談の客と主や蘭の花,蘭,夏
7181,人賤しく蘭の價を論じけり,蘭,夏
7182,蘭咲くや大國香は墨の銘,蘭,夏
7183,蘭散て萬年青を愛す主哉,蘭,夏
7184,蘭の香に舞樂の面の古ひ哉,蘭,夏
7185,蘭の香や蘭の詩を書く琴の裏,蘭,夏
7186,蘭の主花咲く事を厭ひけり,蘭,夏
7187,蘭の花支那の言葉を話しけり,蘭,夏
7188,蘭の花文宣公の祭かな,蘭,夏
7189,蘭の花文宣公を祭りかな,蘭,夏
7190,蘭の花我に鄙吝の心あり,蘭,夏
7191,蘭を画て疊に墨のこぼれ哉,蘭,夏
7192,蘭を画て疊に透る墨の跡,蘭,夏
7193,鶴の羽の拔けて殘りぬ力草,力草,春
7194,四つばひにあるは根芹を力草,力草,春
7195,檀特や何度聞いても忘れ草,檀特花,夏
7196,草むらに檀特花わつかに赤し,檀特花,夏
7197,草むらむら檀特花わつかに赤し,檀特花,夏
7198,行く秋のふらさかりけり烏瓜,烏瓜,秋
7199,竹藪に一つる重し烏瓜,烏瓜,秋
7200,螳螂の首くゝりけり烏瓜,烏瓜,秋
7201,只一つ高きところに烏瓜,烏瓜,秋
7202,水車場を圍む小藪や烏瓜,烏瓜,秋
7203,犬の塚狗子草など生えぬべし,狗尾草,秋
7204,露草や露の細道人もなし,露草,秋
7205,牛部屋に露草咲きぬ牛の留守,露草,秋
7206,露草や野川の鮒のさゝ濁り,露草,秋
7207,露草の中にたまたま野菊哉,露草,秋
7208,百両の萬年青引ぬくわらべ哉,万年青の実,冬
7209,百両の蘭百両の萬年青哉,万年青の実,冬
7210,七くさを見るや千くさの人心,秋の七草,秋
7211,花を折る程には酔はす秋の草,秋の七草,秋
7212,入口に七草植ゑぬ花屋敷,秋の七草,秋
7213,筆塚や何ともしれぬ草の花,草の花,秋
7214,知らぬ名の草花つむや足の豆,草の花,秋
7215,聞たより箱根はやさし草の花,草の花,秋
7216,草花や人力はしる秋田道,草の花,秋
7217,五文づゝに分けて淋しや草の花,草の花,秋
7218,新道や繩手はつれて草の花,草の花,秋
7219,にぎやかな手向淋しや草の花,草の花,秋
7220,にぎやかに手向けて淋し草の花,草の花,秋
7221,御佛の顔つゝきけり草の花,草の花,秋
7222,石垣や何を種とて草の花,草の花,秋
7223,垣の内に花見ゆあれは何の草,草の花,秋
7224,草の花人の死にしは昔なり,草の花,秋
7225,草花や名も無き小川水清し,草の花,秋
7226,草花や小川にそふて王子まで,草の花,秋
7227,草むらや名も知らぬ花の白き咲く,草の花,秋
7228,西洋の草花赤し明屋敷,草の花,秋
7229,蛇塚や何とも知れぬ草の花,草の花,秋
7230,山を負ふて草の花咲く庵かな,草の花,秋
7231,縁日や鉢に栽ゑたる草の花,草の花,秋
7232,草の花少しありけば道後なり,草の花,秋
7233,草の花練兵場は荒れにけり,草の花,秋
7234,崩れかゝる土橋のふちを草の花,草の花,秋
7235,城門やいくさもなくて草の花,草の花,秋
7236,城跡や風ほそほそと草の花,草の花,秋
7237,堂崩れて地藏殘りぬ草の花,草の花,秋
7238,つくりしよ茶店の前の草の花,草の花,秋
7239,露もつや朝日斜めに草の花,草の花,秋
7240,何草そ屋根に花咲く奈良の宿,草の花,秋
7241,草の花水々車場へ分れ行く,草の花,秋
7242,草花の一筋道や湯元迄,草の花,秋
7243,塚もなしむくろも見えず艸の花,草の花,秋
7244,日もすかぬ森の下草花白し,草の花,秋
7245,日もすかぬ森の下道草の花,草の花,秋
7246,骨も見えずむくろも見えず草の花,草の花,秋
7247,山駕や榛名上れば草の花,草の花,秋
7248,草花に茶代を吝む鶯花園,草の花,秋
7249,ごてごてと草花植し小庭哉,草の花,秋
7250,物陰や百日草の今もさく,草の花,秋
7251,山深く草花咲いて色怪し,草の花,秋
7252,市に得し草花植る夜半哉,草の花,秋
7253,邪魔になる松を伐らばや草の花,草の花,秋
7254,テーブルを庭に据ゑたり草の花,草の花,秋
7255,人は徒歩駕にくゝりし草の花,草の花,秋
7256,ひとり生えの草皆花となりにけり,草の花,秋
7257,飛石に草花鉢や水を打つ,草の花,秋
7258,草花ノ鉢竝ベタル床屋カナ,草の花,秋
7259,草の花つれなきものに思ひけり,草の花,秋
7260,草の實や笠がさはればほろほろと,草の実,秋
7261,草の實や少し赤らむ茨の垣,草の実,秋
7262,夕日うつる草の實赤し藪の奥,草の実,秋
7263,草の實の赤くして馬もくはざりき,草の実,秋
7264,草の實のこぼるゝ谷やかけす鳴く,草の実,秋
7265,草の實や鎌倉古りて墓多き,草の実,秋
7266,草の實や谷を覗きて見れは家,草の実,秋
7267,草の實を摘まんとすれば木の實落つ,草の実,秋
7268,喰へさうな草の實見ゆる葎哉,草の実,秋
7269,湯治場へ草の實多き山を下る,草の実,秋
7270,蔓草を引けばしたゝかに實の落る,草の実,秋
7271,毒草のうつくしき實を結びけり,草の実,秋
7272,撫子の種つるしたり花もある,草の実,秋
7273,蓮の實のからなり飛んだとも見えず,蓮の実を結ぶ,秋
7274,蓮の實はから也飛んだとも見えず,蓮の実を結ぶ,秋
7275,蓮の實を飛ばせて殻はしなびける,蓮の実を結ぶ,秋
7276,紅蓮の實飛びぬ白蓮の實も飛ぶ,蓮の実を結ぶ,秋
7277,結伽こゝに蓮の實の飛ぶ音聞ん,蓮の実を結ぶ,秋
7278,結伽して蓮の實の飛ぶ音聞ん,蓮の実を結ぶ,秋
7279,極樂は蓮の實飛で月丸し,蓮の実を結ぶ,秋
7280,蓮の實曰く豐干饒舌と終に飛ぶ,蓮の実を結ぶ,秋
7281,蓮の實の天女五衰の夕飛ぶ,蓮の実を結ぶ,秋
7282,蓮の實の飛ばずにくさるものもあらん,蓮の実を結ぶ,秋
7283,蓮の實の飛ばで小僧に喰れたる,蓮の実を結ぶ,秋
7284,蓮の實の飛ばねど淋し本願寺,蓮の実を結ぶ,秋
7285,蓮の實の飛ふや出離の一大事,蓮の実を結ぶ,秋
7286,蓮の實の皆西へ飛ぶ夕哉,蓮の実を結ぶ,秋
7287,蓮の實は飛びぬ馬見所は崩されぬ,蓮の実を結ぶ,秋
7288,花いけに蓮の實いけて飛ぶを見ん,蓮の実を結ぶ,秋
7289,笑つては飛び怒つては飛び蓮實無し,蓮の実を結ぶ,秋
7290,蓮の實の飛ばずに死し石もあり,蓮の実を結ぶ,秋
7291,盆栽の蓮の實いまだ飛ばずある,蓮の実を結ぶ,秋
7292,蓮ノ實ヤ飛ンデ小僧ノ口ニ入ル,蓮の実を結ぶ,秋
7293,蓮の實を探つて見れば坊主哉,蓮の実,秋
7294,蓮の實のこほれ盡して何もなし,蓮の実,秋
7295,末枯やあらはれそめし牛の糞,末枯,冬
7296,末枯や帆綱干したる須磨の里,末枯,冬
7297,古妻やうら枯時の洗ひ張,末枯,冬
7298,末枯れて夕日の野邊の地藏哉,末枯,冬
7299,末枯のはてや稻荷の赤鳥居,末枯,冬
7300,末枯や人力つゞく屋敷跡,末枯,冬
7301,人足のしげき野邊より末枯るゝ,末枯,冬
7302,末枯に人を恐れぬ狐かな,末枯,冬
7303,末枯の若草山となりにけり,末枯,冬
7304,鴉啼く屋根の小草も末枯るゝ,末枯,冬
7305,末枯るゝ杉の下道齒朶薊,末枯,冬
7306,末枯るゝ森の下道齒朶薊,末枯,冬
7307,末枯や殘日薄き節婦の碑,末枯,冬
7308,子歸らず末枯時のかくれんぼ,末枯,冬
7309,古沼の草末枯れて鷺白し,末枯,冬
7310,末枯や人の行手の野は淋し,末枯,冬
7311,末枯の中に花咲く薊哉,末枯,冬
7312,相生の松茸笠をまじへけり,松茸,秋
7313,松茸や京は牛煮る相手にも,松茸,秋
7314,松茸や小鍋に秋の煮る音,松茸,秋
7315,行秋や松茸の笠そりかへる,松茸,秋
7316,松茸の笠ひろげたる日和哉,松茸,秋
7317,松茸にまじりて青き松葉哉,松茸,秋
7318,松茸はにくし茶茸は可愛らし,松茸,秋
7319,家土産の松蕈匂ふ夜汽車哉,松茸,秋
7320,大なる松蕈に逢著す端山哉,松茸,秋
7321,虚子を待つ松蕈鮓に酒二合,松茸,秋
7322,虚子を待つ松蕈鮓や酒二合,松茸,秋
7323,つれの者の松茸取りし妬み哉,松茸,秋
7324,松茸は茶村がくれし小豆飯,松茸,秋
7325,松蕈を得ずして歸る女哉,松茸,秋
7326,松蕈の乏しくなりて柚味噌哉,松茸,秋
7327,秋もはや松蕈飯のなごり哉,松茸,秋
7328,松蕈や菊の膾の色に出つ,松茸,秋
7329,松蕈や京の下宿の土瓶蒸,松茸,秋
7330,松蕈ヤ思ヒ出デタル古人ノ句,松茸,秋
7331,落葉かく子に茸の名を尋けり,茸,秋
7332,毒茸の下や誰が骨星が岡,茸,秋
7333,相生の松の陰より木の子哉,茸,秋
7334,平茸や兼好すみし家のあと,茸,秋
7335,人も來ず辻堂荒れて線香茸,茸,秋
7336,ものゝ香のきのこあるべく思ふかな,茸,秋
7337,ものゝ香の茸あるべくも思ふかな,茸,秋
7338,名も知らぬ茸や山のはいり口,茸,秋
7339,色黄にして穴の多きは毒茸ぞ,茸,秋
7340,色黄にして裏に穴あるは毒茸ぞ,茸,秋
7341,毒茸や赤きは眞赤黄は眞黄,茸,秋
7342,茶茸得て歸らんとすればしめぢ哉,茸,秋
7343,茶茸得て歸る小山のしめぢ哉,茸,秋
7344,松の下にいくち多く生えて古き庭,茸,秋
7345,淋しさや木の子にまじる雁もどき,茸,秋
7346,茸盡きて蓮根殘る哀れ也,茸,秋
7347,井戸端や初茸洗ふ二三人,茸,秋
7348,初茸やきのふの雨のしめり道,茸,秋
7349,我も画にかゝれて見たし春の野辺,春,春
7350,此春は空しくならず花と鳥,春,春
7351,はしょったる裾の落つるや春の旅,春,春
7352,はしょったる裾のゆるむや春の旅,春,春
7353,松の戸や春を薫るは宿の妻,春,春
7354,若くなる人の心や春の旅,春,春
7355,さゝ波をおさへて春の氷哉,春,春
7356,さゝ波をおさへる春の氷哉,春,春
7357,得ならぬは春の錦の匂ひ哉,春,春
7358,この春を王子の方へ追て行ケ,春,春
7359,旅なれば春なればこの朝ぼらけ,春,春
7360,年の矢はつきてくる春梓弓,春,春
7361,緋の蕪や膳のまはりも春けしき,春,春
7362,ふしの雪春ともしらぬ姿哉,春,春
7363,ぼんやりと大きく出たり春の不二,春,春
7364,いつまでか春の枯木の古わらじ,春,春
7365,雲ぬれて春の山寺碁をかこむ,春,春
7366,泣く人もありけり春の壇の浦,春,春
7367,春四月女に似たる男かな,春,春
7368,春はものゝ余りに人のうとましき,春,春
7369,木の間に名のなき宮も春なれや,春,春
7370,木の下に名のなき宮も春なれや,春,春
7371,口をしや春の筍水薬,春,春
7372,春の寺枯木の中を上りけり,春,春
7373,春の閨に散るや一九の膝栗毛,春,春
7374,春や千代君と北斗と南山と,春,春
7375,春や昔古白といへる男あり,春,春
7376,春や昔十五万石の城下哉,春,春
7377,春らしきものもなし只角の声,春,春
7378,仏壇も仏も春の光り哉,春,春
7379,ゆらりゆらり春の小舟ぞおもしろき,春,春
7380,鴛鴦の思ひ羽春を乱れけり,春,春
7381,朝飯や寝過ぎて春の四つ時分,春,春
7382,紙あます日記も春のなごり哉,春,春
7383,鴉なく春の七浦七夷子,春,春
7384,この春を鏡見ることもなかりけり,春,春
7385,此春を君薩州へ行かんとす,春,春
7386,十字架に春の烏や屋根の上,春,春
7387,縞繻子の帯にも春のなこり哉,春,春
7388,須磨の浦に波打つ春のなごり哉,春,春
7389,其春も二十五年の春かな,春,春
7390,ぞろぞろと土手の上行く春の人,春,春
7391,鶏遊び機織る春の戸口かな,春,春
7392,蜻蛉のすこしは春に居るさうな,春,春
7393,初音聞け春の根岸の枕売,春,春
7394,春の館三つ目一つ目など集ふ,春,春
7395,春ひとり香焚いて歌をよめとこそ,春,春
7396,灯ともして笙吹く春の社かな,春,春
7397,灯ともすや春の七浦七夷子,春,春
7398,日に烏それがどうして春の朝,春,春
7399,普陀落や春の順礼名はお鶴,春,春
7400,まんりようや春ともつかぬ実の赤さ,春,春
7401,宿帳や春の旅人異名書く,春,春
7402,我老いぬ春の湯たんぽ維摩経,春,春
7403,女ありく春の砂原下駄を没す,春,春
7404,帰り給ふ都は春になりぬれど,春,春
7405,亀祝し鶴賀す春の翁かな,春,春
7406,雲吐くは三上山なり春の寺,春,春
7407,還幸を拝する春の名残哉,春,春
7408,笊屋ある日春の草花売りに来る,春,春
7409,壻となり嫁となる春の契り哉,春,春
7410,女くさみ鼻動く春の仇心,春,春
7411,大家の一間に春の楽器哉,春,春
7412,大勢のさゝめく春の旅籠哉,春,春
7413,大勢のとよめく春の旅籠哉,春,春
7414,大船の一間に春の楽器哉,春,春
7415,猩々の影をたゝへて甕の春,春,春
7416,三味線を掛けて留守也春の宿,春,春
7417,旅に病んで春の蜜柑を求めけり,春,春
7418,鳶にくむ心に春はなかりけり,春,春
7419,春古りし三味線箱の題詩哉,春,春
7420,油画の極彩色や春の宿,春,春
7421,短冊に春の句書いて破りけり,春,春
7422,春の旅小き山を越えにけり,春,春
7423,蒲団著て手紙書く也春の風邪,春,春
7424,古文に羅馬の春の残りけり,春,春
7425,干柿の次の便や春半,春,春
7426,蜜柑くふて咳入春の風邪哉,春,春
7427,餅買ひにやりけり春の伊勢旅籠,春,春
7428,雪の絵を春も掛けたる埃哉,春,春
7429,善き妻の春の社に詣でけり,春,春
7430,詠人を知らさる春の秀歌哉,春,春
7431,料理屋を兼ねたる春の宿屋哉,春,春
7432,銭なくて恋する春の旅籠哉,春,春
7433,鳥籠に木を植ゑて見ん春の庭,春,春
7434,名も知らぬ春の小鳥や腹青き,春,春
7435,野に出でゝ写生する春となりにけり,春,春
7436,春此頃化石せんとの願あり,春,春
7437,味噌和を用ゐる春の料理哉,春,春
7438,昔知る水夫に逢ひぬ春の町,春,春
7439,もらひ鯛もらひ鯉春の厨哉,春,春
7440,洛陽の春色動く埃かな,春,春
7441,春ヤ今浜荻筆ノ穂ノ長キ,春,春
7442,春ヲ湛フ浜荻筆ノ穂ノ長キ,春,春
7443,日本の春の名残や豆腐汁,春,春
7444,昔絵の春や弁慶藤娘,春,春
7445,春立て鴨の心のいそがしき,立春,春
7446,雪解や春立つ一日あたゝかし,立春,春
7447,我王の二月に春の立ちにけり,立春,春
7448,春立つや昼の灯暗き山やしろ,立春,春
7449,洛陽に春立つ二月三日かな,立春,春
7450,春立つ日御柩を迎へ奉る,立春,春
7451,蕪村集に春立つといふ句なかりけり,立春,春
7452,印肉の油かわきし二月かな,二月,春
7453,雁がねに二月とつぐることなかれ,二月,春
7454,天竺や花ちる二月十五日,二月,春
7455,寝るひまもあつてうれしき二月哉,二月,春
7456,ふりしきる一夜嬉しき二月哉,二月,春
7457,焼芋のさかり過たる二月哉,二月,春
7458,一村の梅咲きこぞる二月哉,二月,春
7459,旃檀のほろほろ落る二月哉,二月,春
7460,大砲を海へうちこむ二月哉,二月,春
7461,大仏の胴中まはる二月哉,二月,春
7462,旅人の八重山こゆる二月哉,二月,春
7463,葉ののびて独活の木になる二月哉,二月,春
7464,中山をひとりこえたる二月哉,二月,春
7465,年々にへるや睦月のおもしろさ,睦月,新年
7466,春早しまだ芽もふかぬ藤の棚,春浅し,春
7467,春めきし海や日の旗月の旗,春浅し,春
7468,小便の音春めきぬ練馬道,春浅し,春
7469,庭荒れて鳶の声など春めかす,春浅し,春
7470,春浅く乳も涙も氷りけり,春浅し,春
7471,病床の匂袋や浅き春,春浅し,春
7472,何も書かぬ赤短冊や春浅し,春浅し,春
7473,鶯の目を細うする余寒かな,余寒,春
7474,烏帽子着て万歳走る余寒哉,余寒,春
7475,鳴さして鶯むせふ余寒哉,余寒,春
7476,一枚の紙衣久しき余寒哉,余寒,春
7477,鶯の猶々やせる余寒哉,余寒,春
7478,唐人の夕くれいそぐ余寒哉,余寒,春
7479,だまされて紅梅うらむ余寒哉,余寒,春
7480,二三文財布の底の余寒哉,余寒,春
7481,雛鶴のうぶ毛吹かるゝ余寒哉,余寒,春
7482,病人の巨燵消えたる余寒哉,余寒,春
7483,水洟の泪にまじる余寒かな,余寒,春
7484,都にはまだ火事多き余寒哉,余寒,春
7485,四人の丸くなつたる余寒かな,余寒,春
7486,馬立てゝ勿来の関の余寒哉,余寒,春
7487,鍛冶か火に梅ちりかゝる余寒哉,余寒,春
7488,唐船の此頃よらぬ余寒哉,余寒,春
7489,濁酒の頭に上る余寒哉,余寒,春
7490,日影薄く梅の野茶屋の余寒かな,余寒,春
7491,夕くれの風になりたる余寒哉,余寒,春
7492,穴にのぞく余寒の蟹の爪赤し,余寒,春
7493,残り少なに余寒もものゝなつかしき,余寒,春
7494,雨だらだら余寒をふつて落しけり,余寒,春
7495,僧返る竹の小道の余寒哉,余寒,春
7496,手向くるや余寒の豆腐初桜,余寒,春
7497,手向けばや余寒の豆腐初桜,余寒,春
7498,冬はさもなくて余寒の強さ哉,余寒,春
7499,漂母我をあはれむ旅の余寒哉,余寒,春
7500,篝火のあはれにもゆる余寒哉,余寒,春
7501,魚市に魚の少き余寒哉,余寒,春
7502,紅梅に霙のかゝる余寒かな,余寒,春
7503,鶯の荊飛び出る余寒哉,余寒,春
7504,泥深く蛤ひそむ余寒哉,余寒,春
7505,海苔麁朶に海苔の少き余寒哉,余寒,春
7506,春寒し風の動かす床の軸,春寒し,春
7507,陸奥を出てまだ江戸の春寒し,春寒し,春
7508,松明持ちて春寒さうな丁哉,春寒し,春
7509,鈍色の命婦の袴春寒し,春寒し,春
7510,春寒や牛粛として車泣く,春寒し,春
7511,陵や春まだ寒き十日月,春寒し,春
7512,春寒し鶯移る江の東,春寒し,春
7513,春寒き椽に乾かぬ鋳形哉,春寒し,春
7514,春寒き机の下の湯婆哉,春寒し,春
7515,春寒き手を握りたる別哉,春寒し,春
7516,春寒き南近江や鮒鱠,春寒し,春
7517,揚土にうごめく鮒や春寒し,春寒し,春
7518,月人ハ逝イテ麦人春寒シ,春寒し,春
7519,春寒き寒暖計や水仙花,春寒し,春
7520,春寒く痰の薬をもらひけり,春寒し,春
7521,君行かばわれとゞまらば冴返る,冴返る,春
7522,菎蒻の水さえ返る濁りかな,冴返る,春
7523,冴返るけふにはありけり何年忌,冴返る,春
7524,寝て聞けば外は冴返る風の音,冴返る,春
7525,野辺送りきのふもけふも冴え返る,冴返る,春
7526,馬の息市冴返るあした哉,冴返る,春
7527,小城下や辰の太鼓の冴え返る,冴返る,春
7528,冴え返る空に愛宕の雲寒し,冴返る,春
7529,今返す冬の発句ぞ冴えかへる,冴返る,春
7530,立たんとす腰のつがひの冴え返る,冴返る,春
7531,なにがしの忌日ぞけふは冴え返れ,冴返る,春
7532,忌日なり又冴え返る風の音,冴返る,春
7533,冴え返る音や霰の十粒程,冴返る,春
7534,御鏡に篝火映り冴え返る,冴返る,春
7535,御鏡に松明映り冴え返る,冴返る,春
7536,冴え返る春日颪や薪能,冴返る,春
7537,冴え返る三笠颪や薪能,冴返る,春
7538,鶴病みて梅散る頃や冴返る,冴返る,春
7539,鶴病んで梅散る頃や冴え返る,冴返る,春
7540,蝶ノ羽ニ霜置ク夜半ヤ冴エ返ル,冴返る,春
7541,三月をえらんで人の死なれける,三月,春
7542,三月を此能故に冴え返る,三月,春
7543,三月や小松の枝に雀二羽,三月,春
7544,たれこめて已に三月二十日かな,三月,春
7545,きさらぎに桜驚く暑さ哉,如月,春
7546,衣更着や稍なまぬるき不二颪,如月,春
7547,きさらぎや雪の石鉄雨の久万,如月,春
7548,衣更着や爺が紙衣の衣がへ,如月,春
7549,二月や人の油断を花になる,如月,春
7550,二月や物見車をつくろはん,如月,春
7551,きさらぎの笈摺赤し子順礼,如月,春
7552,虫穴を出て殺生石に魂もなし,啓蟄,春
7553,鷹鳩になる此頃の朧かな,鷹化為鳩,冬
7554,春めくや鷹さへ鳩となりかけて,鷹化為鳩,冬
7555,春めくや鷹さへ鳩になりかけて,鷹化為鳩,冬
7556,鷹鳩と化す藤房は容れられず,鷹化為鳩,冬
7557,鷹鳩と化す藤房は隠れけり,鷹化為鳩,冬
7558,鷹鳩になりけり鳥は帰りけり,鷹化為鳩,冬
7559,鷹鳩に雀の代とぞなりにける,鷹化為鳩,冬
7560,鷹鳩になる還暦の祝かな,鷹化為鳩,冬
7561,鷹鳩になるや二代の君愚なり,鷹化為鳩,冬
7562,鷹は鳩に鉄砲は豆に御世静か,鷹化為鳩,冬
7563,此頃はひらたくなりぬ弥生不二,弥生,春
7564,奥山にひとり香炊く弥生かな,弥生,春
7565,すさましく蝶の出て来る弥生哉,弥生,春
7566,寝られぬを恋ときかるゝ弥生哉,弥生,春
7567,寝られぬを恋ときかれん弥生哉,弥生,春
7568,春風のとり乱したる弥生哉,弥生,春
7569,春もはや弥生となりて老にけり,弥生,春
7570,辻堂に絵馬のふゑたる弥生哉,弥生,春
7571,法界平等鳩も餌に飽く弥生哉,弥生,春
7572,虚無僧の願長き弥生かな,弥生,春
7573,鯛提げて裏町帰る弥生哉,弥生,春
7574,鯛提けて裏家へ這入る弥生哉,弥生,春
7575,古御所や弥生の鴉草に鳴く,弥生,春
7576,あたゝかな雨がふるなり枯葎,暖か,春
7577,朝日より猶あたゝかき入日かな,暖か,春
7578,あたゝかに白壁ならぶ入江哉,暖か,春
7579,あたゝかに立上る船の煙かな,暖か,春
7580,鉄の生温かになる夜かな,暖か,春
7581,あたゝかに雲をいろどる夕日哉,暖か,春
7582,あたたかになるへき朝の日和かな,暖か,春
7583,あたゝかや壁を漏る日に舞ふ埃,暖か,春
7584,大船や波あたゝかに鴎うく,暖か,春
7585,くろかねの橋あたゝかき都哉,暖か,春
7586,人ちらほら風あたゝかに松葉関,暖か,春
7587,浅草ややゝあたゝかき撫仏,暖か,春
7588,あたゝかき風がぐるぐる風車,暖か,春
7589,あたゝかやなゐすべき夜と人のいふ,暖か,春
7590,赤飯の湯気あたゝかに野の小店,暖か,春
7591,田楽や庵あたゝか笑ひ声,暖か,春
7592,生ぬるき風吹く闇の汐路かな,暖か,春
7593,あたゝかな窓に風邪の名残かな,暖か,春
7594,あたゝかな窓に病気の名残かな,暖か,春
7595,売れずして玉に毛生る暖かさ,暖か,春
7596,暖かき座敷の庭に洗濯す,暖か,春
7597,生ぬるき振舞水や市の家,暖か,春
7598,ツリ上ゲシ魚ノ光ヤ暖キ,暖か,春
7599,うらゝかや空を見つめる病ミ上り,麗か,春
7600,うらゝかや見つめる空も病み上り,麗か,春
7601,うらゝかや女つれだつ嵯峨御室,麗か,春
7602,うらゝかや氷の解けし諏訪の湖,麗か,春
7603,うらゝかになりぬ舞ふ鳶鳴く鴉,麗か,春
7604,うらゝかや牛の間の善光寺,麗か,春
7605,うらゝかささはりのあとのたへられぬ,麗か,春
7606,うらゝかや岡に上りつ野に下りつ,麗か,春
7607,長閑さや原に残りし牛一ツ,長閑,春
7608,長閑さや雨も霞と思はれて,長閑,春
7609,のどかさや野には用なき人許り,長閑,春
7610,この頃やまだ長閑さもあすここゝ,長閑,春
7611,此頃やまだのどかさもあそここゝ,長閑,春
7612,長閑さや親子つれたつ鶴の顔,長閑,春
7613,長閑さや障子の穴に海見えて,長閑,春
7614,のどかさや松にすわりし真帆片帆,長閑,春
7615,鶴の声これより空の長閑なり,長閑,春
7616,のどかさや哀れ少なき野辺送り,長閑,春
7617,のどかさや海士と木こりの物語り,長閑,春
7618,長閑や樵夫と海人のものかたり,長閑,春
7619,のどかさやしくれた山と思はれず,長閑,春
7620,のどかさや背にとりつく孫二人,長閑,春
7621,野開きて夕日のどかに八百里,長閑,春
7622,大仏のうしろ姿も長閑なり,長閑,春
7623,のとかさや内海川の如くなり,長閑,春
7624,のとかさや鐘つき山を上る見ゆ,長閑,春
7625,長閑さや干潟の石の鶴一羽,長閑,春
7626,のとかさや麦の畑の爪上り,長閑,春
7627,出女の声のどかなり石薬師,長閑,春
7628,のどかさにうれしき旅の夕哉,長閑,春
7629,のどかさに仁王見て立つ女哉,長閑,春
7630,のどかさは錨抜く船の拍子哉,長閑,春
7631,のどかさや一年ごしの橋普請,長閑,春
7632,のどかさや一の鳥居は麦の中,長閑,春
7633,のどかさや駅のはづれの伊勢の海,長閑,春
7634,のどかさや小山小山の寺の塔,長閑,春
7635,のどかさや小山つゝきに塔二つ,長閑,春
7636,のどかさや少しくねりし松縄手,長閑,春
7637,のどかさや軒端の山の麦畠,長閑,春
7638,のどかさや野中に丸き草の山,長閑,春
7639,のどかさや畑をへだてゝ町一つ,長閑,春
7640,のどかさや昼は白壁夜は灯,長閑,春
7641,のどかさや豆のやうなる小豆島,長閑,春
7642,のどかさや岡は松一つ堂一つ,長閑,春
7643,のどかさや小娘一人一軒家,長閑,春
7644,のどかさや里の祭の蛇遣ひ,長閑,春
7645,のどかさや千住曲れば野が見ゆる,長閑,春
7646,のどかさや杖ついて庭を徘徊す,長閑,春
7647,のどかさや出茶屋の煙土手の人,長閑,春
7648,のどかさや煮売屋のぞく旅の人,長閑,春
7649,のどかさや娘が眠る猫が鳴く,長閑,春
7650,君か代や死て生返る日はのどか,長閑,春
7651,鶴の首のどかに亀の首あたゝかに,長閑,春
7652,のどかさの独り往き独り面白き,長閑,春
7653,のどかさや白帆過ぎ行く垣の外,長閑,春
7654,のどかさを独り往き独り面白き,長閑,春
7655,のどかさや象引いて行く原の中,長閑,春
7656,のどかさや障子あくれば野が見ゆる,長閑,春
7657,行き過ぎし短き駅や海のどか,長閑,春
7658,のどかさに餅くふ三井の茶店哉,長閑,春
7659,のどかさやつゝいて見たる蟹の穴,長閑,春
7660,ノドカサニ昼餉モ食ハデ歩キケリ,長閑,春
7661,ノドカサヤ案内者ツレシ田舎者,長閑,春
7662,二日路は筑波にそふて日ぞ長き,日永,春
7663,あくびした口に花ちる日永哉,日永,春
7664,虻の影障子にうなる日永かな,日永,春
7665,うたゝねを針にさゝれる日永哉,日永,春
7666,馬の眼の糸によれたる日永哉,日永,春
7667,馬の眼のとろとろとなる日永哉,日永,春
7668,書置をつゝき出したる日永哉,日永,春
7669,菎蒻ののびさうになる日永哉,日永,春
7670,さゝかにの糸ひきのはす日永哉,日永,春
7671,死んだ子の道具とり出す日永かな,日永,春
7672,ちりはてゝ花も地をはふ日永哉,日永,春
7673,つゞらから臍の緒出たる日永哉,日永,春
7674,永き日や鸚鵡にくれる長局,日永,春
7675,永き日やじつと出て居るひるの月,日永,春
7676,永き日や菜種つたひの七曲り,日永,春
7677,永き日をつぶしかねたる虱哉,日永,春
7678,日永さや鉄道馬車のゆれ心地,日永,春
7679,ひよひよと遠矢のゆるむ日永哉,日永,春
7680,蜑の子につれだつ磯の日長哉,日永,春
7681,飴売の弁慶のびる日長哉,日永,春
7682,霞んだり曇つたり日の長さ哉,日永,春
7683,永き日や隣の屋根を窓の影,日永,春
7684,永き日を柳の風の幾かはり,日永,春
7685,永き日を柳の風のよわりけり,日永,春
7686,雨一日二日山家の暮遅し,日永,春
7687,牛に乗て飴買ひに行く日永哉,日永,春
7688,馬方と一つ床几の日永哉,日永,春
7689,舵を絶えて船流れよる日永哉,日永,春
7690,亀の子の盥這ひ出る日永哉,日永,春
7691,くま蜂のさわぎ立たる日永哉,日永,春
7692,金比羅に大絵馬あげる日永哉,日永,春
7693,順礼の乳しぼり出す日永哉,日永,春
7694,永き日の滋賀の山越湖見えて,日永,春
7695,永き日の鳶か烏か塔の尖,日永,春
7696,永き日の村まだ遠し馬の足,日永,春
7697,引きすてし大鋸の日永かな,日永,春
7698,一日一日富士細り行く日永哉,日永,春
7699,病人の仰向になる日永哉,日永,春
7700,百人の人夫土掘る日永哉,日永,春
7701,吹て消えて石鹸の玉の日永哉,日永,春
7702,又今日も又今日も日の永くなる,日永,春
7703,水上は花絶えて日の永哉,日永,春
7704,芳野出て十里はなるゝ日永哉,日永,春
7705,女つれて中川つたひ日永哉,日永,春
7706,石手寺やこゝも日永の婆許り,日永,春
7707,春日野に神馬草はむ日永哉,日永,春
7708,汽車道にならんでありく日永哉,日永,春
7709,高麗船の来るとはかりに日永哉,日永,春
7710,順礼の札所出て行く日永哉,日永,春
7711,大仏の廻廊めぐる日永哉,日永,春
7712,峠より海を見下す日永哉,日永,春
7713,托鉢の尼につれだつ日永哉,日永,春
7714,辻駕に女乗せたる日永哉,日永,春
7715,鳶の居る物干竿の日永哉,日永,春
7716,永き日の脚や障子の三段目,日永,春
7717,永き日の奈良は大寺許りなり,日永,春
7718,永き日や飴売わたる瀬田の橋,日永,春
7719,永き日や静かにまゐる神路山,日永,春
7720,永き日や塔の五重のむら雀,日永,春
7721,永き日や松の梢に鶴の首,日永,春
7722,永き日や飯くれといふ猫の声,日永,春
7723,永き日や驢馬を追ひ行く鞭の影,日永,春
7724,永き日を明夜の屋根に睡り猫,日永,春
7725,永き日を胡座かきたる羅漢哉,日永,春
7726,永き日を海月ふうわりふうわりと,日永,春
7727,永き日を仁王の腕のたるみ哉,日永,春
7728,楷子から海を見て居る日永哉,日永,春
7729,ぶらぶらとして居れば日の永さ哉,日永,春
7730,道ばたに絵馬売る婆々の日永哉,日永,春
7731,群れ上る人や日永の二月堂,日永,春
7732,飯くふて又歩行出す日永哉,日永,春
7733,世の中はいそがしさうに日永哉,日永,春
7734,斧の柄のいくたび朽ちて日永哉,日永,春
7735,足弱の八里に永き日は暮れぬ,日永,春
7736,鬼事に髪のくづれる日永哉,日永,春
7737,亀と共にぶら下りたる日永哉,日永,春
7738,狩衣をかけて日永し金屏風,日永,春
7739,櫛挽と木こりと話す日永哉,日永,春
7740,山門に鹿の寝て居る日永かな,日永,春
7741,使者一人悠然と居る日永哉,日永,春
7742,杉の木に絵馬掛けて来る日永哉,日永,春
7743,捨鍬に蟻這ひ上る日永哉,日永,春
7744,砂浜にささ波よする日永哉,日永,春
7745,棚の上に日の永さうな小達磨よ,日永,春
7746,旅人の都々逸うたふ日永哉,日永,春
7747,綱かけて蔵を引きずる日永哉,日永,春
7748,出女のあくびして居る日永かな,日永,春
7749,永き日に富士のふくれる思ひあり,日永,春
7750,永き日の暮れんとすなり二月堂,日永,春
7751,永き日の兵糧はこぶ大手哉,日永,春
7752,永き日やくたびれもせぬ波の音,日永,春
7753,永き日や太刀かざりたる居合抜,日永,春
7754,永き日や鶴下りて居る岡の上,日永,春
7755,永き日や鶏上る堂の屋根,日永,春
7756,永き日や鶏うたふ塔の屋根,日永,春
7757,永き日や人集めたる居合抜,日永,春
7758,永き日や本堂めぐる蟻の道,日永,春
7759,永き日や目口しまらぬ人の顔,日永,春
7760,永き日や衛門三郎浄瑠理寺,日永,春
7761,永き日を蟻上るらん塔の尖,日永,春
7762,永き日を蝦夷の草原田ともならず,日永,春
7763,永き日を銭にもならぬ砂画かな,日永,春
7764,永き日を麩に隠れたる金魚哉,日永,春
7765,風船のふわりふわりと日永哉,日永,春
7766,舟曳に女のまじる日永哉,日永,春
7767,舟と岸と話して居る日永哉,日永,春
7768,麩を投げて鯉を養ふ日ぞ長き,日永,春
7769,下手の碁の四隅かためる日永哉,日永,春
7770,鳳凰も鳴かず日永の不老門,日永,春
7771,舞ひながら鳶の糞する日永哉,日永,春
7772,物思ひ別れて後の日の永さ,日永,春
7773,川に沿ふて行けど橋なし日の永き,日永,春
7774,長安の市に日永し売卜者,日永,春
7775,長き日の鴎は飛んで暮れんとす,日永,春
7776,永き日の人ぞろぞろと上野哉,日永,春
7777,永き日の山越えて伊予の城見ゆる,日永,春
7778,永き日や頻りに股のいらかゆき,日永,春
7779,永き日を蟻の合戦の始りぬ,日永,春
7780,パノラマ見て玉乗りを見て日永哉,日永,春
7781,パノラマを見て玉乗を見て日の永き,日永,春
7782,馬士につれ車夫につれ旅の日ぞ長き,日永,春
7783,大船に汐汲んで居る日永かな,日永,春
7784,大船に水汲んで居る日永哉,日永,春
7785,永き日や雑報書きの耳に筆,日永,春
7786,蓑掛けし病の床や日の永き,日永,春
7787,大仏の観音を訪ふ日の永き,日永,春
7788,追込の鳥早く寝る日永かな,日永,春
7789,パン売の太鼓も鳴らず日の永き,日永,春
7790,日ノ永キ浜荻筆ノ穂ノ長キ,日永,春
7791,遅き日も暮れぬ鸚鵡の物語,遅き日,春
7792,おそき日や鼓の紐の幾ゆるみ,遅き日,春
7793,旅籠屋に夕餉待つ間の暮遅し,遅き日,春
7794,遅き日の四時打ちきりし時計哉,遅き日,春
7795,うつくしき春の夕や人ちらほら,春の夕,春
7796,灯ちらちら洛陽の春の夕哉,春の夕,春
7797,面白い事許り春の夕哉,春の夕,春
7798,影長し春の夕日の大草鞋,春の夕,春
7799,弁慶の鐘売る春の夕哉,春の夕,春
7800,宮島や春の夕波うねり来る,春の夕,春
7801,踊るかな春の夕日の影法師,春の夕,春
7802,少し病んでおもしろき春の夕哉,春の夕,春
7803,須磨寺や春の夕雲夕嵐,春の夕,春
7804,何として春の夕をまぎらさん,春の夕,春
7805,紫の火をともしけり春の夕,春の夕,春
7806,喇叭吹けば鹿かへる春の夕哉,春の夕,春
7807,雲消えて花ふる春の夕かな,春の夕,春
7808,地震して春の夕の風になる,春の夕,春
7809,旅籠屋に春の夕の仮寝かな,春の夕,春
7810,灯ともすや春の夕の古館,春の夕,春
7811,宿とりて春の夕の仮寝かな,春の夕,春
7812,逆上す春の夕の仇心,春の夕,春
7813,うたゝ寝に風引く春の夕哉,春の夕,春
7814,駒鳥鳴くや唐人町の春の暮,春の暮,春
7815,馬は皆よしのをあとに春のくれ,春の暮,春
7816,この春も維摩の像にくれてけり,春の暮,春
7817,春くれてみだれそめにし心かな,春の暮,春
7818,浅草に鴉啼くなり春の暮,春の暮,春
7819,錦帳に春暮れて行色紙哉,春の暮,春
7820,ごくもんの八道の辻に春くれぬ,春の暮,春
7821,御座船や須磨を離るゝ春の暮,春の暮,春
7822,この春もうつらうつらと暮にけり,春の暮,春
7823,鳥の声春は緑に暮れて行,春の暮,春
7824,春暮れて千里の駒の行へ哉,春の暮,春
7825,牢を出る朝鮮人や春のくれ,春の暮,春
7826,石手寺へまはれば春の日暮れたり,春の暮,春
7827,小桜といふ遊女を買ひぬ春の暮,春の暮,春
7828,此春は金州城に暮れてけり,春の暮,春
7829,小春といふ遊女を買ひぬ春の暮,春の暮,春
7830,須磨の笛明石の琴と春暮るゝ,春の暮,春
7831,そぼふるや誰が枕橋春暮るゝ,春の暮,春
7832,大仏に戸帳垂れたり春の暮,春の暮,春
7833,乗り捨てし鷁首の船や春暮るゝ,春の暮,春
7834,いちはつの一輪白し春の暮,春の暮,春
7835,瓜の苗胡瓜の苗に暮るゝ春,春の暮,春
7836,瓜の苗茄子の苗のくるゝ春,春の暮,春
7837,売れ残る大津画の鬼の春暮るゝ,春の暮,春
7838,植込に春暮れんとす何の花,春の暮,春
7839,思ひあり琴をかゝへて春暮れぬ,春の暮,春
7840,加茂川や流るゝ木履暮るゝ春,春の暮,春
7841,春の暮忍恋てふ題を得たり,春の暮,春
7842,大和をめぐり伊勢に出でこゝに春暮ぬ,春の暮,春
7843,病人に酒しふる春の名残哉,春の暮,春
7844,橋の側に仮橋かゝる暮の春,春の暮,春
7845,筍に虫歯痛みて暮の春,春の暮,春
7846,面白さ皆夢にせん宵の春,春の宵,春
7847,じだらくに寝たる官女や宵の春,春の宵,春
7848,移り香や御所より下る春の宵,春の宵,春
7849,春の宵小万と書きし名札あり,春の宵,春
7850,紫の灯をともしけり春の宵,春の宵,春
7851,怪談に女まじりて春の宵,春の宵,春
7852,寝よとすれば門叩く也春の宵,春の宵,春
7853,小格子や遊女と語る春の宵,春の宵,春
7854,頭痛すと先づ寝る妻や春の宵,春の宵,春
7855,亡き妻のまほろし見たり春の宵,春の宵,春
7856,病床の浄瑠理本や春の宵,春の宵,春
7857,若き時は酒ものみしが春の宵,春の宵,春
7858,薄雪のふるや春の夜うつくしき,春の夜,春
7859,春の夜に火のなき火桶抱へけり,春の夜,春
7860,春の夜の雨も朧の姿かな,春の夜,春
7861,春の夜の千賀の塩かま煙たつ,春の夜,春
7862,春の夜の仏壇見ゆる燈哉,春の夜,春
7863,春の夜の三保の松原煙たつ,春の夜,春
7864,春の夜や髪のこぼるゝ額つき,春の夜,春
7865,春の夜やくらがり走る小提灯,春の夜,春
7866,春の夜や相談事に夜中過,春の夜,春
7867,春の夜や何の夢見て蝶一つ,春の夜,春
7868,春の夜や灯にそむきたる痩女,春の夜,春
7869,春の夜や笑ほのかに長局,春の夜,春
7870,春の夜や女見返る柳橋,春の夜,春
7871,春の夜を鎌倉山のはなし哉,春の夜,春
7872,何事のなしに春の夜面白き,春の夜,春
7873,春の夜の石壇上るともし哉,春の夜,春
7874,春の夜の稲荷に隣るともしかな,春の夜,春
7875,春の夜の妹がり行けば小雨ふる,春の夜,春
7876,春の夜のうたゝね更けぬ牡丹亭,春の夜,春
7877,春の夜の小唄聞ゆる長局,春の夜,春
7878,春の夜のともし火赤し金屏風,春の夜,春
7879,春の夜や重ねかけたる緋の袴,春の夜,春
7880,春の夜や京の大路の化爺,春の夜,春
7881,春の夜や廓へはいる小提灯,春の夜,春
7882,春の夜や傾城買ひに小提灯,春の夜,春
7883,春の夜や朗詠うたふ舟の中,春の夜,春
7884,春の夜を稲荷に隣るともし哉,春の夜,春
7885,春の夜を語れ式部も小式部も,春の夜,春
7886,琵琶やんで小窓に春の夜更けたり,春の夜,春
7887,春の夜の几帳に漏るゝともし哉,春の夜,春
7888,春の夜の小窓にうつる島田かな,春の夜,春
7889,春の夜の醜女の顔に更けにける,春の夜,春
7890,春の夜の三味線に倚る男かな,春の夜,春
7891,春の夜の三味線箱を枕かな,春の夜,春
7892,春の夜のそこ行くは誰そ行くは誰そ,春の夜,春
7893,春の夜のともし消ちたり小傾城,春の夜,春
7894,春の夜のともし火多し奈良の山,春の夜,春
7895,春の夜の鈍子に寝たる旅籠哉,春の夜,春
7896,春の夜の人通りあり広小路,春の夜,春
7897,春の夜の枕にゆるき鼓かな,春の夜,春
7898,春の夜の夢をさますや白拍子,春の夜,春
7899,春の夜の連歌くつれて端唄哉,春の夜,春
7900,春の夜や綾の小路の人通り,春の夜,春
7901,春の夜や傾城町の電気燈,春の夜,春
7902,春の夜や醜女の顔に更けにける,春の夜,春
7903,春に夜や下京更けて琴の音,春の夜,春
7904,春の夜やそこ行くは誰そ誰そ,春の夜,春
7905,春の夜や松明捨つる妹が門,春の夜,春
7906,春の夜や茶屋の二階の影法師,春の夜,春
7907,春の夜や局女の草双紙,春の夜,春
7908,春の夜や奈良の町家の懸行燈,春の夜,春
7909,春の夜や二階の窓の影法師,春の夜,春
7910,春の夜や船へ召さるゝ白拍子,春の夜,春
7911,春の夜や寄席の崩れの人通り,春の夜,春
7912,春の夜を屏風囲うて遊ひけり,春の夜,春
7913,蝋燭に春の夜明くる別れ哉,春の夜,春
7914,三献の盃春の夜は更けぬ,春の夜,春
7915,春の夜の妹が手枕更けにけり,春の夜,春
7916,春の夜の讃美歌歌ふ男女かな,春の夜,春
7917,春の夜の水晶包む錦かな,春の夜,春
7918,春の夜の月や出づらん人の声,春の夜,春
7919,春の夜の鈍子屋に寝る二人哉,春の夜,春
7920,春の夜の燭消してお化物語,春の夜,春
7921,春の夜の夢の浮橋踏み絶えぬ,春の夜,春
7922,春の夜の女も見えぬ都かな,春の夜,春
7923,春の夜や伊予簾隠れの長烏帽子,春の夜,春
7924,春の夜や妻なき男何を読む,春の夜,春
7925,春の夜や屏風の陰に物の息,春の夜,春
7926,春の夜や百物語升落し,春の夜,春
7927,春の夜や伏見の宿の坊主落,春の夜,春
7928,春の夜や男もまじる歌がるた,春の夜,春
7929,春の夜を尺八吹いて通りけり,春の夜,春
7930,春の夜を三味線引いて遊びけり,春の夜,春
7931,春の夜の辻占呼ぶや忍び声,春の夜,春
7932,春の夜の二階三階灯をともす,春の夜,春
7933,春の夜や三味線引いて下り舟,春の夜,春
7934,まはし部屋に手を鳴らす春の夜更たり,春の夜,春
7935,満都昼の如き春の夜よみに行き給ふ,春の夜,春
7936,縁日の油煙に春の夜は更ぬ,春の夜,春
7937,春の夜の明けなんとする廓哉,春の夜,春
7938,春の夜の風引声や禿呼ぶ,春の夜,春
7939,春の夜の五條東す車かな,春の夜,春
7940,春の夜の三味の空音や三味線屋,春の夜,春
7941,春の夜や隣を起す忍び声,春の夜,春
7942,春の夜の酒に更けしも昔哉,春の夜,春
7943,春の夜の旅草臥や道中画,春の夜,春
7944,春の夜の燈心長き行燈哉,春の夜,春
7945,春の夜の蒲団かぶりて話しけり,春の夜,春
7946,春の夜や妻にならうの私語,春の夜,春
7947,春の夜や見知顔する小傾城,春の夜,春
7948,ほれられて通ひし春の夜も昔,春の夜,春
7949,うたゝ寝に春の夜浅し牡丹亭,春の夜,春
7950,春の夜や無紋あやしき小提灯,春の夜,春
7951,春の夜や料理屋を出る小提灯,春の夜,春
7952,春深し眠る海棠醒る梨,春深し,春
7953,恋かあらぬ妹かあらぬ春深み,春深し,春
7954,春深く腐りし蜜柑好みけり,春深し,春
7955,行春や硯にならぶ蕪村集,行く春,春
7956,行く春や大根の花も菜の花も,行く春,春
7957,行春や柳の糸も地について,行く春,春
7958,いそがしう春行く八百八町哉,行く春,春
7959,鶯の松にとまりて春ぞ行く,行く春,春
7960,掃溜のはまぐりがらや春の行,行く春,春
7961,春行くやある夜鳴神稲光り,行く春,春
7962,松杉の不破の関屋に春くれぬ,行く春,春
7963,行く春に猿男のうしろ姿哉,行く春,春
7964,行く春の月もなくなる山家哉,行く春,春
7965,行く春の釣針にかゝる魚もなし,行く春,春
7966,行く春のもたれ心や床柱,行く春,春
7967,行く春や商人船の立烏帽子,行く春,春
7968,行春や鶯下手に鳴きさがり,行く春,春
7969,行く春や牛の涎は何と読む,行く春,春
7970,行く春や尺に満ちたる蕗の薹,行く春,春
7971,行く春や園姫様の都入り,行く春,春
7972,行春や妻も子もなき草の庵,行く春,春
7973,行く春や腸洗ふ水の味,行く春,春
7974,行春や目を煩ひし京の人,行く春,春
7975,行く春をうれしさうなる鴉かな,行く春,春
7976,行く春をなれも惜むか白拍子,行く春,春
7977,行春を病人多き都かな,行く春,春
7978,行く春をものいひたげな姿かな,行く春,春
7979,暮れて行く春をぶらりと下りけり,行く春,春
7980,行春に達磨の鼾聞かばやな,行く春,春
7981,行春に手をひろげたる蕨哉,行く春,春
7982,行春の石ともならで尼一人,行く春,春
7983,行春の魚のはらわた腐りけり,行く春,春
7984,行春の紅はげる野山かな,行く春,春
7985,行春の爪紅落す女かな,行く春,春
7986,行く春を雨に暮れ行く車かな,行く春,春
7987,行春を嵯峨や御室の蜆売,行く春,春
7988,行春を乗合船の女かな,行く春,春
7989,行く春を鉢巻したる頭痛かな,行く春,春
7990,行く春を無言の人のあはれなり,行く春,春
7991,行春をものうけに眠る女御哉,行く春,春
7992,行春ををしむや平家物語,行く春,春
7993,行春を女車の人もなし,行く春,春
7994,緑青の八重山かくれ春の行く,行く春,春
7995,行く春の鉄漿つけなやむ女哉,行く春,春
7996,行く春の酒をたまはる陣屋哉,行く春,春
7997,行く春の二藍の衣酒しみたり,行く春,春
7998,行く春の牡丹咲きたる広間哉,行く春,春
7999,行く春や足くたびれし奈良廻り,行く春,春
8000,行く春や奈良の夜店の古扇,行く春,春
8001,行く春を翠帳の鸚鵡黙りけり,行く春,春
8002,行く春をひとり寝るべき宵も哉,行く春,春
8003,夕雲のいざよふ空や春の行く,行く春,春
8004,植込みに春行かんとす何の花,行く春,春
8005,何いそぐ春よりさきに行く君は,行く春,春
8006,春行くとうしろ向いたる女かな,行く春,春
8007,春行くと片手出したる芭蕉哉,行く春,春
8008,行く春の烏帽子買ひけり白拍子,行く春,春
8009,行く春の狩衣姿乱れけり,行く春,春
8010,行く春の釘うちこみし杉を見たり,行く春,春
8011,行く春の三味線草や鏡草,行く春,春
8012,行く春や喧嘩のあとに鴉鳴く,行く春,春
8013,行春や忍ぶ恋てふ題を得たり,行く春,春
8014,行春や喧嘩のあとに鳴く鴉,行く春,春
8015,行く春や須磨の磯家の繋ぎ馬,行く春,春
8016,行く春やほうほうとして蓬原,行く春,春
8017,行く春や宿替したる臍の穴,行く春,春
8018,行く春や女載せたるいくさ船,行く春,春
8019,行く春を徐福がたよりなかりけり,行く春,春
8020,行春を尋ねて見ばや京女郎,行く春,春
8021,行く春を電話の糸の乱れ哉,行く春,春
8022,行く春をひとり鼻ひる女かな,行く春,春
8023,行く春を山青く水緑なり,行く春,春
8024,摺鉢の擂木に逢ず行春や,行く春,春
8025,七八騎過ぎ行く春の小村哉,行く春,春
8026,病む君に春行く宿や琴の塵,行く春,春
8027,天を刺す松の緑や夏近し,行く春,春
8028,行く春の硯に印す梅の花,行く春,春
8029,行く春の山吹散つて蝶白し,行く春,春
8030,行く春や日記を結ぶ藤の歌,行く春,春
8031,行く春ややぶれかぶれの迎酒,行く春,春
8032,ゆく春のさくらさかりて山の宿,行く春,春
8033,草の戸や春ををしみに人のくる,春惜しむ,春
8034,けふに成て頻りに春の惜くなる,春惜しむ,春
8035,傾城の文にも春を惜むかな,春惜しむ,春
8036,春惜む一日画をかき詩を作る,春惜しむ,春
8037,春惜む宿や日本の豆腐汁,春惜しむ,春
8038,草の戸に春の行くへの哀れなり,春の行方,春
8039,花ちりて春の行へのあはれなり,春の行方,春
8040,桜日記三月尽と書き納む,三月尽,春
8041,不尽のねに三月尽の青さ哉,三月尽,春
8042,行脚とめてはなす八十八夜かな,八十八夜,春
8043,出流れの晩茶も八十八夜かな,八十八夜,春
8044,山里に花咲く八十八夜かな,八十八夜,春
8045,霜なくて曇る八十八夜かな,八十八夜,春
8046,やすやすと青葉になりて夏近,夏近し,夏
8047,はきだめの蛤がらや夏隣,夏近し,夏
8048,夏近き俳句の会や夏の題,夏近し,夏
8049,夏近く薔薇咲いて居る杉垣根,夏近し,夏
8050,淡雪のうしろ明るき月夜哉,淡雪,冬
8051,淡雪や覚束なくも雲はなれ,淡雪,冬
8052,青柳にふりけされけり春の雪,春の雪,春
8053,粉になつて朝日にちるや春の雪,春の雪,春
8054,春の来し道や一筋雪の中,春の雪,春
8055,油断して雨になりけり春の雪,春の雪,春
8056,思ひ出し思ひ出しふる春の雪,春の雪,春
8057,傘干すや其影丸き春の雪,春の雪,春
8058,春日野は青み勝なり春の雪,春の雪,春
8059,狩衣やはらひもあへす春の雪,春の雪,春
8060,下町は雨に成りけり春のゆき,春の雪,春
8061,たなそこに受けて見る也春の雪,春の雪,春
8062,辻占をとけて見せたり春の雪,春の雪,春
8063,旅籠屋の前まだ白し春の雪,春の雪,春
8064,春の雪小草かくれに残りけり,春の雪,春
8065,春になりて二度目の雪や二三尺,春の雪,春
8066,春の雪雫も垂れず消えにけり,春の雪,春
8067,春の雪胡葱畑に積りけり,春の雪,春
8068,入海や海苔麁朶遠く春の雪,春の雪,春
8069,顔包む騎馬の士官や春の雪,春の雪,春
8070,君を待つ蛤鍋や春の雪,春の雪,春
8071,酒薄き車力の嘆や春の雪,春の雪,春
8072,春雪を侵して僧の下山かな,春の雪,春
8073,白魚取る舟の篝や春の雪,春の雪,春
8074,花早き梅をあはれむ春の雪,春の雪,春
8075,春の雪霏々として又降つて来る,春の雪,春
8076,これもまた花の一ツや春の霜,春の霜,春
8077,春の霜糸遊となつて燃にけり,春の霜,春
8078,吹くや東風附木の真帆にそよそよと,東風,春
8079,開帳の東風に吹かるゝ秘仏哉,東風,春
8080,病癒えて門を出づれば東風が吹く,東風,春
8081,病起椽にいつれは東風吹入るゝ衣の裾,東風,春
8082,東風吹クヤ船ノ寄ル待ツ離レ島,東風,春
8083,夕東風ヤ火ヲトモシタル漁舟,東風,春
8084,力なき風とは見えてよせる貝,貝寄風,春
8085,貝よせや磯は花貝さくら貝,貝寄風,春
8086,貝寄ノ風敷波ノ汀カナ,貝寄風,春
8087,貝寄ノ風ニカクヨル玉藻カナ,貝寄風,春
8088,貝寄ノ風ニタヾヨフ玉藻カナ,貝寄風,春
8089,佐保姫とともに笑ふや山の景,佐保姫,春
8090,佐保姫の眉についたる柳哉,佐保姫,春
8091,佐保姫は裾のすがるや富士の山,佐保姫,春
8092,佐保姫に笑はれてこそたびの顔,佐保姫,春
8093,佐保姫のもてなしあつし桃椿,佐保姫,春
8094,佐保ひめの笑はゞ笑へこげたかほ,佐保姫,春
8095,佐保ひめの笑はゞ笑へたびのかほ,佐保姫,春
8096,佐保姫のもてなしあつし独りたひ,佐保姫,春
8097,佐保姫のもてなしふりや独りたひ,佐保姫,春
8098,佐保姫は朧を常の姿かな,佐保姫,春
8099,佐保姫を思へば千島蝦夷が島,佐保姫,春
8100,佐保姫を恋に都のそめ物屋,佐保姫,春
8101,春の日は湖一はいに霞哉,春日,春
8102,浅草に一日くらす春日哉,春日,春
8103,浅草に一日暮れる春日哉,春日,春
8104,十四五羽鶏のつれだつ春日哉,春日,春
8105,大仏のうつらうつらと春日哉,春日,春
8106,苣の木に雀囀る春日哉,春日,春
8107,豆腐屋の根岸にかゝる春日哉,春日,春
8108,はりものゝもみ衣匂ふ春日哉,春日,春
8109,春の日や鼓のひもの幾ゆるみ,春日,春
8110,春の日を一日眠る子猫かな,春日,春
8111,春の日を奥山人と語りける,春日,春
8112,春の日を鼓のひものゆるみけり,春日,春
8113,春の日を屋根にゐ眠る大工哉,春日,春
8114,大和路や春日も見えて宵月夜,春日,春
8115,蜑の子の足に波うつ春日哉,春日,春
8116,蜑の子の足に波よる春日かな,春日,春
8117,雨霽れて鳥啼く塔の春日哉,春日,春
8118,入相の山むらさきに春日かな,春日,春
8119,鑵子さげて畑より戻る春日哉,春日,春
8120,小舟漕で大船めぐる春日哉,春日,春
8121,大木の下に子のよる春日哉,春日,春
8122,鳳凰のしだり尾ゆらく春日哉,春日,春
8123,女若く馬糞ひろふ春日哉,春日,春
8124,鵲の人に糞する春日哉,春日,春
8125,仮橋のひよひよとなる春日哉,春日,春
8126,きらきらと鳥の飛び行く春日哉,春日,春
8127,砂浜に足跡長き春日かな,春日,春
8128,大仏の膝に雲おく春日哉,春日,春
8129,鳥飛んで砂に影ある春日哉,春日,春
8130,春の日の暮れて野末に灯ともれり,春日,春
8131,埃舞ふや春の日脚の壁のすき,春日,春
8132,紫のがらすにうつる春日かな,春日,春
8133,紫の雲に鳶舞ふ春日哉,春日,春
8134,紫の雲間を漏るゝ春日かな,春日,春
8135,雨晴れて春の日光る野山かな,春日,春
8136,椽側に奴髯そる春日かな,春日,春
8137,香も焚かず屁もひらず春の日半日,春日,春
8138,樫の木に春の日光る宮居哉,春日,春
8139,蜘の囲の五色に光る春日かな,春日,春
8140,翠帳にさしこむ春の朝日かな,春日,春
8141,双六の三島に春の日は暮れぬ,春日,春
8142,砂浜にきらゝの光る春日かな,春日,春
8143,赤飯に春日さしたる祠かな,春日,春
8144,垂れこめて古人を思ふ春日哉,春日,春
8145,ちらちらと花簪の春日かな,春日,春
8146,春の日や馬上の使者の片手綱,春日,春
8147,春の日や踊教ふる足拍子,春日,春
8148,春の日を絶頂はまだ嵐かな,春日,春
8149,低き木に鳶の下り居る春日かな,春日,春
8150,古城になゐふる春の日中かな,春日,春
8151,窓にさす春の日影の九時過ぎぬ,春日,春
8152,水底に魚の影さす春日哉,春日,春
8153,三尺の庭を詠むる春日哉,春日,春
8154,春の日の人何もせぬ小村哉,春日,春
8155,春の日や草花売の背戸に来る,春日,春
8156,春の日の友訪ふ舟や江の東,春日,春
8157,鶯の来ぬ春の日となりにけり,春日,春
8158,うつくしき鳥に餌をやる春日哉,春日,春
8159,カナリヤは逃げて春の日くれにけり,春日,春
8160,韓王の行列来る春日哉,春日,春
8161,橋を行く長柄の傘や春日影,春日,春
8162,春の日や楽声起る塀の中,春日,春
8163,春の日や根岸の店の赤団子,春日,春
8164,春の日や紫の袴茶の袴,春日,春
8165,春日さす庭の小松菜薹立ちぬ,春日,春
8166,紫の袴をつけし春日かな,春日,春
8167,紫の蒲団に座る春日かな,春日,春
8168,忘れ居りし鉢に花さく春日哉,春日,春
8169,写生して病間なり春一日,春日,春
8170,爺は釣婆は念仏の春日かな,春日,春
8171,春の日や七部巡りの第二番,春日,春
8172,春の日や素人細工の鉋屑,春日,春
8173,春の日や千代紙の鶴藁の虎,春日,春
8174,春の日や病床にして絵の稽古,春日,春
8175,春の日や牧師と僧を庵の客,春日,春
8176,春ノ日ノ御願ホドキモツイデカナ,春日,春
8177,春ノ日ヤ賞牌胸ニ美少年,春日,春
8178,春ノ日ヤ時計屋ニ立ツ田舎人,春日,春
8179,永代や春の夕日の橋の影,春の夕日,春
8180,薄墨てかいた様なり春の月,春の月,春
8181,かけたよりみちておほろや春の月,春の月,春
8182,風に吹きけされさう也春の月,春の月,春
8183,土手三里花にはなれぬ春の月,春の月,春
8184,取り落すおならかすむや春の月,春の月,春
8185,花か人か影もおぼろや春の月,春の月,春
8186,花にいで花にかくるや春の月,春の月,春
8187,春の月一重の雲にかくれけり,春の月,春
8188,鶯のねくらさかさん春の月,春の月,春
8189,下町や女もまじる春の月,春の月,春
8190,須磨を出て明石は見えず春の月,春の月,春
8191,つくはねも見ゆるやう也春の月,春の月,春
8192,傘をたゝめば白し春の月,春の月,春
8193,紗の窓や官女琴ひく春の月,春の月,春
8194,春の月なき名とさへもあはれ也,春の月,春
8195,春の月御格子あげて人もなし,春の月,春
8196,婿がねに誰がなるらん春の月,春の月,春
8197,寺見えて月てる島の朧なり,春の月,春
8198,生酔の隣たゝくや春の月,春の月,春
8199,奈良の町の昔くさしや春の月,春の月,春
8200,春月や五條橋上の大鼾,春の月,春
8201,池上を立つて戻るや春の月,春の月,春
8202,春の月鴉は森に寝たさうな,春の月,春
8203,春の月枯木の中を上りけり,春の月,春
8204,春の月芝居の木戸に湧く女,春の月,春
8205,春の月簾の外にかゝりけり,春の月,春
8206,湖や山朦朧と春の月,春の月,春
8207,吉原や橋ひきあげて春の月,春の月,春
8208,御手討のさわぎ静まる春の月,春の月,春
8209,婚礼の乗物多し春の月,春の月,春
8210,禰宜も居らず野社荒れて春の月,春の月,春
8211,人も居らず楽屋狼藉春の月,春の月,春
8212,ぼろぼろと尺八吹くや春の月,春の月,春
8213,満汐や春の月夜海のはて,春の月,春
8214,目さませば我裾に春の月出たり,春の月,春
8215,居酒屋に馬繋ぎけり春の月,春の月,春
8216,妓をつれて上野を下る春の月,春の月,春
8217,酒くさき衣干す春の月夜哉,春の月,春
8218,笛吹くは東の対よ春の月,春の月,春
8219,一里行く春の月夜や村芝居,春の月,春
8220,宴はてゝ車呼ぶ也春の月,春の月,春
8221,小道して廓に出でぬ春の月,春の月,春
8222,羽衣の太鼓聞えぬ春の月,春の月,春
8223,春の月恋する人を照しけり,春の月,春
8224,吉原の裏を通るや春の月,春の月,春
8225,十二橋どちら向いても春の月,春の月,春
8226,橋十二どちら向いても春の月,春の月,春
8227,四辻やどちら向いても春の月,春の月,春
8228,ふじよりも立つ陽炎や春の空,春の月,春
8229,庵の空鳶二十程春に舞ふ,春の月,春
8230,いろいろのもの飛びかひぬ春の空,春の月,春
8231,椽へ出て見れば鳥飛ぶ春の空,春の月,春
8232,霞より上にうきけり春のくも,春の雲,春
8233,曇りはてず又夕ばえぬ春の雲,春の雲,春
8234,錦絵やお城の上に春の雲,春の雲,春
8235,春雨や柳の糸もまじるらん,春の雨,春
8236,霞みながら春雨ふるや湖の上,春の雨,春
8237,春雨に傘をたゝんであるきけり,春の雨,春
8238,春雨にぬるゝもうれし旅心,春の雨,春
8239,春雨のとほさぬ松の縄手かな,春の雨,春
8240,春雨や傘をたゝんであるきけり,春の雨,春
8241,春雨や旅の衣のぬれぬほと,春の雨,春
8242,春雨をもらさぬ松の縄手かな,春の雨,春
8243,燈籠の花にはくらし春の雨,春の雨,春
8244,春雨にふられて居るや酔心,春の雨,春
8245,春雨やふるもふらぬも花のため,春の雨,春
8246,日のくれて花に声なし春の雨,春の雨,春
8247,ふり出しも晴れぎはもなし春の雨,春の雨,春
8248,鶯や傘をたゝめハ春の雨,春の雨,春
8249,これほどにふつて音なし春の雨,春の雨,春
8250,うぐひすの茶の木くゝるや春の雨,春の雨,春
8251,枯枝に烏なじむや春の雨,春の雨,春
8252,島島やわら屋根かすんで春の雨,春の雨,春
8253,杉の木の下をふりけり春の雨,春の雨,春
8254,たそかれや松に消えこむ春の雨,春の雨,春
8255,兎角して霞になりぬ春の雨,春の雨,春
8256,花に酔ふた頭重たし春の雨,春の雨,春
8257,花もなき配所の夜や春の雨,春の雨,春
8258,春雨に白木よごるゝ宮ゐかな,春の雨,春
8259,春雨や新しうなる小笹原,春の雨,春
8260,春雨や家老の門としる手綱,春の雨,春
8261,春雨や空乾きする虎子石,春の雨,春
8262,春雨や空がわきなる虎子石,春の雨,春
8263,ふる壁に草青みけり春の雨,春の雨,春
8264,馬子歌の鈴鹿上るや春の雨,春の雨,春
8265,よし原の桜にたらず春の雨,春の雨,春
8266,禅僧の眠りこけたる春の雨,春の雨,春
8267,花ちるや跡心よき春の雨,春の雨,春
8268,春雨にぬれて野牛の眠り哉,春の雨,春
8269,春雨に婿の寝ざまを見付けたり,春の雨,春
8270,春雨のまゝで夜に入る上野哉,春の雨,春
8271,春雨やお堂の中は鳩だらけ,春の雨,春
8272,春雨や傘を提げ行く女あり,春の雨,春
8273,春雨や晴れて田を打つ土のうら,春の雨,春
8274,春雨や楼上の人笛を吹く,春の雨,春
8275,琵琶抱て千手泣く夜や春の雨,春の雨,春
8276,蓑見ても旅したく成る春の雨,春の雨,春
8277,夢に見ん遊女もしらず春の雨,春の雨,春
8278,女一人ふゑ二人ふゑ春の雨,春の雨,春
8279,物たゝく庫裏のひゞきや春の雨,春の雨,春
8280,石投げて堀の深さを春の雨,春の雨,春
8281,傘さして筑波見に出ん春の雨,春の雨,春
8282,屑籠の文殻赤し春の雨,春の雨,春
8283,摺鉢をかぶつて行くや春の雨,春の雨,春
8284,泥舟や三艘ならぶ春の雨,春の雨,春
8285,春雨に暮れ行く沖の小島哉,春の雨,春
8286,春雨によごれて黒し赤鳥居,春の雨,春
8287,春雨の築地にとまる鴉かな,春の雨,春
8288,春雨の築地にむるゝ雀哉,春の雨,春
8289,春雨の築地にむれる雀哉,春の雨,春
8290,春雨の土塀にとまる烏かな,春の雨,春
8291,春雨の蓑あぶりけり渡し守,春の雨,春
8292,春雨の朗詠うたふ女かな,春の雨,春
8293,春雨や油したゝる牛の肉,春の雨,春
8294,春雨や檻に寝ねたる大狸,春の雨,春
8295,春の雨摺鉢買ふて戻りけり,春の雨,春
8296,人もなし鶯横町春の雨,春の雨,春
8297,鶯の湯殿のぞくや春の雨,春の雨,春
8298,宇治川やほつりほつりと春の雨,春の雨,春
8299,貝塚や土に下駄くふ春の雨,春の雨,春
8300,春雨の舟に彳む女かな,春の雨,春
8301,春雨や仮鬚掛けたる床柱,春の雨,春
8302,春雨や埴生の小屋のさゝめ言,春の雨,春
8303,春の雨花担ひ来る娘かな,春の雨,春
8304,古杉の五本並ぶや春の雨,春の雨,春
8305,古杉の四五本ならぶ春の雨,春の雨,春
8306,又つゞく三十石や春の雨,春の雨,春
8307,松島の紀行直すや春の雨,春の雨,春
8308,鴛鴦の濡れて居るなり春の雨,春の雨,春
8309,板塀に春雨白し上根岸,春の雨,春
8310,垣低し番傘通る春の雨,春の雨,春
8311,傘さして傾城なぶる春の雨,春の雨,春
8312,傘の化物出たり春の雨,春の雨,春
8313,狩衣や北野にはいる春の雨,春の雨,春
8314,行列の草津に入るや春の雨,春の雨,春
8315,行列の勢田にかゝるや春の雨,春の雨,春
8316,傾城の裲襠着て見つ春の雨,春の雨,春
8317,粉になつて春雨とふや電気燈,春の雨,春
8318,地震して障子あくれば春の雨,春の雨,春
8319,血のあとの苔ともならで春の雨,春の雨,春
8320,つれづれに書くや春雨物語,春の雨,春
8321,つれづれやわれ寝て居れば春の雨,春の雨,春
8322,兀山や春雨まじり嵐吹く,春の雨,春
8323,旅籠屋の門を出づれば春の雨,春の雨,春
8324,畑見ゆる杉垣低し春の雨,春の雨,春
8325,春雨になるや広野の南風,春の雨,春
8326,春雨の鳩と烏と雀かな,春の雨,春
8327,春雨のわれまぼろしに近き身ぞ,春の雨,春
8328,春雨のわれ蓑着たり笠着たり,春の雨,春
8329,春雨や傘高低に渡し舟,春の雨,春
8330,春雨や金箔はげし粟田御所,春の雨,春
8331,春雨や心得顔の太郎冠者,春の雨,春
8332,春雨や関の小まんが出て招く,春の雨,春
8333,春雨や何々青む花の草,春の雨,春
8334,春雨や二十五番の観世音,春の雨,春
8335,春雨や日記をしるす船の中,春の雨,春
8336,春雨や蓑の下より赤い花,春の雨,春
8337,春雨や葭簀に立てし槍二本,春の雨,春
8338,春の雨松三寸の小苗かな,春の雨,春
8339,人に貸して我に傘なし春の雨,春の雨,春
8340,風呂の蓋取るやほつほつ春の雨,春の雨,春
8341,宿替の行燈濡れけり春の雨,春の雨,春
8342,山鳥の尾に春雨の雫かな,春の雨,春
8343,裏町は春雨ふるか蛇目傘,春の雨,春
8344,高麗つきて義州を望む春の雨,春の雨,春
8345,傘さして引舟通り春の雨,春の雨,春
8346,傘なしに行けば春雨降て居る,春の雨,春
8347,高麗尽きて義州を望む春の雨,春の雨,春
8348,双陸や瀟々として春の雨,春の雨,春
8349,雪院に鶯聞くや春の雨,春の雨,春
8350,春雨に濡れてこそ来れ恋衣,春の雨,春
8351,春雨の川をながむる格子窓,春の雨,春
8352,春雨のふる葉の薄刈りもすてず,春の雨,春
8353,春雨の温泉に酔て海をながめ居る,春の雨,春
8354,春雨の女花売蓑を著て,春の雨,春
8355,春雨や帰る須崎の裏田圃,春の雨,春
8356,春雨や車を下りる白拍子,春の雨,春
8357,春雨や木立緑に十万家,春の雨,春
8358,春雨や僧愚にして文珠を画く,春の雨,春
8359,真先に何が芽をふく春の雨,春の雨,春
8360,春雨や配達叱る十時過,春の雨,春
8361,会の日や晴れて又ふる春の雨,春の雨,春
8362,小芝居の幟濡れけり春の雨,春の雨,春
8363,碁に負けて忍ぶ恋路や春の雨,春の雨,春
8364,中入や芝居出づれば春の雨,春の雨,春
8365,楠公の墓に屋根あり春の雨,春の雨,春
8366,春雨のふるき小笠や霰の句,春の雨,春
8367,春雨や傘さして見る絵草紙屋,春の雨,春
8368,顔を出す長屋の窓や春の雨,春の雨,春
8369,春雨や裏戸明け来る傘は誰,春の雨,春
8370,春雨や裏戸入り来る傘は誰,春の雨,春
8371,春雨や追込籠に黄なる鳥,春の雨,春
8372,松風の謠半ばや春の雨,春の雨,春
8373,屋根のある橋に物売る春の雨,春の雨,春
8374,苔を包む紙のしめりや春の雨,春の雨,春
8375,低過ぎし牡丹の傘や春の雨,春の雨,春
8376,稽古する腹切の場や春の雨,春の雨,春
8377,化物の名所通るや春の雨,春の雨,春
8378,化物の名所へ来たり春の雨,春の雨,春
8379,律院の苔の光や春の雨,春の雨,春
8380,春風を片手に握るいかあけて,春風,春
8381,はる風の吹きちゞめたりふしの雪,春風,春
8382,春風の吹きちゞめたる不尽の雪,春風,春
8383,春風や野にも山にも梅の花,春風,春
8384,春風や吹のこしたる富士の雪,春風,春
8385,駒の尾に春の風吹く牧場哉,春風,春
8386,菜には蝶、麦に雲雀や春の風,春風,春
8387,はる風に若駒の尾のなびきけり,春風,春
8388,春風の姿やさしき柳かな,春風,春
8389,春風の手柄見せけり桃柳,春風,春
8390,春風の吹き残したり富士の雪,春風,春
8391,春風の油断も見えぬ柳かな,春風,春
8392,春風も眠る日和や子守うた,春風,春
8393,春風やおとづれそむる凧,春風,春
8394,春風やまりを投げたき草の原,春風,春
8395,春風をかたちに見せる柳哉,春風,春
8396,春風をにぎつてのびし蕨かな,春風,春
8397,馬ほくほく吹くともなしの春の風,春風,春
8398,春風や海に花さく真帆片帆,春風,春
8399,春風や順礼てなく用てなく,春風,春
8400,灰汁桶や花の波よる春の風,春風,春
8401,鏡台に花吹きこむや春の風,春風,春
8402,草か木かセントヘレナの春の風,春風,春
8403,とやかうと杉にはなれず春の風,春風,春
8404,生壁に花ふきつける春の風,春風,春
8405,花に酔ふた頭重たし春の風,春風,春
8406,春風にしぼむものあり干大根,春風,春
8407,春風の脊丈みしかし不二のやま,春風,春
8408,春風のどちらを見ても白帆哉,春風,春
8409,春風の吹けばしぼむや干大根,春風,春
8410,春風のふつとふくらむ木芽哉,春風,春
8411,春風や巨燵櫓のよそよそし,春風,春
8412,春風やごみ吹きよせて不二の影,春風,春
8413,春風や花吹きつける都とり,春風,春
8414,春風や柳のなでる古やぐら,春風,春
8415,春風や井戸へはひりしつはくらめ,春風,春
8416,莚帆の重た過たり春の風,春風,春
8417,莚帆のたるみ見えけり春の風,春風,春
8418,むしろ帆のたるミ見ニけり春の風,春風,春
8419,歌にせん何山彼山春の風,春風,春
8420,竹切りにどこまで行かん春の風,春風,春
8421,妻もたぬ人のうとまし春の風,春風,春
8422,春風に顔ならべけり燕の子,春風,春
8423,春風にふとりもせぬか虎子石,春風,春
8424,春風の高さくらべん富士筑波,春風,春
8425,春風の中に一筋寒さ哉,春風,春
8426,春風の吹くにつけても草の庵,春風,春
8427,春風や伊勢をの海人のさばき髪,春風,春
8428,春風や牛売りありく京の町,春風,春
8429,春風や海は海苔取鮑取,春風,春
8430,春風や起きも直らぬ磯馴松,春風,春
8431,春風や霞破れて村一つ,春風,春
8432,春風や蟹つる女年二八,春風,春
8433,春風や三味線堀のさゝら波,春風,春
8434,春風や白帆にまじる蜆舟,春風,春
8435,春風や何の夢見る朽柳,春風,春
8436,春風や庭で三味ひく老莱子,春風,春
8437,春風や荷船こみあふ日本橋,春風,春
8438,春風や根岸の寮に女客,春風,春
8439,春風や箒目入れし鳰の海,春風,春
8440,春風や榛名の山の牛の牧,春風,春
8441,春風や干潟にのこる三味の舟,春風,春
8442,春風や人の波うつ淡路町,春風,春
8443,春風や吹かれ吹かれて三百里,春風,春
8444,春風や不二を見こみの木賃宿,春風,春
8445,春風や紅の干衣ひらひらと,春風,春
8446,春風や皆似た顔の官女達,春風,春
8447,春風や淀川下る琵琶法師,春風,春
8448,春風や井戸は昔しの星月夜,春風,春
8449,春風や女酒売る船の中,春風,春
8450,春風や女つみ出す越後船,春風,春
8451,病人のあるき出したり春の風,春風,春
8452,油揚に羽が生えたり春の風,春風,春
8453,岩間より春風の里見ゆる哉,春風,春
8454,薄絹に鴛鴦縫ふや春の風,春風,春
8455,海見ゆる町のはづれや春の風,春風,春
8456,大江戸や錦絵を吹く春の風,春風,春
8457,軍艦の沖にかゝるや春の風,春風,春
8458,さまさまに染むる画筆や春の風,春風,春
8459,三重に白帆かけたり春の風,春風,春
8460,昇天の夢や見るらん春の風,春風,春
8461,そよそよと杉の間より春の風,春風,春
8462,旅人の上向いて行く春の風,春風,春
8463,玉売を呼びこむ家や春の風,春風,春
8464,橋ぎはや帆を下したる春の風,春風,春
8465,鳩鳴くや大提灯に春の風,春風,春
8466,鳩鳴くや大提灯の春の風,春風,春
8467,春風に鍛冶の烏帽子のゆがみけり,春風,春
8468,春風に線香の煙まぎれけり,春風,春
8469,春風の辻堂めの字めの字哉,春風,春
8470,春風や青物市の跡広し,春風,春
8471,春風や郵便車肥車,春風,春
8472,春風や石に字を書く旅硯,春風,春
8473,春風や馬糞車引けよとて,春風,春
8474,春風や馬馳せ違ふ吾妻橋,春風,春
8475,春風や永代橋の人通り,春風,春
8476,春風や大風車小風船,春風,春
8477,春風や肩をはなるゝ力石,春風,春
8478,春風や木の間に赤き寺一つ,春風,春
8479,春風や木の間に青き耶蘇の寺,春風,春
8480,春風や黒船雲をいづる見ゆ,春風,春
8481,春風や群馬三々五々遊ぶ,春風,春
8482,春風や去年の落葉の小石原,春風,春
8483,春風や五反帆川をさかのぼる,春風,春
8484,春風や御殿にひゞく大鼓,春風,春
8485,春風や侍町の枕売,春風,春
8486,春風や四階五階貸座敷,春風,春
8487,春風や書院の棚の大硯,春風,春
8488,春風や獄渡りのこそばゆき,春風,春
8489,春風や大神宮の柱だて,春風,春
8490,春風や大紋そろふ男山,春風,春
8491,春風や鳥居の内の子守唄,春風,春
8492,春風や鳥居の笹木帆掛船,春風,春
8493,春風や目にあまりたる大般若,春風,春
8494,春風や森のはづれの天王寺,春風,春
8495,春風や山紫に水青し,春風,春
8496,春風や横町横町の赤鳥居,春風,春
8497,春風や田舎の娘我を見る,春風,春
8498,春風や威しかへたる鎧橋,春風,春
8499,春風や女後推す肥車,春風,春
8500,日の旗や四階五階の春の風,春風,春
8501,古川や鰌泡吹く春の風,春風,春
8502,牡丹栽て美人土かふ春の風,春風,春
8503,莚帆の筑波にかたぐ春の風,春風,春
8504,六郷の橋まで来たり春の風,春風,春
8505,六国の印章重し春の風,春風,春
8506,仰向に地蔵こけたり春の風,春風,春
8507,漁船の安房へ流るる春の風,春風,春
8508,大城の不恰好なり春の風,春風,春
8509,枯蘆に春の風吹く湖水哉,春風,春
8510,金州や矢の根をひろふ春の風,春風,春
8511,金箔の袂につくや春の風,春風,春
8512,廻廊や燈籠動く春の風,春風,春
8513,廻廊や燈籠ゆれる春の風,春風,春
8514,堂の名はみな忘れけり春の風,春風,春
8515,堂の名はみな忘れたり春の風,春風,春
8516,人間が動き出しけり春の風,春風,春
8517,春風が吹くとて遊ぶ女かな,春風,春
8518,春風に針の折れたる女かな,春風,春
8519,春風に尾をひろげたる孔雀哉,春風,春
8520,春風のぽつちり白し都鳥,春風,春
8521,春風や赤きもの何やらひるがへる,春風,春
8522,春風や赤きもの皆ひるがへる,春風,春
8523,春風や一膳めしの大行燈,春風,春
8524,春風や湖をへだてゝ比良の雪,春風,春
8525,春風や草をくふ牛眠る牛,春風,春
8526,春風や四條五條の牛車,春風,春
8527,春風や白帆重なりあふて行,春風,春
8528,春風や城あらはるゝ松の上,春風,春
8529,春風やちよろりちよろりと波の音,春風,春
8530,春風や天上の人我を招く,春風,春
8531,春風や土手は水音馬の鈴,春風,春
8532,春風や仁王の腕の馬の沓,春風,春
8533,春風や鳩飛び出でし額のうら,春風,春
8534,春風や東へ片帆西へ真帆,春風,春
8535,春風やほろりほろりと折れる蘆,春風,春
8536,春風や都につゞく松縄手,春風,春
8537,春風や落書したる仁王門,春風,春
8538,春風や女つれだつ橋の上,春風,春
8539,春の風二つ帆のある小舟哉,春風,春
8540,人もなき几帳を吹くや春の風,春風,春
8541,不破こえて春風吹くや鳰の海,春風,春
8542,ぼうと行けば鴎立ちけり春の風,春風,春
8543,四柱の神むつまじや春の風,春風,春
8544,鴛鴦の羽掻いて居る春風,春風,春
8545,赤紙や南京町の春の風,春風,春
8546,浅茅生や春風吹けば猫二匹,春風,春
8547,足二本同行二人春の風,春風,春
8548,おろしおくらんぷ屋の荷に春の風,春風,春
8549,ぐるりから春風吹くや鳰の海,春風,春
8550,これはこれは腰が立つたか春の風,春風,春
8551,三尺の帯のゆるさよ春の風,春風,春
8552,三條や袂吹かるる春の風,春風,春
8553,三條を真中にして春の風,春風,春
8554,使者一騎大手はいるや春の風,春風,春
8555,使者一人大手はいるや春の風,春風,春
8556,詩や歌や帳紙を吹く春の風,春風,春
8557,銭亀や釣り下げられて春の風,春風,春
8558,旅人の城へ上るや春の風,春風,春
8559,出て見れば春の風吹く戸口哉,春風,春
8560,田楽や春風渡る雑司ヶ谷,春風,春
8561,春風にこぼれて赤し歯磨粉,春風,春
8562,春風の断頭台に上りけり,春風,春
8563,春風の戸口に赤き幟かな,春風,春
8564,春風の人欄に倚る閣の上,春風,春
8565,春風の吹けども黒き仏かな,春風,春
8566,春風の舟飄々と流れけり,春風,春
8567,春風の女吹くなり二月堂,春風,春
8568,春風や鹿の出て来る赤鳥居,春風,春
8569,春風や白帆つらなる麦畑,春風,春
8570,春風や何の木高き武家屋敷,春風,春
8571,春風や直衣狩衣五つ衣,春風,春
8572,春風や沼をへだてゝ水戸の町,春風,春
8573,春風や鋸山を砕く音,春風,春
8574,春風や白骨草になりかゝる,春風,春
8575,春風や遍路飯くふ仁王門,春風,春
8576,春風やまだ赤さびの杉の色,春風,春
8577,春風や眼も鼻もなき石仏,春風,春
8578,春の風断頭台に上りけり,春風,春
8579,春の風馬肉売る店の並ひけり,春風,春
8580,文台や二見が浦の春の風,春風,春
8581,ほろほろと袴綻ぶ春の風,春風,春
8582,めでたさに春風吹くや御首途,春風,春
8583,行き行きて町はつれけり春の風,春風,春
8584,行き行きて町を出でけり春の風,春風,春
8585,らんぷ屋の荷にちろちろと春の風,春風,春
8586,欄間には二十五菩薩春の風,春風,春
8587,料理屋の看板吹くや春の風,春風,春
8588,小原女をめづらしがるや春の風,春風,春
8589,銚子緋繻春風吹くや古衣店,春風,春
8590,春風の女凌雲閣に上る,春風,春
8591,春風や象引いて行く町の中,春風,春
8592,春風や水楼に上る舟の酔,春風,春
8593,春風や鳩飛ぶ処本願時,春風,春
8594,平家方の赤褌や春の風,春風,春
8595,浮き上る鯉の頭を春の風,春風,春
8596,枯蘆に春風吹けば目高哉,春風,春
8597,小城下に春風吹くや馬芝居,春風,春
8598,宝積む船の著きけり春の風,春風,春
8599,鳩抱いて遊ふ童や春の風,春風,春
8600,春風の句を案じつゝ散歩哉,春風,春
8601,春風の船に酔ふたる女哉,春風,春
8602,春風の文殻吹くや留守の宿,春風,春
8603,春風や飛ばんともせず畑の鶴,春風,春
8604,病人の顔出す窓や春の風,春風,春
8605,南より春風吹くや東大寺,春風,春
8606,檻狭し虎の尾をふる春の風,春風,春
8607,江の島へ女の旅や春の風,春風,春
8608,不忍に鷁首の船や春の風,春風,春
8609,剥製の山鳥の尾や春の風,春風,春
8610,春風や嫁を載せたる飾り馬,春風,春
8611,春の風帆のなき舟も流れけり,春風,春
8612,春風や阿波へ渡りの旅役者,春風,春
8613,春風や扇流しの裾模様,春風,春
8614,春風や橋長うして馬二つ,春風,春
8615,海原や夜に入りてから風光る,風光る,春
8616,海山や土佐が画に似て風光る,風光る,春
8617,文金の合せ鏡や風ひかる,風光る,春
8618,初雷や蚊帳は未だ櫃の底,春雷,春
8619,初雷や荷馬ひきこむ遊行寺,春雷,春
8620,初雷や仁王の陰の悪太郎,春雷,春
8621,初雷の汽車の響に紛れけり,春雷,春
8622,初雷の二つばかりで止みにけり,春雷,春
8623,初雷や物に驚く病み上り,春雷,春
8624,初雷を恐るゝ妻や針仕事,春雷,春
8625,初雷やはしめて落しわらは病,春雷,春
8626,花曇りついふり出してちる桜,花曇,春
8627,花曇り都の隅の飛鳥山,花曇,春
8628,花の空薄紅に曇りけり,花曇,春
8629,庵からは杉の上野の花曇,花曇,春
8630,花曇稲荷の森にかゝりけり,花曇,春
8631,咲満る花に淋しき曇り哉,花曇,春
8632,うたゝ寝の顔に桜の雫かな,花の雨,春
8633,傘に落つる桜の雫かな,花の雨,春
8634,大名にならばちらさじ雨の花,花の雨,春
8635,何程の事かあるべき花の雨,花の雨,春
8636,寒げだつ賤か夜明や花時雨,花の雨,春
8637,花に来て都の雨にふられけり,花の雨,春
8638,真直にふるや都の花の雨,花の雨,春
8639,面白いかな花の雨雨の月,花の雨,春
8640,権現や桜もまじる杉の雨,花の雨,春
8641,花の雨僅に晴れて群衆哉,花の雨,春
8642,遠足の十人ばかり花の雨,花の雨,春
8643,案内者も紳士も濡れて花の雨,花の雨,春
8644,案内者も我等も濡れて花の雨,花の雨,春
8645,あめりかの波打ちよする霞かな,霞,春
8646,見渡せとはてハ霞の浦けしき,霞,春
8647,見渡せとはては霞の浦の春,霞,春
8648,見渡せははては霞の浦の春,霞,春
8649,むさしのはどこまで行くも霞哉,霞,春
8650,雪ながら霞もたつや不二の山,霞,春
8651,海も山も只一すぢに霞みけり,霞,春
8652,海も山もたゞ一ひきや春霞,霞,春
8653,来て見れば都一目の霞哉,霞,春
8654,花はかり引きのこしたる霞哉,霞,春
8655,筆草やいそはかすみて一文字,霞,春
8656,むさしのや霞の中に水の音,霞,春
8657,山を出て海にひろかる霞かな,霞,春
8658,アメリカもろしやも一つや春霞,霞,春
8659,霞こき処やさかみいづむさし,霞,春
8660,霞む日や一本杉をかきりにて,霞,春
8661,霞む日や見ゆる限りは同じ国,霞,春
8662,霞むるや見ゆる限りは同し国,霞,春
8663,樺太をさかひかけふの朝かすみ,霞,春
8664,手紙もつ人はたちまちかすみ哉,霞,春
8665,七浦や一浦さきは春霞,霞,春
8666,一ひきや都もひなもうす霞,霞,春
8667,見ゆるだけ同し国なり春霞,霞,春
8668,我身まてういたやうなるかすみかな,霞,春
8669,朝々の霞のいろや峯の花,霞,春
8670,家々のきれめきれめや薄霞,霞,春
8671,薄墨は花に霞の夕哉,霞,春
8672,霞にも雲にもあらずよしの山,霞,春
8673,草餅につきませてある霞哉,霞,春
8674,網干さぬ蜑か家はなし夕霞,霞,春
8675,一村は柳ばかりや朝かすみ,霞,春
8676,牛馬の遊ぶ野広し春霞,霞,春
8677,宇治下る柴つみ船や夕霞,霞,春
8678,霞みけり山消えうせて塔一つ,霞,春
8679,霞む日や八島は遠き海の上,霞,春
8680,霞む山根本中堂中にして,霞,春
8681,唐船と人はいふなり夕かすみ,霞,春
8682,猿引の木曽路を下る霞かな,霞,春
8683,三国は海をへたつる霞哉,霞,春
8684,十国の一つ一つに霞みけり,霞,春
8685,そこいらに都の見えぬ霞哉,霞,春
8686,大仏は前とうしろの霞哉,霞,春
8687,朝鮮をうしろにかすむ対馬哉,霞,春
8688,土佐流の刷毛のつかひや横霞,霞,春
8689,飛び込んで鳶も烏も霞みけり,霞,春
8690,日本の霞目がけていそぐらん,霞,春
8691,野の宮のあはれをこゝに霞みけり,霞,春
8692,離れ家の隣に遠き霞哉,霞,春
8693,松島は松それそれの霞哉,霞,春
8694,真帆片帆沖はかすみて何もなし,霞,春
8695,真帆片帆行く手行く手の海霞む,霞,春
8696,見送るや引鶴海に霞む迄,霞,春
8697,簑の毛は晴れて漁村の霞哉,霞,春
8698,宮島をすぢかひに引く霞哉,霞,春
8699,武蔵野の一隅かすむつく波哉,霞,春
8700,山一つこえてうら手の霞哉,霞,春
8701,与謝の海かすんで赤き入日哉,霞,春
8702,薄緑お行の松は霞みけり,霞,春
8703,沖中の白石かすむ日和哉,霞,春
8704,奥の院霞の中に見ゆるかな,霞,春
8705,霞みけり大島小島真帆片帆,霞,春
8706,霞みけり山一番の大檜,霞,春
8707,霞絶えて村見えて又霞あり,霞,春
8708,霞み行く奥街道の車哉,霞,春
8709,霞む日や屋根許りなる本願寺,霞,春
8710,木の間に紙すく小村霞みけり,霞,春
8711,品川の霞んで遠き入江哉,霞,春
8712,大国の使者船で来る霞哉,霞,春
8713,大仏の横顔かすむ夕哉,霞,春
8714,狸棲む一本榎かすみけり,霞,春
8715,鳶一つ都のはてにかすみけり,霞,春
8716,鳥飛ぶや霞はづれて塔一つ,霞,春
8717,鼻先の富士も箱根も霞みけり,霞,春
8718,一つづゝ霞みそめけり大八洲,霞,春
8719,厚杯の木のでつしり座る霞かな,霞,春
8720,山のへや霞一の字水くの字,霞,春
8721,行く人の霞になつてしまひけり,霞,春
8722,赤帯の女野辺行く霞哉,霞,春
8723,有明の燈明台をかすみけり,霞,春
8724,一銭の釣鐘撞くや昼霞,霞,春
8725,伊豆の鼻安房の岬もかすみけり,霞,春
8726,薄霞東大寺の赤さ哉,霞,春
8727,薄霞南大門の赤さかな,霞,春
8728,大寺の屋根あちこちと霞哉,霞,春
8729,大船の小舟引き行く霞哉,霞,春
8730,霞む日や筑波小さき窓の中,霞,春
8731,霞む日や村の伽藍の屋根許り,霞,春
8732,かへり見れば行きあひし人の霞みけり,霞,春
8733,漕きぬけて霞の外の海広し,霞,春
8734,鷺消えて片帆の残る霞哉,霞,春
8735,三千坊はなれはなれの霞かな,霞,春
8736,三重に淡路のかすむ日和哉,霞,春
8737,汐満ちて鳥居の霞む入江哉,霞,春
8738,蒸気ャ出て行く残る煙が霞哉,霞,春
8739,線香の煙にかすむ御堂哉,霞,春
8740,餞別を担ふて出たる霞哉,霞,春
8741,其中に富士ぼつかりと霞哉,霞,春
8742,其人の霞んでぞあらんことづてよ,霞,春
8743,大国の山皆低きかすみ哉,霞,春
8744,大仏の霞まぬやうに御堂哉,霞,春
8745,近き山遠き渚やむら霞,霞,春
8746,天上に何おはす日ぞ薄霞,霞,春
8747,天人が帰りしあとの霞かな,霞,春
8748,天人の裾引きのこす霞哉,霞,春
8749,遠霞近江の山もまじりけり,霞,春
8750,長橋の向ふに低き霞かな,霞,春
8751,日本のぽつちり見ゆる霞哉,霞,春
8752,野の末や霞んで丸き入日影,霞,春
8753,砲台の舳に霞む港かな,霞,春
8754,畑中に雪隠小屋の霞みけり,霞,春
8755,はつきりと霞の中に鳶黒し,霞,春
8756,福原に霞みて赤きともし哉,霞,春
8757,富士薄く雲より上に霞みけり,霞,春
8758,富士の根の霞みて青き夕哉,霞,春
8759,武蔵野やはるかに霞む村一つ,霞,春
8760,紫に霞みて暮るゝ都かな,霞,春
8761,山伏の山のぼり行く霞哉,霞,春
8762,行く程の人馬小さき霞かな,霞,春
8763,夕栄の五色が浜をかすみけり,霞,春
8764,女引く車と見しかかすみけり,霞,春
8765,霞む日や真乳山から見渡せば,霞,春
8766,霞むらん一の鳥居の小さゝよ,霞,春
8767,かへり見れば西と南にかすみけり,霞,春
8768,上市は灯をともしけり夕霞,霞,春
8769,傾城は五階の上の霞哉,霞,春
8770,品川の白帆かすむや遠眼鏡,霞,春
8771,田の中に稲荷の杜の霞みけり,霞,春
8772,塔に上れば南住吉薄かすみ,霞,春
8773,地震やんで門を出づれば霞哉,霞,春
8774,つくばねの昨日も今日もかすみけり,霞,春
8775,天辺に秀でたる眉をかすみけり,霞,春
8776,並杉の日光領はかすみけり,霞,春
8777,日本は霞んで富士もなかりけり,霞,春
8778,堀割をのぞけば霞む人夫かな,霞,春
8779,見下せば夜の明けて居る霞哉,霞,春
8780,武蔵野にかすまぬものもなかりけり,霞,春
8781,娘率て吾妻に下る霞かな,霞,春
8782,山寺に城を見下す霞哉,霞,春
8783,山寺の昼飯遅き霞かな,霞,春
8784,岡に上り南を見れば霞かな,霞,春
8785,朝凪や霞みて遠き島一つ,霞,春
8786,馬霞み左に低き山を見る,霞,春
8787,駅場出れば東海道の霞哉,霞,春
8788,街道の旅人多き霞かな,霞,春
8789,鶴翼の備くづるゝ霞哉,霞,春
8790,書に倦んで野に出れば野の霞哉,霞,春
8791,杉垣の上に筑波の尖霞む,霞,春
8792,裾山の土堀る人や遠霞,霞,春
8793,鳶舞ふてきのふもけふも霞哉,霞,春
8794,野の果や霞んで丸き入日影,霞,春
8795,氷魚死んで宇治の川上霞みけり,霞,春
8796,町中や仰げば鳶の霞む空,霞,春
8797,右の手に指すや御室の塔霞む,霞,春
8798,病起椽に出れば上野の森霞む,霞,春
8799,夕霞連吾を待つ宿はづれ,霞,春
8800,夕霞星見えて灯のともりたる,霞,春
8801,岡の茶屋に駄菓子くふ日や昼霞,霞,春
8802,霞む日や鳶舞ひ落つる西の京,霞,春
8803,大仏の頭出したる霞かな,霞,春
8804,大兵の野山に満つる霞かな,霞,春
8805,灯一つ星二つ三つ夕霞,霞,春
8806,霞む日の湖見渡すや橋半,霞,春
8807,霞む日の海に釣して舟の酔,霞,春
8808,帆の向のかはるや須磨の鐘霞む,鐘霞む,春
8809,鬚剃ルヤ上野ノ鐘ノ霞ム日ニ,鐘霞む,春
8810,陽炎はなひかぬものか春の風,陽炎,春
8811,陽炎や草の中なる馬のくそ,陽炎,春
8812,陽炎や南無とかいたる笠の上,陽炎,春
8813,陽炎の一かたまりやはなれ島,陽炎,春
8814,陽炎の水にちらつく子鮎哉,陽炎,春
8815,陽炎や草くふ馬の鼻の穴,陽炎,春
8816,陽炎や苔にもならぬ玉の石,陽炎,春
8817,陽炎や三千軒の家のあと,陽炎,春
8818,陽炎やセントヘレナのしま一つ,陽炎,春
8819,かけろふや空までたつて朧月,陽炎,春
8820,陽炎や昼寝の爺の白髪なり,陽炎,春
8821,陽炎となるやへり行く古柱,陽炎,春
8822,陽炎に牛の涎のかゝりけり,陽炎,春
8823,陽炎に狂ふ牡猫の眼ざし哉,陽炎,春
8824,陽炎の次第にふゑる野茶屋哉,陽炎,春
8825,陽炎の次第にふとる野茶屋哉,陽炎,春
8826,陽炎の下に背をほす翁かな,陽炎,春
8827,陽炎のたつや翁の背中より,陽炎,春
8828,陽炎の野中に立つや大師堂,陽炎,春
8829,陽炎の一筋白し丸木ばし,陽炎,春
8830,陽炎の古し新らし塚の石,陽炎,春
8831,陽炎や梅ちりかゝる石の上,陽炎,春
8832,陽炎や大船かゝる真昼中,陽炎,春
8833,陽炎や枯野の時の馬の糞,陽炎,春
8834,陽炎や虚空に上る東大寺,陽炎,春
8835,陽炎や小雨のあとの南風,陽炎,春
8836,陽炎や此頃できし小石道,陽炎,春
8837,陽炎や小松の中の古すゝき,陽炎,春
8838,陽炎や芝に桶干す乳母か宿,陽炎,春
8839,陽炎や簀の子日のもる辻談義,陽炎,春
8840,陽炎や大砲けふる那須野原,陽炎,春
8841,陽炎や何やら芽さす雨上り,陽炎,春
8842,陽炎や野寺の墓の一つづゝ,陽炎,春
8843,陽炎や鼻血のにじむ紙の屑,陽炎,春
8844,陽炎やはり物かわく真昼中,陽炎,春
8845,陽炎や桶をはなれて桶の上,陽炎,春
8846,陽炎を打ち消す磯の男波哉,陽炎,春
8847,炭竈に陽炎立つや昼下り,陽炎,春
8848,陽炎や小松が中の古すゝき,陽炎,春
8849,兀山や陽炎のたつ思ひあり,陽炎,春
8850,雨晴れて鶏陽炎の土を掘る,陽炎,春
8851,馬糞の陽炎になつてしまひ鳬,陽炎,春
8852,陽炎に乱れ入たる刀哉,陽炎,春
8853,陽炎の笠ならびけり薬師道,陽炎,春
8854,陽炎の兀山低し雨上り,陽炎,春
8855,陽炎の兀山一つこえにけり,陽炎,春
8856,陽炎のひねもす動くあちこちと,陽炎,春
8857,陽炎の昔にかへる命哉,陽炎,春
8858,陽炎のもゆる因果の車哉,陽炎,春
8859,陽炎や幾十丈の大鯨,陽炎,春
8860,陽炎や小窓に見ゆる浅間山,陽炎,春
8861,陽炎やしきりに動く要石,陽炎,春
8862,陽炎や其切口の幾ところ,陽炎,春
8863,陽炎や土に埋もる力石,陽炎,春
8864,陽炎やはじけてひぞる塩煎餅,陽炎,春
8865,川船や陽炎のせて三十里,陽炎,春
8866,しほがまにかけろふの中の煙哉,陽炎,春
8867,塩竃に陽炎低き煙かな,陽炎,春
8868,ないものゝ有て陽炎燃えにけり,陽炎,春
8869,逃水の逃て陽炎燃えにけり,陽炎,春
8870,暁の陽炎とこそなりにけれ,陽炎,春
8871,陽炎に心許すな草枕,陽炎,春
8872,陽炎に心許すな人の国,陽炎,春
8873,陽炎の立つや野末の浅間山,陽炎,春
8874,陽炎のはつたりやみぬ雲の影,陽炎,春
8875,陽炎の舳に上る錨かな,陽炎,春
8876,陽炎も長柄の橋のあともなし,陽炎,春
8877,陽炎や獅子のかしらの行く小道,陽炎,春
8878,陽炎や石碑倒るゝ草の上,陽炎,春
8879,草原や陽炎もゆる捨篝,陽炎,春
8880,とりつきて見れば陽炎何もなし,陽炎,春
8881,古社陽炎力無くもえぬ,陽炎,春
8882,糸ゆふや里の祭の独楽まわし,陽炎,春
8883,陽炎の立つや立たすや牛の角,陽炎,春
8884,陽炎は目にも見ゆるを君が顔,陽炎,春
8885,陽炎や火あぶりの用意しきり也,陽炎,春
8886,台湾や陽炎毒を吹くさうな,陽炎,春
8887,昼見れば陽炎もゆる土饅頭,陽炎,春
8888,陽炎や七年前の顔見ゆる,陽炎,春
8889,日のかげや陽炎動く障子窓,陽炎,春
8890,日の影や陽炎映る障子窓,陽炎,春
8891,陽炎や砂画の跡の赤き砂,陽炎,春
8892,我胸に陽炎もゆる思ひ哉,陽炎,春
8893,陽炎や石の仁王の力瘤,陽炎,春
8894,陽炎ヤ石ノ魂猶死ナズ,陽炎,春
8895,陽炎や日本の土に殯,陽炎,春
8896,朧とは桜の中の柳かな,朧,春
8897,烏帽子きた殿居姿の朧なり,朧,春
8898,面顔の声朧也春の陣,朧,春
8899,白き山青き山皆おぼろなり,朧,春
8900,朧より朧に人の咄かな,朧,春
8901,小夜更て上戸の声の朧なり,朧,春
8902,昼の月さらに朧と見えぬなり,朧,春
8903,行燈を消せば小窓の朧かな,朧,春
8904,男やら女やら更に朧かな,朧,春
8905,ある夜更けて貴人来ます朧哉,朧,春
8906,茶屋を出る箱提灯や朧人,朧,春
8907,京の灯や朧の上る東山,朧,春
8908,吾折々死なんと思ふ朧かな,朧,春
8909,朧野ヤ朧ヲ破ル藁砧,朧,春
8910,末遂ゲヌ恋ノ始ヤオボロナル,朧,春
8911,背ノ高キ人佇メリ朧陰,朧,春
8912,背ノ高キ人ニ逢ヒケル朧哉,朧,春
8913,大仏ノ目ニハ吾等モ朧カナ,朧,春
8914,遠クトモ近クトモ見エテ灯朧,朧,春
8915,篷アゲテ見ル両岸ノ朧カナ,朧,春
8916,話シナガラ土手ノ上行ク人朧,朧,春
8917,見返レバ住吉ノ灯ノ朧ナル,朧,春
8918,闇ヲ出テ朧ニ人ノ陰二ツ,朧,春
8919,両岸ノ人家朧ニ下リ舟,朧,春
8920,路次口ヲ出デヽ朧ノ大路カナ,朧,春
8921,大空は夜半も霞むやおほろ月,朧月,春
8922,煙硝の煙かすむや朧月,朧月,春
8923,朧月ものくふ音のかすかなり,朧月,春
8924,かいた字も影の様なり朧月,朧月,春
8925,霞とも山とも見えず朧月,朧月,春
8926,川水も流れぬさまや朧月,朧月,春
8927,月おほろ簾に動く花の影,朧月,春
8928,月おほろ花の間にまつち山,朧月,春
8929,月朧花の下には火の往来,朧月,春
8930,月おほろ夜ふけて帰る話し声,朧月,春
8931,人黒し朧月夜の花あかり,朧月,春
8932,真白な花に影なし朧月,朧月,春
8933,翠簾ごしの美人の顔や朧月,朧月,春
8934,物くらふ音もかすかや朧月,朧月,春
8935,家根舟の提灯多し朧月,朧月,春
8936,屋根舟の提灯ゆかし朧月,朧月,春
8937,牛部屋に牛のうなりや朧月,朧月,春
8938,奥底のなきのどかさや朧月,朧月,春
8939,気車戻る三津街道や朧月,朧月,春
8940,下宿屋の窓皆あかし朧月,朧月,春
8941,心得ぬばたの匂ひや朧つき,朧月,春
8942,永き日やじつと出て居る朧月,朧月,春
8943,舟一つ花を出てけり朧月,朧月,春
8944,舟一つ花を出たり朧月,朧月,春
8945,やけ残る松にものうし朧月,朧月,春
8946,あひのりのさゝめごとあり朧月,朧月,春
8947,行燈の火を消して見ん朧月,朧月,春
8948,家焼けたあとの匂ひや朧月,朧月,春
8949,馬ひとり帰る小道やおほろ月,朧月,春
8950,朧月四條をとほる小歌哉,朧月,春
8951,朧月四條をわたる小唄かな,朧月,春
8952,朧月どこまで川の長いやら,朧月,春
8953,朧月耳なし山を見に行かん,朧月,春
8954,蟹の泡流れて白し朧月,朧月,春
8955,御所を出る小溝の音や朧月,朧月,春
8956,大名のしのびありきや朧月,朧月,春
8957,月朧窓ありありと影法師,朧月,春
8958,月や朧窓やはつきり影法師,朧月,春
8959,どこ見ても高い山なし朧月,朧月,春
8960,ならぶ火は隣の国よ朧月,朧月,春
8961,羽衣の裾かけて月や朧なる,朧月,春
8962,弁慶の足音高し朧月,朧月,春
8963,居酒屋の喧嘩押し出す朧月,朧月,春
8964,兵船の笛吹きやみぬ朧月,朧月,春
8965,どぶ六に野茶屋は暮て朧月,朧月,春
8966,奈良の町の昔くさしや朧月,朧月,春
8967,女負ふて川渡りけり朧月,朧月,春
8968,明寺やいくさのあとの朧月,朧月,春
8969,敦盛の笛聞こえけり朧月,朧月,春
8970,朧月五條の橋の人もなし,朧月,春
8971,朧月須磨の釣舟ありやなし,朧月,春
8972,朧月女車の帰りけり,朧月,春
8973,立ち出でゝ蕎麦屋の門の朧月,朧月,春
8974,だんだらのかつきに逢ひぬ朧月,朧月,春
8975,辻君を待たずしもあらず朧月,朧月,春
8976,舟やあると呼べど答へず朧月,朧月,春
8977,古城やいくさのあとの朧月,朧月,春
8978,古寺やいくさのあとの朧月,朧月,春
8979,三筋程雲たなびきぬ朧月,朧月,春
8980,足音や胸のとゞろく朧月,朧月,春
8981,小少将の君呼び出さん朧月,朧月,春
8982,禰宜も居らす野社荒れて朧月,朧月,春
8983,朧月男女の影遠し,朧月,春
8984,岸に立て女舟呼ぶ朧月,朧月,春
8985,恋やあらぬ我や昔の朧月,朧月,春
8986,犬吠えて足音近し朧月,朧月,春
8987,大門を出て朧なり土手の月,朧月,春
8988,獺の祭も過ぎぬ朧月,朧月,春
8989,ともし火の漏れて留守也朧月,朧月,春
8990,長刀の影おぼろなり橋の月,朧月,春
8991,長刀の影も更けたり朧月,朧月,春
8992,垣間見やそらたきもるゝ朧月,朧月,春
8993,気に入らぬ遊女眠りぬ朧月,朧月,春
8994,下駄借りて宿屋出づるや朧月,朧月,春
8995,惟光をひとり供したり朧月,朧月,春
8996,そゝろありく朧月夜や酒の酔,朧月,春
8997,亡き妻のまほろし消えておほろ月,朧月,春
8998,人を呼ぶ矢場の女や朧月,朧月,春
8999,ふらでやみし朧月夜や薪能,朧月,春
9000,麦畑の南に低し朧月,朧月,春
9001,由良さんを呼ぶ声更ぬ朧月,朧月,春
9002,よき人の小歌うたふや朧月,朧月,春
9003,よき人の小歌聞きけり朧月,朧月,春
9004,兎。薬を搗く此頃月の朧なる,朧月,春
9005,大森や海苔取る頃の朧月,朧月,春
9006,小格子より出す手を握る朧月,朧月,春
9007,化物の噂やみけり朧月,朧月,春
9008,幽霊ノ如キ東寺ヤ朧月,朧月,春
9009,朧月狐ニ魚ヲ取ラレケリ,朧月,春
9010,取リ残ス棚ノ糸瓜ヤオボロ月,朧月,春
9011,朧夜にくづれかゝるや浪かしら,朧夜,春
9012,朧夜になりても久し猫の恋,朧夜,春
9013,朧夜にものくひふかす舟の中,朧夜,春
9014,朧夜はこ歯黒どぶの匂ひ哉,朧夜,春
9015,朧夜を匂ふ春風松の花,朧夜,春
9016,此頃の夜の朧さや白き花,朧夜,春
9017,このごろの夜の朧さや白椿,朧夜,春
9018,朧夜に何やらものゝ遠音哉,朧夜,春
9019,朧夜や潮来をうたふ舟の中,朧夜,春
9020,朧夜やまぼろし通ふ衣紋坂,朧夜,春
9021,朧夜の銭湯匂ふ小村哉,朧夜,春
9022,薄黒う見えよ朧夜朧不二,朧夜,春
9023,朧夜や狸群れたる古社,朧夜,春
9024,朧夜やともし火帰る鳰の海,朧夜,春
9025,朧夜や用ありげに狸戸を叩く,朧夜,春
9026,朧夜や悪い宿屋を立ち出づる,朧夜,春
9027,朧夜や女盗まんはかりごと,朧夜,春
9028,会堂に手を握る夜の朧なり,朧夜,春
9029,外通る侍の謠おぼろ也,朧夜,春
9030,朧夜の犬を恐るゝ女かな,朧夜,春
9031,おほろ夜や一騎東へ白き母呂,朧夜,春
9032,朧夜や島原さして小提灯,朧夜,春
9033,朧夜や誰を咎むる犬の声,朧夜,春
9034,物にすねて揚屋出る夜の朧なる,朧夜,春
9035,男呼ぶ女の声や夜朧,朧夜,春
9036,朧灯ヲ見ナガラ歩行ク疲レ足,朧夜,春
9037,朧夜ノ端唄ヲ歌フ往来カナ,朧夜,春
9038,朧夜ノ眼薬買ヒニ薬師道,朧夜,春
9039,朧夜ヤ遠灯見ナガラ疲レ足,朧夜,春
9040,初虹や梅の花まだ白許り,初虹,夏
9041,うすうすと初虹うつる外山哉,初虹,夏
9042,初虹の初雪よりも消えやすき,初虹,夏
9043,初虹や下に横たふ東山,初虹,夏
9044,初虹や初雪よりも消易き,初虹,夏
9045,初虹や大内山をすぢかひに,初虹,夏
9046,板屋根に見れども見えず別れ霜,別れ霜,春
9047,陽炎ののぼる待つ間の別れ霜,別れ霜,春
9048,きぬきぬのあしたを霜の別れ哉,別れ霜,春
9049,曇り気モ嵐もなくて別れ霜,別れ霜,春
9050,別れ霜身にしむ春の名残かな,別れ霜,春
9051,別れ霜庭はく男老にけり,別れ霜,春
9052,茶を摘むや桃散る畑の別霜,別れ霜,春
9053,桑の芽の遅き在所や別霜,別れ霜,春
9054,雑炊のこれを名残や別霜,別れ霜,春
9055,石にそふ狐の跡や別れ霜,別れ霜,春
9056,雪なたれ箱庭の人家つぶれたり,雪なだれ,冬
9057,氷解けぬ鯉の吹き出すさゝれ波,凍解,春
9058,凍解や鯉の吹き出すさゝれ波,凍解,春
9059,凍解や宗祇が髭の風さばき,凍解,春
9060,凍解や戸口にしけるさん俵,凍解,春
9061,氷解けて古藻に動く小海老かな,凍解,春
9062,さゝ波に解けたる池の氷かな,凍解,春
9063,山の井や氷解けて石落ち入れり,凍解,春
9064,凍解に木履はいたる女かな,凍解,春
9065,氷解けて網にかゝりし仏かな,凍解,春
9066,胡地に入って氷流るゝ江を見たり,凍解,春
9067,氷解けて馬に水かふ胡人かな,凍解,春
9068,氷解けて湖辺の路の往来かな,凍解,春
9069,氷解けて江を溯る蒸汽かな,凍解,春
9070,氷解けて初めて船を見る江かな,凍解,春
9071,氷解けて水の流るゝ音すなり,凍解,春
9072,氷解けて渡しに舟もなかりけり,凍解,春
9073,まだ解けぬ氷に人の往来かな,凍解,春
9074,鶯の筧のみほす雪解哉,雪解,春
9075,豆腐買に女の出たる雪解哉,雪解,春
9076,庭先に槌の出てくる雪解哉,雪解,春
9077,雪解けて魚の腸あらはるゝ,雪解,春
9078,雪解けてかるき雨戸のはしり哉,雪解,春
9079,雪解や戸口にしけるさん俵,雪解,春
9080,雪解や檐端に絶えず来る雀,雪解,春
9081,雪解や日和うれしき軒雫,雪解,春
9082,なかなかに雪と消えなばうれしからん,雪解,春
9083,雪解に馬放ちたる部落哉,雪解,春
9084,雪解や竹はね返る日の表,雪解,春
9085,門に出て行軍を見る雪解かな,雪解,春
9086,雪垣をのけて明るき雪解かな,雪解,春
9087,雪解けて雪踏の音の嬉しさよ,雪解,春
9088,雪解や旅人通る麓町,雪解,春
9089,雪解や町を走らす裸馬,雪解,春
9090,雪解ケテ熊来ズナリシ孤村カナ,雪解,春
9091,四国から中国見れば残る雪,残雪,春
9092,朝見れば雪も残らず宵の雨,残雪,春
9093,武蔵野を囲む山々雪残る,残雪,春
9094,あれなるか越の山々のこる雪,残雪,春
9095,いたゞきやわつか許りを残る雪,残雪,春
9096,敷芝や松の下陰雪残る,残雪,春
9097,長岡や葎の中に残る雪,残雪,春
9098,霜よけの垣の北側残る雪,残雪,春
9099,雪残る頂一つ国境,残雪,春
9100,残雪ニ鶏白キ余寒カナ,残雪,春
9101,霜解や杭にふるふ下駄の土,霜解け,春
9102,万歳の渡りしあとや水温む,水温む,春
9103,流れ行どんどの灰や水ぬるむ,水温む,春
9104,蛇の渡るや沼の水ぬるむ,水温む,春
9105,禰宜渡る水のぬるみや紙屋川,水温む,春
9106,御手洗の水ぬるみけり男山,水温む,春
9107,銭亀や水ぬるみたる手水鉢,水温む,春
9108,玉川や分れてぬるむ水の音,水温む,春
9109,温むより何やら萌ゆる水の底,水温む,春
9110,浮き上る泥鰌の泡や水ぬるむ,水温む,春
9111,上水のぬるみし粥の名残哉,水温む,春
9112,馬の沓沈みてぬるむ清水哉,水温む,春
9113,裏溝やお玉杓子の水ぬるむ,水温む,春
9114,氷張る谷の小川や水ぬるむ,水温む,春
9115,薹の立つ菜を洗ひけり温む水,水温む,春
9116,ぬるむかと寄れは清水の氷哉,水温む,春
9117,水草は底にもゆらん水温む,水温む,春
9118,水ぬるむ南に鯉のつどひけり,水温む,春
9119,古沼や泥の中より春の水,春の水,春
9120,春水の四沢にみつる常陸哉,春の水,春
9121,菅笠のおちて流れす春の水,春の水,春
9122,一日に一里は行くかはるの水,春の水,春
9123,業平の狩衣しぼる春の水,春の水,春
9124,菜を洗ふ濁り流れず春の水,春の水,春
9125,三つまたにわれて音なし春の水,春の水,春
9126,おかざりの藁たゞよふや春の水,春の水,春
9127,下萌を催す音や春の水,春の水,春
9128,春の水どんどの灰にぬるみけり,春の水,春
9129,春の水女の足にぬるみけり,春の水,春
9130,輪かさりの藁たゝよふや春の水,春の水,春
9131,馬引て渡る女や春の水,春の水,春
9132,大石に逢ふて消えけり春の水,春の水,春
9133,盃にすくふてのむや春の水,春の水,春
9134,さゝやかな舟浮かしけり春の水,春の水,春
9135,背を見せて魚泳ぐ春の水浅し,春の水,春
9136,春の水石をめぐりて流れけり,春の水,春
9137,春の水背戸の小川を流れけり,春の水,春
9138,春の水都の方へ流れ行く,春の水,春
9139,春の水武蔵の国に山もなし,春の水,春
9140,吹く方へ流るゝと見えて春の水,春の水,春
9141,山もなし武蔵流るゝ春の水,春の水,春
9142,六丁の櫂したゝるや春の水,春の水,春
9143,紅の影流れけり春の水,春の水,春
9144,底見えて何草青む春の水,春の水,春
9145,其底に何草青む春の水,春の水,春
9146,橋踏めば魚沈みけり春の水,春の水,春
9147,春の水宇治をめぐりて流れけり,春の水,春
9148,春の水音無川と申しけり,春の水,春
9149,春の水出茶屋の前を流れけり,春の水,春
9150,春の水根岸にそふてくねりけり,春の水,春
9151,春の水龍の口よりこぼれけり,春の水,春
9152,春の水蕨の中を流れけり,春の水,春
9153,町と村と其あひなかの春の水,春の水,春
9154,一尺の舟浮かしけり春の水,春の水,春
9155,草青き洲を巡りけり春の水,春の水,春
9156,不忍に蓮の芽見えず春の水,春の水,春
9157,砂川や流れ初めたる春の水,春の水,春
9158,白雲の影も動かず春の水,春の水,春
9159,春の水妹が垣根を流れけり,春の水,春
9160,春の水きたなきものゝ流れけり,春の水,春
9161,春の水小山の中を流れけり,春の水,春
9162,春の水蛇籠にそふてめぐりけり,春の水,春
9163,春の水楷子の下を流れけり,春の水,春
9164,弁天や江戸へ流るゝ春の水,春の水,春
9165,鉄橋を五つ掛けたり春の水,春の水,春
9166,頭並ぶ盥の鯉や春の水,春の水,春
9167,鯉多く狭き盥や春の水,春の水,春
9168,鯉の背に春水そゝぐ盥かな,春の水,春
9169,鯉の吐く泡や盥の春の水,春の水,春
9170,鯉の尾の動く盥や春の水,春の水,春
9171,鯉はねて浅き盥や春の水,春の水,春
9172,春水の盥に鯉のげんぎょうかな,春の水,春
9173,春水の盥に満ちて鯉の肩,春の水,春
9174,盥浅く鯉の背見ゆる春の水,春の水,春
9175,春の水鯉の活きたる盥かな,春の水,春
9176,下総ノ国ノ低サヨ春ノ水,春の水,春
9177,春水ヤ囲ヒ分ケタル金魚ノ子,春の水,春
9178,春ノ水都ニ入リテ濁リケリ,春の水,春
9179,ある時は上へ流れつ春の川,春の川,春
9180,銭亀の首出す岸や春の川,春の川,春
9181,鶴一羽渡りそむるや春の川,春の川,春
9182,春の川泥ぬるぬると辷りけり,春の川,春
9183,春の川淀の別れの又わかれ,春の川,春
9184,あちへ舟こちへ此橋春の川,春の川,春
9185,裏口や白帆の通る春の川,春の川,春
9186,駅見えて芥流るゝ春の川,春の川,春
9187,そめ物や紅流す春の川,春の川,春
9188,土橋あり肥舟つどふ春の川,春の川,春
9189,何染めて紅流す春の川,春の川,春
9190,吹く方へながるゝ春の小川哉,春の川,春
9191,棚橋や春の小川のおもしろき,春の川,春
9192,泥勝に足跡勝に春の川,春の川,春
9193,春川や鯲隠るゝわれ徳利,春の川,春
9194,春の川出茶屋の前を流れけり,春の川,春
9195,一桶の藍流しけり春の川,春の川,春
9196,此橋の上に橋無し春の川,春の川,春
9197,橋を渡り橋を渡る春の川二つ,春の川,春
9198,春の野や霞の中に水の音,春野,春
9199,春の野や小川の音もたゞならず,春野,春
9200,画をかいて人に見せたし春の野辺,春野,春
9201,春の野やしはし預る蝶の留守,春野,春
9202,たんほゝをちらしに青む春野哉,春野,春
9203,春の野に女見返る女かな,春野,春
9204,野は春となりけり馬の笑ひ声,春野,春
9205,春の野にうちいでゝ見たる女哉,春野,春
9206,春の野や牛と馬との道二つ,春野,春
9207,春の野に丸く広がる霞哉,春野,春
9208,春の野に都見かへる女かな,春野,春
9209,春の野や何に人行き人帰る,春野,春
9210,女つれて春の野ありき日は暮ぬ,春野,春
9211,三味線を掛けたる春の野茶屋哉,春野,春
9212,春の野の人なつかしみ嵯峨御室,春野,春
9213,春の野や旅人何にくたびれる,春野,春
9214,春野より帰れば地蔵せしといふ,春野,春
9215,春の野や女四五人弁当持,春野,春
9216,馬士帰る焼野の月の薄寒き,焼野,春
9217,橋一つ置てどちらも焼野哉,焼野,春
9218,焼野から焼野へわたる小橋哉,焼野,春
9219,雉子の声あらはに悲し焼野原,焼野,春
9220,野は焼けてすつくり高し一里塚,焼野,春
9221,をさな子の母呼び返す焼野哉,焼野,春
9222,きのふも焼けふも春日野焼にけり,焼野,春
9223,そほふるや焼野の石に雀鳴く,焼野,春
9224,焼残る広野の中の地蔵哉,焼野,春
9225,下駄はいて行くや焼野の薄月夜,焼野,春
9226,さびしげに白雲わたる焼野哉,焼野,春
9227,そぼふるや雉の走る焼野原,焼野,春
9228,野辺焼くも見えて淋しや城の跡,焼野,春
9229,野は焼けて茨の中の卵かな,焼野,春
9230,旅人の焼野に迷ひとげを踏む,焼野,春
9231,野を焼く火木立の中に燃え入りぬ,焼野,春
9232,焼けながら黒き実残る野の葎,焼野,春
9233,雨をよぶ春田の畔の烏哉,春田,春
9234,鶴下りて田螺を捜す春田かな,春田,春
9235,蛙やら種井の中に声すなり,種井,春
9236,ふつふつと泡の出てくる種井哉,種井,春
9237,草籠をおいて人なし春の山,春の山,春
9238,江戸人は上野をさして春の山,春の山,春
9239,上野飛鳥高からぬをぞ春の山,春の山,春
9240,さゝめくや春の山ふみ女づれ,春の山,春
9241,花鯛の終り処や春の山,春の山,春
9242,春の山馬引きてくる伯楽哉,春の山,春
9243,春の山瓢さげ行く女かな,春の山,春
9244,雲雀程の高さを来たり春の山,春の山,春
9245,松風をくゞりぬけたり春の山,春の山,春
9246,家ありや牛引き帰る春の山,春の山,春
9247,恋かあらぬ春の山ぶみ酔ひ心,春の山,春
9248,僧や俗や春の山寺碁を囲む,春の山,春
9249,真先に女行くなり春の山,春の山,春
9250,呉かあらぬ春の裾山灯をともす,春の山,春
9251,廻廊や手すりに並ぶ春の山,春の山,春
9252,三條のつきあたりなり春の山,春の山,春
9253,城壁の上に見えけり春の山,春の山,春
9254,春の山重なりあふて皆丸し,春の山,春
9255,春の山一つになりて暮れにけり,春の山,春
9256,富士は雲に隠れて春の山許り,春の山,春
9257,麦畑や刻みあげたる春の山,春の山,春
9258,欄干や東に見ゆる春の山,春の山,春
9259,どこやらに下駄ぬぎ忘れ春の山,春の山,春
9260,土佐が画や春の裾山緋の袴,春の山,春
9261,春の山弘法金時二子など,春の山,春
9262,春の山畠となつてしまひけり,春の山,春
9263,雪もあり牧場を囲む春の山,春の山,春
9264,運動会の旗あちこちす春の山,春の山,春
9265,同じ道に入らせ給ひぬ春の山,春の山,春
9266,前栽や小き丸き春の山,春の山,春
9267,春の山いくつとも無く越えにけり,春の山,春
9268,春の山春の水御魂鎮りぬ,春の山,春
9269,欄干と平らに春の山低し,春の山,春
9270,上臈の駕に逢ひけり春の山,春の山,春
9271,春の山越えて日高き疲れ哉,春の山,春
9272,春の山浅きに蘭を尋ねけり,春の山,春
9273,西行の自炊の跡や春の山,春の山,春
9274,西行の飯たく跡や春の山,春の山,春
9275,茶屋アリテ夫婦餅売ル春の山,春の山,春
9276,春ノ山女夫ノ神ヲ祀リケリ,春の山,春
9277,高縄やこちが笑へば笑ふ山,山笑う,春
9278,不二の山笑はねばこそ二千年,山笑う,春
9279,よも山に笑はれて炉を塞きけり,山笑う,春
9280,朝な朝な笑ひこぼすや山の雪,山笑う,春
9281,恐ろしき灘をへだてて山笑ふ,山笑う,春
9282,故郷やどちらを見ても山笑ふ,山笑う,春
9283,山寺に笑ふやうなり鐘の声,山笑う,春
9284,のどかさに耳なし山も笑ひけり,山笑う,春
9285,蒲団着て山笑ふ姿や東山,山笑う,春
9286,兀山の笑ふすべさへ知らぬなり,山笑う,春
9287,人去りて虎渓の山の笑ひけり,山笑う,春
9288,鉄砲の谺や山の笑ひ声,山笑う,春
9289,榛名笑ひ赤城泣き妙義怒る哉,山笑う,春
9290,笑ふ山中に妙技のむつかしき,山笑う,春
9291,霞より上に浮きけり春の海,春の海,春
9292,塗り椀の流れよりけり春の海,春の海,春
9293,春の海用なき船も帆を挙けて,春の海,春
9294,二つ三つ船も置きたし春の海,春の海,春
9295,鼓うつ浅妻船や春の海,春の海,春
9296,二位の尼泣く夜や春の海あるゝ,春の海,春
9297,二見からさきは果なし春の海,春の海,春
9298,うつくしき海月浮きたり春の海,春の海,春
9299,春の海鴎が浮いておもしろや,春の海,春
9300,堀割や遥かに見ゆる春の海,春の海,春
9301,松原の中から見えて春の海,春の海,春
9302,満汐や橋の下まで春の海,春の海,春
9303,塔に上れば南住吉春の海,春の海,春
9304,春の海こゝ松島と申しけり,春の海,春
9305,島々に灯をともしけり春の海,春の海,春
9306,宮島の廻廊浮くや春の海,春の海,春
9307,肺病を養ふ春の海辺かな,春の海,春
9308,春の海鯛も金毘羅参り哉,春の海,春
9309,川裾やさしあふ春の汐かしら,春潮,春
9310,岩の間にうづまく春のうしほ哉,春潮,春
9311,手に鋏刀何摘む人か春の園,春の園,春
9312,西洋の花を植けり春の園,春の園,春
9313,一畝は菜をつくりけり春の園,春の園,春
9314,梅正に綻びそむる紀元節,紀元節,新年
9315,人の世になりても久し紀元節,紀元節,新年
9316,二千五百五十六年梅の花,紀元節,新年
9317,梅に遊ふ奏任官や紀元節,紀元節,新年
9318,苗代の泥足はこぶ絵踏哉,踏絵,春
9319,花に行く足に二日の灸かな,二日灸,春
9320,死はいやぞ其きさらぎの二日灸,二日灸,春
9321,野山焼く頃や足にも二日灸,二日灸,春
9322,落ちぶれし平家の末や二日灸,二日灸,春
9323,灸点をぬるや二月の筆初,二日灸,春
9324,還俗の僧のいやがる二日灸,二日灸,春
9325,西行やわらじのまゝの二日灸,二日灸,春
9326,十郎や五郎も共に二日灸,二日灸,春
9327,出女を相手や旅の二日灸,二日灸,春
9328,婆々様の顔をしぞ思ふ二日灸,二日灸,春
9329,二日灸ばゞ様の顔ありありと,二日灸,春
9330,二日灸未たきに起きて腹さする,二日灸,春
9331,山も焼き野も焼く頃や二日灸,二日灸,春
9332,わびしさは親なき人の二日灸,二日灸,春
9333,無病なる人のいたがる二日灸,二日灸,春
9334,二日灸和尚は灸の上手なり,二日灸,春
9335,初午やくれて狸の腹鼓,初午,春
9336,初午や薄はいまだ芽にいでず,初午,春
9337,初午や土手は行来の馬の糞,初午,春
9338,初午や禰宜と坊主の従弟どし,初午,春
9339,初午や半日程は田舎道,初午,春
9340,初午やふけて狸の腹鼓,初午,春
9341,初午や枕にひゞく大々鼓,初午,春
9342,初牛や嫁入したるまな娘,初午,春
9343,初牛の禰宜と女と渡し船,初午,春
9344,初牛の狐を馬にのせにけり,初午,春
9345,初牛は思はぬ森の太鼓かな,初午,春
9346,初牛に貧なる里の幟哉,初午,春
9347,初牛に鶯春亭の行燈哉,初午,春
9348,初牛や幟立たる人の庭,初午,春
9349,馬の子や親につれだつ摩耶参,摩耶詣,春
9350,今流行ル馬ノ病ヤ摩耶参,摩耶詣,春
9351,馬カザル心ヤサシヤ摩耶参,摩耶詣,春
9352,馬ノ灸ノ張紙出タリ摩耶参,摩耶詣,春
9353,釈奠や流れてやまぬ御茶の水,釈奠,秋
9354,水取ヤ杉ノ梢ノ天狗星,お水取,春
9355,韓愈推し買島は敲く彼岸哉,彼岸,春
9356,山門に鼠のはしる彼岸かな,彼岸,春
9357,彼岸とて誰に手向けん蕗の花,彼岸,春
9358,仏達を笑ふてくらす彼岸哉,彼岸,春
9359,毎年よ彼岸の入に寒いのは,彼岸,春
9360,世の中を笑ふてくらす彼岸哉,彼岸,春
9361,うき人よ彼岸参りの薄化粧,彼岸,春
9362,草臥はせぬか彼岸の鉦叩き,彼岸,春
9363,珠数さげて彼岸参りにまかられぬ,彼岸,春
9364,珠数ひろふ人や彼岸の天王寺,彼岸,春
9365,順礼と泊り合せる彼岸哉,彼岸,春
9366,昼中の彼岸の月や杉木立,彼岸,春
9367,ほろほろと椿こぼるゝ彼岸哉,彼岸,春
9368,雲はあれど彼岸の入日赤かりし,彼岸,春
9369,牡丹餅の昼夜を分つ彼岸哉,彼岸,春
9370,賽銭の椽にこぼるゝ彼岸哉,彼岸,春
9371,旅人のついでに参る彼岸哉,彼岸,春
9372,野の道に彼岸の人のつゞきけり,彼岸,春
9373,彼岸過ぎて草花の種貰ひけり,彼岸,春
9374,彼岸には死れける往生疑ひなし,彼岸,春
9375,人について行くや彼岸の無量寺へ,彼岸,春
9376,手に握る彼岸の小銭こぼしけり,彼岸,春
9377,疱瘡の神へ彼岸詣のついで哉,彼岸,春
9378,病床に日毎餅食ふ彼岸かな,彼岸,春
9379,おくればせに蓬摘む也彼岸過,彼岸,春
9380,紅梅に中日過し彼岸哉,彼岸,春
9381,泥膾肥え根芹こはゞる彼岸かな,彼岸,春
9382,牡丹餅ノ使行キ逢フ彼岸カナ,彼岸,春
9383,寒食の一日奇麗な花見哉,寒食,春
9384,寒食の日より巨燵を塞き鳧,寒食,春
9385,寒食や山を焼く日の消え残り,寒食,春
9386,寒食や煙草をのまぬ子は哀れ,寒食,春
9387,かんじきに馴れたる奥の女かな,寒食,春
9388,寒食の村を過行飛脚かな,寒食,春
9389,寒食や庚申堂の線香立,寒食,春
9390,涅槃会の一夜は闇もなかりけり,涅槃会,春
9391,涅槃会や地獄大夫の名もありて,涅槃会,春
9392,涅槃会や何見て帰る子供達,涅槃会,春
9393,涅槃会や蚯蚓ちきれし鍬の先,涅槃会,春
9394,米つきの涙見せたる涅槃哉,涅槃会,春
9395,鼾す也涅槃の寺の裏門に,涅槃会,春
9396,涅槃会の鐘鳴らしけり真昼時,涅槃会,春
9397,紫の雲も出て居る涅槃哉,涅槃会,春
9398,ネハン経めでたくかしくと結びけり,涅槃会,春
9399,ネハン会の日を開帳の初哉,涅槃会,春
9400,ネハン会や沙羅蒲団の花の色,涅槃会,春
9401,人多き庭に仏の別哉,涅槃会,春
9402,七情の外の姿や涅槃像,涅槃像,春
9403,鳥ばかり見たる子供や涅槃像,涅槃像,春
9404,涅槃像胡蝶の夢もなかりけり,涅槃像,春
9405,涅槃像写真なき世こそたふとけれ,涅槃像,春
9406,見覚えの出来てこのもし涅槃像,涅槃像,春
9407,見覚えの出来てたのもし涅槃像,涅槃像,春
9408,大寺の本堂すごしねはん像,涅槃像,春
9409,涅槃像鼠の尿もあはれなり,涅槃像,春
9410,涅槃像見かけて鳴くや山鴉,涅槃像,春
9411,春三月中にあはれな涅槃像,涅槃像,春
9412,足もとに雲もゐるなり涅槃像,涅槃像,春
9413,涅槃像一休の朝寝起しけり,涅槃像,春
9414,寺浅し夕日さしこむ涅槃像,涅槃像,春
9415,涅槃像仏一人は笑ひけり,涅槃像,春
9416,見苦しい仏の顔の並びけり,涅槃像,春
9417,金箔の兀げて尊し涅槃像,涅槃像,春
9418,信心の人とも見えず涅槃像,涅槃像,春
9419,古店や買人もなくて涅槃像,涅槃像,春
9420,曲線のたふとかりけりネハン像,涅槃像,春
9421,死ぬ死ぬと申し給ひぬネハン像,涅槃像,春
9422,すね給ふ東面やネハン像,涅槃像,春
9423,フランスのネーハン像や外光派,涅槃像,春
9424,ほろほろと龍の涙やネハン像,涅槃像,春
9425,里寺の仏小き甘茶哉,甘茶,夏
9426,極楽は何もしらねと花御堂,花御堂,春
9427,白い花なくてあさまし花御堂,花御堂,春
9428,大仏の夢に低し花御堂,花御堂,春
9429,王城や見事に出来て花御堂,花御堂,春
9430,今朝見れば萎れし花の御堂哉,花御堂,春
9431,みなし子のひとりで遊ぶ雛哉,雛,春
9432,抱上て麁相わびたるひいな哉,雛,春
9433,抱き上て麁相をわびるひゝな哉,雛,春
9434,名をつけて鴇母にするや崩れ雛,雛,春
9435,雛様の知らぬ道具や煙草盆,雛,春
9436,水尾谷がしころちぎれし雛かな,雛,春
9437,朝見れば笑ひこけたる雛哉,雛,春
9438,一日の間に見ふるせしひゝな哉,雛,春
9439,面白や脇目もふらぬ夫婦雛,雛,春
9440,思ひ出に雛と遊ばんよもすがら,雛,春
9441,紙雛や恋したさうな顔許り,雛,春
9442,きぬぎぬや来年契る雛の顔,雛,春
9443,ことごとく誰やらに似る雛哉,雛,春
9444,時世にはつれぬひゝなの姿哉,雛,春
9445,時代にもつれず雛の姿かな,雛,春
9446,抱きとつて何やらはなす雛哉,雛,春
9447,探訪の道々見るや雛の市,雛,春
9448,年々や若くなり行く雛の顔,雛,春
9449,初花の匂ひこぼれつ雛の袖,雛,春
9450,一枝の桃の木陰の雛哉,雛,春
9451,人は寝て雛がはやしの大鼓哉,雛,春
9452,一夜さに見ふるす宿の雛哉,雛,春
9453,雛抱て何やらはなす小供哉,雛,春
9454,雛のふり更に肥たるはなかりけり,雛,春
9455,雛も出てしばし浮世のほこり哉,雛,春
9456,姫君のあはれや雛の子守歌,雛,春
9457,夜の雛を鬼一口の鼠かな,雛,春
9458,雨そぼそぼかすかに雛の笑ひかな,雛,春
9459,三日月のそれより細し雛の眉,雛,春
9460,首途やきぬぎぬをしむ雛もなし,雛,春
9461,はれてあふ雛に人目の関もなし,雛,春
9462,雛殿に海月の笠を参らせん,雛,春
9463,雛もなし男許りの桃の宿,雛,春
9464,おもしろいことして雛の夕哉,雛,春
9465,淋しさや羅漢の前の雛二つ,雛,春
9466,なゐせしかけさ見れば雛の倒れたる,雛,春
9467,灯ともして淋しや雛の影法師,雛,春
9468,雛売れて達磨淋しや道の端,雛,春
9469,雛売れて達磨さびしき道の端,雛,春
9470,雛の影桃の影壁に重なりぬ,雛,春
9471,比翼連理棚の雛と契るべし,雛,春
9472,仏壇にかざりてぞあらん古雛,雛,春
9473,古雛のはづかしげなり市の月,雛,春
9474,家浅く雛立てゝある店の先,雛,春
9475,片隅につくづく小き雛哉,雛,春
9476,小夜更て雛の鼓の聞えけり,雛,春
9477,白酒の酔やひゝなに恨あり,雛,春
9478,黄昏や雛の灯に桜散る,雛,春
9479,小き雛の小き大鼓など敲く,雛,春
9480,箱をかやす麦藁の虎雛の首,雛,春
9481,雛あらば娘あらばと思ひけり,雛,春
9482,昼過や隣の雛を見に行かん,雛,春
9483,古雛の古きを愛す男かな,雛,春
9484,幼き時本多忠勝といふ雛ありき,雛,春
9485,梅捨てゝ桜活けたる雛哉,雛,春
9486,天冠を雛に著せたり桃の花,雛,春
9487,灯ともせは雛に影あり一つつゝ,雛,春
9488,伏して念ふ雛の如き御契,雛,春
9489,右の手の紛失したり古雛,雛,春
9490,君か代や千島の奥も雛祭,雛祭,春
9491,棚に余る雛やならぶ古畳,雛祭,春
9492,雛遊び都の宿ぞ思はるゝ,雛祭,春
9493,雛立てゝ庵は神代の姿哉,雛祭,春
9494,雛棚を見ながら寝入る小供哉,雛祭,春
9495,雛の日や誰と遊ばん白拍子,雛祭,春
9496,雛の日や娘にまじる大男,雛祭,春
9497,雛祭り二日の宵ぞたのもしき,雛祭,春
9498,めでたしや娘ばかりの雛の宿,雛祭,春
9499,雛立てゝ人待つ夜のけしき哉,雛祭,春
9500,雛二つ桃一枝や床の上,雛祭,春
9501,雛祭古白に妻はなかりしよ,雛祭,春
9502,おびたゞしく古雛祭る小家かな,雛祭,春
9503,おびたゞしく古雛祭る座敷かな,雛祭,春
9504,雛棚の小き雪洞灯のともる,雛祭,春
9505,雛棚の瑠理燈暗き雨夜かな,雛祭,春
9506,雛棚や幕紫に桃赤し,雛祭,春
9507,雛の前に娘四五人酒を酌む,雛祭,春
9508,わが庵の淋しき雛も三日かな,雛祭,春
9509,雛の間やきのふ火燵を塞きけり,雛祭,春
9510,二番目の娘みめよし雛の宴,雛祭,春
9511,二番目の娘みめよし雛祭,雛祭,春
9512,母方は善き家柄や雛祭,雛祭,春
9513,人老いて末子可愛し雛祭,雛祭,春
9514,雛過ぎて瓶の桜の盛り哉,雛祭,春
9515,雛立てゝ花屋呼び込む戸口哉,雛祭,春
9516,雛棚に桜活けたり三段目,雛祭,春
9517,雛棚に桜は低し三段目,雛祭,春
9518,雛祭姉の娘に惚れて見ん,雛祭,春
9519,雛祭る田舎の家や桃の雨,雛祭,春
9520,まじへ買ふ桃と桜や雛祭,雛祭,春
9521,雛棚や雛の中の小雪洞,雛祭,春
9522,雛祭る節供になりて春の雪,雛祭,春
9523,菱餅の色々になる雛心,菱餅,春
9524,菱餅を気にかけ給ふ一夜哉,菱餅,春
9525,うつくしきが中に菱餅絵蝋燭,菱餅,春
9526,妹が頬のほのかに赤し桃の宴,桃の宴,春
9527,桃酒やためしめでたき西王母,桃酒,春
9528,酒は桃鯛は桜を草の庵,桃酒,春
9529,桃酒や大事の大事の小盃,桃酒,春
9530,薄赤き顔並びけり桃の酒,桃酒,春
9531,雛もなし男ばかりの桃の酒,桃酒,春
9532,曲水や細き流れも加茂の枝,曲水,春
9533,曲水や細き流れも淀の枝,曲水,春
9534,曲水やよどみに迷ふ小盃,曲水,春
9535,永き日をあら面白の曲水やな,曲水,春
9536,永き日をあら曲水の面白や,曲水,春
9537,曲水や盃の舟筆の棹,曲水,春
9538,曲水の詩や盃に遅れたる,曲水,春
9539,鎌倉や今は草屋のとり合,鶏合,冬
9540,鶏合せ勝たる方へ花がふる,鶏合,冬
9541,六波羅や今は草家の鶏合,鶏合,冬
9542,出代りの英語をつかふ別れ哉,出代,冬
9543,出代やまだ初恋のきのふけふ,出代,冬
9544,出代の別れかねたる小犬哉,出代,冬
9545,出代や養子になりし丁稚なり,出代,冬
9546,大幅の帯結びけり出代女,出代,冬
9547,出代の人許りなり浅草寺,出代,冬
9548,出代の便船たのむ潮来哉,出代,冬
9549,出代の傘をさしたる女かな,出代,冬
9550,出代や尾の道船を聞き合せ,出代,冬
9551,出代や尾の道舟を聞き歩行,出代,冬
9552,出代に傘見て行くや智恩院,出代,冬
9553,出代に飯櫃かやす麁こつ哉,出代,冬
9554,出代の人か傘見る智恩院,出代,冬
9555,出代の人につれだつ野道哉,出代,冬
9556,出代の又この婆も知り人よ,出代,冬
9557,出代の飯櫃かへす麁忽かな,出代,冬
9558,出代や包さげたる大女,出代,冬
9559,出女の出代見たり石薬師,出代,冬
9560,出代の畑打て居る門の前,出代,冬
9561,やぶ入やのんで見せたる巻煙草,藪入,春
9562,煎餅売る門をやぶ入の過りけり,藪入,春
9563,藪入の祗園清水清関寺,藪入,春
9564,やぶ入の人許りなり浅草寺,藪入,春
9565,やぶ入のあすをものうき雲の脚,藪入,春
9566,やぶ入の馬にのれば又馬遅し,藪入,春
9567,やぶ入の帰りに犬をもらひけり,藪入,春
9568,やぶ入の興さましたる地震かな,藪入,春
9569,やぶ入の見下して居る小村かな,藪入,春
9570,やぶ入やいさむ駒下駄に鞭うちて,藪入,春
9571,わりなしややぶ入に来て泣く女,藪入,春
9572,やぶ入の母待ち居るよ門の外,藪入,春
9573,やぶ入や袂に鳴らすはした銭,藪入,春
9574,藪入を母まちゐるよ門の外,藪入,春
9575,やふ入の早きをそねむ隣哉,藪入,春
9576,藪入や小銭かそふる懐手,藪入,春
9577,恐ろしき女も出たる花見哉,花見,春
9578,骸骨となつて木陰の花見哉,花見,春
9579,骸骨となりて木陰の花見哉,花見,春
9580,猿曳のけふは子を負ふ花見哉,花見,春
9581,相撲取の大きすぎたる花見哉,花見,春
9582,殿方に手をひかれたる花見哉,花見,春
9583,日本の花見下さんふしの山,花見,春
9584,花見には大き過たり相撲取,花見,春
9585,已む事をえずんば隅田の花見哉,花見,春
9586,入相や花見小袖の一衣桁,花見,春
9587,すさましや花見戻りの下駄の音,花見,春
9588,すさましや花見戻りの橋の音,花見,春
9589,二の尼の一の尼とふ花見哉,花見,春
9590,晩鐘も聞かぬ都の花見哉,花見,春
9591,待つ人も待たるゝ人も花見哉,花見,春
9592,松深き城に太守の花見哉,花見,春
9593,三十の人摺鉢山の花見哉,花見,春
9594,留守番に餅買ふてくる花見哉,花見,春
9595,若党や松の木向て花見酒,花見,春
9596,一杯に下戸の酔ひたる花見哉,花見,春
9597,同じ人も乗らで花見の渡し舟,花見,春
9598,狂ひ馬花見の人をちらしけり,花見,春
9599,妻無しのとまる覚悟で花見哉,花見,春
9600,花なくと銭なくと只酒あらば,花見,春
9601,ふんどしのゆるんで暮るゝ花見哉,花見,春
9602,真黒に花見る人のさかりかな,花見,春
9603,同じ人もなくて日毎の花見かな,花見,春
9604,叱られて酔のさめたる花見かな,花見,春
9605,三味太鼓花見の舟の花も見ず,花見,春
9606,大将の酔ふておくるゝ花見かな,花見,春
9607,只一人花見の留守の地震かな,花見,春
9608,散つて一度に花見の人を埋めかし,花見,春
9609,中啓を襟にさしたる花見哉,花見,春
9610,二三町押されてありく花見哉,花見,春
9611,二大隊花見の中を通りけり,花見,春
9612,又けふも花見の茶番雨になる,花見,春
9613,夜明から俄に曇る花見かな,花見,春
9614,釵は花見戻りの女哉,花見,春
9615,三味線に樽をかけたる花見哉,花見,春
9616,錠おろす花見の留守や夫婦者,花見,春
9617,錠かけて花見の留守や夫婦者,花見,春
9618,一群の芸妓に出逢ふ花見哉,花見,春
9619,病人の車て出たる花見哉,花見,春
9620,異様なる粧ひの人の花見哉,花見,春
9621,小坊主や花見の供のひもじ顔,花見,春
9622,女生徒の手を繋き行く花見哉,花見,春
9623,花の宴琴弾かさりし不興かな,花見,春
9624,絵巻物三月の部は花見也,花見,春
9625,橋杭の間を漕ぎ出る花見舟,花見,春
9626,案内者の楠語る花見かな,花見,春
9627,たらちねの花見の留守や時計見る,花見,春
9628,花見つゝ吉野の町に入りにけり,花見,春
9629,袂へも花の散りけり桜がり,桜狩,春
9630,花の顔花のかんざし桜狩,桜狩,春
9631,幕吹て人の背丸し桜がり,桜狩,春
9632,唐衣筒袖を来て桜狩,桜狩,春
9633,桜狩上野王子は山つゞき,桜狩,春
9634,桜狩深入りすぎて杉木立,桜狩,春
9635,炭売はなじみなりけり桜狩,桜狩,春
9636,罪深き顔の多さよ桜狩,桜狩,春
9637,大粒な雨ふりいでぬ桜狩,桜狩,春
9638,杉による花見車の小牛哉,花見車,春
9639,紋は誰花見車の人もなし,花見車,春
9640,春殿に玉藻の前の光かな,春殿,春
9641,黄金箔の年々はげて御身拭ひ,御身拭,夏
9642,水仙も黄をさく頃や御身拭,御身拭,夏
9643,世の花に汚れしとてや御身拭,御身拭,夏
9644,黄金の年々はげて御身拭ひ,御身拭,夏
9645,御普請の出来て御影供の鐘が鳴る,御影供,春
9646,御影供に近道わたる野川哉,御影供,春
9647,御影供こめて十日の雨や苗代田,御影供,春
9648,壬生念仏頃は蛙のさかりかな,壬生念仏,春
9649,雲水の折しもうれし壬生念仏,壬生念仏,春
9650,見る人のかしかましさよ壬生念仏,壬生念仏,春
9651,つれて来し嫁の屓負や御忌詣,御忌,春
9652,柳なく花なき里の西行忌,西行忌,春
9653,其杖に花咲きけらし西行忌,西行忌,春
9654,橘ノ曙覚ノ庵ヤ人丸忌,人丸忌,春
9655,土佐カ昼ノ人丸兀ゲシ忌日カナ,人丸忌,春
9656,春の人松の葉ごしにちらちらと,春人,春
9657,春の人このもかのもに見ゆる哉,春人,春
9658,山焼くや胡蝶の羽のくすぶるか,山焼,春
9659,春の山焼いたあとから笑ひけり,山焼,春
9660,春の山やくやそこらに人もなし,山焼,春
9661,山やくやどこから人の通ふらん,山焼,春
9662,三日三夜草山一つ焼にけり,山焼,春
9663,薄曇り隣の山を焼きにけり,山焼,春
9664,山焼きて雲のかゝらぬあした哉,山焼,春
9665,焼山の大石ころりころりかな,山焼,春
9666,山焼くとばかりに空のほの赤き,山焼,春
9667,雨ならん山を焼く火の広がりぬ,山焼,春
9668,薄月の山焼きに行く小路かな,山焼,春
9669,薄月の山焼きに行く路遠み,山焼,春
9670,出て見れば南の山を焼きにけり,山焼,春
9671,山焼く火左に見えて路曲る,山焼,春
9672,山を焼く火に近く我夜越ゆる,山焼,春
9673,あちら側の山を焼くらん雲明り,山焼,春
9674,遠山の焼くる火見えて夕淋し,山焼,春
9675,山焼きの爺を鬼爺と思ひけり,山焼,春
9676,山焼くよと門に彳む独言,山焼,春
9677,湯の山も田上も焼くや雨近み,山焼,春
9678,幼子や青きを踏みし足の裏,青き踏む,春
9679,弁当くふて青きを踏んで遊びけり,青き踏む,春
9680,踏青や飴屋にかゝる綺羅の塵,青き踏む,春
9681,踏青や草履駒下駄足袋はだし,青き踏む,春
9682,踏青や山谷の詩を吟じつゝ,青き踏む,春
9683,踏青や美人群れたる水の隈,青き踏む,春
9684,畑打や草の戸つゞく内裏跡,畑打,春
9685,畑打やふじの裾野に人一人,畑打,春
9686,畑を打つ男呼び出す雲雀哉,畑打,春
9687,名所とも知らで畑打つ男哉,畑打,春
9688,牛のせて畑打ちに行く小島舟哉,畑打,春
9689,汽車道の左右に畑打つ夫婦哉,畑打,春
9690,子を負てひとり畑打つやもめかな,畑打,春
9691,鷺寒しまだ耕さぬ畑のくろ,畑打,春
9692,奈良阪や鹿追ひのけて畠打つ,畑打,春
9693,畑うつや石ずゑ起す城の跡,畑打,春
9694,畠打つ大原山の男かな,畑打,春
9695,武蔵野や畑打ち広げ打ち広げ,畑打,春
9696,武蔵野や畑打つ女帯赤し,畑打,春
9697,山一つこえて畑打つ翁かな,畑打,春
9698,畑打の掘り起したる石碑哉,畑打,春
9699,畑打や八重山陰に只一人,畑打,春
9700,畑打よこゝらあたりは打ち残せ,畑打,春
9701,日一日同じ処に畠打つ,畑打,春
9702,ものいはず夫婦畑うつ麓かな,畑打,春
9703,金州にいくさせし人よ畠打つ,畑打,春
9704,畑打の王莽が銭掘り出しぬ,畑打,春
9705,山畑や猪の足跡を打ち返す,畑打,春
9706,行列を見返りもせぬ畑打や,畑打,春
9707,雲無心南山の下畑打つ,畑打,春
9708,先生の畑打て居る門の前,畑打,春
9709,畑打の牛の群にまじり帰り行,畑打,春
9710,めつらしや畑打つ女五年ぶり,畑打,春
9711,打ち残す二畝の畠や暮の雨,畑打,春
9712,畑打や谷中の森を出る雲,畑打,春
9713,経を講しあるは畑打ち釣を垂れ,畑打,春
9714,畑打に問へとも知らぬ石碑哉,畑打,春
9715,畑打や大根花咲く傍に,畑打,春
9716,畑打や遠の畔道行く柩,畑打,春
9717,畑打やゆふべの恋も忘れ顔,畑打,春
9718,畑打つていたく疲れし病後哉,畑打,春
9719,故郷や知らぬ男の畠打つ,畑打,春
9720,山陰の木の間の畑やひとり打,畑打,春
9721,嫁と見え娘と見えて畠打つ,畑打,春
9722,女手に庭の畑打つ小鍬哉,畑打,春
9723,あちら向いて畑打ち居る二人かな,畑打,春
9724,畑打の孝行上に聞えけり,畑打,春
9725,畑打や飛鳥の桜見ゆるなり,畑打,春
9726,畑打や子は徴せられて近衛に在り,畑打,春
9727,榛の木の下に畑打つ一人かな,畑打,春
9728,我行けば畑打ちやめて我を見る,畑打,春
9729,巻わらのとれて蘇鉄のそよぎ哉,巻藁を解,冬
9730,田かへすや牛が近よる鷺が立つ,田打,春
9731,鎌倉に九代栄ゆる接木哉,接木,春
9732,去年うせし親がかたみの接木哉,接木,春
9733,やとわれて接木する身の頬冠り,接木,春
9734,来年の命を契る接木哉,接木,春
9735,あこがれて寝るや接木の夜の雨,接木,春
9736,朝な朝な心にかゝる接木哉,接木,春
9737,君が代は足も腕も接木かな,接木,春
9738,燭を取つて雨の接木を見る夜哉,接木,春
9739,椿から李も咲かぬ接木かな,接木,春
9740,まだら也接木の椿花一つ,接木,春
9741,零落や竹刀を削り接木をす,接木,春
9742,垣こしに接穗与へし隣哉,接木,春
9743,後園の接木を覗く散歩哉,接木,春
9744,さかしらの駱駝が妻の接木哉,接木,春
9745,十本の二本つきたる接穗哉,接木,春
9746,吝き人の善き柿得たる接木哉,接木,春
9747,水仙の花萎みたる接木哉,接木,春
9748,そばふるや接木枯れたる庭淋し,接木,春
9749,接木して縁に駱駝か物語,接木,春
9750,接木して帰去来賦を誦しけり,接木,春
9751,接木する片手に蜂を拂ひけり,接木,春
9752,名を得たる接木の親爺雇ひけり,接木,春
9753,ぬれなから接木して居る小雨哉,接木,春
9754,桃に梅を杏に梨をつきし哉,接木,春
9755,わがわざの接木芽を出す嬉しさよ,接木,春
9756,芋植ゑし日にふりそめて雨十日,芋植う,春
9757,お城から見るや種蒔く三十里,種蒔,春
9758,種蒔の花に咲く頃帰り来ん,種蒔,春
9759,種蒔や妻も子も出て野弁当,種蒔,春
9760,種蒔や五風十雨は御代の常,種蒔,春
9761,道々や種まく人にいとま乞,種蒔,春
9762,種まきや狩出したる泥鼠,種蒔,春
9763,蒔や今孔邱の種釈迦の種,種蒔,春
9764,庭に出でゝ物種蒔くや病上り,種蒔,春
9765,蛙皆うたふ水口まつり哉,水口祭,春
9766,摘草やふさいだ目にもつくつくし,摘草,春
9767,摘草や菅の小笠にこほれつゝ,摘草,春
9768,摘草の道々さそふをとめ哉,摘草,春
9769,摘草や京の女の数数は,摘草,春
9770,摘草や三寸程の天王寺,摘草,春
9771,摘草の頃としなれば田甫哉,摘草,春
9772,摘草や善き衣著たる女の童,摘草,春
9773,摘草や根岸をいでゝ田甫道,摘草,春
9774,摘草やげんげんの束茅花の束,摘草,春
9775,摘草や裁縫の師につれられて,摘草,春
9776,垣ごしに菊の根わけてもらひ鳬,摘草,春
9777,昔女菊の根分くる跣足哉,摘草,春
9778,根分せん我は黄菊を白菊を,摘草,春
9779,それそれに菊の根分くる鉢の中,摘草,春
9780,萩の根を移しつ菊の根を分けつ,摘草,春
9781,寧ろ花の小さかれと菊の根も分けず,摘草,春
9782,萩の芽にさきだつ菊の根分哉,摘草,春
9783,家買ふて古菊の根を分ちけり,摘草,春
9784,茶を飮で菊の根分の疲哉,摘草,春
9785,おのが身に着もせぬ人の蚕飼哉,蚕飼,春
9786,木曽の奥宿りことはる蚕飼哉,蚕飼,春
9787,蚕飼せぬ上野人はなかりけり,蚕飼,春
9788,姫君の恋に待つ夜を蚕飼哉,蚕飼,春
9789,姫君は恋に待つ夜の蚕飼哉,蚕飼,春
9790,夕月やほのほの白き蚕棚,蚕飼,春
9791,山里は蚕飼ふなり花盛,蚕飼,春
9792,信濃路や宿借る家の蚕棚,蚕飼,春
9793,カナリヤに餌やる蚕飼の暇かな,蚕飼,春
9794,蚕飼する此頃妻のやつれ哉,蚕飼,春
9795,一夜二夜夜を寝ぬ蚕飼盛哉,蚕飼,春
9796,川越えて桑つみに行蚕飼哉,蚕飼,春
9797,蚕飼スル国ヤ仏ノ善光寺,蚕飼,春
9798,蚕飼する村過行や薬売,蚕飼,春
9799,蚕飼する村に宿屋もなかりけり,蚕飼,春
9800,田を売りて今年始むる蚕飼かな,蚕飼,春
9801,寝どころも無き賤が家の蚕棚かな,蚕飼,春
9802,婆殿の念仏講や蚕飼時,蚕飼,春
9803,道ばたの小家々々も蚕飼かな,蚕飼,春
9804,上総までかちわたりせん汐干潟,汐干狩,春
9805,上総まてかち渡りせん汐干狩,汐干狩,春
9806,遠浅や雲まてつゝく汐干狩,汐干狩,春
9807,一休に歌よませばや汐干狩,汐干狩,春
9808,貝とりの沙島へつゞく汐干哉,汐干狩,春
9809,小娘の上総覚えし汐干哉,汐干狩,春
9810,内海の幅狭くなる汐干哉,汐干狩,春
9811,大船の真向に居る汐干哉,汐干狩,春
9812,大船の真向に座る汐干かな,汐干狩,春
9813,下駄番のひとりはなれて汐干かな,汐干狩,春
9814,波音の須磨をはなるゝ汐干哉,汐干狩,春
9815,船底を蟹這ひ上る汐干かな,汐干狩,春
9816,振袖を背中に結ぶ汐干哉,汐干狩,春
9817,龍宮の鐘聞えたる汐干哉,汐干狩,春
9818,歩みけり汐干の海をすぢかひに,汐干狩,春
9819,大船の尻のそきたる汐干哉,汐干狩,春
9820,大船の底のぞきたる汐干かな,汐干狩,春
9821,汐干潟海月がさして泣く女,汐干狩,春
9822,汐干潟隣の国へつゞきけり,汐干狩,春
9823,墨吐て烏賊の死居る汐干哉,汐干狩,春
9824,墨吐て烏賊め死居る汐干哉,汐干狩,春
9825,人妻の男呼ぶなる汐干哉,汐干狩,春
9826,釵のぬしを尋ぬる汐干哉,汐干狩,春
9827,傾城の汐干見て居る二階哉,汐干狩,春
9828,蜊得て舟に戻るや汐干狩,汐干狩,春
9829,貝のつきし岩あらはるゝ汐干哉,汐干狩,春
9830,汽車に乗て汐干の浜を通りけり,汐干狩,春
9831,雲に入る汐干の人や安房の山,汐干狩,春
9832,紅のもすそかゝげぬ汐干人,汐干狩,春
9833,汐干狩の舟通りけり窓の外,汐干狩,春
9834,汐干狩の窓通りけり窓の外,汐干狩,春
9835,汐干より今帰りたる隣哉,汐干狩,春
9836,末の子や汐干の留守の雛遊,汐干狩,春
9837,海苔取の知らず顔なる汐干哉,汐干狩,春
9838,二舟に汐干の連を分ちけり,汐干狩,春
9839,汐干潟うれし物皆生きて居る,汐干狩,春
9840,おのが子の夢見てさめぬ泊り山,泊り山,冬
9841,朧にもなき夜のさまや泊り狩,泊り山,冬
9842,鐘三更月落ちかゝる泊り山,泊り山,冬
9843,三浦の介上総の介や泊り山,泊り山,冬
9844,炉塞や椽へ出て見る不二の山,炉塞,冬
9845,炉塞や花見に行きし其日より,炉塞,冬
9846,炉塞や六畳の間のひろうなる,炉塞,冬
9847,炉塞で天地の広き心哉,炉塞,冬
9848,炉塞に又若返るこゝろ哉,炉塞,冬
9849,炉塞や炭団の尽きし其日より,炉塞,冬
9850,炉を閉て猫の寝処かはりけり,炉塞,冬
9851,炉塞で足に鼠を負ふ夜かな,炉塞,冬
9852,炉塞いで畳の海に波もなし,炉塞,冬
9853,炉塞で種芋植ゑんとぞ思ふ,炉塞,冬
9854,炉塞で花に行くべき日ぞ多き,炉塞,冬
9855,今日か明日か炉を塞がうかどうせうか,炉塞,冬
9856,炉塞いで書読む夜の地震かな,炉塞,冬
9857,炉塞いで遠公がもとに訪ひよりぬ,炉塞,冬
9858,炉塞ぎて草鞋はき居る首途哉,炉塞,冬
9859,炉塞やよんどころなく妻を去る,炉塞,冬
9860,炉塞ぐや菊の根もとを掘る男,炉塞,冬
9861,炉塞ぎて庭へ出て見る空緑,炉塞,冬
9862,炉塞取りて六畳の間の広さかな,炉塞,冬
9863,引受の月次の会や炉の名残,炉塞,冬
9864,巨燵なき衾や足ののべ心,炬燵塞ぐ,冬
9865,巨燵なき蒲団や足ののべ心,炬燵塞ぐ,冬
9866,火燵塞ぐ今に主の病かな,炬燵塞ぐ,冬
9867,烏帽子着て花守なくや小夜嵐,花守,春
9868,花守の烏帽子かけたる桜哉,花守,春
9869,花守の子に折らせたる桜哉,花守,春
9870,花守の花よりさきに老にける,花守,春
9871,花守や修業者とめて物語り,花守,春
9872,花守や夜は燈下に荘子読む,花守,春
9873,一枝や花守叱らんさもあらばあれ,花守,春
9874,花守の花に負きし恨みかな,花守,春
9875,うとうとと春の寝心夢もなし,春眠,春
9876,君が家に春の寝心夢もなし,春眠,春
9877,海を行く百里蓬莱に倒り春夢醒む,春眠,春
9878,ものかはといひけん春の朝寝哉,春眠,春
9879,峯入の道々古き都かな,峰入,夏
9880,峯入や梺の道の花の雲,峰入,夏
9881,峯入やもの書きつける袖の裏,峰入,夏
9882,峯入の明け行顔や山かつら,峰入,夏
9883,峯入や顔のあたりの山かつら,峰入,夏
9884,汲鮎や釣瓶の中の不二の山,鮎汲,夏
9885,魚肥たり七十二灘上り簗,上簗,秋
9886,うら若き声のみ多き茶摘哉,茶摘,夏
9887,留守の家は花に預けて茶摘哉,茶摘,夏
9888,我庭に歌なき妹の茶摘哉,茶摘,夏
9889,木隠れて手拭赤き茶摘哉,茶摘,夏
9890,旅人や茶摘を尋ね山の裾,茶摘,夏
9891,木の上に見ゆや茶摘の顔許り,茶摘,夏
9892,一番茶二番茶既につみにけり,茶摘,夏
9893,五六人茶を摘む岡の高みかな,茶摘,夏
9894,摘みためし手のひらの茶のこぼれけり,茶摘,夏
9895,水清き宇治に生れて茶摘哉,茶摘,夏
9896,夜芝居や昼の茶摘の勞れ顔,茶摘,夏
9897,口紅にそんだ声なり茶摘歌,茶摘唄,夏
9898,気の軽き拍子也けり茶摘歌,茶摘唄,夏
9899,よそながら妹尋ぬるや茶摘歌,茶摘唄,夏
9900,顔見ねば恋にぞ似たる茶摘歌,茶摘唄,夏
9901,茶つみ歌お駕籠の垂れの上りけり,茶摘唄,夏
9902,茶つみ歌東大寺の塔は霞みけり,茶摘唄,夏
9903,人も見ず山の凹みの茶摘歌,茶摘唄,夏
9904,寝ぬ恋の眠たき節や茶摘歌,茶摘唄,夏
9905,不破の関桑とる女こととはん,桑摘,夏
9906,桑つみのふらんす語るやすみ哉,桑摘,夏
9907,すごすごと桑摘む背戸の小雨哉,桑摘,夏
9908,野のみとり搗込にけり草の餅,草餅,春
9909,風呂敷をとけば風あり草の餅,草餅,春
9910,草餅のこゝは灸の名所哉,草餅,春
9911,草餅のこゝは蓬の名所かな,草餅,春
9912,草餅や思ひ思ひの旅出立チ,草餅,春
9913,西行も名物あがれ草の餅,草餅,春
9914,旅人や馬から落す草の餅,草餅,春
9915,婆々の留守草餅つゝく鴉哉,草餅,春
9916,草餅や実業団子召すまいか,草餅,春
9917,大仏に草餅あげて戻りけり,草餅,春
9918,餅になる草何何ぞうなゐ達,草餅,春
9919,餅になる草何々ぞ背戸畑,草餅,春
9920,草餅や蓬か原の葭簀店,草餅,春
9921,尋ねよる蓬か宿や草の餅,草餅,春
9922,草餅は蓬黄粉は豆にして,草餅,春
9923,草餅を売り尽したる彼岸かな,草餅,春
9924,桜餅草餅春も半かな,草餅,春
9925,婆殿の忌日忘れそ蓬餅,草餅,春
9926,雛様をなぐさめ顔の蓬餅,草餅,春
9927,鄙なれば蓬草餅まゐらする,草餅,春
9928,鄙はものゝ蓬の餅も四角なる,草餅,春
9929,故郷や母がいまさば蓬餅,草餅,春
9930,蓬草餅にもならで伸びにけり,草餅,春
9931,薄き葉の中に朱味や桜餅,桜餅,春
9932,葉にまきて出すまこゝろや桜餅,桜餅,春
9933,贈られし鮒を膾につくりけり,鮒膾,冬
9934,孝行なる漁師ありけり鮒膾,鮒膾,冬
9935,尚白の家に会して鮒膾,鮒膾,冬
9936,旅人に鮒の膾の好みあり,鮒膾,冬
9937,夏近き膳所の舎りや鮒膾,鮒膾,冬
9938,鮒膾草津の駅は荒れにけり,鮒膾,冬
9939,鮒膾鮒に片目の由来あり,鮒膾,冬
9940,ある時はすねて落ちけり凧,凧,新年
9941,かゝり凧奴は骨となつてけり,凧,新年
9942,傾城の門まで出たり凧,凧,新年
9943,凧の尾に二日の月のもつれけり,凧,新年
9944,凧見れば東風ばかりでもなかりけり,凧,新年
9945,よく見れば昼の月あり凧,凧,新年
9946,凧与市が弓の稽古哉,凧,新年
9947,風に乗る姿は軽し鳳巾,凧,新年
9948,きれ凧の川渡り行く嵐哉,凧,新年
9949,きれ凧や糸くひとむる鬼瓦,凧,新年
9950,鶏あがる梅の枯枝やかゝり凧,凧,新年
9951,羽衣を誰にとられてかゝり凧,凧,新年
9952,人もなし野中の杭の凧,凧,新年
9953,雨晴れて一本榎凧高し,凧,新年
9954,凧鏡が浦ハ真ツ平,凧,新年
9955,大凧や伽藍の屋根に人の声,凧,新年
9956,大凧や階子に並ぶ庭の隅,凧,新年
9957,切れ凧の切れて帰らぬ行へ哉,凧,新年
9958,切凧や中国さして飛んで行,凧,新年
9959,切れ凧やふわりふわりと沖の方,凧,新年
9960,そこらから江戸が見えるか奴凧,凧,新年
9961,凧高し鏡が浦は真ツ平,凧,新年
9962,電信や糸のたよりのかゝり凧,凧,新年
9963,夕まぐれ凧売る家の嵐かな,凧,新年
9964,きれ凧の広野の中に落ちにけり,凧,新年
9965,凧さわぐ夕風雲のそゞろなり,凧,新年
9966,夕暮や都の空の凧一つ,凧,新年
9967,大凧に近よる鳶もなかりけり,凧,新年
9968,切れ凧や道灌山を越えて行く,凧,新年
9969,切れ凧を犬の追行く野道かな,凧,新年
9970,切れ凧を追ひ行く人か野の小道,凧,新年
9971,凧揚げて天狗をたのむ童かな,凧,新年
9972,ぱちんこに大凧切れてしまひけり,凧,新年
9973,二村の凧集まりし河原かな,凧,新年
9974,緑子の凧あげながらこけにけり,凧,新年
9975,凧あくる子守女や御院田,凧,新年
9976,人の子の凧あげて居る我は旅,凧,新年
9977,夕風の俄に起る凧,凧,新年
9978,あがりつくうれしさを凧きれてけり,凧,新年
9979,糸のべて凧の尾垂るゝ水田哉,凧,新年
9980,風しばし受けつ梢のかゝり凧,凧,新年
9981,感に堪へて大凧きつて放しけり,凧,新年
9982,切凧の落行さきは淡路哉,凧,新年
9983,忽然と凧落ち来る小庭哉,凧,新年
9984,しばし風受けつ梢のかゝり凧,凧,新年
9985,狭き庭に一枚凧の上りけり,凧,新年
9986,凧切れて泣く泣く帰り行く児よ,凧,新年
9987,凧の尾の筑波の山をはなれけり,凧,新年
9988,凧の尾の屋根をはなるゝうれしさよ,凧,新年
9989,凧の尾をつかまんとする弟哉,凧,新年
9990,小き子の小き凧を揚げて居る,凧,新年
9991,楷子して凧取る屋根の童哉,凧,新年
9992,夕嵐切凧西に飛んで行,凧,新年
9993,夕風や空に日暮るゝ凧,凧,新年
9994,夕風や空に日暮るゝ凧一つ,凧,新年
9995,小夜更し鼓の音や薪能,薪能,秋
9996,薪能京より叔父のまかりけり,薪能,秋
9997,薪燃えて静の顔を照しけり,薪能,秋
9998,鉢の木や薪に遠き最明寺,薪能,秋
9999,月出づる橋弁慶や薪能,薪能,秋
10000,ふらこゝの遊びに飽きし女哉,ふらここ,春
10001,明家やところところに猫の恋,猫の恋,春
10002,恋知らぬ猫のふり也球あそび,猫の恋,春
10003,浅ましやもらふた日より猫の恋,猫の恋,春
10004,歌よまばやさしかるべきに猫の恋,猫の恋,春
10005,内でなけば外でもなくやうかれ猫,猫の恋,春
10006,神代より誰か教へて猫の恋,猫の恋,春
10007,恋猫はあらきこゑさへあはれなり,猫の恋,春
10008,恋は皆やせるならひか猫の五器,猫の恋,春
10009,乳のみ子は恋猫程になきにけり,猫の恋,春
10010,飼猫や思ひのたけを鳴あかし,猫の恋,春
10011,きけばやさし見れはこはらし猫の恋,猫の恋,春
10012,五器の飯ほとびる猫の思ひかや,猫の恋,春
10013,恋猫やたしかにやねをとんだ音,猫の恋,春
10014,こひ猫や何の思ひを忍びあし,猫の恋,春
10015,恋猫や物干竿の丸木橋,猫の恋,春
10016,竹椽を踏みわる猫の思ひ哉,猫の恋,春
10017,竹椽をふみ折る猫の思ひかな,猫の恋,春
10018,鉄門に爪の思ひや廓の猫,猫の恋,春
10019,虎といふ仇名の猫ぞ恋の邪魔,猫の恋,春
10020,猫の恋がらす障子に無分別,猫の恋,春
10021,猫のこひ巨燵をふんで忍ひけり,猫の恋,春
10022,猫の恋やんだ其夜や雨の音,猫の恋,春
10023,猫の恋やんだ其夜や春の雨,猫の恋,春
10024,猫居らず一夜やもめの泣きにけり,猫の恋,春
10025,のら猫も女の声はやさしとや,猫の恋,春
10026,松の木の闇にかけこむ猫の恋,猫の恋,春
10027,目も見えぬやうなふり也猫の恋,猫の恋,春
10028,あの声は何いふ事ぞ猫の恋,猫の恋,春
10029,恋猫の足の跡あり化粧部屋,猫の恋,春
10030,恋猫のあはれやある夜泣寝入,猫の恋,春
10031,地震して恋猫屋根をころげけり,猫の恋,春
10032,どら猫に恋の名もあり祇園町,猫の恋,春
10033,猫の恋お堀をこえて通ひけり,猫の恋,春
10034,野の宮や垣の内外に猫の恋,猫の恋,春
10035,のら猫や思ふがまゝに恋ひわたる,猫の恋,春
10036,花嫁の声とも聞かじ猫の恋,猫の恋,春
10037,二つ来てしばしはよらず猫の恋,猫の恋,春
10038,よもすがら簀の子の下や猫の恋,猫の恋,春
10039,うき人に石投げらるゝ猫の恋,猫の恋,春
10040,大猫の恋にやつるゝあはれさよ,猫の恋,春
10041,巨燵の山流しの川や猫の恋,猫の恋,春
10042,恋猫や城の石垣かけのぼる,猫の恋,春
10043,猫の恋大長刀をわたりけり,猫の恋,春
10044,猫迷ふ恋の闇路や牛の角,猫の恋,春
10045,我事とうらやむ猫の恋路哉,猫の恋,春
10046,我事となくてものうし猫の恋,猫の恋,春
10047,我恋のかくても猫に劣りけん,猫の恋,春
10048,我恋のそれにも猫のうらみ哉,猫の恋,春
10049,おそろしや石垣崩す猫の恋,猫の恋,春
10050,恋猫の雲に隠れぬ塔の屋根,猫の恋,春
10051,忍ぶれど猫に出でにけり我恋は,猫の恋,春
10052,日の入やはや屋根に出る猫の恋,猫の恋,春
10053,内のチヨマが隣のタマを待つ夜かな,猫の恋,春
10054,恨みわびニヤニヤと泣く也猫の妻,猫の恋,春
10055,喧嘩とも恋とも知らず猫の声,猫の恋,春
10056,恋猫の別れを惜む戸口かな,猫の恋,春
10057,三匹になりて喧嘩す猫の恋,猫の恋,春
10058,忍びあへず男猫泣くなり塀の上,猫の恋,春
10059,初恋の心を猫に尋ねばや,猫の恋,春
10060,振袖を着せてやりたや猫の妻,猫の恋,春
10061,待つ恋にこがれて泣くや臼の猫,猫の恋,春
10062,両方で睨みあひけり猫の恋,猫の恋,春
10063,うき猫をくどく声音や屋根の上,猫の恋,春
10064,水鉢の水呑む猫のこがれかな,猫の恋,春
10065,宵の間や小猫が恋のあわたゞし,猫の恋,春
10066,きぬきぬの猫を見てやる夜明哉,猫の恋,春
10067,恋猫の別れ見てやる夜明哉,猫の恋,春
10068,猫の恋隣の屋根へ移りけり,猫の恋,春
10069,我心猫にうつりてうかるゝか,猫の恋,春
10070,恋しらぬ猫や鶉を取らんとす,猫の恋,春
10071,中垣や行きあふ猫のいどみ顔,猫の恋,春
10072,破垣や行きあふ猫のいどみ顔,猫の恋,春
10073,獺の祭を画く意匠かな,獺祭魚,冬
10074,茶器どもを獺の祭の並べ方,獺祭魚,冬
10075,うら若き禰宜になるゝや孕鹿,孕鹿,冬
10076,孕鹿来れは漁夫の餌をやりて,孕鹿,冬
10077,孕鹿若草山を辿りけり,孕鹿,冬
10078,三日月を夢みて鹿の孕むらん,孕鹿,冬
10079,町中や孕みし鹿の不形なり,孕鹿,冬
10080,恥かしいか眼を細くして孕鹿,孕鹿,冬
10081,鹿の角落てさびしき月夜哉,鹿の角落,冬
10082,鹿の角月の重みに落にけり,鹿の角落,冬
10083,鹿の角ふりむく時に落にけり,鹿の角落,冬
10084,鹿の角ふり向く時に落しけり,鹿の角落,冬
10085,曙禰宜の戸口の落し角,鹿の角落,冬
10086,新らしきものとは見えず鹿の角,鹿の角落,冬
10087,其角の落ちかゝりてや鳴く男鹿,鹿の角落,冬
10088,谷底へうつむく鹿や落し角,鹿の角落,冬
10089,明星や忽然として落し角,鹿の角落,冬
10090,角落ちてあちら向いたる男鹿哉,鹿の角落,冬
10091,驚くやさはれば落つる鹿の角,鹿の角落,冬
10092,思ひきりぬ角無き鹿を見るからに,鹿の角落,冬
10093,猟人の夢見て鹿の角落す,鹿の角落,冬
10094,角落ちて淋しき奈良の月夜哉,鹿の角落,冬
10095,蛙出て蓮の安否尋ねけり,蛙,春
10096,昼は青田夜は蛙聞く往来哉,蛙,春
10097,仰き見る芭せをの上に蛙かな,蛙,春
10098,蛙のつらに小便をするいたづら子,蛙,春
10099,きようきようし田螺おさへて鳴く蛙,蛙,春
10100,雪院の月に蛙を聞く夜哉,蛙,春
10101,はきだめやひたひた水に鳴蛙,蛙,春
10102,樋の口にせかれて鳴や夕蛙,蛙,春
10103,樋の口にせかれながらや鳴蛙,蛙,春
10104,ふしの影ふんて啼出す蛙哉,蛙,春
10105,門しめに出て聞て居る蛙かな,蛙,春
10106,小川からぬれて蛙の上りけり,蛙,春
10107,あぜ道や蛙とびこす牛の糞,蛙,春
10108,雨を呑む蛙の声の冴て行,蛙,春
10109,いつまても貧しき声の蛙哉,蛙,春
10110,入相の頃を蛙のさわぎかな,蛙,春
10111,牛の子に踏み出されたる蛙哉,蛙,春
10112,牛の子の鼻をつき出す蛙哉,蛙,春
10113,牛は寝て小田の蛙のさかり哉,蛙,春
10114,牛部屋の破れをのぞく蛙哉,蛙,春
10115,馬牛の市しづまりて鳴く蛙,蛙,春
10116,枝蛙利休の窓に上りけり,蛙,春
10117,金杉や寝床めぐって蛙鳴く,蛙,春
10118,蛙鳴く浅瀬もありや大井河,蛙,春
10119,蛙鳴く処処や水明り,蛙,春
10120,蛙鳴く水田の底の底明り,蛙,春
10121,蛙鳴く井手の玉川春深し,蛙,春
10122,蛙むれて雨をよぶ声あはれ也,蛙,春
10123,枯蘆の中にごそつく蛙哉,蛙,春
10124,肥壺や蛙とびこむ夕まぐれ,蛙,春
10125,新田に声うす塩の蛙哉,蛙,春
10126,たそがれや蛙の小道牛戻る,蛙,春
10127,つりさげてなぶられて居る蛙哉,蛙,春
10128,戸の口にたて出されたる蛙かな,蛙,春
10129,飛びこんで泥にかくるゝ蛙哉,蛙,春
10130,飛びこんで泥に隠れる蛙かな,蛙,春
10131,泥に酔ふて赤子のまねを鳴く蛙,蛙,春
10132,泥水と見れば飛びこむ蛙かな,蛙,春
10133,名所に住んでつたなき蛙哉,蛙,春
10134,逃げさまに足つかまれし蛙哉,蛙,春
10135,春もはや蛙鳴くなり手水鉢,蛙,春
10136,ひよいひよいとこゝ迄ござれ蛙殿,蛙,春
10137,古井戸の底にかはづの死骸かな,蛙,春
10138,行く牛の股の下とぶ蛙哉,蛙,春
10139,宵闇や蛙とびつく牛の足,蛙,春
10140,老牛とにらみあいたる蛙哉,蛙,春
10141,仰向になりて流るゝ蛙哉,蛙,春
10142,枝蛙見下して居る厨かな,蛙,春
10143,選ばれて蛙の中の蛙かな,蛙,春
10144,甕われて流れ出でたる蛙哉,蛙,春
10145,声高に痩田の水の蛙哉,蛙,春
10146,声に皆なつてかわすの水田哉,蛙,春
10147,翠帳に御池の蛙聞く夜かな,蛙,春
10148,捨舟をめぐって蛙鳴く夜かな,蛙,春
10149,田四五反蛙になつてしまひけり,蛙,春
10150,泥すみて影の動かぬ蛙かな,蛙,春
10151,本陣の夜は更けたり初蛙,蛙,春
10152,又もとの井戸に飛び込む蛙哉,蛙,春
10153,溝川の澄で行く中蛙かな,蛙,春
10154,夕月や田舟めぐって鳴く蛙,蛙,春
10155,蛙鳴く田毎の闇の月もなし,蛙,春
10156,蛙はや日本の歌を詠みにけり,蛙,春
10157,くゝと鳴く昼の蛙そうとましき,蛙,春
10158,くゝとなく昼の蛙のうとましや,蛙,春
10159,外濠の水くさりけり蛙の子,蛙,春
10160,とりつきて浮木に上る蛙かな,蛙,春
10161,夕雨に蛙鳴くなり橋の上,蛙,春
10162,夜越して麓に近き蛙かな,蛙,春
10163,庵の夜や蛙春の蚊春の蚤,蛙,春
10164,蛙鳴く頃しも小田の月夜かな,蛙,春
10165,蛙鳴くや蛙やしなふ君のため,蛙,春
10166,蛙なけ蛙やしなふ君がため,蛙,春
10167,ぎやあぎやあとなゐふるあとの蛙哉,蛙,春
10168,野はづれや家絶えだえに蛙鳴く,蛙,春
10169,勝鬨ヤ小便すれば蛙飛ぶ,蛙,春
10170,蛙を愛す蛙露石を愛す哉,蛙,春
10171,鉋屑に蛙は勝と衆議判,蛙,春
10172,岸の蛙底の泥鰌のあきれ顔,蛙,春
10173,薺泥に咲て蛙なく田の薄月夜,蛙,春
10174,石垣や蛙も鳴かず深き堀,蛙,春
10175,大なる蛙は井出を名のりけり,蛙,春
10176,大声に鳴いてきよろりと蛙哉,蛙,春
10177,ぎようぎようと地租を論ずる蛙哉,蛙,春
10178,達磨句あり蛙飛びこむ水の音,蛙,春
10179,貫之の蛙芭蕉の蛙哉,蛙,春
10180,とも知らで鳴くか蛙の哀なる,蛙,春
10181,向きあふて歌ふ二つの蛙かな,蛙,春
10182,吉原の火事映る田や鳴く蛙,蛙,春
10183,灯暗く蛙聞く夜や写し物,蛙,春
10184,曇りぬと妻の話や遠蛙,蛙,春
10185,暗き灯や蛙鳴く夜の写し物,蛙,春
10186,古池に蛙とびこむ俳画哉,蛙,春
10187,やゝ古き犬の屍や蛙の子,蛙,春
10188,今もある恋の棚橋鳴く蛙,蛙,春
10189,蛙なく苗代小田となりにけり,蛙,春
10190,客観の蛙飛んで主観の蛙鳴く,蛙,春
10191,蛙鳴く水や上野の台の下,蛙,春
10192,蛙鳴くや村居の心落ちつかず,蛙,春
10193,ラムプ消して行燈ともすや遠蛙,蛙,春
10194,蛙なくやそろそろ蛇の穴を出る,蛇穴を出づ,春
10195,蛇の穴を見すてる日和哉,蛇穴を出づ,春
10196,蛇穴を出たりあるいははいつたり,蛇穴を出づ,春
10197,蛇穴を出るや其まゝ臍を巻く,蛇穴を出づ,春
10198,蛇穴を出るややしろの古榎,蛇穴を出づ,春
10199,穴を出て古石垣の蛇細し,蛇穴を出づ,春
10200,穴を出た蛇も参りしネハン像,蛇穴を出づ,春
10201,神いまだ穴を出でざる白蛇かな,蛇穴を出づ,春
10202,蛇穴を出て三分の天下かな,蛇穴を出づ,春
10203,蛇穴を出て人間を恐れけり,蛇穴を出づ,春
10204,蛇穴を出る野に遺賢なかりけり,蛇穴を出づ,春
10205,蛇穴を出るよりのたりくたりかな,蛇穴を出づ,春
10206,世の中や出ずともの蛇穴を出る,蛇穴を出づ,春
10207,鶯や木魚にまじる寺の春,鶯,春
10208,鶯や木魚にまじる寛永寺,鶯,春
10209,鶯になしみのつきし小庭哉,鶯,春
10210,鶯の声になまりはなかりけり,鶯,春
10211,鶯の声はなまらぬ田舎哉,鶯,春
10212,鶯や誰が許して庭の梅,鶯,春
10213,鶯や隣も窓をあける音,鶯,春
10214,鶯やとなりつたひに梅の花,鶯,春
10215,鶯や梅花の徳に隣あり,鶯,春
10216,鶯の声の細さよ岨五丈,鶯,春
10217,鶯や田を見下せは早苗とり,鶯,春
10218,鶯や窓をひらけば竹の藪,鶯,春
10219,鶯や窓を開けは松林,鶯,春
10220,鶯や山をいづれば誕生寺,鶯,春
10221,うくひすや落花粉々たり手水鉢,鶯,春
10222,鶯や我かげうつす手水鉢,鶯,春
10223,堀割ややふ鶯の両かわに,鶯,春
10224,掘割や藪鶯を両の耳,鶯,春
10225,うかうかと来て鶯を逃しけり,鶯,春
10226,鶯の影とびこむや皮文庫,鶯,春
10227,鶯の声には近し老の耳,鶯,春
10228,鶯の隣にほそきいほりかな,鶯,春
10229,鶯の遠のいてなく汽車の音,鶯,春
10230,鶯の根岸はなるゝ日永かな,鶯,春
10231,鶯や同じ深山の門の松,鶯,春
10232,鶯や傘をたゝめば竹の露,鶯,春
10233,鶯や傘をれハ竹の雫哉,鶯,春
10234,鶯や此山出れば誕生寺,鶯,春
10235,鶯や雑木つゞきの小篠原,鶯,春
10236,鶯や不尽の裾野の花千里,鶯,春
10237,鶯やみあかしのこる杉の杜,鶯,春
10238,鶯や藪の隅には去年の雪,鶯,春
10239,鶯や藪の中には去年の雪,鶯,春
10240,梅に来て鶯の身のかるさ哉,鶯,春
10241,その辺にうぐひす居らず汽車の音,鶯,春
10242,竹藪や鶯の鳴く窓二つ,鶯,春
10243,掘割やなく鶯の両かわに,鶯,春
10244,鶯に明石の城の夜明哉,鶯,春
10245,鶯に撥投げつけん破れ窓,鶯,春
10246,鶯に胸うちさわぐ初音哉,鶯,春
10247,鶯に名所の声は何となく,鶯,春
10248,鶯の淡路へわたる日和哉,鶯,春
10249,鶯の一日鳴くや塚の松,鶯,春
10250,鶯の梅に下痢する余寒かな,鶯,春
10251,鶯の覚束なくも初音哉,鶯,春
10252,鶯の来る事にする小藪哉,鶯,春
10253,鶯の黒焼もかな上根岸,鶯,春
10254,鶯の声に明け行く筑波哉,鶯,春
10255,鶯の下に庭掃く男かな,鶯,春
10256,鶯のせはしうなりぬ夕嵐,鶯,春
10257,鶯の啼きそこなふて逃にけり,鶯,春
10258,鶯のなくや三くだり半許り,鶯,春
10259,鶯の根岸の里はかしかまし,鶯,春
10260,鶯の初音は風にとらけり,鶯,春
10261,鶯の二ツになつて逃にけり,鶯,春
10262,鶯の二つになりてだまりけり,鶯,春
10263,鶯の糞の黒さよ篠の雪,鶯,春
10264,鶯の糞の黒さよ笹の雪,鶯,春
10265,鶯の糞の黒さよ豆腐汁,鶯,春
10266,鶯のむれて見舞を申す也,鶯,春
10267,鶯は坊のものぢやとおしやりけり,鶯,春
10268,鶯はやさしきものゝ哀れなり,鶯,春
10269,鶯は女に似たり松の枝,鶯,春
10270,鶯や朝寝を起す人もなし,鶯,春
10271,鶯や雨にもぬれず松のあひ,鶯,春
10272,鶯や梅には居らで松の中,鶯,春
10273,鶯や梅のあたりに声がする,鶯,春
10274,鶯や梅へも竹へも柳へも,鶯,春
10275,鶯や奥商人とつれたちて,鶯,春
10276,鶯や表通りは馬の鈴,鶯,春
10277,鶯や神の火残る杉の杜,鶯,春
10278,鶯やからたちくゞる身のひねり,鶯,春
10279,鶯や京へ売らるゝ小傾城,鶯,春
10280,鶯や黒木つたひに八瀬大原,鶯,春
10281,鶯や黒木つたひに八瀬小原,鶯,春
10282,鶯や琴柱はつれて逃て行,鶯,春
10283,鶯やこの山もまた汽車の音,鶯,春
10284,鶯や小藪の奥の片庇,鶯,春
10285,鶯や里へ売らるゝ小傾城,鶯,春
10286,鶯や十万石をふみつけて,鶯,春
10287,鶯や新聞売りの鈴の音,鶯,春
10288,鶯や竹の中道牛帰る,鶯,春
10289,鶯や竹の柱の離れ部屋,鶯,春
10290,鶯や竹へも梅へも柳へも,鶯,春
10291,鶯や旅駕籠おろす箱根山,鶯,春
10292,鶯や主税今年々十七,鶯,春
10293,鶯や白水流す垣の外,鶯,春
10294,鶯や年々ふゑる梅の花,鶯,春
10295,鶯や隣へ通ふ犬くゞり,鶯,春
10296,鶯やとりつく沖の大鳥居,鶯,春
10297,鶯や鳴きそこなふて風になる,鶯,春
10298,鶯や畠境の小笹垣,鶯,春
10299,鶯や畠つゞきの寺の庭,鶯,春
10300,鶯や左の耳は馬の鈴,鶯,春
10301,鶯や人を尋ぬる隅田川,鶯,春
10302,鶯や人を見て居る逃げかゝる,鶯,春
10303,鶯や真葛か原の思ひもの,鶯,春
10304,鶯や馬子を相手の鈴鹿越,鶯,春
10305,鶯や又この山も汽車の音,鶯,春
10306,鶯や山から京へ三十里,鶯,春
10307,鶯や大和を出る翁あり,鶯,春
10308,鶯や行けば飛びのく竹の藪,鶯,春
10309,腰元は藪鶯の在所かな,鶯,春
10310,雀より鶯多き根岸哉,鶯,春
10311,摺小木に鶯とまる根岸哉,鶯,春
10312,とびこんで鶯見えぬ柳哉,鶯,春
10313,鶯や小藪の中に寺一つ,鶯,春
10314,鶯にわがくふだけの畠哉,鶯,春
10315,鶯の梅島村に笠買はん,鶯,春
10316,鶯の小村より菜をつんで来る,鶯,春
10317,鶯の尻のす見たり檐の梅,鶯,春
10318,鶯の飛で出でけり笹の中,鶯,春
10319,鶯の宿に僧ありとろゝ汁,鶯,春
10320,鶯の吉野を出たる初音かな,鶯,春
10321,鶯や梅の木つたひ都まで,鶯,春
10322,鶯や梅の湯戻り五六町,鶯,春
10323,鶯や軽石さげて風呂戻り,鶯,春
10324,鶯や枯木の中の一軒家,鶯,春
10325,鶯や官林の樹木伐るべからず,鶯,春
10326,鶯やこゝもことしは新屋敷,鶯,春
10327,鶯よ名所の声は何となく,鶯,春
10328,鶯やしんかんとして南禅寺,鶯,春
10329,鶯や団子くひ行くうつの山,鶯,春
10330,鶯や筑波紫の朝ぼらけ,鶯,春
10331,鶯や女車の加茂詣,鶯,春
10332,勅なるぞ深山鶯はや来鳴け,鶯,春
10333,啼きやめて鶯逃げぬ垣の外,鶯,春
10334,なきやめばうくひすにけぬ垣の外,鶯,春
10335,鶯に小判投げたる禿かな,鶯,春
10336,鶯の足跡細し鍋の尻,鶯,春
10337,鶯の口のさきなり三万戸,鶯,春
10338,鶯の啼けばなつかし嵯峨の家,鶯,春
10339,鶯のものしり顔に初音哉,鶯,春
10340,鶯は飛んで酢瓶の匂ひ哉,鶯,春
10341,鶯や顔見られたる道の端,鶯,春
10342,鶯や小山の裾の卵塔場,鶯,春
10343,鶯や男生るゝ午の刻,鶯,春
10344,琴やめて鶯聞くや下屋敷,鶯,春
10345,桟橋に鶯啼くや向島,鶯,春
10346,神殿や鶯走るとゆの中,鶯,春
10347,どこやらに鶯啼くよ出でゝ見ん,鶯,春
10348,井戸端や鶯遊ぶ鍋の蓋,鶯,春
10349,鶯に顔見らるゝも恥かしや,鶯,春
10350,鶯に煙のかゝる伏家かな,鶯,春
10351,鶯の今朝も啼くなり楢の枝,鶯,春
10352,鶯の鐘楼に鳴くや朝の内,鶯,春
10353,鶯のすねてだまりし寒さ哉,鶯,春
10354,鶯の鳴きさうな家ばかりなり,鶯,春
10355,鶯の鳴けども腰の立たぬなり,鶯,春
10356,鶯の一声雀の十声哉,鶯,春
10357,鶯の見まはしておいてちょいと鳴く,鶯,春
10358,鶯や江戸を見下す坂の上,鶯,春
10359,鶯やお上屋敷の供揃へ,鶯,春
10360,鶯や垣をへだてゝ君と我,鶯,春
10361,鶯や銃さげて森を出づる人,鶯,春
10362,鶯や畠づたひに野から来る,鶯,春
10363,鶯や低い茶の木の中で鳴く,鶯,春
10364,鶯や路に垂れたる竹の枝,鶯,春
10365,椽の下に鶯鳴くや知恩院,鶯,春
10366,汽車の音鶯逃げてしまひけり,鶯,春
10367,さすが鶯梟などは飛び込まず,鶯,春
10368,岨道に鶯聞くや馬の上,鶯,春
10369,飯たかぬ朝も鶯啼きにけり,鶯,春
10370,鶯に米の飯くふ根岸かな,鶯,春
10371,鶯に目さめたまはぬ悲しさよ,鶯,春
10372,鶯のうたゝ眼白の眼を妬む,鶯,春
10373,鶯の籠をかけたり上根岸,鶯,春
10374,鶯の松になく也寛永寺,鶯,春
10375,鶯もよい時来たり庵の閑,鶯,春
10376,鶯や寺子屋に行く道の藪,鶯,春
10377,鶯や陵拝む門の外,鶯,春
10378,鶯横町塀に梅なく柳なし,鶯,春
10379,梅が枝にあれ鶯が鶯が,鶯,春
10380,木さへあれば鶯啼くや垣つたひ,鶯,春
10381,寺町の鶯鳴くや垣つたひ,鶯,春
10382,十日ばかり鶯遅し椎の雨,鶯,春
10383,楢の木や鶯来鳴く家の北,鶯,春
10384,根岸行けば鶯なくや垣の内,鶯,春
10385,我病んで鶯を待つ西枕,鶯,春
10386,鶯や椽に捨てたる小三味線,鶯,春
10387,鶯や川そひ小路寺の裏,鶯,春
10388,鶯の荊飛び出て鳴にけり,鶯,春
10389,鶯の来もせで松の雀かな,鶯,春
10390,鶯の踏んたる跡もなかりけり,鶯,春
10391,蓬つむや鶯遅き蜑か里,鶯,春
10392,ふる様なひばりの声やけふの晴,雲雀,春
10393,家の上に雲雀鳴きけり町はづれ,雲雀,春
10394,半日は空にあそぶや舞雲雀,雲雀,春
10395,牛は野に雲雀は空やまほ片帆,雲雀,春
10396,馬の背に雲雀は高く麦低し,雲雀,春
10397,馬の背や雲雀は高く麦低し,雲雀,春
10398,晴れきつた空やひばりの声高し,雲雀,春
10399,雲雀なく其下や花に草枕,雲雀,春
10400,よく見ればたつた一羽の雲雀哉,雲雀,春
10401,我顔に雲雀落つるや草まくら,雲雀,春
10402,五六尺不二を離るゝひはりかな,雲雀,春
10403,野は暗く雲雀一羽の夕日哉,雲雀,春
10404,一ツ家の空はひばりの嵐かな,雲雀,春
10405,雲雀野や花嫁鞍にしがみつく,雲雀,春
10406,雲雀野や眼障りになる不二の山,雲雀,春
10407,化し野の露にそだちし雲雀哉,雲雀,春
10408,霞から真下に下す雲雀哉,雲雀,春
10409,から臼に落て消たる雲雀かな,雲雀,春
10410,声ばかり見えて雲雀の上り下り,雲雀,春
10411,菅笠の音は雲雀の礫かな,雲雀,春
10412,大砲の煙の上や舞雲雀,雲雀,春
10413,大砲の煙を下に舞雲雀,雲雀,春
10414,とんと落ちつゝと上りて雲雀哉,雲雀,春
10415,呼べば呼ぶ草と霞の雲雀哉,雲雀,春
10416,天つ雲雀霞となりて失せにけり,雲雀,春
10417,馬細く雲雀鳴く野の広さ哉,雲雀,春
10418,旅人の舟に仰向く雲雀哉,雲雀,春
10419,鳥さしを見下ろして居る雲雀哉,雲雀,春
10420,一雨にしほれて落つる雲雀かな,雲雀,春
10421,雲雀より外は動かぬ日和哉,雲雀,春
10422,吹かるゝや鳴門の上の舞雲雀,雲雀,春
10423,山陰を斜にのぼる雲雀哉,雲雀,春
10424,昼中や雲にとまりて鳴く雲雀,雲雀,春
10425,舞雲雀捨身になつて落つる也,雲雀,春
10426,舞雲雀捨身になりて落る也,雲雀,春
10427,麦畑や驢馬の耳より舞雲雀,雲雀,春
10428,山畑や雲より落つる舞雲雀,雲雀,春
10429,旅人の城へ上るや舞雲雀,雲雀,春
10430,灯ちらちら夕日の雲雀寝に下りる,雲雀,春
10431,一つ家の風呂の中より舞雲雀,雲雀,春
10432,灯ともすや畑の雲雀寝に下りる,雲雀,春
10433,よく聞けば畠の中の雲雀哉,雲雀,春
10434,市川の渡し渡れば雲雀哉,雲雀,春
10435,鶯も啼くそ雲雀も囀るそ,雲雀,春
10436,子雲雀のそだつ日頃や麦の風,雲雀,春
10437,神の子に追はれて上る雲雀かな,雲雀,春
10438,雲雀派と蛙派と歌の議論かな,雲雀,春
10439,きえ残る星のなきけり揚雲雀,揚雲雀,春
10440,晴天やこゝもかしこも揚雲雀,揚雲雀,春
10441,晴天や声のふりくる揚ひばり,揚雲雀,春
10442,足もとのすみれふみけり揚雲雀,揚雲雀,春
10443,江戸までは見えじ浪華の揚雲雀,揚雲雀,春
10444,きえ残る星と間近や揚ひはり,揚雲雀,春
10445,雲をふみ霞を吸ふや揚雲雀,揚雲雀,春
10446,これ見よといはぬ許りや揚雲雀,揚雲雀,春
10447,どこへ行くも声は真上や揚雲雀,揚雲雀,春
10448,目の役を耳にゆづるや揚雲雀,揚雲雀,春
10449,揚雲雀下に菜畑麦畑,揚雲雀,春
10450,馬の背に菅笠広し揚雲雀,揚雲雀,春
10451,落ち行けば隣のくにや揚雲雀,揚雲雀,春
10452,おりるかと待てばきえけり揚雲雀,揚雲雀,春
10453,子や帰る一寸見てこよ揚雲雀,揚雲雀,春
10454,すげ笠の着具合わるし揚雲雀,揚雲雀,春
10455,菜の花を上から見るか揚げ雲雀,揚雲雀,春
10456,はしょつたる裾の落つるや揚雲雀,揚雲雀,春
10457,花あらは我に教えよ揚雲雀,揚雲雀,春
10458,あれとれと乳母をせがむや揚雲雀,揚雲雀,春
10459,追かけて犬の吠けり揚ひばり,揚雲雀,春
10460,下りゆけハ隣の国や揚雲雀,揚雲雀,春
10461,陽炎のもつれてあがるひばり哉,揚雲雀,春
10462,峠まで来ても真上や揚雲雀,揚雲雀,春
10463,蝶々の中つきわけて揚雲雀,揚雲雀,春
10464,年よりの杖にすかるやあげひばり,揚雲雀,春
10465,飛びにくうないか真上へ揚ひはり,揚雲雀,春
10466,鳥部山煙にそれて揚雲雀,揚雲雀,春
10467,盗人の昼寝の上や揚雲雀,揚雲雀,春
10468,輪に吹いた煙草の煙や揚ひばり,揚雲雀,春
10469,揚雲雀啼くや我田の見えぬ時,揚雲雀,春
10470,揚雲雀都の家を数へ居る,揚雲雀,春
10471,夕風に寒ささそふや揚雲雀,揚雲雀,春
10472,夕雲雀もつと揚つて消えて見よ,揚雲雀,春
10473,吉原や真昼の頃の揚雲雀,揚雲雀,春
10474,世の中を下ににらみて揚雲雀,揚雲雀,春
10475,新田にたまさかあがる雲雀哉,揚雲雀,春
10476,新田にたまたま揚る雲雀哉,揚雲雀,春
10477,雲雀落ち雲雀揚り人鍬を荷ふ,揚雲雀,春
10478,麦畑や驢馬の耳より揚雲雀,揚雲雀,春
10479,一つ家の風呂の中より揚雲雀,揚雲雀,春
10480,雲雀今揚りぬそこに巣やあらん,揚雲雀,春
10481,磯畑や干鰯を出でゝ揚雲雀,揚雲雀,春
10482,鷽なくや花も実もなき梅嫌,鷽,冬
10483,こよひこそ嬉しそうなり雉の声,雉,春
10484,にげて行く雉うつくしや筒のさき,雉,春
10485,山道や足もとに雉子野に雲雀,雉,春
10486,雉啼や草に一筋風の道,雉,春
10487,子に鳴いて見せるか雉の高調子,雉,春
10488,足引の山もさけよと雉の声,雉,春
10489,一村は谷の底なり雉の声,雉,春
10490,岩角をふんばる雉の高ね哉,雉,春
10491,うしろから白む端山の雉の声,雉,春
10492,雉子鳴く嵯峨野の奥や雨ほろほろ,雉,春
10493,雉鳴くや背丈にそろふ小松原,雉,春
10494,雉鳴くや庭の中なる東山,雉,春
10495,雉の鳴く嵯峨野の奥や雨ほろほろ,雉,春
10496,けんどんな庄屋なにたつ雉哉,雉,春
10497,豆腐屋の豆腐を崩す雉の声,雉,春
10498,泊り山夢見る雉の声すなり,雉,春
10499,はりつめし親の心や雉の声,雉,春
10500,我もいざ焼野の雉に音をそへん,雉,春
10501,尾のさきのつゝじに余る雉哉,雉,春
10502,今更に悲しき籠の雉子かな,雉,春
10503,生れ落ちて雉蛇をくふ勢ひあり,雉,春
10504,雉聞て山に上れば白帆かな,雉,春
10505,雉の尾や葎に隠れ松に見え,雉,春
10506,山道や人去て雉あらはるゝ,雉,春
10507,折々に雉子飛び立つ広野哉,雉,春
10508,折々は雉子飛立つ広野かな,雉,春
10509,雉啼いて磐梯山の崩れけり,雉,春
10510,雉鳴くや雲裂けて岩現はるゝ,雉,春
10511,雉鳴くや雲裂けて山あらはるゝ,雉,春
10512,雉鳴くや那須の裾山家もなし,雉,春
10513,木曽川や舟危しと雉の鳴く,雉,春
10514,姫松に身を隠したる雉子哉,雉,春
10515,雉しきりに鳴いて其後声もなし,雉,春
10516,四五寸の葎に雉の見えずなりぬ,雉,春
10517,平沙万里草少しありて雉の声,雉,春
10518,雉一羽吊りし山路の茶店哉,雉,春
10519,雉追へば隠れ又追へば終に飛びぬ,雉,春
10520,裾山や雉子隠るゝ杉の苗,雉,春
10521,裾山や雉子くゝりゆく杉の苗,雉,春
10522,雉鳴て日の出る旅の朝かな,雉,春
10523,雉の子をつかんて帰る童哉,雉,春
10524,雉の子を取りて帰るや雉の声,雉,春
10525,雉の尾のつゝじにさはる長さ哉,雉,春
10526,知らぬ野を通る旅路や雉の声,雉,春
10527,野を焼いて雉子は啼かずなりにけり,雉,春
10528,蛇にまかれて鳴くか雉の声,雉,春
10529,尾をかはす雉の番や台の上,雉,春
10530,雉提げし主や狗の手柄顔,雉,春
10531,雉なくや燃ゆる涙の血写経,雉,春
10532,三寸の麦のいづこになく鶉,麦鶉,夏
10533,麦鶉猫の夢見て鳴きにけり,麦鶉,夏
10534,痩村の昼静かなり麦鶉,麦鶉,夏
10535,たまたまに鶉なくなり麦畠,麦鶉,夏
10536,麦畠たまさか鶉啼きにけり,麦鶉,夏
10537,麦一畝二うね鶉三四声,麦鶉,夏
10538,朝鷹の眼に有明のうつり哉,朝鷹,夏
10539,去年の巣を尋ねて来たり燕,燕,春
10540,つき当るまで一息に乙鳥,燕,春
10541,つきあたる迄一いきに燕哉,燕,春
10542,燕の飛ぶや町家の蔵がまへ,燕,春
10543,燕や間違へさうな家の向き,燕,春
10544,壁ぬりの小手先すかすつばめ哉,燕,春
10545,大仏を取て返すや燕,燕,春
10546,燕の何聞くふりぞ電信機,燕,春
10547,燕の鼻先くゝる小家哉,燕,春
10548,燕の折々くゝる小家かな,燕,春
10549,燕や二つにわれし尾のひねり,燕,春
10550,とろとろと左官眠るや燕,燕,春
10551,長町のかどや燕の十文字,燕,春
10552,鼻先を燕くゝる小家哉,燕,春
10553,行き行きてひらりと返す燕哉,燕,春
10554,あら海や燕ゆらるゝ椀の上,燕,春
10555,あら波や燕ゆらるゝ椀の上,燕,春
10556,烏帽子屋の店に舞ひけり燕,燕,春
10557,高どのや雲に巣をくふ燕,燕,春
10558,燕に祇王の家は知られけり,燕,春
10559,燕の足より太し泥のあと,燕,春
10560,燕のとびかふ下や蓮根堀,燕,春
10561,燕の普請出来たり春の風,燕,春
10562,燕の窓にゐならぶ田舎哉,燕,春
10563,燕や腹ぬらしたる波かしら,燕,春
10564,燕や昼餉の煙立ちしきる,燕,春
10565,時頼の留守にも来たり燕,燕,春
10566,腹つけて燕とび行く小川哉,燕,春
10567,引舟に乗て引かるゝ燕哉,燕,春
10568,引舟にひかれて上る燕哉,燕,春
10569,本町のかどや燕の十文字,燕,春
10570,松島や松に巣をくふ燕,燕,春
10571,山里は梅さく頃の燕哉,燕,春
10572,浅草の本堂めぐる乙鳥哉,燕,春
10573,馬の尾やひらりとかはす乙鳥,燕,春
10574,大橋の長さをはかる乙鳥哉,燕,春
10575,大仏につきあたりたる燕哉,燕,春
10576,燕太平洋へのして行く,燕,春
10577,燕やくねりて長き千住道,燕,春
10578,燕や千住女郎をなぶり行,燕,春
10579,裏町や窮屈さうに飛ぶ燕,燕,春
10580,大家の建坪はかる燕哉,燕,春
10581,大橋や群衆の中の燕,燕,春
10582,川舟の上を越え行く燕哉,燕,春
10583,戦ひのあとに少き燕哉,燕,春
10584,燕につきあたりけり燕,燕,春
10585,燕のいそがしがるもあはれなり,燕,春
10586,燕の取て返すや袋町,燕,春
10587,燕や酒蔵つゞく灘伊丹,燕,春
10588,金谷より島田へ通ふ燕哉,燕,春
10589,川中や島田金谷の燕,燕,春
10590,燕の吹きかへさるゝ嵐かな,燕,春
10591,行列につきあたりたる燕かな,燕,春
10592,淋しさや人に驚く燕,燕,春
10593,すれ違ふ汽車の小窓の燕哉,燕,春
10594,燕のうしろも向かぬ別れ哉,燕,春
10595,燕の巣迄うつしてしまひけり,燕,春
10596,燕の高く揚りし嵐かな,燕,春
10597,燕やひらりひらりと町の中,燕,春
10598,出女の声の中飛ぶ燕かな,燕,春
10599,戸口出て左へ曲る燕哉,燕,春
10600,日光の向ふ上りに燕かな,燕,春
10601,我床を出る時燕室に入る,燕,春
10602,大道をかたよつて飛び燕かな,燕,春
10603,新しき主に馴るゝ燕哉,燕,春
10604,逢阪の山を越え行く燕哉,燕,春
10605,藍壺に泥落したる燕哉,燕,春
10606,首途の日に見初めたる燕哉,燕,春
10607,川舟の窓を掠むる燕哉,燕,春
10608,燕の過ぎ行くあとや伝令使,燕,春
10609,燕の物くはへ来る昼餉哉,燕,春
10610,吊したる駕籠の埃や燕の巣,燕,春
10611,海苔麁朶に遊ぶ漁村の燕哉,燕,春
10612,もとの巣へ燕の卵返しけり,燕,春
10613,自転車と路を争ふ燕かな,燕,春
10614,燕や丁稚飯食ふ台所,燕,春
10615,燕や根岸の町の幾曲り,燕,春
10616,燕飛ぶ一筋町の駅かな,燕,春
10617,村閑に郵便も来ぬ燕かな,燕,春
10618,居酒屋によらで過ぎ行く燕かな,燕,春
10619,空家や孕雀の夕稼,孕雀,春
10620,捕ヘタル孕雀ヲ放チケリ,孕雀,春
10621,子雀や大竹藪の広座敷,雀の子,春
10622,雀子や日毎に声の高うなる,雀の子,春
10623,井の上やあぶなくとまる雀の子,雀の子,春
10624,井の陰に身ふるひするや雀の子,雀の子,春
10625,絵馬堂に鳴くや子雀親雀,雀の子,春
10626,雀子や人居らぬさまの盥伏せ,雀の子,春
10627,寝おくれて鳴くや月夜の雀の子,雀の子,春
10628,腹中に吹矢立ちけり雀の子,雀の子,春
10629,垣に来て雀親呼ぶ声せはし,雀の子,春
10630,雀子や学門にうとく見え給ふ,雀の子,春
10631,千松や盥で伏せし雀の子,雀の子,春
10632,雀子や馴れて物くふ掌,雀の子,春
10633,雀の子忠三郎も二代かな,雀の子,春
10634,いそがしや昼飯頃の親雀,親雀,春
10635,子の口に餌をふくめたる雀哉,親雀,春
10636,呼ぶは子よ何をくはへて親雀,親雀,春
10637,人近く来るや雀の親心,親雀,春
10638,草の家のあるじ頼むか雀の巣,雀の巣,春
10639,春宮の軒端かしこし雀の巣,雀の巣,春
10640,年々や藁家もすてず雀の巣,雀の巣,春
10641,わが庵も打ち崩されじ雀の巣,雀の巣,春
10642,雀の巣産婆の檐は傾きぬ,雀の巣,春
10643,人も来ず神殿古りて雀の巣,雀の巣,春
10644,鳶の巣や樹下石上の座禅僧,鳥の巣,春
10645,鳶の巣を見下す岨や五十丈,鳥の巣,春
10646,鳥の巣や浮世はなれし塔の上,鳥の巣,春
10647,鳥の巣や内藤様の奥御殿,鳥の巣,春
10648,年々に鳥の巣をくふ古家哉,鳥の巣,春
10649,屋根茸の鳥の巣のぞく夕日哉,鳥の巣,春
10650,鳶の巣の下をつゝくやてらつゝき,鳥の巣,春
10651,鵲の巣くふ古木や石の塀,鳥の巣,春
10652,巣やあらん樅の梢に鳥の声,鳥の巣,春
10653,鷲の巣と見えて大きな卵哉,鳥の巣,春
10654,鳥の巣や人に依る鳥依らぬ鳥,鳥の巣,春
10655,鳥の巣を取らずに置かぬ童かな,鳥の巣,春
10656,町中の高き銀杏や鴉の巣,鳥の巣,春
10657,鳥の巣も頼むや子安観世音,鳥の巣,春
10658,ぬくぬくと日向かゝえて鶏つるむ,鳥の巣,春
10659,妻こひの鳥啼きたつる松か岡,鳥の巣,春
10660,鳥さかる明屋の屋根の小草哉,鳥の巣,春
10661,小鳥交る大鳥も交るべく,鳥の巣,春
10662,口あけて屋根迄来るや烏の子,鳥の子,春
10663,親鳥の子を取られたる悲鳴かな,鳥の子,春
10664,鳥の子の飛ふ時親はなかりけり,鳥の子,春
10665,巣立して鳰の居らざるから巣哉,巣立,夏
10666,巣立して鳰も居らざるから巣哉,巣立,夏
10667,細道のひたと消けり呼子鳥,呼子鳥,春
10668,けものとも鳥ともいふや呼子鳥,呼子鳥,春
10669,何やらの鳴く声すなり呼子鳥,呼子鳥,春
10670,巫峽に猿あり化して鳥となる呼子鳥,呼子鳥,春
10671,三井寺の鐘さびついて呼子鳥,呼子鳥,春
10672,木母寺や柳は枯れて呼子鳥,呼子鳥,春
10673,宵宵やたゞ鳴きくれて呼子鳥,呼子鳥,春
10674,うしろから前から我を呼子鳥,呼子鳥,春
10675,猿ハ見えてうしろに人を呼子鳥,呼子鳥,春
10676,洗ひ髪顔にかゝるや帰る雁,帰雁,秋
10677,洗ひ髪つかんて見るや帰る雁,帰雁,秋
10678,帰る雁風船玉の行方哉,帰雁,秋
10679,越路から不二を見返せ帰る雁,帰雁,秋
10680,山を焼く煙の中や帰る雁,帰雁,秋
10681,あて人の田の米くふて帰る雁,帰雁,秋
10682,帰るかやあれあれ雁が向ふから,帰雁,秋
10683,帰る雁朧に奈良や見ゆらんか,帰雁,秋
10684,帰る雁七艘ならぶ船の上,帰雁,秋
10685,帰るとて雁は二つに分れけり,帰雁,秋
10686,帰るにも朋有り雁の二羽三羽,帰雁,秋
10687,雁金の背戸から立て帰りけり,帰雁,秋
10688,白い山白い山へと帰る雁,帰雁,秋
10689,なまぬるき水がいやのか帰る雁,帰雁,秋
10690,松前の雪が見えるか帰る雁,帰雁,秋
10691,道つれにせばやなふなふ帰る雁,帰雁,秋
10692,山をこす提灯もあり帰る雁,帰雁,秋
10693,今朝も雁帰りけり雁帰りけり,帰雁,秋
10694,帰る雁行く人さらになかりけり,帰雁,秋
10695,帆揚げゝり船出でけり雁帰りけり,帰雁,秋
10696,去なうかと相談し居る夜の雁,帰雁,秋
10697,椽端に見送る雁の名残哉,帰雁,秋
10698,帰る雁今不忍を立ちにけり,帰雁,秋
10699,殺生石の空や遥かに帰る雁,帰雁,秋
10700,大声に鳴き行く雁の名残哉,帰雁,秋
10701,行かんとして雁飛び戻る美人哉,帰雁,秋
10702,殺生石の空はるかなる帰雁かな,帰雁,秋
10703,鶴引て行くや海より峠より,引鶴,冬
10704,引鶴の又舞ひ戻る名残哉,引鶴,冬
10705,引鶴やいざわれのせて故郷へ,引鶴,冬
10706,引鶴や白根の雲に紛れ行,引鶴,冬
10707,引鶴や白根の雪に紛れ行く,引鶴,冬
10708,引鶴や鳶より上を飛んで行,引鶴,冬
10709,引鶴やまた切れ凧をさそひ行,引鶴,冬
10710,引鶴や頼朝死して七百年,引鶴,冬
10711,鶴一羽楊州さして引きにけり,引鶴,冬
10712,鶴引クヤ蓬莱ノ松遠霞,引鶴,冬
10713,海原や一むれづゝの鳥帰る,鳥帰る,秋
10714,湖青しとりまく山々鳥帰る,鳥帰る,秋
10715,湖青し雪の比良三上鳥帰る,鳥帰る,秋
10716,湖青し雪の山々鳥帰る,鳥帰る,秋
10717,飼鳥は籠に馴けり鳥帰る,鳥帰る,秋
10718,帰る鳥帰らぬ鳥もまじりけり,鳥帰る,秋
10719,帰る鳥に行き違ひけり清水越,鳥帰る,秋
10720,恙なく鳥は帰りぬ小鳥網,鳥帰る,秋
10721,鉄砲のとゞかぬ空や鳥帰る,鳥帰る,秋
10722,鳥帰る蝦夷の広野や集治監,鳥帰る,秋
10723,もろともに帰れと鶸を放ちけり,鳥帰る,秋
10724,行く鳥や傾城国に帰る船,鳥帰る,秋
10725,鴨引いて小池淋しやさゝら波,鳥帰る,秋
10726,旅鴉帰る処もなかりけり,鳥帰る,秋
10727,鳥帰る空や関所のかざり槍,鳥帰る,秋
10728,すうすうと鳥雲に入てしまひけり,鳥雲に入る,春
10729,すうすうと鳥雲に入るひゝき哉,鳥雲に入る,春
10730,朝鳥のいくつ箱根の雲に入,鳥雲に入る,春
10731,鳥の飛ぶ道や一すぢ雲に入,鳥雲に入る,春
10732,みよしのや鳥は桜の雲に入,鳥雲に入る,春
10733,鳥雲に湯谷は田舎へ帰りけり,鳥雲に入る,春
10734,入り乱れ乱れつゝ百千鳥,百千鳥,春
10735,きのふふゑけふふゑ明日や百千鳥,百千鳥,春
10736,きのふふえけふふえ今や百千鳥,百千鳥,春
10737,声遠し風におさるゝ百千鳥,百千鳥,春
10738,百千鳥山の上よりあらはるゝ,百千鳥,春
10739,すぼまつて飛ぶやはざまの百千鳥,百千鳥,春
10740,百千鳥柳少き関屋哉,百千鳥,春
10741,囀りや十日許りは日和にて,囀,春
10742,囀りの横町につゞく柳哉,囀,春
10743,初蝶のさはれば折れる枯薄,初蝶,春
10744,初蝶や氷見つけてとまらんとす,初蝶,春
10745,蝶一ツ優しう出たり長堤,蝶,春
10746,まだ花に心のこすか蝶の夢,蝶,春
10747,蝶飛ぶや山は霞に遠くなる,蝶,春
10748,蝶の飛ぶあたりに賤の摘菜哉,蝶,春
10749,蝶ふたつ風にもつれて水の上,蝶,春
10750,追ひかけた蝶や桜の河むかひ,蝶,春
10751,てふてふやあひ宿たのむ草まくら,蝶,春
10752,てふやてふや汝とならはどこまでも,蝶,春
10753,さかさまに何の夢見る草の蝶,蝶,春
10754,蝶蝶や順礼の子のおくれがち,蝶,春
10755,蝶蝶やをさな子つまむ馬の沓,蝶,春
10756,蝶一ツ迷ひこんだり大書院,蝶,春
10757,蝶ふせた五器は欠けたり面白や,蝶,春
10758,石に寝る蝶薄命の我を夢むらん,蝶,春
10759,萍の生初て蝶のやどり哉,蝶,春
10760,かへす田や何を尋ねて蝶一つ,蝶,春
10761,旅人のこゝにも寝たり笠の蝶,蝶,春
10762,蝶くるや長押にかけし槍の先,蝶,春
10763,蝶しばし舞ふや翁の夢の上,蝶,春
10764,蝶々の黒きは男姿かな,蝶,春
10765,蝶々や牛皆眠る八ﾂ下り,蝶,春
10766,蝶々や下山の若衆たゞ一人,蝶,春
10767,蝶々や人なき茶屋の十団子,蝶,春
10768,蝶飛て琴ひく局々かな,蝶,春
10769,蝶飛ぶや二子の山の山はづれ,蝶,春
10770,蝶とぶや道々かはる子守歌,蝶,春
10771,蝶ぬるや波にぬれたる石の上,蝶,春
10772,蝶一つひらひらひらと又一つ,蝶,春
10773,蝶一つ仏の花に狂ひけり,蝶,春
10774,蝶舞ふや太刀ふりかざす居合抜,蝶,春
10775,花売と蝶と別るゝ夕かな,蝶,春
10776,一つとび一つとまるや花の蝶,蝶,春
10777,ひらひらと風に流れて蝶一つ,蝶,春
10778,横にくみ竪にほくれて蝶二つ,蝶,春
10779,蓬生や蝶吹き返す夕嵐,蝶,春
10780,大橋の裏に蝶飛ぶ日和哉,蝶,春
10781,蝶追ふや旅人餅を喰ひながら,蝶,春
10782,蝶々に手鞠あやつる唐子かな,蝶,春
10783,蝶々や旅人になつて見たく思ふ,蝶,春
10784,蝶ひらひら御橋の裏に朝日さす,蝶,春
10785,人の背に蝶蝶なぶる小猿哉,蝶,春
10786,傾城も居らず蝶飛ぶ仲の町,蝶,春
10787,ひらひらと蝶々黄なり水の上,蝶,春
10788,窓の影やとまりて動く蝶の羽,蝶,春
10789,浅草や鳩の羽颪離れ蝶,蝶,春
10790,たましひは蝶に取られてもぬけ姫,蝶,春
10791,虻よりも小き蝶の飛んで居る,蝶,春
10792,椽へ出てたまたま蝶を見る日哉,蝶,春
10793,写生廾日堂成りて今や蝶を着く,蝶,春
10794,蝶いろいろ揚羽山女郎なんど来る,蝶,春
10795,蝶々の高く飛ぶ五階かな,蝶,春
10796,蝶々や唐子行列して遊ぶ,蝶,春
10797,蝶々や一かたまりになって飛ぶ,蝶,春
10798,野の道や書生美しき蝶を網す,蝶,春
10799,箱の画や子供に蝶の羽生えたる,蝶,春
10800,蝶飛ぶや双鞭将の鞭の尖,蝶,春
10801,蝶飛ぶや人なき城に日のあたる,蝶,春
10802,蝶飛んでゆすらの花のこぼれけり,蝶,春
10803,菜の花を出でゝ飛び行く蝶黄なり,蝶,春
10804,山越えて蝶見そむるや家少し,蝶,春
10805,春の間に雄蝶雌蝶の銚子かな,蝶,春
10806,蝶々ヤ駅々ノ子守歌,蝶,春
10807,蝶飛ブヤアダムモイブモ裸也,蝶,春
10808,蝶飛や蘇山人の魂遊ぶらん,蝶,春
10809,胡蝶飛ぶ簾のうちの人もなし,胡蝶,春
10810,胡蝶飛び風吹き胡蝶又来る,胡蝶,春
10811,菜の花のたましい遊ふ胡蝶かな,胡蝶,春
10812,うつ杖のはづれて嬉しとぶ胡蝶,胡蝶,春
10813,こてふこてふ合宿たのむ草枕,胡蝶,春
10814,こてふこてふさあこい我も花狂ひ,胡蝶,春
10815,ちよとふせた笠の上飛ぶこてふ哉,胡蝶,春
10816,ちよとふせて笠の上とぶ胡蝶哉,胡蝶,春
10817,電信をはなれた道や飛ふこてふ,胡蝶,春
10818,花を見し其の夜の夢は胡蝶哉,胡蝶,春
10819,道づれは胡蝶たのむやひとり旅,胡蝶,春
10820,道づれは胡蝶をたのむ旅路哉,胡蝶,春
10821,わらしの緒結ふや笠にくるこてふ,胡蝶,春
10822,わらじの緒結ぶや笠にとぶ胡蝶,胡蝶,春
10823,五ツ六ツかたまつてとぶ胡蝶哉,胡蝶,春
10824,風に来て石臼たのむ胡蝶哉,胡蝶,春
10825,軽きものさはにはあれと胡蝶哉,胡蝶,春
10826,ちよとうせた笠の上飛ふこてふ哉,胡蝶,春
10827,ちる花と胡蝶とつひに別れけり,胡蝶,春
10828,同行ハ胡蝶たのんて二人哉,胡蝶,春
10829,迷ひ行く胡蝶哀れや小松原,胡蝶,春
10830,見残した胡蝶の夢や遅桜,胡蝶,春
10831,牛寝るや一かたまりに飛ぶ胡蝶,胡蝶,春
10832,うつくしき胡蝶のはての浮世哉,胡蝶,春
10833,垣こえて又低く飛ぶ胡蝶哉,胡蝶,春
10834,陽炎の中に舞ひこむ胡蝶哉,胡蝶,春
10835,草の葉に児の這ひよる胡蝶哉,胡蝶,春
10836,くみあふて一つに見ゆる胡蝶哉,胡蝶,春
10837,胡蝶三つ二つ一つに分れけり,胡蝶,春
10838,小比丘尼の抓みかねたる胡蝶哉,胡蝶,春
10839,そよそよと胡蝶の鬚のたわみ哉,胡蝶,春
10840,近道をこえ行く山の胡蝶哉,胡蝶,春
10841,何色に染めても若き胡蝶哉,胡蝶,春
10842,二三町出舟追はへる胡蝶哉,胡蝶,春
10843,庭あれば花々あれば胡蝶哉,胡蝶,春
10844,猫の夢上に胡蝶の狂ひ哉,胡蝶,春
10845,のとかさや亀の背中に寝る胡蝶,胡蝶,春
10846,人もなし閼迦桶の花に舞ふ胡蝶,胡蝶,春
10847,世の中の夢は夢見る胡蝶哉,胡蝶,春
10848,我儘をいはさぬ風の胡蝶哉,胡蝶,春
10849,折々は馬の尾近し寝る胡蝶,胡蝶,春
10850,あら海や風より下を飛ぶ胡蝶,胡蝶,春
10851,海茫々風より下をこてふとぶ,胡蝶,春
10852,並松に人もなし胡蝶ひらりひらり,胡蝶,春
10853,船橋のふわふわ動く胡蝶哉,胡蝶,春
10854,水鉢の水のみに来る胡蝶哉,胡蝶,春
10855,蜘の巣に胡蝶のからのあはれ也,胡蝶,春
10856,曳舟の綱にまつはる胡蝶哉,胡蝶,春
10857,茨にかけし胡蝶の羽の破れたる,胡蝶,春
10858,うつくしき胡蝶を網す嬉しさよ,胡蝶,春
10859,虻の居る花に過ぎ行く胡蝶かな,胡蝶,春
10860,いくさ負けて人なき城の胡蝶哉,胡蝶,春
10861,牛糞にとまらんとせし胡蝶哉,胡蝶,春
10862,ガラス戸の外を飛び行く胡蝶哉,胡蝶,春
10863,草荒れて人なき城の胡蝶哉,胡蝶,春
10864,胡蝶々として二つ飛び又一つ来る,胡蝶,春
10865,菜畠に見失ひたる胡蝶哉,胡蝶,春
10866,菜畠を出でゝ飛び行く胡蝶哉,胡蝶,春
10867,庭に来る胡蝶うれしき病後哉,胡蝶,春
10868,花多き隣へ去りし胡蝶哉,胡蝶,春
10869,花くはぬ心たうとき蚕哉,蚕,春
10870,花衣蚕の命いく千万,蚕,春
10871,毛虫てふうき名のがれて蚕哉,蚕,春
10872,賤が屋に蚕は白く牛黒し,蚕,春
10873,ほちほちと桑くふ夜の蚕哉,蚕,春
10874,熊蜂のふし穴のぞく日和哉,蜂,夏
10875,蜂一つ花なき此枝を上り行く,蜂,夏
10876,蜂一つ穴を尋ねて竹格子,蜂,夏
10877,草原や蜂を恐るゝ狐の子,蜂,夏
10878,蜂群れて飛びぬそこらに巣やあらん,蜂,夏
10879,目の上の瘤に蜂飛ぶ日和哉,蜂,夏
10880,葡萄酒の蜂の広告や一頁,蜂,夏
10881,熊蜂の巣を打落す恐哉,蜂,夏
10882,西洋の花に蜂去り蜂来る,蜂,夏
10883,憎まるゝ小僧は蜂にさゝれけり,蜂,夏
10884,蜂追ふて蜂の巣を取る子供哉,蜂,夏
10885,蜂にさゝれ大声あげて泣く子哉,蜂,夏
10886,蜂の子の蜂になること遅き哉,蜂,夏
10887,蜂の巣に蜂の居らざる日和哉,蜂,夏
10888,蜂の巣のありて蜂飛ぶ竹格子,蜂,夏
10889,蜂の巣や人の到らぬ堂の裏,蜂,夏
10890,蜂を飼ふ隣は蜂を憎む哉,蜂,夏
10891,人の目を螫したる蜂の怒哉,蜂,夏
10892,虻よ虻世にうとましき名なりけり,虻,夏
10893,馬の股ぬけつくゞりつ虻遊ぶ,虻,夏
10894,一鞭に打たれにけりな虻三つ,虻,夏
10895,一鞭に打ちすゑたりな虻二つ,虻,夏
10896,釣鐘を蹴落さんと虻の飛びめぐる,虻,夏
10897,大仏の鼻の穴より虻一つ,虻,夏
10898,蝶待つと端居し居れば虻の声,虻,夏
10899,ぶんぶんと虻の舞ひこむ馬の耳,虻,夏
10900,虻の声臍のあたりを飛去らず,虻,夏
10901,開帳の仏や虻の飛てくる,虻,夏
10902,障子明け居れば病床に虻の来る,虻,夏
10903,寺の春蚊の出るまでになりにけり,春の蚊,夏
10904,独酌のある夜春の蚊あらはるゝ,春の蚊,夏
10905,春風の塵かと見れば蚊の一つ,春の蚊,夏
10906,春の蚊や一つとまりし雛の顔,春の蚊,夏
10907,古沼の芥に春の小魚かな,春の魚,春
10908,藻かくれや春の小魚のちらちらと,春の魚,春
10909,藻隠れや春の小魚のちろちろと,春の魚,春
10910,雫ちる鱗は花か桜鯛,桜鯛,春
10911,草の戸や桜の鯛に桃の酒,桜鯛,春
10912,桜鯛頃は明石の月夜哉,桜鯛,春
10913,松原や荷ひつれたる桜鯛,桜鯛,春
10914,俎板に鱗ちりしく桜鯛,桜鯛,春
10915,板の間にはねけり須磨の桜鯛,桜鯛,春
10916,板の間にひちひちはねるさくらたい,桜鯛,春
10917,洛陽の水に浮けり桜鯛,桜鯛,春
10918,初会かな台に小さき春の鯛,桜鯛,春
10919,飯蛸の手をひろげたり檐の花,飯蛸,春
10920,飯蛸の手をひろげたるなごり哉,飯蛸,春
10921,飯蛸の手をひろげたる檐端哉,飯蛸,春
10922,飯章魚の花に死んだるほまれ哉,飯蛸,春
10923,飯鱆や身を八つ裂きのなれのはて,飯蛸,春
10924,飯蛸や雪にならべる越の国,飯蛸,春
10925,飯蛸の大地をつかむで死る哉,飯蛸,春
10926,飯蛸の莟の花と見ゆるかな,飯蛸,春
10927,飯蛸の莟の花と見ゆるとな,飯蛸,春
10928,飯蛸の莟の花と見ゆるよな,飯蛸,春
10929,手にとれば飯蛸笑ふけしきあり,飯蛸,春
10930,白魚や紅見する花の陰,白魚,春
10931,白魚や紅見すく花の陰,白魚,春
10932,白魚や氷の中に生れけむ,白魚,春
10933,あら笑止又白魚を買ひはづす,白魚,春
10934,あら笑止やまた白魚を買ひはづす,白魚,春
10935,この頃の月に肥えたる白魚哉,白魚,春
10936,白魚かそもそも氷のかげなるか,白魚,春
10937,白魚は雫ばかりの重さ哉,白魚,春
10938,白魚や小判の色のあさましき,白魚,春
10939,白魚や小判の色のむねわるさ,白魚,春
10940,白魚やそめ物洗ふすみた川,白魚,春
10941,白魚や物の命のとりはじめ,白魚,春
10942,白魚をくぐって出るや都鳥,白魚,春
10943,濁り江の闇路をたどる白魚哉,白魚,春
10944,思ひきや白魚汐にそだつとは,白魚,春
10945,白魚のすみ田河原と申さばや,白魚,春
10946,白魚の其はらわたも猶白し,白魚,春
10947,白魚のひんとすねたる姿かな,白魚,春
10948,白魚や篝こほれて煮る水,白魚,春
10949,白魚や月の夜念仏もろともに,白魚,春
10950,白魚や水へ戻さば泳ぐべし,白魚,春
10951,白魚や椀の中にも角田川,白魚,春
10952,網の目や白魚おちる二ツ三ツ,白魚,春
10953,白魚痩せて網の目もるゝわりなさよ,白魚,春
10954,三日の月白魚生るゝ頃ならん,白魚,春
10955,消えて雫生きて目のある白魚かな,白魚,春
10956,小夜更けて永代行けば白魚取る,白魚,春
10957,白魚や氷を捨つる佃島,白魚,春
10958,初鮒や宿に病気の親一人,初鮒,春
10959,若鮎や石をころがす谷の水,若鮎,夏
10960,若鮎の二手になりて流れけり,若鮎,夏
10961,若鮎の二手になりて上りけり,若鮎,夏
10962,若鮎や早瀬つんきる身の細り,若鮎,夏
10963,若鮎の岩つきぬけん勢ひ哉,若鮎,夏
10964,若鮎や浮世の中をいそぎ行く,若鮎,夏
10965,鮎いまだ上らずといひぬ多摩の里,若鮎,夏
10966,一むれや水の色なる上り鮎,若鮎,夏
10967,見ればたゞ水の色なる小鮎哉,小鮎,夏
10968,牛若をたとへて見れば小鮎哉,小鮎,夏
10969,足もとに小鮎飛ぶなり夕まくれ,小鮎,夏
10970,うれしがりて早瀬に遊ぶ小鮎哉,小鮎,夏
10971,草にさして小鮎提げたり里童,小鮎,夏
10972,砂川に鍋ふみかへす小鮎かな,小鮎,夏
10973,玉川や小鮎たばしる晒し布,小鮎,夏
10974,ちらちらと小鮎ののぼる夕日哉,小鮎,夏
10975,小鮎ちろ小鮎ちろ小鮎ちろりちろり,小鮎,夏
10976,夕暮の雨ふり出だす小鮎哉,小鮎,夏
10977,夕暮の小雨ふり出す小鮎哉,小鮎,夏
10978,水浅く小鮎ばかりの早瀬哉,小鮎,夏
10979,砂川や小鮎ちらつく日の光り,小鮎,夏
10980,砂川や小鮎ちろつく日の光,小鮎,夏
10981,小鮎釣橋より上のわたり哉,小鮎,夏
10982,湖やもろこ釣る日の薄曇り,諸子,秋
10983,降り出すや頬冠するもろこ釣,諸子,秋
10984,足音にはつと散りけり柳鮠,柳鮠,秋
10985,土手三里こえて池あり柳鮠,柳鮠,秋
10986,膳の上にくへぬものあり桜貝,桜貝,春
10987,蛤の荷よりこぼるゝうしほ哉,蛤,新年
10988,蛤を蹴て行く鹿や巌島,蛤,新年
10989,蛤の吐いたやうなる港かな,蛤,新年
10990,蛤の焼かれて口を開きける,蛤,新年
10991,蛤の中に泥鰌のもぐりたる,蛤,新年
10992,江の島の蛤分つ土産かな,蛤,新年
10993,蛤と海草をぬふ裲襠哉,蛤,新年
10994,野の方へひろがる町や蜊売,蜊,春
10995,面白や馬刀の居る穴居らぬ穴,馬刀貝,春
10996,やどかりに我身の上を語らばや,やどかり,夏
10997,やどかりの家ふりすてゝ逃にけり,やどかり,夏
10998,やとかりの家を見すてゝ逃にけり,やどかり,夏
10999,やどかりも蟹のたぐひか壇の浦,やどかり,夏
11000,やどかりやしばしは須磨の中納言,やどかり,夏
11001,二つ三つ一度に逃る寄居虫哉,やどかり,夏
11002,八重桜咲きけり芋に蜆汁,蜆,春
11003,三寸の水を蜆のいのちかな,蜆,春
11004,蜆堀闇一寸をさぐりけり,蜆,春
11005,すり鉢に薄紫の蜆かな,蜆,春
11006,よく見れば薄紫の蜆哉,蜆,春
11007,桃柳桜の中を蜆売,蜆,春
11008,喃わらべ蜆はいくら蛤は,蜆,春
11009,牛島や桜に早き蜆汁,蜆,春
11010,手に満つる蜆うれしや友を呼ぶ,蜆,春
11011,鶯の根岸の里や蜆汁,蜆,春
11012,うつくしき砂に乏しき蜆哉,蜆,春
11013,梅多き寺島村や蜆売,蜆,春
11014,からし菜の薹立つ頃や蜆汁,蜆,春
11015,蜆籠提げ行く道の雫かな,蜆,春
11016,蜆買ふ長屋の窓の高さ哉,蜆,春
11017,蜆殻もとの流に捨てにけり,蜆,春
11018,蜆掘るや閑居の村の境川,蜆,春
11019,銭入れし袂結んで蜆堀,蜆,春
11020,手拭に袂くゝりて蜆掘,蜆,春
11021,花の背戸柳の路次や蜆売,蜆,春
11022,蛤は俗に堕ちたる蜆哉,蜆,春
11023,紫の藤の細工や蜆殻,蜆,春
11024,童行く道の雫や蜆籠,蜆,春
11025,江戸詰モ已ニ久シヤ蜆汁,蜆,春
11026,ある時は月にころがる田螺哉,田螺,夏
11027,馬引て松明ふれば田螺鳴く,田螺,夏
11028,売られては京の真中に鳴く田螺,田螺,夏
11029,売られてや京の真中に鳴く田螺,田螺,夏
11030,にぎやかに田螺鳴く夜や一軒家,田螺,夏
11031,雨晴れて夕月の欠を鳴く田螺,田螺,夏
11032,鶴下りて背戸の田螺をあさりける,田螺,夏
11033,塵塚や烏のつゝく田螺殻,田螺,夏
11034,小山田や田螺啼き出す雲の中,田螺,夏
11035,ころがりて住む世の中や田の田螺,田螺,夏
11036,八厘の飯や田螺は声で聞く,田螺,夏
11037,儷びぬれば田螺鳴くなり夜もすがら,田螺,夏
11038,水口に集まつて来る田螺哉,田螺,夏
11039,隠れ住む芹生の里や田螺和,田螺,夏
11040,水涸て草生えし田の田螺哉,田螺,夏
11041,もてなしの筍飯や田螺和,田螺,夏
11042,田螺売る野茶屋に藤の花早き,田螺,夏
11043,田螺取りて田螺売るなり家もなし,田螺,夏
11044,磊々として田螺落々として焼豆腐,田螺,夏
11045,梅のさく門は茶屋なりよきやすみ,梅,春
11046,一枝やたましひかへす梅の花,梅,春
11047,白梅やゆきかと見れば薫る枝,梅,春
11048,うれしさや梅の盛を二度も見て,梅,春
11049,風知らぬ梅もありけり片田舎,梅,春
11050,瓶の梅吸ふやめじろの放し飼,梅,春
11051,今年は二度まで見たり梅の花,梅,春
11052,葉ばかりは窓を通すや梅の影,梅,春
11053,老ひた木にからびつきけり梅の花,梅,春
11054,きほひある老木のふりや梅の花,梅,春
11055,咲き残る梅を力や春のかぜ,梅,春
11056,残梅を無残に折るや大入道,梅,春
11057,白梅や雪かと見れは匂ふ枝,梅,春
11058,開いたる文のかほるや窓の梅,梅,春
11059,行く人に笑ひかゝるや野路の梅,梅,春
11060,梅さくや藁屋四五軒犬の声,梅,春
11061,鶯の奥に家あり梅の花,梅,春
11062,梅ちらりちらりと松の木の間哉,梅,春
11063,梅の花白きをもつてはじめとす,梅,春
11064,片枝は磨鉢黒し梅の花,梅,春
11065,くひついて古木に咲や梅の花,梅,春
11066,古町より外側に古し梅の花,梅,春
11067,白梅や煙草の煙消えて行く,梅,春
11068,白梅やほつと朝日のふしの山,梅,春
11069,大木に喰ひついてさく梅の花,梅,春
11070,浪花津は梅もうけたり梅の花,梅,春
11071,まだ咲いてゐまいと見れば梅の花,梅,春
11072,万歳のお宿はどこぞ梅のはな,梅,春
11073,万歳の鼓にひらく梅の花,梅,春
11074,あはれなり大根畑の梅一木,梅,春
11075,有明の山は豊後か梅の花,梅,春
11076,銀杏とはどちらが古き梅の花,梅,春
11077,家一つ梅五六本こゝもこゝも,梅,春
11078,いも粥の名処よさて梅の花,梅,春
11079,梅咲て夜食の粥のにがり哉,梅,春
11080,梅さくや行尽江南数十程,梅,春
11081,梅さくや泥田の中の下駄の跡,梅,春
11082,梅にさへ都の人のさわぎ哉,梅,春
11083,梅の散る頃より梅の開くまで,梅,春
11084,梅の花ついたち頃の夕かな,梅,春
11085,梅の花隣の蔵の黒さ哉,梅,春
11086,梅もたぬ根岸の家はなかりけり,梅,春
11087,うれしやな都出る日の梅日和,梅,春
11088,老松を夫に見ばや梅の花,梅,春
11089,老ながら一枝痩せて梅の花,梅,春
11090,面白や梅三本の旦那様,梅,春
11091,蠣殻のうしろに白し梅の花,梅,春
11092,柿畑に去来があとか梅の花,梅,春
11093,傘さして雨の白梅折らはやな,梅,春
11094,風引のあるじ持ちけり梅の花,梅,春
11095,金杉や梅にかけたる売家札,梅,春
11096,金杉や梅にかけたる貸家札,梅,春
11097,鎌倉に旅人はなし梅の花,梅,春
11098,京を出る旅人多し梅柳,梅,春
11099,極楽や君が行く頃梅の花,梅,春
11100,火燵から見える処に梅の花,梅,春
11101,琴の尾や螺鈿に梅のちらし咲,梅,春
11102,権妻の琴の稽古や梅の花,梅,春
11103,咲くが如く萎むが如し梅の花,梅,春
11104,さくまでは誰にも見せじ庵の梅,梅,春
11105,三方は山めぐらして梅の花,梅,春
11106,白梅に魂入りし月夜哉,梅,春
11107,白梅やつひに都のものならず,梅,春
11108,白梅や都にあれば三味の音,梅,春
11109,旅人や鞍につけたる梅の花,梅,春
11110,莟一つ二つは梅のすはえ哉,梅,春
11111,豆腐屋も酒屋も近し梅の花,梅,春
11112,どこまでも枯木と見せて梅の花,梅,春
11113,名所に住むや梅さく只の家,梅,春
11114,何といふ鳥かしらねど梅の枝,梅,春
11115,日阪や宿とり外す梅の花,梅,春
11116,鉢の梅浮世の義理に開きけり,梅,春
11117,花になる枝とは見えず梅のふり,梅,春
11118,春はまだ田舎の奧の梅の花,梅,春
11119,ひしひしと杉の木の間や梅の花,梅,春
11120,一枝は薬の瓶に梅の花,梅,春
11121,病人が盆栽の梅咲きにけり,梅,春
11122,病人が盆栽の梅も咲きにけり,梅,春
11123,病人に一枝見せん梅の花,梅,春
11124,また一つ星のふゑけり梅の花,梅,春
11125,松一木あちらむきけり梅の中,梅,春
11126,瑞垣や杉ほの暗く梅白し,梅,春
11127,簑虫は留守かお宿か梅の花,梅,春
11128,室の梅花なき春は来たりけり,梅,春
11129,山里や大根干す木に梅の花,梅,春
11130,山寺に京の客あり梅の花,梅,春
11131,夕飯をのぞいて行くや里の梅,梅,春
11132,わりなしや樒にまじる梅の花,梅,春
11133,居酒屋へいでまゐらせん梅一枝,梅,春
11134,岡あれば宮宮あれば梅の花,梅,春
11135,いたづらに梅老いけりな藪の中,梅,春
11136,板塀や梅の根岸の幾曲り,梅,春
11137,家五百ことごとく梅咲きにけり,梅,春
11138,薄曇り名もなき梅を見に行かん,梅,春
11139,梅咲て仁王の面の赤さかな,梅,春
11140,梅咲て焼芋の煙細りけり,梅,春
11141,梅咲くや黒板塀の曲り角,梅,春
11142,梅咲くや瑞光殿の鈴の音,梅,春
11143,梅さくや竹垣杉垣小柴垣,梅,春
11144,梅さくや納豆を鬻ぐ法師あり,梅,春
11145,梅咲くや普請出来たる大師堂,梅,春
11146,梅さくや箱根荷ふ破れ袴,梅,春
11147,梅さくや水をめぐらす人家幾村々,梅,春
11148,梅さくや居酒屋の主発句よむ,梅,春
11149,梅の花寒水石の寒さかな,梅,春
11150,梅の花っどこの木賃に宿からむ,梅,春
11151,梅柳川に臨みて誰が楼ぞ,梅,春
11152,梅折つて筏士の流れ行くへかな,梅,春
11153,梅を見て野を見て行きぬ草加迄,梅,春
11154,奥山や屋根に石おく梅の花,梅,春
11155,大城の廓残りて梅の花,梅,春
11156,垣つゞき梅さく横町横町哉,梅,春
11157,こゝぢやあろ家あり梅も咲て居る,梅,春
11158,古書千巻文質彬々として梅の花,梅,春
11159,琴の音梅の立枝は見えにけり,梅,春
11160,咲たりや若木ながらも梅の花,梅,春
11161,詩僧あり酒僧あり梅の園城寺,梅,春
11162,白梅の龍になるまで咲きにけり,梅,春
11163,聖像や月の白梅這ひ上る,梅,春
11164,丈山の梅さきにけり詩仙堂,梅,春
11165,鳥居より三町奧や梅の花,梅,春
11166,何といふ寺とは知らず梅の花,梅,春
11167,鍋提げて梅折る里の女かな,梅,春
11168,根岸にて梅なき宿と尋ね来よ,梅,春
11169,野の道や梅から梅へ六阿弥陀,梅,春
11170,袴ぬいで梅の日曜土曜かな,梅,春
11171,日影薄く梅の野茶屋の寒哉,梅,春
11172,鰤くふや草加の宿の梅の花,梅,春
11173,瓢箪の看板は何梅の花,梅,春
11174,星一つ落ちて夜明の梅寒し,梅,春
11175,松青く梅白し誰が柴の戸ぞ,梅,春
11176,右へ町左へ梅の別れかな,梅,春
11177,道狭く梅さげて行く女あり,梅,春
11178,門ありて梅あり玄関はるかなり,梅,春
11179,やけ跡や釣鐘堂の梅の花,梅,春
11180,山城の廓残りて梅の花,梅,春
11181,山寺の大摺鉢や梅の花,梅,春
11182,龍老てのど首に梅の二三輪,梅,春
11183,六文の銭盗まれぬ梅の花,梅,春
11184,藁屋根の折り曲りけり梅の花,梅,春
11185,有明の杉に隠れて梅の花,梅,春
11186,一樹仰ぎ一樹伏し梅渓に臨む,梅,春
11187,梅咲て今年七つのうなゐかな,梅,春
11188,梅咲くや三千坊のその一つ,梅,春
11189,梅さくや朋あり天の一方に,梅,春
11190,梅の花北野によらぬ車あり,梅,春
11191,梅の花柴門深く鎖しけり,梅,春
11192,梅持て女乗りたる車かな,梅,春
11193,梅藁屋建仁寺垣衡門,梅,春
11194,梅を折る娘の顔や垣の上,梅,春
11195,奧山や雲に交りて梅の花,梅,春
11196,驚くや旅地に早き梅柳,梅,春
11197,大原や黒木の中の梅の花,梅,春
11198,首巻に顔包む人や梅の花,梅,春
11199,首まきに顔をつゝむや梅の花,梅,春
11200,咲きにけり廃院の梅五百本,梅,春
11201,杉垣の外に一枝梅の花,梅,春
11202,裾山や畠の中の梅一本,梅,春
11203,僧や俗や梅活けて発句十五人,梅,春
11204,染物のそばに梅咲く根岸哉,梅,春
11205,谷川や橋朽ちて梅おもしろき,梅,春
11206,茶畑やところところに梅の花,梅,春
11207,人や住む梅に戸ざして笛の音,梅,春
11208,舟で行き歩で行く梅の十ヶ村,梅,春
11209,古寺や葎の中の梅の花,梅,春
11210,仏刻む小窓に古りぬ梅の花,梅,春
11211,仏黒く賓頭留赤し梅の花,梅,春
11212,宿の梅三日おくれて口をしき,梅,春
11213,山に倚り水に臨みて梅の花,梅,春
11214,横町の又横町や梅の花,梅,春
11215,蓬生の中にくねりて梅一木,梅,春
11216,女そゞろ梅折りなやむけしき哉,梅,春
11217,朝月夜梅に飯たく匂ひかな,梅,春
11218,いたはしや梅見て人の泣き給ふ,梅,春
11219,いつきても比丘尼佇む梅の門,梅,春
11220,梅咲て赤前垂の女哉,梅,春
11221,梅咲て稲荷祭るや藪の家,梅,春
11222,梅咲いて稲荷を祭る小家かな,梅,春
11223,梅咲くや剣に仗つて吾起き上る,梅,春
11224,梅の花柱かくしは東湖なり,梅,春
11225,梅痩せて麦まばら也藪畠,梅,春
11226,加賀様の梅咲きにけり塀の内,梅,春
11227,加賀様を大屋に持つて梅の花,梅,春
11228,崖急に梅ことごとく斜なり,梅,春
11229,川上は梅も桜もなかりけり,梅,春
11230,きぬぎぬの使来りぬ梅の花,梅,春
11231,きぬぎぬの使参りぬ梅の花,梅,春
11232,故人来れり何もてなさん梅の宿,梅,春
11233,字拙きをあはれみたまへ梅の神,梅,春
11234,白梅の白きを以て強きかな,梅,春
11235,杉谷や有明映る梅の花,梅,春
11236,大砲や城跡荒れて梅の花,梅,春
11237,竹垣や戸口二つありて梅の花,梅,春
11238,禿筆を塚に築きて梅の花,梅,春
11239,点うつたやうに梅咲く杉の中,梅,春
11240,二三匹馬繋ぎけり梅の門,梅,春
11241,日影薄き小藪の中や梅の花,梅,春
11242,古庭や鶴の餌に散る梅の花,梅,春
11243,又けふも比丘尼佇む梅の門,梅,春
11244,道ばたの千本幟梅の花,梅,春
11245,焼け跡の家まばら也梅の花,梅,春
11246,夢に美人来れり曰く梅の精と,梅,春
11247,烈公の冠正し梅の花,梅,春
11248,江東の梅少しく月におくれたり,梅,春
11249,江東の梅少しく月におくれけり,梅,春
11250,板塀や道窮つて梅の花,梅,春
11251,梅植ん障子に影のさすやうに,梅,春
11252,梅さくや門を鎖して黒き旗,梅,春
11253,梅と棕櫚と野寺の門の内広し,梅,春
11254,梅をいけて薹菜の花をあしらひし,梅,春
11255,奧に灯あり梅園の門鎖したる,梅,春
11256,瓶の口寛くして梅の倒れ易く,梅,春
11257,巡査梅提げし男を叱る,梅,春
11258,僧房の広き窓に梅の影疎なり,梅,春
11259,机二つ盆梅を隔てゝ話す,梅,春
11260,中道を中に梅さく籬哉,梅,春
11261,野の道や人行く方へ行けば梅,梅,春
11262,梅林の遥かに見ゆる水田哉,梅,春
11263,墨竹の上に瓶梅の影を印す,梅,春
11264,山にこもる湖村一枝の梅を寄す,梅,春
11265,山深く梅の木さへもなかりけり,梅,春
11266,我梅を手折る隣の女かな,梅,春
11267,有明や白けて残る梅の西,梅,春
11268,板塀や此横町も梅の花,梅,春
11269,梅遅き水戸街道や雲雀鳴く,梅,春
11270,三味も引き笛も吹く梅の主哉,梅,春
11271,取り合はぬ梅のけしきや庭の松,梅,春
11272,海苔干した村を過ぎ行く梅見哉,梅,春
11273,百姓の家をめぐりて梅の花,梅,春
11274,梅咲て手を続きかへし仏哉,梅,春
11275,苔多き梅の老木や二三輪,梅,春
11276,白梅や机据ゑたる窓の外,梅,春
11277,玉のやうな子をたび給へ梅の神,梅,春
11278,星消えて暁梅の寒さかな,梅,春
11279,水辺の梅を画きし屏風哉,梅,春
11280,惜気なく梅折りくれぬ寺男,梅,春
11281,石摺を壁に掛けたり梅の花,梅,春
11282,石摺を壁に貼りけり梅の花,梅,春
11283,梅及び柳さしたる手桶かな,梅,春
11284,お梅見の白粉厚き寒さかな,梅,春
11285,子に伝ふ笛の秘曲や梅の月,梅,春
11286,太刀持は文章生や梅の花,梅,春
11287,茶に匂ふ葵の紋や梅の花,梅,春
11288,火を焚かぬ暖炉の下や梅の鉢,梅,春
11289,鎌倉はやしきのあとの野梅哉,野梅,春
11290,まだ寒し野梅力を入れて咲く,野梅,春
11291,嵐には散らぬ野梅の怒りかな,野梅,春
11292,侍の野梅折るなり落しざし,野梅,春
11293,侍の野梅折りけりおとしざし,野梅,春
11294,神の火や薄紅梅の夕まぐれ,紅梅,春
11295,紅梅はまばら也けり窓の影,紅梅,春
11296,紅梅は娘たのんで折らせけり,紅梅,春
11297,紅梅や垣をへだてゝ娘同士,紅梅,春
11298,紅梅や翠簾のすき影衣の音,紅梅,春
11299,馬繋ぐ薄紅梅の戸口かな,紅梅,春
11300,紅梅に琴の音きほふ根岸哉,紅梅,春
11301,紅梅の一輪残る兜かな,紅梅,春
11302,紅梅の可愛や雪の朝朗,紅梅,春
11303,紅梅やさつとあいたる塗障子,紅梅,春
11304,紅梅や式部納言の話声,紅梅,春
11305,紅梅や雪洞遠き長廊下,紅梅,春
11306,みあかしや薄紅梅の夕間ぐれ,紅梅,春
11307,思ひ出す頃を紅梅のさかり哉,紅梅,春
11308,紅梅に檐は古びぬ翠簾作り,紅梅,春
11309,紅梅の咲くより猫の静か也,紅梅,春
11310,紅梅の隣もちけり草の庵,紅梅,春
11311,紅梅の二月は恋の鹿子哉,紅梅,春
11312,紅梅の闇かと見れば月もあり,紅梅,春
11313,紅梅や柴舟見ゆる垣の外,紅梅,春
11314,紅梅や万歳ばかり烏帽子にて,紅梅,春
11315,紅梅やものいひたげに枝のふり,紅梅,春
11316,紅梅や女三の宮の立ち姿,紅梅,春
11317,紅梅を折る手とゞむる人も哉,紅梅,春
11318,其鼻や頬や紅梅の二三輪,紅梅,春
11319,梅の中に紅梅さくや上根岸,紅梅,春
11320,紅梅のかなた爪琴こなた笛,紅梅,春
11321,紅梅も菜種もさくや門の中,紅梅,春
11322,紅梅や一町奧に薬王寺,紅梅,春
11323,紅梅や翠簾をこぼるゝ緋の袴,紅梅,春
11324,紅筆に薄紅梅を染めて見ん,紅梅,春
11325,雪ちらちら薄紅梅の妻戸哉,紅梅,春
11326,京極の紅梅遅きことし哉,紅梅,春
11327,京極の紅梅遅し古築地,紅梅,春
11328,紅梅のちりぢりに敵逃げにけり,紅梅,春
11329,紅梅や秘蔵の娘猫の恋,紅梅,春
11330,柴の戸に紅梅咲きぬ巫が宿,紅梅,春
11331,山本に紅梅咲きぬ一軒家,紅梅,春
11332,山本の紅梅さきぬ一軒家,紅梅,春
11333,温泉の町に紅梅早き宿屋哉,紅梅,春
11334,温泉の山に紅梅早き宿屋哉,紅梅,春
11335,友禅の紅梅染むる戸口哉,紅梅,春
11336,君や来ると紅梅一枝門にさす,紅梅,春
11337,緋の蕪尽きて紅梅の散らんとす,紅梅,春
11338,紅梅に牛の涙も氷るらん,紅梅,春
11339,紅梅の一枝檐の灯に映ず,紅梅,春
11340,朝鮮の紅梅を手向け奉つる,紅梅,春
11341,紅梅の莟のやうな拳哉,紅梅,春
11342,紅梅や指貫青き上達部,紅梅,春
11343,紅梅や匠か宿の古烏帽子,紅梅,春
11344,紅梅や返歌待ち居る文使,紅梅,春
11345,紅梅のやうな唇吸ひにけり,紅梅,春
11346,伐るも惜しき薄紅梅の老木かな,紅梅,春
11347,紅梅のしだれし枝や鳥も来ず,紅梅,春
11348,琴聞え紅梅見えて屋根見えて,紅梅,春
11349,紅梅の鉢や寝て見る置処,紅梅,春
11350,紅梅の落花をつまむ畳哉,紅梅,春
11351,紅梅や平安朝の女だち,紅梅,春
11352,梅か香を共にすひこむたはこ哉,梅が香,春
11353,梅の記ハ昔の香にも匂ひけり,梅が香,春
11354,公園の梅か香くはる風のむき,梅が香,春
11355,さむくとも梅か香くはる風のむき,梅が香,春
11356,残らめや花は散るとも梅か香は,梅が香,春
11357,残らめや花は散るともかはかりは,梅が香,春
11358,花の香にうらおもてなし余所の梅,梅が香,春
11359,闇の夜は鼻で探るや梅の花,梅が香,春
11360,梅か香のかすかに通ふ寝覚哉,梅が香,春
11361,梅か香をくゝつて通る小路哉,梅が香,春
11362,餅やくや床の梅か香炭の音,梅が香,春
11363,梅が香にむせてこほるゝ涙かな,梅が香,春
11364,梅が香にむせて泣き出す涙かな,梅が香,春
11365,梅が香のどちらを見ても月夜哉,梅が香,春
11366,梅か香はうしろになりぬ朧月,梅が香,春
11367,梅か香や尼寺のぞく弱法師,梅が香,春
11368,梅かゝや二階の窓に笛を吹く,梅が香,春
11369,梅の花其代其代の匂ひ哉,梅が香,春
11370,梅が香や寂然として九寸五分,梅が香,春
11371,こゝに梅ありと思ひつゝ闇の小路行く,梅が香,春
11372,梅気深くして花も見ず月も見ず,梅が香,春
11373,路に熟して闇に思ふ梅のあり処,梅が香,春
11374,たそがれの月に垣根の梅白し,夜の梅,冬
11375,月と梅一夜一夜に近うなる,夜の梅,冬
11376,宿の月朧に余所の梅白し,夜の梅,冬
11377,夕月やうしろに匂ふ梅の花,夜の梅,冬
11378,梅か香に一村こもる月夜哉,夜の梅,冬
11379,梅折て戻る野道の月夜哉,夜の梅,冬
11380,雪洞の消ゆれば梅の月夜哉,夜の梅,冬
11381,紙燭して梅の中行く女かな,夜の梅,冬
11382,灯ともしや楷子かけたる梅の花,夜の梅,冬
11383,一痕の月万樹の梅を失す,夜の梅,冬
11384,梅白く庭の禿倉に灯をともす,夜の梅,冬
11385,梅深く月下の門を人叩く,夜の梅,冬
11386,梅を尋ねて得ず月を踏んで帰る,夜の梅,冬
11387,奧に灯あり梅園の門鎖したり,夜の梅,冬
11388,影踏んで梅の小路を戻りけり,夜の梅,冬
11389,かへり見れば月梅林の上に出づ,夜の梅,冬
11390,黒塀や星に透かして梅を得たり,夜の梅,冬
11391,残梅の花二十日の月にいづれ,夜の梅,冬
11392,僧寝ねたり廊下に満つる梅の影,夜の梅,冬
11393,僧房の広き窓に梅の影を印す,夜の梅,冬
11394,月ある夜梅ある家に宿しけり,夜の梅,冬
11395,月二更廊下に満つる梅の影,夜の梅,冬
11396,月に望んで梅ありと思ふ江の南,夜の梅,冬
11397,月見ては月か瀬の梅を思ふ哉,夜の梅,冬
11398,築山に灯をともしけり梅の花,夜の梅,冬
11399,野の梅を折らば折るべく月の留守,夜の梅,冬
11400,図らざりき路に迷ひ月の梅を見る,夜の梅,冬
11401,散る梅は祗王桜はほとけ哉,梅散る,春
11402,梅散りて何を捧けん神の前,梅散る,春
11403,隠れ家や梅ちる時の面白き,梅散る,春
11404,梅ちつて軒端にさわぐ雀哉,梅散る,春
11405,梅散て苔なき庭の夕寒し,梅散る,春
11406,梅散て又大仏の寒げなり,梅散る,春
11407,梅ちるや一寸程の魚躍る,梅散る,春
11408,梅散るや山の井をくむ人もなし,梅散る,春
11409,鎌倉や野梅ちる日に我来たり,梅散る,春
11410,僧の座す石ひやゝかに野梅散る,梅散る,春
11411,溝川に梅散りかゝる家鴨哉,梅散る,春
11412,夕月や梅ちりかゝる琴の上,梅散る,春
11413,活けんとす梅こぼれけり維摩経,梅散る,春
11414,梅白く散るや熊笹古禿倉,梅散る,春
11415,梅ちるや米とぐ女二三人,梅散る,春
11416,松明に梅散りかゝり幕黒し,梅散る,春
11417,床の梅ちりぬ奈良茶をもてなさん,梅散る,春
11418,御車に梅ちりかゝり幕黒し,梅散る,春
11419,梅散るや海苔干す磯の汐曇,梅散る,春
11420,梅散るや海苔干す浜の汐曇,梅散る,春
11421,盆栽の梅散りかゝる硯哉,梅散る,春
11422,紅梅の散りし軒端や雲雀籠,梅散る,春
11423,白梅のちりて三十五日かな,梅散る,春
11424,園の梅散るや火の無き煙草盆,梅散る,春
11425,紅梅の散りぬ淋しき枕元,梅散る,春
11426,ふく風をすなほにうけし柳哉,柳,春
11427,見渡すや柳の緑り花の紅,柳,春
11428,牛飼の鞭に柳のもつれけり,柳,春
11429,くたびれて柳も眠る日和哉,柳,春
11430,しばらくは風にまかせし柳哉,柳,春
11431,球うける極秘は風の柳哉,柳,春
11432,弁天のうしろ姿は柳かな,柳,春
11433,風うける力柳は柳かな,柳,春
11434,ふり帰るかほもかすむや柳原,柳,春
11435,石橋に芽のすりきれる柳かな,柳,春
11436,石橋の目にはさまりし柳かな,柳,春
11437,いろいろに風のひろがる柳かな,柳,春
11438,梅若の夢をしづむる柳哉,柳,春
11439,瓦斯燈にかたよつて吹く柳哉,柳,春
11440,不忍に風のはなれぬ柳かな,柳,春
11441,しめ縄の風吹きつくる柳哉,柳,春
11442,取りついて波引ち切る柳哉,柳,春
11443,鍋墨を静かになてる柳かな,柳,春
11444,春はまだ短うたるゝ柳哉,柳,春
11445,吹きわける柳の風や不二筑波,柳,春
11446,夕風の月なぶりゐる柳哉,柳,春
11447,あちへゆらりこちへゆらりと柳哉,柳,春
11448,幽霊の出るといふなる柳かな,柳,春
11449,いざいでう柳の小簑梅の笠,柳,春
11450,家二つ狭きが中の柳かな,柳,春
11451,馬の尾の折々動く柳哉,柳,春
11452,老い易くはた老い難き柳哉,柳,春
11453,街道に余の木もまぜぬ柳哉,柳,春
11454,風吹て枝もならさぬ柳哉,柳,春
11455,川ありと見えてつらなる柳哉,柳,春
11456,切り捨てゝ心しづめん糸柳,柳,春
11457,逆髪は風に柳の名なるべし,柳,春
11458,さし柳しだれんとして上に向く,柳,春
11459,人道と車道を分る柳哉,柳,春
11460,菅笠にはらりとかゝる柳哉,柳,春
11461,辻まちの車の上に柳哉,柳,春
11462,どちらともつかぬ柳や村境,柳,春
11463,土橋あり柳かくれの馬の鈴,柳,春
11464,生酔のもつれこんたる柳哉,柳,春
11465,二三尺はや風うける柳哉,柳,春
11466,野の牛を撫でゝ眠らす柳哉,柳,春
11467,橋落てうしろ淋しき柳哉,柳,春
11468,花の中に柳一木のあはれ也,柳,春
11469,ひつたりと風のとまりし柳かな,柳,春
11470,舟と岸柳へだつる別れ哉,柳,春
11471,渺々と緑つらなる柳哉,柳,春
11472,まちがへてほめし隣の柳哉,柳,春
11473,三日月をいろいろに吹く柳哉,柳,春
11474,身をなげた名所めでたき柳哉,柳,春
11475,もつれたり解けたり風の糸柳,柳,春
11476,物ありと見ればゆらゆら糸柳,柳,春
11477,焼け跡の道になつたる柳哉,柳,春
11478,柳とは酒屋が前のものならし,柳,春
11479,柳見てまはれば庵の住み易き,柳,春
11480,夕風や柳吹きこむ窓の内,柳,春
11481,夜な夜なの辻君かくす柳哉,柳,春
11482,井戸ばたと知らて芽ざすやさし柳,柳,春
11483,浅妻の烏帽子をなでる柳哉,柳,春
11484,雨一日風の絶えたる柳哉,柳,春
11485,雨一日風を押へて柳哉,柳,春
11486,石文の上にしだるゝ柳かな,柳,春
11487,うつくしき手て一まねぐ柳かな,柳,春
11488,馬車柳大路のひろさ哉,柳,春
11489,馬車柳小路の広さかな,柳,春
11490,馬の尾の東になびく柳哉,柳,春
11491,大江戸は八百八町の柳哉,柳,春
11492,大川に女船漕ぐやなぎ哉,柳,春
11493,大柳小橋あるべきところかな,柳,春
11494,居留地の街正しき柳哉,柳,春
11495,草と見え柳と見えて村遠し,柳,春
11496,この辺は名もなき家の柳哉,柳,春
11497,酒船をつなぎとめたる柳哉,柳,春
11498,史家村の入口見ゆる柳かな,柳,春
11499,高殿に美人佇む柳かな,柳,春
11500,竹馬に唐児友呼ぶ柳かな,柳,春
11501,土手一里依々恋々と柳哉,柳,春
11502,町中を小川流るゝ柳かな,柳,春
11503,真直に堀割遠き柳かな,柳,春
11504,柳あり橋あり風の酒旗々,柳,春
11505,柳遠く人家の煙搖曳す,柳,春
11506,柳わけて居酒屋の門はひりけり,柳,春
11507,夕煙柳かくれの小寺かな,柳,春
11508,洛陽の池をとりまく柳哉,柳,春
11509,上下に道二つある柳かな,柳,春
11510,大家の足場古びし柳かな,柳,春
11511,大門につきあたりたる柳哉,柳,春
11512,大門や柳かぶつて灯をともす,柳,春
11513,大柳したれぬ程そおもしろき,柳,春
11514,京人のいつはり多き柳かな,柳,春
11515,金州の城門高き柳かな,柳,春
11516,此橋も向ふの橋も柳かな,柳,春
11517,駒繋ぐいくさのあとの柳かな,柳,春
11518,柵結ふて柳の中の柳かな,柳,春
11519,四五本の柳とりまく小家かな,柳,春
11520,城門を出て遠近の柳かな,柳,春
11521,白拍子柳の門に這入りけり,柳,春
11522,とりつきて柳ひきゝる小舟哉,柳,春
11523,はつきりと柳の中の桜かな,柳,春
11524,ひつたりと風のなくなる柳かな,柳,春
11525,広島は柳の多きところかな,柳,春
11526,故郷にわが植ゑおきし柳哉,柳,春
11527,渤海の平らにつゞく柳かな,柳,春
11528,御車の昔過ぎたる柳かな,柳,春
11529,柳桜柳桜と栽ゑにけり,柳,春
11530,柳にも我はづかしや二千石,柳,春
11531,柳見て物思はゞやと思ふかな,柳,春
11532,屋根舟を招きよせたる柳かな,柳,春
11533,藁屋根の上にしだるゝ柳かな,柳,春
11534,大きなるものを吹き出す柳かな,柳,春
11535,門口に十日の雨の柳かな,柳,春
11536,かへり見る門には柳ばかりなり,柳,春
11537,鴉鳴く明礼宮の柳かな,柳,春
11538,岸崩えて小魚たまりぬ川柳,柳,春
11539,象肥えて戦ひ習ふ柳かな,柳,春
11540,さし柳三尺にして緑ふく,柳,春
11541,つゞきけりちまたの柳村の桃,柳,春
11542,弁天をとりまく柳桜かな,柳,春
11543,干網に取りまかれたる柳かな,柳,春
11544,門外に川あり柳二三本,柳,春
11545,楊弓に人の集まる柳かな,柳,春
11546,柳あり舟待つ牛の二三匹,柳,春
11547,板塀にしたるゝ雨の柳哉,柳,春
11548,黒塀にしだるゝ雨の柳かな,柳,春
11549,新阪を下りて根岸の柳哉,柳,春
11550,新道に痩せたる柳桜哉,柳,春
11551,大道の柳依々として洛に入る,柳,春
11552,柳あり桃あり家の前後,柳,春
11553,柳多き花多き村にいでにけり,柳,春
11554,柳がちに花がちに見ゆる村一つ,柳,春
11555,柳がちに花がちに村はるかなり,柳,春
11556,活けんとして柳置きたる畳哉,柳,春
11557,市中にひねもす動く柳哉,柳,春
11558,家主の無残に伐りし柳哉,柳,春
11559,裏店にあり来りたる柳哉,柳,春
11560,裏門にかぶさる雨の柳哉,柳,春
11561,枝長く柳活けたる花屋哉,柳,春
11562,大店の檐つらねたる柳かな,柳,春
11563,江東に緑の早き柳哉,柳,春
11564,かりそめにさせし柳の芽をふきぬ,柳,春
11565,草臥て行手を望む柳哉,柳,春
11566,梢狭き二等道路の柳かな,柳,春
11567,三味ならす子に銭投る柳哉,柳,春
11568,新道に緑少き柳かな,柳,春
11569,立琴にしだるゝ床の柳哉,柳,春
11570,辻駕に朱鞘の出たる柳かな,柳,春
11571,東門の外に舎栄す柳哉,柳,春
11572,鳥逃げて吹矢の落る柳哉,柳,春
11573,病人の門迄出たる柳哉,柳,春
11574,本陣に幕張り廻す柳哉,柳,春
11575,待合や柳しだるゝ狭き庭,柳,春
11576,町の柳十本毎に灯をともす,柳,春
11577,柳枯れし跡に柳を植る哉,柳,春
11578,柳には柳の木こそ添ひよけれ,柳,春
11579,王城や大路の柳小路の花,柳,春
11580,旅立のあとに淋しき柳哉,柳,春
11581,文君の酒屋ありける柳哉,柳,春
11582,渡し場に橋の出来たる柳哉,柳,春
11583,柳植ゑて善き名を彫りし小橋哉,柳,春
11584,柳垂れて海を向いたる借家あらん,柳,春
11585,君を送る狗ころ柳散る頃に,柳,春
11586,青柳のしだれかゝるや不二の山,青柳,春
11587,青柳に顔なでられて横へ向く,青柳,春
11588,青柳の形定まらぬつむじかな,青柳,春
11589,青柳は妹がかたみか洗ひ髪,青柳,春
11590,青柳は其日其日の姿哉,青柳,春
11591,青柳や人身御供の池も春,青柳,春
11592,柳青し紅燈七十二青楼,青柳,春
11593,青柳や思ふ事皆恋に近し,青柳,春
11594,兀山の麓に青き柳かな,青柳,春
11595,青柳の雨に鎖しぬ御成門,青柳,春
11596,青柳や灯をともしたる石灯籠,青柳,春
11597,くたひれをやすめる道の椿哉,椿,春
11598,くたふれて立とまりたる椿哉,椿,春
11599,障子までもえる様なり山椿,椿,春
11600,馬の背に手を出して見る椿哉,椿,春
11601,馬ほくほく椿にさわり桃にすれ,椿,春
11602,馬ほくほく椿をくゝり桃をぬけ,椿,春
11603,馬ほくほく桃と椿の垣のあひ,椿,春
11604,一むねは花にうもるや赤椿,椿,春
11605,一むねハ花にうもるや花椿,椿,春
11606,一むねハ花にうもるや山椿,椿,春
11607,両側の竹藪長し赤椿,椿,春
11608,わらしの緒結ひ直すや山椿,椿,春
11609,いもうとの袂探れば椿哉,椿,春
11610,竹籠にみつや一木の花椿,椿,春
11611,山椿昼間の月の白さ哉,椿,春
11612,赤椿さいてもさいても一重哉,椿,春
11613,赤椿盛りは過て小半月,椿,春
11614,赤椿さかりもなくて小半月,椿,春
11615,赤椿田舎の恋のあからさま,椿,春
11616,見事なり白玉椿花一輪,椿,春
11617,藪椿物干し竿の片日影,椿,春
11618,兀として坊主椿の花一つ,椿,春
11619,常盤木の林の中や赤椿,椿,春
11620,鶏鳴くや椿の垣根梅の門,椿,春
11621,鳥の声一樹に深き椿哉,椿,春
11622,祝はゞや花婿花よめ花椿,椿,春
11623,契らばや君は赤われ白椿,椿,春
11624,ひねくりし一枝活けぬ花椿,椿,春
11625,ひねくれし一枝活けぬ花椿,椿,春
11626,赤門を入れば椿の林哉,椿,春
11627,うれしさよ接木の椿花一つ,椿,春
11628,玉椿玉のやうな子すこやかに,椿,春
11629,椿活けて香焚て仏を刻む哉,椿,春
11630,椿活けて静かに刻む仏哉,椿,春
11631,鉢植に莟ばかりの椿哉,椿,春
11632,鉢植に莟久しき椿哉,椿,春
11633,ひねくりし一輪椿活け得たり,椿,春
11634,ひねくりし一輪椿活けにけり,椿,春
11635,軸掛けて椿活けたる忌日哉,椿,春
11636,投入の椿山吹調和せず,椿,春
11637,投入や椿山吹調和せず,椿,春
11638,二枝の椿くねりて活けられず,椿,春
11639,蓑掛けて椿活けたる書斎哉,椿,春
11640,いけかへし持仏の棚の椿哉,椿,春
11641,公園の林の中に椿かな,椿,春
11642,珍品は凡花に如かぬ椿かな,椿,春
11643,日本の椿を愛す異人かな,椿,春
11644,花の名を葉に書きつくる椿かな,椿,春
11645,ひねくり者ありふくべ屋椿とぞ呼べる,椿,春
11646,家越シテ椿ノ蕾ウレシカリ,椿,春
11647,転居シテ椿咲ク庭梅ちる戸,椿,春
11648,落したか落ちたか路の椿かな,落椿,春
11649,落したか落ちたか道の山椿,落椿,春
11650,お百度や落ちた椿を拾ふちご,落椿,春
11651,竹籠にみつや一木の落椿,落椿,春
11652,敲いては笠にうけるや落椿,落椿,春
11653,流れ行椿追ひけり曲り道,落椿,春
11654,落ちあてゝ二ツ落ちたる椿哉,落椿,春
11655,賽銭のひゞきに落る椿かな,落椿,春
11656,侍の首の脆さよ落椿,落椿,春
11657,菅笠にみつや一木の落椿,落椿,春
11658,灰吹にした跡もあり落椿,落椿,春
11659,一鞭に其数知れず落椿,落椿,春
11660,息杖のさきにひつゝく椿哉,落椿,春
11661,落るだけ落て淋しき椿哉,落椿,春
11662,から臼の中に落ちたる椿哉,落椿,春
11663,鶏のつゝき崩すや落椿,落椿,春
11664,花椿こほれて虻のはなれけり,落椿,春
11665,ふみつけて蹄はなれぬ椿哉,落椿,春
11666,山道や椿ころけて草の中,落椿,春
11667,広前や小石の上の落椿,落椿,春
11668,書机に白玉椿こぼれけり,落椿,春
11669,山寺の屋根をころける椿哉,落椿,春
11670,順礼の杓に汲みたる椿かな,落椿,春
11671,ほつたりと笠に落ちたる椿哉,落椿,春
11672,宮守のはき集めたる椿かな,落椿,春
11673,慨然として起てば椿の花落つる,落椿,春
11674,静かさや椿の花の又落つる,落椿,春
11675,静かさや庭の椿の又落つる,落椿,春
11676,鉢植の椿落ちけり鉢の中,落椿,春
11677,笹原や笹の中なる落椿,落椿,春
11678,流れ得ざる水のよどみの椿哉,落椿,春
11679,ぬかりたる森の阪道椿踏む,落椿,春
11680,一つ落ちて二つ落たる椿哉,落椿,春
11681,白椿落ちて腐りし日数かな,落椿,春
11682,道入の楽の茶椀や落椿,落椿,春
11683,うつぶせに椿散る也芝の上,散椿,春
11684,うつぶせに椿ちるなり庭の隅,散椿,春
11685,首塚や首のもけたるちり椿,散椿,春
11686,古池にちりこむ梅かな椿かな,散椿,春
11687,おびたゞしく椿散けり馬繋,散椿,春
11688,椿ちりて泥にふみこむ上り阪,散椿,春
11689,花一ツ竿でくづせし辛夷哉,辛夷,春
11690,鴉来て踏落したる辛夷哉,辛夷,春
11691,古宮の名代の辛夷咲きにけり,辛夷,春
11692,唐人の辛夷を画く座興哉,辛夷,春
11693,稽古矢のそれて飛たる辛夷哉,辛夷,春
11694,稽古矢の高くそれたる辛夷哉,辛夷,春
11695,石燈籠の位置定まらぬ辛夷かな,辛夷,春
11696,辛夷咲く垣根もありて家まばら,辛夷,春
11697,山陽の軸に配する辛夷かな,辛夷,春
11698,題目の碑がある寺の辛夷かな,辛夷,春
11699,花籠に皆蕾なる辛夷かな,辛夷,春
11700,古庭の古き匂ひや沈丁花,沈丁花,春
11701,沈丁や麦や大根やつかみさし,沈丁花,春
11702,人に迫る沈丁の香や手水鉢,沈丁花,春
11703,犬の子を負ふた子供や桃の花,桃の花,春
11704,牛飼も牛も眠るや桃の花,桃の花,春
11705,立ちのいて見てはやすむや桃のかけ,桃の花,春
11706,繋がれて牛も眠るやもゝの花,桃の花,春
11707,桃さくや三寸程の上り鮎,桃の花,春
11708,うたゝねの窓に胡蝶やもゝの花,桃の花,春
11709,海山をこの見具合や桃のかけ,桃の花,春
11710,恋猫に留守あづけるや桃の花,桃の花,春
11711,恋猫の留守あづかるや桃の花,桃の花,春
11712,しばらくは桃なかむるや馬の糞,桃の花,春
11713,白桃の花やこぼるゝ朝の露,桃の花,春
11714,白桃の花やこぼれて松のつゆ,桃の花,春
11715,白桃やのこるは花よちるは露,桃の花,春
11716,ちご一人羊なぶるやもゝのはな,桃の花,春
11717,はなれたる舟の流れず桃の花,桃の花,春
11718,桃さくや紙のやうなるふしの山,桃の花,春
11719,桃さくや脚半菅笠竹の杖,桃の花,春
11720,桃さくやゐなかは旧の雛祭,桃の花,春
11721,行くやすむ気まゝな旅や桃の花,桃の花,春
11722,薄紙のやうなふじあり桃の花,桃の花,春
11723,白桃の露や花なる花や露,桃の花,春
11724,ちこ一人御手なふるや桃の花,桃の花,春
11725,一本は物干しにせよ桃の花,桃の花,春
11726,紅梅に咲き勝たれけり桃の花,桃の花,春
11727,小娘の畑打つ頃や桃の花,桃の花,春
11728,小娘も畑うつ頃や桃の花,桃の花,春
11729,賤か家の垣根うつくし桃柳,桃の花,春
11730,四方からよるや野中の桃の花,桃の花,春
11731,並松をあとにひかへて桃の花,桃の花,春
11732,灯を消せば許六の桃のかをり哉,桃の花,春
11733,桃梅を笑へば梅も桃を笑らふ,桃の花,春
11734,桃さくや李白は樽を枕にて,桃の花,春
11735,桃の花人待ち顔の野中哉,桃の花,春
11736,柳青しあひまあひまの桃の花,桃の花,春
11737,魚浮くや桃の小川の水よどみ,桃の花,春
11738,から尻に夫婦のりけり桃の花,桃の花,春
11739,草屋二軒赤白の桃咲ける哉,桃の花,春
11740,村童の異人にたかる桃の花,桃の花,春
11741,てらてらと桃咲く中や何ヶ村,桃の花,春
11742,てらてらと桃の中なり幾個村,桃の花,春
11743,鶏鳴て村静かなり桃の花,桃の花,春
11744,鍋提げて桃の中道妻帰る,桃の花,春
11745,橋こえて桃の小村へいそぐ哉,桃の花,春
11746,人載せて牛載せて桃の渡し哉,桃の花,春
11747,路はたに桃の花咲く小村かな,桃の花,春
11748,桃咲くや可愛いと思ふ女あり,桃の花,春
11749,桃咲くや妻になる人誰誰そ,桃の花,春
11750,桃畑白桃ひとつ目立ちけり,桃の花,春
11751,桃柳河に臨みて誰が楼ぞ,桃の花,春
11752,草鞋かけて桃の一枝たわみけり,桃の花,春
11753,鍬を肩に橋行く人や桃の花,桃の花,春
11754,ことふりしいくさ咄や桃の花,桃の花,春
11755,燕の家尋ぬるや桃の花,桃の花,春
11756,鶏鳴くや小冨士の麓桃の花,桃の花,春
11757,荷車に娘載せけり桃の花,桃の花,春
11758,畑中に一本咲くや桃の花,桃の花,春
11759,故郷はいとこの多し桃の花,桃の花,春
11760,桃の花鏡は知らぬ姿哉,桃の花,春
11761,桃の花鏡を知らぬ娘かな,桃の花,春
11762,駕吊りし庄屋の門や桃の花,桃の花,春
11763,川上は桃も桜もなかりけり,桃の花,春
11764,唐人を吠ゆる犬あり桃の花,桃の花,春
11765,不言問木尚妹与兄桃李,桃の花,春
11766,此里に美女二人あり桃の花,桃の花,春
11767,其中に家四五軒や桃林,桃の花,春
11768,茶店あり白馬繋ぐ桃の花,桃の花,春
11769,出女が恋持つ桃に花が咲く,桃の花,春
11770,原中や突然として桃の花,桃の花,春
11771,人住まぬ山と思へば桃の花,桃の花,春
11772,湖に臨む小村や桃の花,桃の花,春
11773,桃咲いて牛行く背戸の小山かな,桃の花,春
11774,桃咲いて機織る村の戸口かな,桃の花,春
11775,桃咲くや隣の娘婚礼す,桃の花,春
11776,世の中のいくさに逃げて桃の花,桃の花,春
11777,料理屋は川魚ばかり桃の花,桃の花,春
11778,出女が恋する桃に花が咲く,桃の花,春
11779,舟ありて人居らぬ桃の渡し哉,桃の花,春
11780,桃の背戸柳の門や二三軒,桃の花,春
11781,城東に住みける桃の翁哉,桃の花,春
11782,水仙の花のさかりや桃の花,桃の花,春
11783,仏壇に桃活けてある三日哉,桃の花,春
11784,桃赤し山の東の古砦,桃の花,春
11785,桃咲くや古き都の子守唄,桃の花,春
11786,白桃や日永うして西王母,桃の花,春
11787,背戸並ふ小家小家や桃の花,桃の花,春
11788,盗或る夜桃の小村を掠め去る,桃の花,春
11789,百姓の娘うつくし桃の花,桃の花,春
11790,昔爺と婆と住みけり桃の花,桃の花,春
11791,三年にして六尺の桃の花,桃の花,春
11792,故郷に桃咲く家や知らぬ人,桃の花,春
11793,飯くはす小店もなくて桃の村,桃の花,春
11794,風寒し人のきほひにさく桜,桜,春
11795,風寒し人の陽気にさく桜,桜,春
11796,桜から人にうつるや山の風,桜,春
11797,ぬり膳にうつる桜や椽の先,桜,春
11798,松のあひに桜、桜のあひに松,桜,春
11799,孝行は筍よりも桜かな,桜,春
11800,桜より奧に桃さく上野哉,桜,春
11801,猿引は猿に折らする桜哉,桜,春
11802,白桃の桜にまじる青さ哉,桜,春
11803,谷底に樵夫の動く桜かな,桜,春
11804,西山に桜一木のあるじ哉,桜,春
11805,日の本の桜にふしの夜明かな,桜,春
11806,ふつふつと彼岸ざくらの莟哉,桜,春
11807,町はつれ桜桜と子供哉,桜,春
11808,まづ青む彼岸桜のつぼみ哉,桜,春
11809,もやもやとかたまる岨の桜かな,桜,春
11810,洋本の間にはさむ桜かな,桜,春
11811,敦盛の鎧に似たる桜哉,桜,春
11812,雨やいつ外山の桜曇りけり,桜,春
11813,有明に三分傾く桜哉,桜,春
11814,牛部屋の薄花桜さきにけり,桜,春
11815,馬方の桜見かけて唄ひけり,桜,春
11816,奧山に樵夫が桜さきにけり,桜,春
11817,木の間に白きもの皆桜哉,桜,春
11818,咲かせばや我家桜庭桜,桜,春
11819,桜咲く片山里の喇叭かな,桜,春
11820,さけば咲く桜海棠梨季,桜,春
11821,遠山の薄花桜身うけせん,桜,春
11822,鳥鳴て奧の知られぬ桜哉,桜,春
11823,名をもたぬ京の桜はなかりけり,桜,春
11824,南朝の桜今年も咲きにけり,桜,春
11825,ひやひやと風吹き入るゝ桜哉,桜,春
11826,真上から見たき吉野の桜哉,桜,春
11827,莚織折々のぞく桜哉,桜,春
11828,山里に恋をはなれし桜哉,桜,春
11829,山寺に咲て名もなき桜哉,桜,春
11830,牛黒く見ゆる尾上の桜哉,桜,春
11831,海見ゆる桜の中の床几哉,桜,春
11832,黒門を出れば這入れば桜哉,桜,春
11833,観音の大悲の桜咲きにけり,桜,春
11834,西行の桜になりし月夜かな,桜,春
11835,桜咲てお白粉売や紅粉売や,桜,春
11836,島原の一本桜古りにけり,桜,春
11837,大臣の別莊赤き桜かな,桜,春
11838,大仏の小袖かはゆきさくらかな,桜,春
11839,何見るそ桜の茶屋の遠見鏡,桜,春
11840,何者が死んで此墓此桜,桜,春
11841,白雲の上に家あり桜あり,桜,春
11842,弁天の参詣絶えぬ桜かな,桜,春
11843,鳳輦の桜の上に見ゆるかな,桜,春
11844,屋の棟の五重にたゝむ桜哉,桜,春
11845,芳野出て桜は雪に帰りけり,桜,春
11846,井戸端の秋色桜雫せよ,桜,春
11847,敦盛の塚に桜もなかりけり,桜,春
11848,一里来て下に見下す桜かな,桜,春
11849,一杯に下戸の酔ひたる桜かな,桜,春
11850,うちかけの並んで通る桜かな,桜,春
11851,面白う舟に見て行く桜かな,桜,春
11852,虚無僧の頤長き桜かな,桜,春
11853,山腹に灯見えぬあれや桜寺,桜,春
11854,出陣や桜見ながら宇品迄,桜,春
11855,釣鐘の雲にぬれたる桜哉,桜,春
11856,何奴ぞ桜に掛けし長楷子,桜,春
11857,はつきりと桜の中の柳かな,桜,春
11858,人の背に桜折るなり築地越,桜,春
11859,人を踏んで桜折るなり築地越,桜,春
11860,古庭に一重ばかりの桜かな,桜,春
11861,盆栽の小桜早し京の市,桜,春
11862,道端に桜咲くなり興福寺,桜,春
11863,三芳野や桜の中の山一つ,桜,春
11864,山の端の桜尋ねん遠眼鏡,桜,春
11865,世の中は桜が咲いて笑ひ声,桜,春
11866,世の中や桜が咲て笑ひ声,桜,春
11867,をかしうもなくて桜に笑ひけり,桜,春
11868,入口に風船飛ばす桜かな,桜,春
11869,入口も桜出口も桜かな,桜,春
11870,うそのやうな十六日桜咲きにけり,桜,春
11871,枝ながら桜流れぬ大堰川,桜,春
11872,黒門も摺鉢山も桜かな,桜,春
11873,この国の男に生れ桜かな,桜,春
11874,小坊主の太刀はきたがる桜哉,桜,春
11875,阪道や桜の上に寺一つ,桜,春
11876,桜咲くこれは尾上の菊五郎,桜,春
11877,桜々帰りは酔ふて白拍子,桜,春
11878,桜ばかり女ばかりの上野かな,桜,春
11879,桜折る女の綱や雨の中,桜,春
11880,知らぬ人に盃強ひる桜かな,桜,春
11881,すうと出た桜の枝に目白哉,桜,春
11882,杉の杜の出口に白き桜かな,桜,春
11883,名のれ名のれ桜ぬす人髯奴,桜,春
11884,名は桜通婪は花と申しけり,桜,春
11885,日暮るゝや桜の茶屋の繋ぎ馬,桜,春
11886,人を見ん桜は酒の肴なり,桜,春
11887,古宮の桜咲きけり杉の奧,桜,春
11888,古宮の桜咲くなり杉の奧,桜,春
11889,弥次郎兵衛喜多八帰る桜かな,桜,春
11890,山荒れて鐘も桜も雹の音,桜,春
11891,岡ぞひの桜は赤き蕾かな,桜,春
11892,うかれ心瓶の桜に灯をともす,桜,春
11893,植半の鼓聞ゆる桜かな,桜,春
11894,鏡掛けて御魂を移す桜哉,桜,春
11895,球燈高く音楽聞ゆる桜哉,桜,春
11896,汽車の窓に見上る岡の桜哉,桜,春
11897,公園の入口見えて桜かな,桜,春
11898,古白死して二年桜咲き我病めり,桜,春
11899,写真取る桜がもとの小女郎哉,桜,春
11900,茶番去り茶番来る隅田の桜哉,桜,春
11901,柳北が寄附せし土手の桜かな,桜,春
11902,雨晴るゝ桜に杉の雫かな,桜,春
11903,江戸桜越後の熊を肴哉,桜,春
11904,大寺の松も桜もなかりけり,桜,春
11905,京町の火事や桜は恙なし,桜,春
11906,金屏に風防く鉢の桜哉,桜,春
11907,雑報子報ず公園の桜咲く,桜,春
11908,千万言一時に開く桜哉,桜,春
11909,常盤津の会ある寺の桜哉,桜,春
11910,馬車の上に垂るゝホテルの桜哉,桜,春
11911,昼中や桜にこもる人の息,桜,春
11912,我王の桜咲くなり三十年,桜,春
11913,我病で桜に思ふ事多し,桜,春
11914,子を負ふた手に桜持つうしろ哉,桜,春
11915,弁天の楼門赤き桜哉,桜,春
11916,行き行きて桜なくなる堤哉,桜,春
11917,料理屋の紅梅散りて桜哉,桜,春
11918,氷解けて桜咲く也榛名山,桜,春
11919,橋長く水青うして松桜,桜,春
11920,名物の蜆乏しき桜哉,桜,春
11921,雪国の桜の花は小粒哉,桜,春
11922,徳川の桜残りて哀れなり,桜,春
11923,名ある寺の桜に多き石碑かな,桜,春
11924,徳川の桜明治の桜かな,桜,春
11925,南朝の恨を残す桜かな,桜,春
11926,水分の神が霧ふく桜哉,桜,春
11927,六田越えて桜に近し一の坂,桜,春
11928,吉野山第一本の桜哉,桜,春
11929,両側の桜咲きけり登り口,桜,春
11930,糸桜下の方より咲きにけり,糸桜,春
11931,家二つ狭きが中の糸桜,糸桜,春
11932,さき交る柳の中の糸桜,糸桜,春
11933,くれなゐの絹糸桜綻びぬ,糸桜,春
11934,女生徒の遊びところや糸桜,糸桜,春
11935,垂れかゝるしたれ桜や石燈籠,糸桜,春
11936,山さくら何の苦もなく咲にけり,山桜,春
11937,此風は都を吹かす山桜,山桜,春
11938,制札にちりかゝりけり山桜,山桜,春
11939,谷川にうづまく波や山桜,山桜,春
11940,二三日はちりさかりけり山桜,山桜,春
11941,折りくれは半分は散るや山さくら,山桜,春
11942,雲といふたわけを殺せ山さくら,山桜,春
11943,黒門に丸の跡あり山さくら,山桜,春
11944,山桜さく手際よりちる手際,山桜,春
11945,酔ふて寝て夢に泣きけり山桜,山桜,春
11946,山桜杉の闇よりもれにけり,山桜,春
11947,敦盛の鎧に似たり山桜,山桜,春
11948,あら壁のあつてかひなし山桜,山桜,春
11949,石摺のその跡黒し山桜,山桜,春
11950,草臥てよし足引の山桜,山桜,春
11951,阪本の人家暮れたり山桜,山桜,春
11952,古井戸にもたれて咲きぬ山桜,山桜,春
11953,弁慶の指のあとあり山桜,山桜,春
11954,目隠しの女あぶなし山桜,山桜,春
11955,山桜恋をはなれて哀れ也,山桜,春
11956,山桜杉の闇よりもれてけり,山桜,春
11957,山桜仁王の腕はもけてけり,山桜,春
11958,山桜夢を埋めて散りにけり,山桜,春
11959,男より女の多し山桜,山桜,春
11960,炭竈のつめたき頃や山桜,山桜,春
11961,何物が死んて此墓山桜,山桜,春
11962,山桜いくさのあとゝ思はれず,山桜,春
11963,三つまたやどの道行かば山桜,山桜,春
11964,門前に児待つ母や山桜,山桜,春
11965,山桜あたりに雲もなかりけり,山桜,春
11966,いとさまの手を引く道や山桜,山桜,春
11967,大仏の顔よごれたり山桜,山桜,春
11968,大仏の耳かくれけり山桜,山桜,春
11969,大仏のよごれた顔や山桜,山桜,春
11970,提灯の短冊赤し山桜,山桜,春
11971,陣笠に雫散る也山桜,山桜,春
11972,十許り灯の並びけり山桜,山桜,春
11973,日暮るゝや寺に灯ともす山桜,山桜,春
11974,夕月や風吹き入るゝ山さくら,山桜,春
11975,兵燹に杉は残りて山桜,山桜,春
11976,一重づゝ一重つゝ散れ八重桜,八重桜,春
11977,八重さくら蒔絵書手のなとやらん,八重桜,春
11978,金くさき人の往来や八重桜,八重桜,春
11979,古寺や心強くも八重桜,八重桜,春
11980,吉原や雪洞多き八重桜,八重桜,春
11981,料理屋の厠うつくし八重桜,八重桜,春
11982,傘なくもぬれながら見る初桜,初桜,春
11983,蝶一ツ優しう出たり初桜,初桜,春
11984,むら鳥のさわぐ処や初桜,初桜,春
11985,初花や同じ枝より散りはじめ,初桜,春
11986,大かたの枯木の中や初桜,初桜,春
11987,西行の命なりけりはつさくら,初桜,春
11988,日うけよき水よき処初桜,初桜,春
11989,別莊の注進来たりはつ桜,初桜,春
11990,此雨で初桜にもなりさうな,初桜,春
11991,五六本咲くや吉野の初桜,初桜,春
11992,島台に梅も残りて初さくら,初桜,春
11993,旅人のはやかけよるや初桜,初桜,春
11994,初桜木曽の手紙に雪がふる,初桜,春
11995,初桜二番桜も咲きにけり,初桜,春
11996,初桜まづ老木よりあらはるゝ,初桜,春
11997,初花や物見車をつくろはん,初桜,春
11998,無住寺の鐘ぬすまれて初桜,初桜,春
11999,これはこれはあちらこちらの初桜,初桜,春
12000,板塀の折り曲りけり初桜,初桜,春
12001,めづらしや梅の莟に初桜,初桜,春
12002,折り参らせて初桜とぞ申しける,初桜,春
12003,椽端へにしりいでたり初桜,初桜,春
12004,新海苔の市に上りぬ初桜,初桜,春
12005,新海苔の市に上るや初桜,初桜,春
12006,門に立て園児待つ母やおそ桜,遅桜,春
12007,尼寺の留守覗ふやおそ桜,遅桜,春
12008,さききつて張合もなし遅桜,遅桜,春
12009,遅桜静かに詠められにけり,遅桜,春
12010,大方は忘れられけり遅桜,遅桜,春
12011,片枝は夏へまたげて遅桜,遅桜,春
12012,老人のすきな花なり遅桜,遅桜,春
12013,遅桜遅きを花の上手かな,遅桜,春
12014,勾欄に人顔明けぬおそ桜,遅桜,春
12015,遅桜見に来る人はなかりけり,遅桜,春
12016,大方の緑の中や遅桜,遅桜,春
12017,遅桜花見ぬ人の来りけり,遅桜,春
12018,池の端に書画の会あり遅桜,遅桜,春
12019,うしろから支へ柱や姥桜,姥桜,春
12020,十三の年より咲て姥桜,姥桜,春
12021,花守は妻こそなけれ姥桜,姥桜,春
12022,我知らじ老いたるをこそ姥桜,姥桜,春
12023,朝桜駒のひづめのひやひやと,朝桜,春
12024,白馬の一騎かけたり朝桜,朝桜,春
12025,しんとして露に音あり朝桜,朝桜,春
12026,しんとして露をこぼすや朝桜,朝桜,春
12027,花守の女房出るやあさゝくら,朝桜,春
12028,傾城のお白粉はげて朝桜,朝桜,春
12029,横雲もたのみありげや朝桜,朝桜,春
12030,灯の残る有明桜露深し,朝桜,春
12031,傾城の息酒くさし夕桜,夕桜,春
12032,ちることは禿もしらず夕桜,夕桜,春
12033,月夜には扨なりかねつ夕桜,夕桜,春
12034,夕くれを背戸へ見に行桜哉,夕桜,春
12035,月代やたそがれ桜風ふくむ,夕桜,春
12036,風鈴のみだれそめけり夕桜,夕桜,春
12037,ほのめくや墨染桜夕月夜,夕桜,春
12038,三井寺をのぼるともしや夕桜,夕桜,春
12039,夕桜うしろは月になりかゝる,夕桜,春
12040,夕桜鐘つき殿に物申す,夕桜,春
12041,月代の桜に動く夕かな,夕桜,春
12042,灯のともるたそがれ桜静かなり,夕桜,春
12043,清水のともし火深し夕桜,夕桜,春
12044,灯ともして帰る禰宜あり夕桜,夕桜,春
12045,夕桜何がさはつて散りはじめ,夕桜,春
12046,ながながと桜の上や月一つ,夜桜,春
12047,雪と見る桜の上や月一つ,夜桜,春
12048,夜桜や松を境に花明り,夜桜,春
12049,夜桜の中に火ともす小家哉,夜桜,春
12050,夜桜や露ちりかゝる辻行燈,夜桜,春
12051,夜桜や蒔絵に似たる三日の月,夜桜,春
12052,うつくしき桜の雨や電気燈,夜桜,春
12053,門の花夜行く人の小唄哉,夜桜,春
12054,電燈の雨うつくしき桜哉,夜桜,春
12055,灯のともる雨夜の桜いぢらしや,夜桜,春
12056,ふるへとも朧夜桜露もなし,夜桜,春
12057,持重る月夜桜の雫かな,夜桜,春
12058,夜桜や雨ふる中の電気燈,夜桜,春
12059,夜桜や辻燈籠の片うつり,夜桜,春
12060,吉原の朧夜桜露もなし,夜桜,春
12061,大門や夜桜深く灯ともれり,夜桜,春
12062,月よひよひ桜の一重二重哉,夜桜,春
12063,月よひよひ桜日に日に満てる哉,夜桜,春
12064,夜桜や大雪洞の空うつり,夜桜,春
12065,夜桜や十二欄干灯幽かなり,夜桜,春
12066,夜桜や人静まりて雨の音,夜桜,春
12067,塔高し桜に落つる三日の月,夜桜,春
12068,清水や桜の上の鉄燈籠,夜桜,春
12069,更くる夜を静まる里の桜哉,夜桜,春
12070,更くる夜をしづまる村の桜かな,夜桜,春
12071,夜桜にこもる茶店の煙かな,夜桜,春
12072,誰そや上野の月夜桜に詩を吟す,夜桜,春
12073,半玉が燭の心剪る桜かな,夜桜,春
12074,九時の鐘に茶店を鎖す桜かな,夜桜,春
12075,夜桜や上野を通る戻り道,夜桜,春
12076,吉原や雨の夜桜蛇目傘,夜桜,春
12077,ちる花にもつるゝ鳥の翼かな,散桜,春
12078,散る花のうしろに動く風見哉,散桜,春
12079,散る花の行くへも見たし苔の下,散桜,春
12080,けふはまだ知らぬ桜を二日酔,散桜,春
12081,散りかけた花におそろし下駄の音,散桜,春
12082,谷川やうづまく中へちる桜,散桜,春
12083,とぶ蝶にさそはれてちる桜哉,散桜,春
12084,花ちるや寂然として石仏,散桜,春
12085,おとつさんこんなに花がちつてるよ,散桜,春
12086,笈摺の重みになるなちる桜,散桜,春
12087,傘張のたゝみこんたり散る桜,散桜,春
12088,小娘のからかささすやちる桜,散桜,春
12089,桜ちる此時木魚猶はげし,散桜,春
12090,石炭の車ならぶや散る桜,散桜,春
12091,ちる花にまふれてゐるや都とり,散桜,春
12092,ちる花にもぶれてゐるや都鳥,散桜,春
12093,ちる花の中におし行く筏かな,散桜,春
12094,散る花は散らぬ花より美しき,散桜,春
12095,花散た中や一筋舟の道,散桜,春
12096,花ちるや人なき夜の葭簀茶屋,散桜,春
12097,花守の笠きて出たりちる桜,散桜,春
12098,わびしらに桜散るなり女人堂,散桜,春
12099,わびしらに桜ちるなり緋の袴,散桜,春
12100,井戸端の桜ちりけり鍋の底,散桜,春
12101,曙や桜ちりしく閼迦の水,散桜,春
12102,おほけなや大内山にちる桜,散桜,春
12103,高徳の墨染桜散りにけり,散桜,春
12104,小柄杓の底にひつゝく桜哉,散桜,春
12105,桜ちるこの曙の廓かな,散桜,春
12106,さそはれて面白く散る桜哉,散桜,春
12107,炭竈の上にくづるゝ桜かな,散桜,春
12108,散らば散れ花こそ春の物狂,散桜,春
12109,散る桜たゞ悲しさよ嬉しさよ,散桜,春
12110,花散て此頃はやる頭痛哉,散桜,春
12111,花散て龍駕都を出で給ふ,散桜,春
12112,桜散るたゞこひしさよ嬉しさよ,散桜,春
12113,花ちるや思ひきつたる小夜嵐,散桜,春
12114,花散るや座禅の眼覚束な,散桜,春
12115,花ちるや人にうつりしはやり風,散桜,春
12116,花ちるや法華の太鼓禅の鐘,散桜,春
12117,花散るや昔に戻る蛙茶屋,散桜,春
12118,花守や虱ふるへばちる桜,散桜,春
12119,一雨や桜まきこむ伊よ簾,散桜,春
12120,一つ家に赤子泣く夜やちる桜,散桜,春
12121,一つ家の赤子鳴く夜やちる桜,散桜,春
12122,人は皆去て静かにちる桜,散桜,春
12123,筆とれば短冊の上に桜ちる,散桜,春
12124,ほろほろとひとりこぼるゝ桜哉,散桜,春
12125,宮守の風折烏帽子桜散る,散桜,春
12126,踊れ踊れ花のちる迄暮るゝ迄,散桜,春
12127,悪僧の定に入る日やちる桜,散桜,春
12128,金堂の桜吹きすて炎かな,散桜,春
12129,桜ちる勿来と馬士の唄ひけり,散桜,春
12130,滋賀の湖や波のうねうね桜ちる,散桜,春
12131,石塔や一本桜散りかゝる,散桜,春
12132,ちりかゝる桜の茶屋のともし哉,散桜,春
12133,ちる時を狂へ桜の物狂ひ,散桜,春
12134,ちる時を待ては帰らぬ桜人,散桜,春
12135,花散つて雨面白き一日かな,散桜,春
12136,花散て帰山の法師寒げ也,散桜,春
12137,花散て静かにくるるかもめ哉,散桜,春
12138,花散て檻に居眠る狐かな,散桜,春
12139,花散るや五尺に余る大木魚,散桜,春
12140,人もなし花散る雨の館船,散桜,春
12141,吹きまくる風さまさまの桜かな,散桜,春
12142,夕月や一かたまりに散る桜,散桜,春
12143,いそがしや花散りかゝる二三日,散桜,春
12144,うちかけや一かたまりの桜散る,散桜,春
12145,お忍びの編笠に散る桜かな,散桜,春
12146,帰るさや暮れて一人に桜散る,散桜,春
12147,熊谷の鎧脱ぐ日や散る桜,散桜,春
12148,散る花に又酒酌まん二三人,散桜,春
12149,花散つて水は南へ流れけり,散桜,春
12150,花散りぬ曰く大仏曰く鐘,散桜,春
12151,故郷の目に見えてたゞ桜散る,散桜,春
12152,行かばわれ筆の花散る処まで,散桜,春
12153,鬼事や女の鬼に花が散る,散桜,春
12154,今年又花散る四月十二日,散桜,春
12155,散つた桜散る桜散らぬ桜哉,散桜,春
12156,陣笠に桜散るなり六七騎,散桜,春
12157,羽衣に桜吹きこむ舞台哉,散桜,春
12158,花散つて心やすくも寝入りけん,散桜,春
12159,花ちらちら島田の男酒を呑む,散桜,春
12160,花に寝て花散る雨は知らざりし,散桜,春
12161,万人の鼻息に散る桜かな,散桜,春
12162,引窓に花散る朝の日和かな,散桜,春
12163,夕暮の花散りかゝる団子かな,散桜,春
12164,夕月や桜流るゝ橋の下,散桜,春
12165,吉原や烏鳴いても散る桜,散桜,春
12166,夕暮の花散りかゝる群衆哉,散桜,春
12167,桜散つて山吹咲きぬ御法事,散桜,春
12168,桜散り芝居鎖して暮の春,散桜,春
12169,富士筑波西には花よあすか山,花,春
12170,さく花もつきいだしけりあけの鐘,花,春
12171,限りなき花のとまりやつくば山,花,春
12172,さく花のあはひあはひの波の色,花,春
12173,花に寝て顔うつ露や酔のさめ,花,春
12174,人さればまだ風寒し花の下,花,春
12175,隅田の花都へはこぶおきな哉,花,春
12176,花を折る人ははいるなよしの山,花,春
12177,一ひらの花にあつまる目高哉,花,春
12178,昨日見た花は跡なし夜の風,花,春
12179,けふ見めや昨日の雨にさいた花,花,春
12180,鳥なくや独りたゝすむ花の奥,花,春
12181,山の花下より見れば花の山,花,春
12182,雪の不尽その外は花の芳野山,花,春
12183,月と河、なかに一すじ土手の花,花,春
12184,土手三里花をはなれぬ月夜哉,花,春
12185,ともし火の花には暗し夜の雨,花,春
12186,浪華津の花散りはてゝ江戸の花,花,春
12187,花咲くや彼岸へいそぐ渡し守,花,春
12188,花十日五日は雨にふられけり,花,春
12189,一枝の花おもさうや酒の酔,花,春
12190,吹かずとも花は十日の命也,花,春
12191,まてよ棹夫水に月影花の影,花,春
12192,灯をけせば窓一はいや花の影,花,春
12193,あとさきもしらぬ心や花に鳥,花,春
12194,肩の荷をかへるや花の折勝手,花,春
12195,七丈の空やさく花おちる花,花,春
12196,鳥や来て障子に動く花の影,花,春
12197,のりあひの僧の見にくし花戻り,花,春
12198,花の唇未た動かす谷の陰,花,春
12199,ひがきえて窓一めんや花のかげ,花,春
12200,火がきえて窓に一枝花のかげ,花,春
12201,火をけせは窓一めんや花のかげ,花,春
12202,火をけせは窓に一枝花のかげ,花,春
12203,目がさめて見れば人なし花に月,花,春
12204,磯浜や花打ちあぐる波の跡,花,春
12205,家一つ花より上に見ゆるかな,花,春
12206,烏帽子着た人も見ゆるや嵯峨の花,花,春
12207,籠一つ花に押きる夜明かな,花,春
12208,籠一ツ花を押きる夜明哉,花,春
12209,土器に花のひツつく神酒哉,花,春
12210,小蒸気のあとにゆさぶる花の波,花,春
12211,小蒸気やあとにゆさぶる花の波,花,春
12212,さて花は四国になりて六十里,花,春
12213,棹少し花に短き筏哉,花,春
12214,さん候いかさま花の都かな,花,春
12215,四斗樽を床几に花の木陰哉,花,春
12216,茶屋もなく酒屋も見えず花一木,花,春
12217,西山の花に抱きつく涙哉,花,春
12218,花に来て花にこがるゝ夕かな,花,春
12219,花にさへぬす人の名のものものし,花,春
12220,花を見ぬ人の心そ恐ろしき,花,春
12221,梺から道見定めて峰の花,花,春
12222,兵卒は国の花なりけふの花,花,春
12223,待つ恋の心を花に覚えけり,花,春
12224,峯々の花や樵夫の道すがら,花,春
12225,山鳥の木玉すさまし花のおく,花,春
12226,宵闇を花におしきる筏哉,花,春
12227,有明や忠度花をいでゝ行く,花,春
12228,謠ひ一曲亡魂花にうかれ出よ,花,春
12229,大比枝や小比枝つるりと花もなし,花,春
12230,垣こしに花ぬすむ手をとられけり,花,春
12231,伽羅くさい風かふく也京の花,花,春
12232,伽羅くさき風が吹く也京の花,花,春
12233,この花に泣き上戸あり十五日,花,春
12234,其杖のそのまゝ花と生ひけらし,花,春
12235,大仏や花にもならぬ雲の上,花,春
12236,旅人の為にとて咲く花もあらん,花,春
12237,なくも哉花こそ人の喧嘩なれ,花,春
12238,蓮根堀少し上野の花も見よ,花,春
12239,花下りて飯粒ひろふ雀哉,花,春
12240,花咲てけふや飛鳥の花七日,花,春
12241,花咲て王子の森の黒さ哉,花,春
12242,花にあけ月にくれ行旅路哉,花,春
12243,花にぬれて樽に綿衣をぬきかけし,花,春
12244,花に妾世に一日の閑を得たり,花,春
12245,花三日お白粉くさき山路哉,花,春
12246,まほろしや花の夕の蝉衣,花,春
12247,やとり木にさく花匂ふ松の下,花,春
12248,我泣かばちりやとまらん御所の花,花,春
12249,我泣かんに散ることなかれ御所の花,花,春
12250,明寺や花咲て人往来す,花,春
12251,有様は酒のみに来て花の宿,花,春
12252,色里や白頭の翁花を売る,花,春
12253,江戸入りや花の中行く大鳥毛,花,春
12254,奇麗のがぞろりぞろりと花の山,花,春
12255,傾城の花に泣く夜となりにけり,花,春
12256,磐の声花なき寺の静かなり,花,春
12257,此花がいやぢやいやぢやと死なれけん,花,春
12258,咲く咲かぬ花にも嘘の世なりけり,花,春
12259,其まゝに花を見た目を瞑がれぬ,花,春
12260,中々に錦小路は花もなし,花,春
12261,花咲て今人の親の病かな,花,春
12262,花咲て知らぬ男の出入かな,花,春
12263,花咲て笋飯のさかりかな,花,春
12264,花咲て老莱の親の病かな,花,春
12265,花の寺濁酒売の這入けり,花,春
12266,花の山浮世画の美人来る哉,花,春
12267,花を見た其目を直に瞑がれぬ,花,春
12268,晴れつ降りつ花にもならで狐雨,花,春
12269,山ぞひや花の根岸の一くるわ,花,春
12270,軍かな我も出で立つ花に剣,花,春
12271,軍かな我も行くなり花に剣,花,春
12272,軍にと我も出で立つ花に剣,花,春
12273,軍にと我も行くなり花に剣,花,春
12274,軍へと我も出で立つ花に剣,花,春
12275,軍へと我も行くなり花に剣,花,春
12276,家見ゆる花の麓の郭かな,花,春
12277,うき世とは下戸の嘘也花に酒,花,春
12278,恐る恐る花見る爺や丸の内,花,春
12279,勾欄に人顔明けて花寒し,花,春
12280,小娘の花の使の文箱かな,花,春
12281,小娘は花の使の文箱かな,花,春
12282,銭湯で上野の花の噂かな,花,春
12283,年々の花に同じき顔もなし,花,春
12284,花咲いて妻なき宿ぞ口をしき,花,春
12285,花咲いて坊主の顔の黒さ哉,花,春
12286,花に痩せる千里の駒の蹄かな,花,春
12287,花の酔さめずと申せ司人,花,春
12288,乱れ咲く花に未の太鼓かな,花,春
12289,吾は寝ん君高楼の花に酔へ,花,春
12290,暁の花咲く山の緑かな,花,春
12291,有明の花静かなり角櫓,花,春
12292,うれしげに小便するや花の山,花,春
12293,交番やこゝにも一人花の酔,花,春
12294,佳人花の如し我衣破れたり,花,春
12295,此花に酒千斛とつもりけり,花,春
12296,大仏を見に行く花の小道哉,花,春
12297,なぐさみや花はなけれど松葉関,花,春
12298,寝て聞けば上野の花のさわぎかな,花,春
12299,寝て聞けば上野は花のさわぎ哉,花,春
12300,花咲いて思ひ出す人皆遠し,花,春
12301,花咲きぬあそこは社こゝは寺,花,春
12302,花ながら既に梢の若葉かな,花,春
12303,花七日堤沈むこと一寸,花,春
12304,花に雪駄ちやりゝと人の機嫌かな,花,春
12305,花の山鐘楼ばかりぞ残りける,花,春
12306,松杉も花に隠れてしまひけり,花,春
12307,世の中は花に振袖松に鳶,花,春
12308,世の花にわれ家も無き旅人かな,花,春
12309,浪人や敵を尋ね江戸の花,花,春
12310,楽聞え花ふり御魂降るらし,花,春
12311,閣に座す花の梢の十万戸,花,春
12312,花将に咲かんとす大雨夜一夜,花,春
12313,水垢離や裸に花を吹きつける,花,春
12314,山寺の花や庭木の間より,花,春
12315,吉原を見下す花の茶店哉,花,春
12316,遡る花の小川のボートかな,花,春
12317,三味提げて大仏見るや花の山,花,春
12318,花暮れし上野に虎の吼ゆる哉,花,春
12319,花に群集松の葉白き埃哉,花,春
12320,花に酔ふて頭痛すといふ女哉,花,春
12321,花の気を杉の林にさましけり,花,春
12322,花の村にハネームーンの名残かな,花,春
12323,我病んで花の発句もなかりけり,花,春
12324,工夫して花にラムプを吊しけり,花,春
12325,銅像に集まる人や花の山,花,春
12326,花多く蜜蜂を飼ふ小家哉,花,春
12327,花に遠く手を引かれたる病者哉,花,春
12328,花の歌添へし吉野の写真哉,花,春
12329,宮方や花の御宴の主人役,花,春
12330,いたわしさ花見ぬ人の痩せやうや,花,春
12331,花の手紙見て頼襄へ廻しけり,花,春
12332,松杉や花の上野の後側,花,春
12333,西行庵花も桜もなかりけり,花,春
12334,花に来て銭掏られけり田舎人,花,春
12335,花に来て芳雲館に昼餉哉,花,春
12336,花の中に運動会の囲ひかな,花,春
12337,花の山足踏み鳴らす上登り口,花,春
12338,花の山蔵王権現静まりぬ,花,春
12339,花見えて足踏み鳴らす登り口,花,春
12340,六田越えて花に急ぐや一の坂,花,春
12341,指ざすや花の木の間の如意輪寺,花,春
12342,我病んで花の句も無き句帖かな,花,春
12343,月落ちて鴉鳴く也花明り,花明り,春
12344,桜花夢の浮世のさかり哉,花盛,春
12345,花盛知らぬ男のいだきつく,花盛,春
12346,花さかり月に雨もつよもすから,花盛,春
12347,庵に居て山のさわぎや花盛,花盛,春
12348,釣鐘の寄進出来たり花盛,花盛,春
12349,花盛りくどかば落ちん人許り,花盛,春
12350,有りやうは酒のみに来て花盛,花盛,春
12351,大桜只一もとのさかり哉,花盛,春
12352,吉原や道の真中の花盛,花盛,春
12353,絵の島や石も五色の花盛,花盛,春
12354,観音で雨に逢ひけり花盛,花盛,春
12355,花盛故郷や今衣がへ,花盛,春
12356,むつかしき雲が出てけり花盛,花盛,春
12357,競漕の雨にやむ日や花盛,花盛,春
12358,お祭の日和になりぬ花盛,花盛,春
12359,京に来てひたと病みつきぬ花盛,花盛,春
12360,金尽きて京に入る日や花盛,花盛,春
12361,銭尽きて京に入る日や花盛,花盛,春
12362,江戸に来て銭掏られけり花盛り,花盛,春
12363,花の雲かゝりにけりな人の山,花の雲,春
12364,はいつてハくゞつてハ出てハ花の雲,花の雲,春
12365,花の雲朧をくだく筏哉,花の雲,春
12366,花のくもおぼろをやぶる筏哉,花の雲,春
12367,花の雲博覧会にかゝりけり,花の雲,春
12368,がけ端やあぶなくかゝる花の雲,花の雲,春
12369,清水の浮みて高し花の雲,花の雲,春
12370,少しつゝ在所在所の花の雲,花の雲,春
12371,花の雲一日々々に太りけり,花の雲,春
12372,花の雲一日一日はふとりけり,花の雲,春
12373,ぼんやりと埃の中に花の雲,花の雲,春
12374,大仏の膝にかゝるや花の雲,花の雲,春
12375,花の雲鐘つき堂は埋れぬ,花の雲,春
12376,花の雲王城細く見ゆる哉,花の雲,春
12377,鉄橋や左に見ゆる花の雲,花の雲,春
12378,岩角や一かたまりの花の雲,花の雲,春
12379,新阪や向ふに見ゆる花の雲,花の雲,春
12380,隣隣屋根の上より花の雲,花の雲,春
12381,花の雲言問団子桜餅,花の雲,春
12382,大仏を埋めて白し花の雲,花の雲,春
12383,花の雪つく波の山にふりかゝる,花の雪,春
12384,水棹ふれぬ一かたまりの花の雪,花の雪,春
12385,牛島や牛帰る頃の花吹雪,花吹雪,春
12386,牛の背や鹿の子まだらの花吹雪,花吹雪,春
12387,朱の鞍や花の吹雪の馬つなぎ,花吹雪,春
12388,簑笠や花の吹雪の渡し守,花吹雪,春
12389,山里や月もなき夜の花吹雪,花吹雪,春
12390,山里や人もなき夜の花ふゝき,花吹雪,春
12391,我庭や上野の花の花吹雪,花吹雪,春
12392,馬一騎嵐の花のみだれ哉,花吹雪,春
12393,横に吹く落花の雪や杉の前,花吹雪,春
12394,落花樹にかへれど人の行へ哉,落花,春
12395,馬車二輌落花の風にかけり行,落花,春
12396,くれかゝる春はきよせし落花哉,落花,春
12397,大鼓小鼓落花狂へとよ,落花,春
12398,紙にうけて落花を包む禿哉,落花,春
12399,流れ行く大盃の落花哉,落花,春
12400,晩鐘や簪の花のちりかゝる,落花,春
12401,めらめらと落花燃けり大篝,落花,春
12402,狩衣に落花を惜む歌あらむ,落花,春
12403,此上に落花つもれと思ふかな,落花,春
12404,宮守の釵拾ふ落花かな,落花,春
12405,酒酣に落花を坎て剣に舞ふ,落花,春
12406,夜嵐や落花吹付る電気燈,落花,春
12407,風起る落花の中の群集哉,落花,春
12408,向つ家の屋根吹き越ゆる落花かな,落花,春
12409,千本が一時に落花する夜あらん,落花,春
12410,風吹て裏は入江や花杏,杏の花,春
12411,山梨の中に杏の花さかり,杏の花,春
12412,一村は杏と柳ばかりかな,杏の花,春
12413,もろこしに杏の花の名所かな,杏の花,春
12414,もろこしは杏の花の名所かな,杏の花,春
12415,山間や村は杏の花曇り,杏の花,春
12416,都督府の杏咲くなり門の内,杏の花,春
12417,豕飼ふて杏の咲かぬ家もなし,杏の花,春
12418,西門の杏東門の柳かな,杏の花,春
12419,李の花に宮司の娵の端居哉,李の花,春
12420,羽はたきに李雪ちる烏哉,李の花,春
12421,真白に李散りけり手水鉢,李の花,春
12422,山里は李さく頃の寒さ哉,李の花,春
12423,桃李李は少しおくれけり,李の花,春
12424,李白く桃紅の裏家かな,李の花,春
12425,しばられた棚にうら見や梨の花,梨の花,春
12426,梨子の花ふしは月夜に粉れけり,梨の花,春
12427,有明をはなれて白し梨の花,梨の花,春
12428,梨の花折るべき枝はなかりけり,梨の花,春
12429,小原女の薪にまじる梨の花,梨の花,春
12430,有明のきえきえに梨の花淋し,梨の花,春
12431,梨老いて花まばらなり韮畠,梨の花,春
12432,梨咲くやいくさのあとの崩れ家,梨の花,春
12433,鞦韆の影静かなり梨花の月,梨の花,春
12434,金州や東門の外に梨の花,梨の花,春
12435,対の屋に灯の残りけり梨の花,梨の花,春
12436,梨の花団十郎をひゐきかな,梨の花,春
12437,居酒屋の窓に梨咲く薄月夜,梨の花,春
12438,居酒屋の窓に梨さく夕月夜,梨の花,春
12439,灯ともせば梨の花散る寒さかな,梨の花,春
12440,灯ともせば梨の花散る夕かな,梨の花,春
12441,夕寒み翠簾に散る梨の花吹雪,梨の花,春
12442,梨花白し此頃美女を見る小家,梨の花,春
12443,梨花の雪どびの雪翠簾の夢寒し,梨の花,春
12444,朝起の鏡に寒し梨の花,梨の花,春
12445,雨に鎖す紗窓の外や梨花の雪,梨の花,春
12446,裏畑の小便溜や梨の花,梨の花,春
12447,川崎を汽車て通るや梨の花,梨の花,春
12448,鴉飛ぶ後園の月や梨の花,梨の花,春
12449,灯の映る閨の小窓や梨の花,梨の花,春
12450,滅びたる国の形見や梨の園,梨の花,春
12451,実を盗む隣の梨の花咲ぬ,梨の花,春
12452,麦荒れて梨の花さく畠哉,梨の花,春
12453,落第の人を送るや梨の花,梨の花,春
12454,徒歩で行く大師詣や梨の花,梨の花,春
12455,万両にゆすらの花の白き散る,ゆすらの花,春
12456,海棠の檐に鸚鵡の宙がへり,海棠,春
12457,海棠や蜂の巣見ゆる花の陰,海棠,春
12458,海棠の寝顔に見ゆる笑くぼ哉,海棠,春
12459,海棠は鏡見せたき姿哉,海棠,春
12460,海棠やほんやりうつる人の影,海棠,春
12461,海棠をつゝいてまはる胡蝶哉,海棠,春
12462,海棠に反魂香の煙かな,海棠,春
12463,海棠の雫にそだつ金魚かな,海棠,春
12464,海棠や雪洞消えて人の声,海棠,春
12465,紙燭取て女海棠に立てりけり,海棠,春
12466,海棠に痩せて女の佇めり,海棠,春
12467,海棠の花に紅さす局かな,海棠,春
12468,生垣に海棠咲くや上根岸,海棠,春
12469,福助は海棠の花の男かな,海棠,春
12470,海棠に大名とまる日は高し,海棠,春
12471,杉垣に海棠咲くや上根岸,海棠,春
12472,海棠に遊ぶ二人の禿哉,海棠,春
12473,海棠に鼾の細き美人哉,海棠,春
12474,海棠に鏡立てたる化粧哉,海棠,春
12475,海棠に障子明けたる化粧哉,海棠,春
12476,海棠の鉢植置きし衣桁哉,海棠,春
12477,海棠の鉢をかゝへて歩行きけり,海棠,春
12478,海棠やきのふ娶りし宿の妻,海棠,春
12479,海棠やともし火うつる閨の窓,海棠,春
12480,楊貴妃の化粧道具や海棠花,海棠,春
12481,木蓮花小窓のすゝび見えにけり,木蓮,春
12482,木蓮花鉄燈籠の黒さかな,木蓮,春
12483,風吹て裸なりけり木蓮花,木蓮,春
12484,木蓮の花一斉に開きけり,木蓮,春
12485,鈍き木に木蓮の花大なる,木蓮,春
12486,木蓮花咲くや剣術指南番,木蓮,春
12487,木蓮の花は落ちたる青芽哉,木蓮,春
12488,木蓮の蕾少き若木かな,木蓮,春
12489,木蓮や読書の窓の外側に,木蓮,春
12490,風にゆられ水にゆられて藤の花,藤,春
12491,蝶蝶のはいる透なし藤の花,藤,春
12492,藤の芽は花さきさうになかりけり,藤,春
12493,まだ風のたけも短し藤の花,藤,春
12494,水まではとどかぬ風や藤の花,藤,春
12495,あはれさは牛仰むかす藤の花,藤,春
12496,風吹て逃るやうなり藤の花,藤,春
12497,かんざしの蝶ちらつくや藤の花,藤,春
12498,去年より一尺長し藤の花,藤,春
12499,束髪の余り背高し藤の花,藤,春
12500,反橋や藤紫に鯉赤し,藤,春
12501,誰やらの紋に結ばん藤の花,藤,春
12502,永き日やそのしだり尾の下り藤,藤,春
12503,何色に振袖そめん藤の花,藤,春
12504,行く春や苣に届きし藤の花,藤,春
12505,我笠に藤振りかゝる山路哉,藤,春
12506,明寺に藤の花咲く枯木哉,藤,春
12507,今日はまた西へ吹かれつ藤の花,藤,春
12508,吹かれてはもつれてとけて藤の花,藤,春
12509,藤咲きぬ松に一夜を寝て見やう,藤,春
12510,古寺に藤の花さく枯木哉,藤,春
12511,まつの藤しきりに露をこほしけり,藤,春
12512,深山路や松の闇より藤の花,藤,春
12513,落ちかゝる石を抱えて藤の花,藤,春
12514,落ちかゝる岩を抱えて藤の花,藤,春
12515,掛茶屋や頭にさはる藤の花,藤,春
12516,木の末をたわめて藤の下りけり,藤,春
12517,刺繍に倦んで女あくびす藤の花,藤,春
12518,藤咲いて眼やみ籠るや薬師堂,藤,春
12519,藤さがるあちらこちらの梢かな,藤,春
12520,松の木に藤さがる画や百人首,藤,春
12521,持ちそふる狩衣の袖に藤の花,藤,春
12522,物好に藤咲かせけり庭の松,藤,春
12523,山藤や短き房の花ざかり,藤,春
12524,今日も伸び伸びけり藤の花,藤,春
12525,藤棚や池をめぐりて屈曲す,藤,春
12526,大津画に似た塗笠や藤の花,藤,春
12527,手に提げし藤土につくうれしさよ,藤,春
12528,橋際に藤棚のある茶店哉,藤,春
12529,藤棚のある料理屋や町はづれ,藤,春
12530,絵を習ふ絵師か娘や藤の花,藤,春
12531,御慶事を祝ふや藤の造り花,藤,春
12532,御婚儀を祝ふや藤の作り花,藤,春
12533,反橋や池を巡りて藤の棚,藤,春
12534,藤棚に赤提灯をつるしけり,藤,春
12535,藤棚に提灯つりし茶店哉,藤,春
12536,藤の花長うして雨ふらんとす,藤,春
12537,藤を見に行きしきのふの疲れ哉,藤,春
12538,藤活けて酒をさしたるきほひかな,藤,春
12539,念仏に季はなけれとも藤の花,藤,春
12540,風吹て馬酔木花散る門も哉,馬酔木,春
12541,大岩のわれめわれめや岩つゝし,つつじ,春
12542,下り舟岩に松ありつゝじあり,つつじ,春
12543,妹が門つゝじをむしる別れ哉,つつじ,春
12544,かけはしやあぶないとこに山つゝし,つつじ,春
12545,菎蒻につゝじの名あれ太山寺,つつじ,春
12546,さゝやかな金魚の波や山つゝし,つつじ,春
12547,馬引てつゝじの小道帰り行く,つつじ,春
12548,筧ありつゝじは赤く米黒し,つつじ,春
12549,風吹てつゝじの花の流れよる,つつじ,春
12550,風吹て花ふる竿のつゝじ哉,つつじ,春
12551,築山の裏に淋しきつゝじ哉,つつじ,春
12552,つみこんで四角に咲きしつゝじ哉,つつじ,春
12553,二日路や高野にそふて山つゝじ,つつじ,春
12554,塀ごしに庄屋のつゝじ見ゆる也,つつじ,春
12555,餅くふやよしずに見すく山つゝじ,つつじ,春
12556,裏山につゝじ許りのいはほ哉,つつじ,春
12557,大岩のつゝじ小さく見ゆる哉,つつじ,春
12558,つゝじ咲て飴売る木曽の山家哉,つつじ,春
12559,つゝじ折るつゝじが茶屋の女哉,つつじ,春
12560,ところどころつゝじ咲く也屏風岩,つつじ,春
12561,紫の夕山つゝじ家もなし,つつじ,春
12562,山陰や檐より上につゝじ咲く,つつじ,春
12563,山寺や石あつて壇あつてつゝじ咲く,つつじ,春
12564,岩角やつゝじ花さく歯朶隠れ,つつじ,春
12565,瀬をはやみ舟流れ行くつゝじ哉,つつじ,春
12566,つゝじ咲く巌の上に橋かけたり,つつじ,春
12567,手を出せば舟流れ行くつゝじ哉,つつじ,春
12568,岡にそふてつゝじの多き小道哉,つつじ,春
12569,岡にそひてつゝじの多き小道哉,つつじ,春
12570,こまがりに刈り残されて山つゝじ,つつじ,春
12571,旅人のつゝじ引き抜く山路哉,つつじ,春
12572,築山につゝじ咲くなり石の間,つつじ,春
12573,つき山のつゝじ咲く也石の間,つつじ,春
12574,つゝじ多く石碑立たる茶店哉,つつじ,春
12575,つゝじ咲く絶壁の凹み仏立つ,つつじ,春
12576,松若くつゝじがちなる小山かな,つつじ,春
12577,名物の菎蒻黒きつゝじかな,つつじ,春
12578,大磯や庭砂にして松つゝじ,つつじ,春
12579,大木のつゝじ名に立つ野寺哉,つつじ,春
12580,大木のつゝじ見に来る野寺哉,つつじ,春
12581,大木のつゝじ見による野寺哉,つつじ,春
12582,つゝじ多き田舎の寺や花御堂,つつじ,春
12583,つゝじ咲く庭や昔の御本陣,つつじ,春
12584,白壁につゝじ咲たる庄屋哉,つつじ,春
12585,燃ゆる如きつゝじが中の白つゝじ,つつじ,春
12586,高台に家構へたるつゝじかな,つつじ,春
12587,つゝじまだ咲かで淋しき園生哉,つつじ,春
12588,住吉に花なき松はなかりけり,松の花,春
12589,月のなき夜の朧なり松の花,松の花,春
12590,鶴舞や風吹きこぼす松の花,松の花,春
12591,松の花伊勢の朝日の匂ひ哉,松の花,春
12592,松の花禰宜がやしきの庭作り,松の花,春
12593,松山の天主崩れず松の花,松の花,春
12594,汐風や羽衣の松花さきぬ,松の花,春
12595,花も咲かで須磨の浜松老にけり,松の花,春
12596,年老ていよいよ松の緑かな,松の緑,新年
12597,によきによきと松の緑の立てけり,松の緑,新年
12598,真ン丸き庭の小松の緑立つ,松の緑,新年
12599,たのもしや二尺の松の若緑,松の緑,新年
12600,南風に粉を散す松の若緑,松の緑,新年
12601,船形に造りし松の緑哉,松の緑,新年
12602,繍球花をたが織りそめて紅小袖,小粉団,夏
12603,山吹の垣うら白し小米花,小米花,夏
12604,井戸ばたにこほれて白し小米花,小米花,夏
12605,此春も早連翹の散りかゝる,連翹,春
12606,連翹の雨に乱れてしどろ也,連翹,春
12607,連翹に一閑張の机かな,連翹,春
12608,連翹やたばねられたる庭の隅,連翹,春
12609,鉢栽の連翹に来る小鳥哉,連翹,春
12610,連翹や紅梅散りし庭の隅,連翹,春
12611,連翹に似て非なる木の花黄なり,連翹,春
12612,地についた様ナリ土手のぼけの花,木瓜の花,春
12613,地についた様にはえたりぼけの花,木瓜の花,春
12614,にくらしきものゝ愛らし木瓜の花,木瓜の花,春
12615,愛らしきものゝにくらし木瓜の花,木瓜の花,春
12616,近江路や茶店茶店の木瓜の花,木瓜の花,春
12617,江戸を出て木瓜の花垣珍らしき,木瓜の花,春
12618,江戸を出て木瓜の花垣めづらしや,木瓜の花,春
12619,草むらや菫まじりに木瓜の花,木瓜の花,春
12620,初旅や木瓜もうれしき物の数,木瓜の花,春
12621,木瓜咲くや土手の上下道二つ,木瓜の花,春
12622,溝ありて背戸は垣なし木瓜の花,木瓜の花,春
12623,道ばたや踏まれて痩せる木瓜の花,木瓜の花,春
12624,よく見れば木瓜の莟や草の中,木瓜の花,春
12625,吾妹子が門忘れめや木瓜の花,木瓜の花,春
12626,野を行くや木瓜の細道幾曲り,木瓜の花,春
12627,木瓜菫中を車のわだち哉,木瓜の花,春
12628,むく犬のくゞり出けり木瓜の花,木瓜の花,春
12629,草むらや一寸程の木瓜の花,木瓜の花,春
12630,妻一人娘一人や木瓜の花,木瓜の花,春
12631,妻をつれ娘をつれて木瓜の花,木瓜の花,春
12632,木瓜菫かゞとの豆になやみけり,木瓜の花,春
12633,山吹に古衣洗ふをとめ哉,山吹,春
12634,山吹や水にひたりし花の枝,山吹,春
12635,山路きて山吹白く顔黒し,山吹,春
12636,此頃は井出の山吹面白し,山吹,春
12637,山吹の垣にとなりはなかりけり,山吹,春
12638,山吹の中に顔出す臼のおと,山吹,春
12639,山吹の中に米つくよめ御かな,山吹,春
12640,山吹の中に米つく女哉,山吹,春
12641,山吹の中へわたすや丸木はし,山吹,春
12642,山吹や折折はねる水の月,山吹,春
12643,風吹て山吹さわぐ早瀬哉,山吹,春
12644,風吹て山吹蝶をはね返し,山吹,春
12645,風吹て山吹に灯のみだれ哉,山吹,春
12646,風吹て山吹の垣定まらず,山吹,春
12647,水かふや山吹つゝく馬の鼻,山吹,春
12648,むかばきに八重山吹の乱れけり,山吹,春
12649,山吹に雪解の水の青々し,山吹,春
12650,山吹の上に家あり雪操居,山吹,春
12651,山吹の下へはいるや鰌取,山吹,春
12652,山吹のちるや布にも河原にも,山吹,春
12653,山吹や月の戸叩く武者一騎,山吹,春
12654,山吹や人形かわく一むしろ,山吹,春
12655,山吹や藁屋を叩く武者一騎,山吹,春
12656,比丘尼来て山吹折て帰りけり,山吹,春
12657,山吹の外向いて咲く垣根かな,山吹,春
12658,山吹の中に引つ込む小牛哉,山吹,春
12659,山吹を踏んで驚く雀かな,山吹,春
12660,傘さして山吹提げて橋の上,山吹,春
12661,山吹の岸も過ぎけり下り舟,山吹,春
12662,山吹の岸も過ぎけり渡し舟,山吹,春
12663,山吹の濡れてひつゝく鎧かな,山吹,春
12664,山吹の花の雫や宵の雨,山吹,春
12665,山吹の花の雫やよべの雨,山吹,春
12666,山吹や雨雲垂るゝ野のほとり,山吹,春
12667,山吹や水うつくしき多摩の里,山吹,春
12668,裏門や山吹提げて人戻る,山吹,春
12669,背戸川の山吹散るや鍋茶釜,山吹,春
12670,竹垣や雨の山吹土に臥す,山吹,春
12671,山吹の背戸口狭し鍋茶釜,山吹,春
12672,山吹に張物乾く日は高し,山吹,春
12673,山吹の毎日散つて井浅し,山吹,春
12674,山吹や小鮒入れたる桶に散る,山吹,春
12675,等閑に山吹咲ける名所かな,山吹,春
12676,古井戸や山吹散つて魚遊ふ,山吹,春
12677,山吹に木瓜のまじりし垣根哉,山吹,春
12678,山吹の散るや盥の忘れ水,山吹,春
12679,山吹の流れ去りけり一しきり,山吹,春
12680,山吹の花くふ馬を叱りけり,山吹,春
12681,山吹の花を渦巻く井堰かな,山吹,春
12682,山吹の溝に垂れたる垣根哉,山吹,春
12683,山吹や公事に上りて借屋敷,山吹,春
12684,山吹や尋ねあたらぬ乳母が家,山吹,春
12685,山吹や花散り尽す水の上,山吹,春
12686,雨晴れて山吹黄なる蕾哉,山吹,春
12687,杉垣に山吹咲ける裏戸哉,山吹,春
12688,庭先の山吹を折る法事かな,山吹,春
12689,干傘に山吹散るや狭き庭,山吹,春
12690,山吹に柳しだるゝ小池かな,山吹,春
12691,山吹の上にしだるゝ柳かな,山吹,春
12692,山吹の咲くや武蔵の玉川に,山吹,春
12693,山吹の散りそめて皆散にけり,山吹,春
12694,山吹の花流れよる芥かな,山吹,春
12695,山吹や池に臨みて亭一つ,山吹,春
12696,山吹や鶉飼ふたる市の家,山吹,春
12697,仏壇の山吹散りし茶湯哉,山吹,春
12698,山吹と見ゆるガラスの曇哉,山吹,春
12699,山吹に蝶吹き飛ばす嵐哉,山吹,春
12700,山吹も菜の花も咲く小庭哉,山吹,春
12701,山吹や荷をおろしたる蜆売,山吹,春
12702,山吹を三たびめぐつて蝶去りぬ,山吹,春
12703,山吹に燃えて尽きたる屑火かな,山吹,春
12704,山吹の雨やガラスの窓の外,山吹,春
12705,山吹やいくら折つても同じ枝,山吹,春
12706,山吹や三角の蕾一列に,山吹,春
12707,山吹や何がさはつて散りはじめ,山吹,春
12708,裏道やおこん花咲く小笹垣,枸杞,冬
12709,面白や月に山椒の皮剥げば,山椒,春
12710,木の芽とは豆腐の上に生ふる者なり,山椒,春
12711,切口の摺鉢とれば木芽哉,山椒,春
12712,枯枝と知れてものうし木芽時,木の芽,春
12713,莟とも見えてうれしき木芽哉,木の芽,春
12714,鉈あげてきらんとすれば木芽哉,木の芽,春
12715,草鞋はく園女か旅や木の芽時,木の芽,春
12716,木芽ふいてうこぎ長屋の人もなし,木の芽,春
12717,しほらしき老木の株の木芽哉,木の芽,春
12718,そぼふるや黒木の鳥居木芽ふく,木の芽,春
12719,つぶつぶと芽をふいて居る老木哉,木の芽,春
12720,何の木としらで芽を吹く垣根哉,木の芽,春
12721,木の芽ふく垣根つゞきや牛の声,木の芽,春
12722,大木の切株芽ばる垣根かな,木の芽,春
12723,はきだめの榎芽をふく日和哉,木の芽,春
12724,鼻つけて牛の嗅きたる木芽哉,木の芽,春
12725,鼻つけて牛の嗅き居る木芽哉,木の芽,春
12726,珍らしき鳥の来て鳴く木芽哉,木の芽,春
12727,切株のぐるりよりふく木の芽哉,木の芽,春
12728,紅も萌黄も見ゆる木の芽かな,木の芽,春
12729,とかくして木の芽ふく也枳殻垣,木の芽,春
12730,何の木と知れずわづかに芽をふきぬ,木の芽,春
12731,老木の枯枝多く芽少し,木の芽,春
12732,老木の梢は遅き芽出しかな,木の芽,春
12733,足の立つ嬉しさに萩の芽を検す,木の芽,春
12734,きのふも見けふも見る萩の芽ざすかと,木の芽,春
12735,大砲のどろどろと鳴る木の芽哉,木の芽,春
12736,鳥啼いて老木芽を吹く梢かな,木の芽,春
12737,萩の芽に犬ころ愛す小庭哉,木の芽,春
12738,老木の半ば枯れたる木の芽哉,木の芽,春
12739,榛の芽に毎日鳴くよ四十雀,木の芽,春
12740,おしめほす低き小枝の木の芽哉,木の芽,春
12741,下りたちて見廻る庭の木の芽哉,木の芽,春
12742,雷の始めて青き木芽哉,木の芽,春
12743,枯れし木の枯れざる枝に若芽哉,木の芽,春
12744,枯れし木の枯れざる枝や芽をふきぬ,木の芽,春
12745,木々の芽や新宅の庭とゝのはす,木の芽,春
12746,木芽ふく朽木何とも知れぬ也,木の芽,春
12747,桐の木の低き芽を皆欠ぎにけり,木の芽,春
12748,新宅や植木芽をふく窓の先,木の芽,春
12749,百姓の庭も垣根も木の芽哉,木の芽,春
12750,草鞋はく園女か旅や木の芽山,木の芽,春
12751,木の芽ふく庭の鳥籠や猫来る,木の芽,春
12752,牡丹の芽ひたふる霜を恐れけり,木の芽,春
12753,藁すぼや霜を恐るゝ牡丹の芽,木の芽,春
12754,あづま屋に巻煙草ふく木の芽かな,木の芽,春
12755,汽車過ぎて煙のかゝる木の芽かな,木の芽,春
12756,木の芽ふく十坪の庭を散歩かな,木の芽,春
12757,すたれたる昔御園の木の芽かな,木の芽,春
12758,たらの芽や結城のたより聞えざる,木の芽,春
12759,萩の芽に並びて赤し牡丹の芽,木の芽,春
12760,たらの芽を煮ても焼てもくふ処,木の芽,春
12761,蘆はまだ難波のうらの竹の秋,竹の秋,秋
12762,麦を抱く人画に似たり竹の秋,竹の秋,秋
12763,世の春に我家は竹の秋深し,竹の秋,秋
12764,片なりにのびし芭蕉の若芽哉,芭蕉の芽,春
12765,それそれに名のつく菊の芽生哉,菊の芽,春
12766,菊の芽に蝶も近づくことなかれ,菊の芽,春
12767,菊の芽の一寸にして名むつかし,菊の芽,春
12768,菊の芽を摘んで夕立つ夕かな,菊の芽,春
12769,植えかへてつひに枯れけり菊の苗,菊の苗,春
12770,菊植ゑて雨ふりにけり晴にけり,菊の苗,春
12771,菊植ゑて天気予報を見る日哉,菊の苗,春
12772,札つけたまゝでもらふや菊の苗,菊の苗,春
12773,痩畑に菊植ゑばやと思ふかな,菊の苗,春
12774,菊苗に水やる土の乾きかな,菊の苗,春
12775,わびたりや小鍋にまじる雪若菜,菊の苗,春
12776,をさな子の雪をつかみし若な哉,菊の苗,春
12777,牛の子の柵に首出す若菜哉,菊の苗,春
12778,幸の鍋に摘みこむ若菜哉,菊の苗,春
12779,嵯峨へ行き御室へ戻り若菜哉,菊の苗,春
12780,白妙の君が手見せよ若菜摘,菊の苗,春
12781,半分は泥の重みや若菜籠,菊の苗,春
12782,真間は今入江のあとの若菜哉,菊の苗,春
12783,雪のけて見ればうれしき若菜哉,菊の苗,春
12784,料理場にもて余したる若菜哉,菊の苗,春
12785,畦道に若菜つむ少女並びけり,菊の苗,春
12786,雨晴れて妹が若菜はのびにけり,菊の苗,春
12787,大江戸へ馬でつみ出す若菜哉,菊の苗,春
12788,籠さげて若菜つみつみ関屋迄,菊の苗,春
12789,塗盆に禿のはこぶ若菜かな,菊の苗,春
12790,春日野の若菜喰ひ居る男鹿かな,菊の苗,春
12791,毛氈に土こぼしたる若菜かな,菊の苗,春
12792,からし菜の一畝を老のたつき哉,芥菜,冬
12793,春菊や今豆腐屋の声す也,春菊,秋
12794,春菊や豆腐屋の声聞ゆ也,春菊,秋
12795,春菊や長屋の庭の夕ながめ,春菊,秋
12796,麦と菜の花の間を白帆哉,菜の花,春
12797,麦と菜の花の中から白帆哉,菜の花,春
12798,菜の花やはつとあかるき町はつれ,菜の花,春
12799,一日の路や菜の花浪の花,菜の花,春
12800,菜の花のかほりめてたき野糞哉,菜の花,春
12801,菜の花のかほりめてたや野らの糞,菜の花,春
12802,菜の花つゝむ小家や路一つ,菜の花,春
12803,菜の花の露ひゝやりと顔をうつ,菜の花,春
12804,菜の花の露ひいやりと尻をうつ,菜の花,春
12805,菜の花の露ひやゝかや顔と尻,菜の花,春
12806,菜の花の中に道あり一軒家,菜の花,春
12807,菜の花に居あまる蝶の石地蔵,菜の花,春
12808,菜の花の上に淀舟動きけり,菜の花,春
12809,菜の花のさく頃里の餅赤し,菜の花,春
12810,菜の花の野末に低し天王寺,菜の花,春
12811,菜の花や奥州通ふ汽車の笛,菜の花,春
12812,菜の花や道者よびあふ七曲り,菜の花,春
12813,菜の花や野中の寺の椽の下,菜の花,春
12814,菜の花や昼も蛙の鳴く処,菜の花,春
12815,菜の花や物見に上る姫御前,菜の花,春
12816,菜の花や焼場の煙たえだえに,菜の花,春
12817,ふらふらと行けば菜の花はや見ゆる,菜の花,春
12818,やせ村に今菜の花のさかり哉,菜の花,春
12819,上り帆の菜の花の上に見ゆるかな,菜の花,春
12820,家遠近暮れて菜の花はるか也,菜の花,春
12821,兼平の塚をとりまく菜種哉,菜の花,春
12822,菜種咲いて小村近しと見ゆる哉,菜の花,春
12823,菜の花にそふて道あり村稲荷,菜の花,春
12824,菜の花の小村ゆたかに見ゆる哉,菜の花,春
12825,菜の花の少しばかりは見ゆる哉,菜の花,春
12826,菜の花や海をへだてゝ淡路島,菜の花,春
12827,菜の花やよう似た顔の姉妹,菜の花,春
12828,菜の花や岡崎女郎衆人を呼ぶ,菜の花,春
12829,上り帆の菜の花の上に見ゆる哉,菜の花,春
12830,村ところところ菜の花見ゆるかな,菜の花,春
12831,菜の花に婚礼したる狐哉,菜の花,春
12832,菜の花の上にかさなる生駒かな,菜の花,春
12833,菜の花の四角に咲きぬ麦の中,菜の花,春
12834,菜の花の中に稲荷の鳥居かな,菜の花,春
12835,菜の花の中に川あり渡し舟,菜の花,春
12836,菜の花の中に三條四條かな,菜の花,春
12837,菜の花や牛の尿する渡し船,菜の花,春
12838,菜の花や雲は茶色の入日影,菜の花,春
12839,菜の花や小娘ひとり此大家,菜の花,春
12840,菜の花や獅子の頭の行く小道,菜の花,春
12841,菜の花や余念もなしに蝶の舞,菜の花,春
12842,寺ありて菜種咲くなり西の京,菜の花,春
12843,菜の花の中に夕日の黄なるかな,菜の花,春
12844,菜の花の向ふに見ゆる都かな,菜の花,春
12845,菜の花や金蓮光る門徒寺,菜の花,春
12846,菜の花や仁王の草鞋提げて行く,菜の花,春
12847,菜の花や娘に出あふ田舎道,菜の花,春
12848,古壁に菜の花咲くや浄土寺,菜の花,春
12849,菜の花や雨やんで日未なり,菜の花,春
12850,菜や麦や杉の木の間に野が見ゆる,菜の花,春
12851,菜や麦や森の中より野が見ゆる,菜の花,春
12852,麦を出て道菜の花の中に入る,菜の花,春
12853,兼平の塚取り巻いて菜種咲く,菜の花,春
12854,菜の花や絵馬売る店の夕日影,菜の花,春
12855,飼鳥の餌にする菜種折にけり,菜の花,春
12856,菜種散る泥の小道の轍哉,菜の花,春
12857,菜の花の中に狐の祠哉,菜の花,春
12858,菜の花やあちらこちらに七大寺,菜の花,春
12859,菜の花や雨にぬれたる嫁狐,菜の花,春
12860,菜の花や駅から駅へ三里半,菜の花,春
12861,菜の花や視学迎へる村の口,菜の花,春
12862,菜の花や小学校の昼餉時,菜の花,春
12863,菜の花や勅使の車通りけり,菜の花,春
12864,菜の花や海苔干す家の裏畠,菜の花,春
12865,菜の花や一人乗りたる二人乗,菜の花,春
12866,覚束な夕くれ時の大根花,大根の花,春
12867,虻なりと遊べ大根の花ざかり,大根の花,春
12868,中庭の一本大根花咲きぬ,大根の花,春
12869,城跡や大根花咲く山の上,大根の花,春
12870,榛の木や大根花咲く畑の隅,大根の花,春
12871,門口や大根花咲く百姓家,大根の花,春
12872,寒食の里や大根の花盛,大根の花,春
12873,桑の芽の僅に青し花大根,大根の花,春
12874,蚕飼せぬ村静かなり花大根,大根の花,春
12875,雀啼く大根の花やひな曇,大根の花,春
12876,大根の一本咲くや榛の下,大根の花,春
12877,大根の花さく彼岸日和哉,大根の花,春
12878,大根の花散る里や雛祭,大根の花,春
12879,大根の花に淋しや西の京,大根の花,春
12880,大根の花の隣や春大根,大根の花,春
12881,菜の花や大根の花はうら淋し,大根の花,春
12882,桃散るや大根の花は実になりぬ,大根の花,春
12883,大根の花咲く雨や間居の詩,大根の花,春
12884,大根の花に神鳴る初かな,大根の花,春
12885,名所を行くや大根の花盛,大根の花,春
12886,草化して胡蝶になるか豆の花,豆の花,春
12887,豆の花さくや小川の水の勢,豆の花,春
12888,公事に勝ちて里に帰れば豆の花,豆の花,春
12889,蒲団干す下にいちごの花白し,苺の花,春
12890,一たばは道に捨てけり蓮花草,れんげ,春
12891,極楽の道へ迷ふや蓮華草,れんげ,春
12892,極楽へ迷ひこんたり蓮華草,れんげ,春
12893,南無日蓮安房は妙法蓮華草,れんげ,春
12894,蓮華草我も一度は小供なり,れんげ,春
12895,上ヶ土のあひにわりなし蓮華草,れんげ,春
12896,右によけ左によけて蓮華草,れんげ,春
12897,あぜ道のうねり見えけり蓮華草,れんげ,春
12898,もの出来ぬ痩田うつくし蓮華草,れんげ,春
12899,蓮華草咲くや野中の土饅頭,れんげ,春
12900,木もなしに小庭は嫁菜蓮華草,れんげ,春
12901,我庭にげんげん咲けるうれしさよ,れんげ,春
12902,我庭のげんげん肥えて色薄し,れんげ,春
12903,げんげんに座して女のものを喰ふ,れんげ,春
12904,げんげんに弁当喰ひ居る女かな,れんげ,春
12905,野道行けばげんげんの束のすてゝある,れんげ,春
12906,げんげんの下で仏は生れけり,れんげ,春
12907,げんげんを打ち起したる痩田哉,れんげ,春
12908,げんげんの花うちおこす痩田かな,れんげ,春
12909,手に余るげんげんの束捨にけり,れんげ,春
12910,手に取るなやはり野に置け蓮華草,れんげ,春
12911,字にかいて蒲公英の名ぞなつかしき,蒲公英,春
12912,字にかいて鼓草の名そなつかしき,蒲公英,春
12913,たんほゝやこれもなのある花の内,蒲公英,春
12914,たんほゝやたかくたひれたしりの跡,蒲公英,春
12915,ふまれてもまだたんほゝの盛哉,蒲公英,春
12916,たんほゝや根岸あたりの貸地札,蒲公英,春
12917,春老てたんほゝの花吹けば散る,蒲公英,春
12918,街道の蒲公英馬糞に肥にけり,蒲公英,春
12919,外側に蒲公英咲ける台場哉,蒲公英,春
12920,蒲公英の垣根とばかり上根岸,蒲公英,春
12921,蒲公英やそこらだらけの牛の糞,蒲公英,春
12922,道古りて蒲公英開く砦かな,蒲公英,春
12923,馬借りて蒲公英多き野を過る,蒲公英,春
12924,蒲公英に砲台古りし岬かな,蒲公英,春
12925,蒲公英に人の参らぬ地蔵かな,蒲公英,春
12926,蒲公英に描きそへたる土筆哉,蒲公英,春
12927,蒲公英の小路左へ分れけり,蒲公英,春
12928,蒲公英や紀念碑を彫る路の端,蒲公英,春
12929,蒲公英や釣鐘一つ寺の跡,蒲公英,春
12930,蒲公英やローンテニスの線の外,蒲公英,春
12931,名を埋む野辺や蒲公英一坏の土,蒲公英,春
12932,庭に咲く蒲公英に詩の思ひあり,蒲公英,春
12933,蒲公英に胡粉こぼすや土細工,蒲公英,春
12934,道芝や蒲公英の花低く咲く,蒲公英,春
12935,蒲公英ヤ細工ニスベキ花ノ形,蒲公英,春
12936,蒲公英ヤボールコロゲテ通リケリ,蒲公英,春
12937,剥製ノ雉蒲公英ノ造リ花,蒲公英,春
12938,寝た牛の下にしかれし菫哉,菫,春
12939,我庭に一本さきしすみれ哉,菫,春
12940,犬糞に腰をすえけり花すみれ,菫,春
12941,落ちさふなかけの雫や菫草,菫,春
12942,草刈の籠をもれけり花菫,菫,春
12943,ぬるゝともいざこゝでねん菫草,菫,春
12944,ぬるゝともいざこゝで寝ん花菫,菫,春
12945,花程の雫こほすや菫草,菫,春
12946,花程の雫こほすや壺菫,菫,春
12947,一本のすみれにやすむ気楽さよ,菫,春
12948,微酔の足覚束な花菫,菫,春
12949,水はしらすたゝあしもとの花すみれ,菫,春
12950,女にも生れて見たし花菫,菫,春
12951,御白粉に白うよごれし菫かな,菫,春
12952,一本のすみれにやすむ独りたび,菫,春
12953,山ハしらすたゝあしもとの花すみれ,菫,春
12954,山ハ野ハしらすたゝあしもとの花すみれ,菫,春
12955,山ハ水ハしらすたゝあしもとの花すみれ,菫,春
12956,世の人にふまれなからや花すみれ,菫,春
12957,石かけや石に根をもつ花菫,菫,春
12958,一本の菫あらそふ局かな,菫,春
12959,色薄し夕山陰の花菫,菫,春
12960,牛の子にくひ残されし菫哉,菫,春
12961,うつくしき蜴蜥も出たり花菫,菫,春
12962,春日野の女くさゝよ花菫,菫,春
12963,組打の勝負のあとや壺菫,菫,春
12964,傾城の菫は痩せて鉢の中,菫,春
12965,小娘が足の血に泣く菫かな,菫,春
12966,土ともに紙に包みしすみれ哉,菫,春
12967,橋杭に児のほしかるすみれ哉,菫,春
12968,橋本は菫さく野と成にけり,菫,春
12969,花菫牛を恐れる子供あり,菫,春
12970,百姓の背戸の中まで菫かな,菫,春
12971,堀崩す土手のはづれの菫かな,菫,春
12972,松の根に薄むらさきの菫哉,菫,春
12973,むさしのゝはつと開きて菫かな,菫,春
12974,山鳥の遊びに出たる菫かな,菫,春
12975,行き悩む順礼若し花菫,菫,春
12976,頼朝の墓はと問へばすみれ哉,菫,春
12977,山賊が飯たくあとの菫哉,菫,春
12978,繋ぎ捨てゝ舟を上れば花菫,菫,春
12979,飛石に一もとづゝの菫かな,菫,春
12980,花菫討死の塚ところところ,菫,春
12981,紫の菫咲くなり野雪隠,菫,春
12982,陸軍省建築用地の菫かな,菫,春
12983,石垣の崩れかゝりし菫かな,菫,春
12984,下草に菫咲くなり小松原,菫,春
12985,芝青く土手平らかに花菫,菫,春
12986,古城や菫花咲く石の間,菫,春
12987,あやしくも菫咲きけり塚の前,菫,春
12988,枯草の中にゆかしき菫かな,菫,春
12989,笹舟の菫の岸に到著す,菫,春
12990,笹舟や菫の岸に到着す,菫,春
12991,笹舟や菫の岸に著にけり,菫,春
12992,笹舟の菫の岸に著にけり,菫,春
12993,笹舟や菫の岸に流れ著く,菫,春
12994,菫咲て台場荒れぬ明治三十年,菫,春
12995,神の子の菫の露を吸ふ画かな,菫,春
12996,結婚を菫に契る男女かな,菫,春
12997,船長の愛す菫の小鉢哉,菫,春
12998,女生徒の遊ぶ処や花菫,菫,春
12999,等閑に菫見て行く旅路哉,菫,春
13000,東門を出づれば野辺の菫哉,菫,春
13001,日本派の句集に画く菫かな,菫,春
13002,日一日菫の花に遊ひけり,菫,春
13003,フランスの菫を封す書信かな,菫,春
13004,貝塚へ曲る小道の菫かな,菫,春
13005,角力場は荒れたるまゝの菫哉,菫,春
13006,菫より小き花を摘にけり,菫,春
13007,鼻血ふく紙を捨てたる菫かな,菫,春
13008,美の神の抱きあふて居る菫かな,菫,春
13009,カナリヤの餌に束ねたるはこべ哉,はこべ,春
13010,売らるゝと知らで咲きけり桜草,桜草,春
13011,植木屋の裏は小田なり桜草,桜草,春
13012,風吹て桜ちる日よ桜草,桜草,春
13013,市へ行く植木車や桜草,桜草,春
13014,蝶々の来べき庭なり桜草,桜草,春
13015,振袖をかざして通るあざみ哉,薊,夏
13016,花薊毛虫生るゝ思ひあり,薊,夏
13017,世をいとふ心薊を愛すかな,薊,夏
13018,紫の花に刺ある薊哉,薊,夏
13019,水鳥のつゝき出したる根芹哉,芹,春
13020,うれしくも芹生ひけらし井戸の端,芹,春
13021,芹売に出して見せたる小判哉,芹,春
13022,大名の芹つむ女見そめけり,芹,春
13023,一籠の蜆にまじる根芹哉,芹,春
13024,古沢や泥にひゝつく芹なずな,芹,春
13025,古沢や泥にまみるゝ芹薺,芹,春
13026,この岡に田芹つむ妹名のらさね,芹,春
13027,この岡に根芹つむ妹名のらさね,芹,春
13028,泥川を芹生ひ隠すうれしさよ,芹,春
13029,古川や昔女の根芹摘む,芹,春
13030,継橋知れず野芹を摘んで戻りけり,芹,春
13031,芹生ひて家鴨の足の赤さかな,芹,春
13032,芹目高乏しき水のぬるみけり,芹,春
13033,芹生えし泥溝の流れや菖蒲の芽,芹,春
13034,田の中や芹摘みて去る足の跡,芹,春
13035,雨に友あり八百屋に芹を求めける,芹,春
13036,芹薺汽車道越えて三河島,芹,春
13037,引きぬけば小き根のつく薺哉,薺,新年
13038,をさな子に教へてつます薺哉,薺,新年
13039,砧うつ拍子でたゝく薺哉,薺,新年
13040,妻もたぬ家に手あらき薺哉,薺,新年
13041,手鞠つく拍子にあはす薺哉,薺,新年
13042,薺打つ人とこそ見れ五百石,薺,新年
13043,摘み残す薺は花にあらはれぬ,薺の花,春
13044,君知るや三味線草は薺なり,三味線草,春
13045,どれも皆うしろ姿や嫁菜つみ,嫁菜,春
13046,嫁菜つむ王子は京の田舎哉,嫁菜,春
13047,道ばたや漁村の娘蓬摘む,蓬,春
13048,灸にする餅にする蓬摘みにけり,蓬,春
13049,学校へ行かぬ子達か蓬摘,蓬,春
13050,枕もとに長命菊のさかりかな,長命菊,秋
13051,新わさびくるしからずば聞しめせ,山葵,春
13052,こりこりと老が歯なやむ防風哉,防風,冬
13053,大名の独活刈たしとの給ひぬ,独活,春
13054,独活ひとり御膳に山の匂ひ哉,独活,春
13055,花そとも見えぬ哀れや蕗の薹,蕗の薹,春
13056,庄内や雪の中より蕗の薹,蕗の薹,春
13057,蕗の薹福寿草にも似たりけり,蕗の薹,春
13058,蕗の薹藪の隅より現はれし,蕗の薹,春
13059,山里や雪の中より蕗のとう,蕗の薹,春
13060,其花をさゝげて伸びぬ蕗の薹,蕗の薹,春
13061,開くとも咲くともいはず蕗の薹,蕗の薹,春
13062,藪裏や横に生えたる蕗の薹,蕗の薹,春
13063,店先に蜜柑腐りぬ蕗の薹,蕗の薹,春
13064,蕗の薹ほうけて瓶にさゝれけり,蕗の薹,春
13065,山陰に虎杖森の如くなり,虎杖,春
13066,分け入って谷は虎杖ばかりなり,虎杖,春
13067,虎杖モ蕨モ伸ビヌ山ノ様,虎杖,春
13068,春蘭や無名の筆の俗ならず,春蘭,春
13069,小包みに小杜若のしほれたる,小杜若,春
13070,枯蘆の下から青む湖辺かな,芦の芽,春
13071,牛の子の水のむ川や蘆の角,芦の角,夏
13072,しほらしき物を名つけて蘆の角,芦の角,夏
13073,難波江や干潟の限り蘆の角,芦の角,夏
13074,橋もなし飛ばれぬ小川蘆の角,芦の角,夏
13075,若芝や檜葉の木長く松丸し,若芝,春
13076,あれにけりつばなまじりの一ノ坪,茅花,春
13077,三日月のほのかに白し茅花の穂,茅花,春
13078,おそろしきまでに穂に出るつばなかな,茅花,春
13079,おそろしき迄穂に出る茅花哉,茅花,春
13080,茅花さく家を傾城のなれのはて,茅花,春
13081,故郷や芽花ぬきしは十余年,芽花,春
13082,遊女老いて茅花まじりの垣根哉,芽花,春
13083,古株の底やもやもや薄の芽,薄の芽,春
13084,古庭や刈株少し薄の芽,薄の芽,春
13085,むさしのやすくろの薄小雨ふる,末黒の薄,冬
13086,ふむまいそ小道にすみれつくつくし,土筆,春
13087,一もとのつくしに飛ぶや野の小川,土筆,春
13088,親子らしならぶつくしの長短,土筆,春
13089,喧嘩した小共のあとやつくつくし,土筆,春
13090,つくつくしゆるしてくれよ杖のとが,土筆,春
13091,つみもせすすわつて見るやつくつくし,土筆,春
13092,手のとゞくだけは短しつくづくし,土筆,春
13093,手のとゝくとこは短しつくつくし,土筆,春
13094,ふむまいとすみれをよけてつくつくし,土筆,春
13095,ふむまいとよけた方にもつくつくし,土筆,春
13096,ほうけたるまゝ也つくし蕗の薹,土筆,春
13097,伏兵の鉄砲倒すつくし哉,土筆,春
13098,ほうけたるつくし陽炎になりもせん,土筆,春
13099,ほくほくとつくしのならふ焼野哉,土筆,春
13100,見て行くや小道小道の土筆,土筆,春
13101,迷ひ子のすてゝて行きけりつくづくし,土筆,春
13102,よく見ればあとさき多きつくし哉,土筆,春
13103,畦道や曲り曲りの土筆,土筆,春
13104,籠さげて土筆つみつみ関屋まで,土筆,春
13105,枯草の中やすいすい土筆,土筆,春
13106,竹籠の若菜にまじる土筆哉,土筆,春
13107,たけ高し棘の中の土筆,土筆,春
13108,土筆野中の石碑字消えたり,土筆,春
13109,二三本土筆生えけり池の端,土筆,春
13110,麻生田にいまだ短し土筆,土筆,春
13111,砂原やほうしこ抜けばとなゝがら,土筆,春
13112,萱深く土筆あるべき目利かな,土筆,春
13113,枯萱の色に出でたるつくしかな,土筆,春
13114,砂原に頭ばかりの土筆哉,土筆,春
13115,土筆多き土手に日暮るゝ恨かな,土筆,春
13116,土筆を得ず虎杖を得て帰る,土筆,春
13117,つれづれや病床に土筆の袴取る,土筆,春
13118,墓原の杉菜に交る土筆かな,土筆,春
13119,節多く頭がちなる土筆哉,土筆,春
13120,町近き野辺に乏しき土筆,土筆,春
13121,女ばかり土筆摘み居る野は浅し,土筆,春
13122,仏を話す土筆の袴剥きながら,土筆,春
13123,見てすぐる土手の土筆や蓬摘,土筆,春
13124,土筆煮て飯くふ夜の台所,土筆,春
13125,一つ長く一つ短しつくづくし,土筆,春
13126,道のべにたまたま土筆一つかな,土筆,春
13127,家を出でゝ土筆摘むのも何年目,土筆,春
13128,看病や土筆摘むのも何年目,土筆,春
13129,里人は土筆も食わず蓬摘,土筆,春
13130,杉菜多キ堤ニ出タリ土筆狩,土筆,春
13131,病床を三里はなれて土筆取,土筆,春
13132,すさましや杉菜許りの岡一つ,杉菜,春
13133,何もなき杉菜ばかりの砂地哉,杉菜,春
13134,いたづらに土筆尋ぬる杉菜哉,杉菜,春
13135,家ヲ出テ根岸田圃ノ杉菜カナ,杉菜,春
13136,のびすぎて風にあぶなきわらびかな,蕨,春
13137,おぼこ気を握りつめけり初蕨,蕨,春
13138,早蕨の庭に手を出す山家哉,蕨,春
13139,苫の雨奥山わらび匂ひけり,蕨,春
13140,山里や簀の子の下のかぎ蕨,蕨,春
13141,老僧の如意に持ちそふ蕨哉,蕨,春
13142,ゆらゆらと比良の尾上の蕨哉,蕨,春
13143,奥山のおどろが下や蕨取,蕨,春
13144,奥山のおとろの下やわらひ取,蕨,春
13145,蕨己に手を広げたる広げざる,蕨,春
13146,早蕨の手も握られす此別れ,蕨,春
13147,山焼イテ十日ノ市ヤ初蕨,蕨,春
13148,見えかゝる叔父の閑居や葱のぎぼ,葱の擬宝,冬
13149,傘さして韮つむ人のにくさ哉,韮,春
13150,韮剪つて酒借りに行く隣哉,韮,春
13151,蕗の薹のわすれかたみや茗荷の子,茗荷,夏
13152,かくれ家の四隅を見れば茗荷哉,茗荷,夏
13153,此畑も親が譲りの茗荷哉,茗荷,夏
13154,すさましや庫裏のうしろの茗荷竹,茗荷,夏
13155,すさましや野寺の庭の茗荷竹,茗荷,夏
13156,茗荷とは虫さへくはぬ名也けり,茗荷,夏
13157,山里の春は淋しき茗荷かな,茗荷,夏
13158,菜の花をはさんで麦の畝青し,青麦,春
13159,青麦やあふてもあふてもしらぬ人,青麦,春
13160,青麦やところところに菜種咲く,青麦,春
13161,麦の葉や緑うなつく五六寸,青麦,春
13162,青麦や畑の末の大和尚,青麦,春
13163,草臥る青麦道や病ミ上り,青麦,春
13164,青麦に床几立てたる写生哉,青麦,春
13165,青麦に山も見えさる地形かな,青麦,春
13166,青麦に山も見えざる地勢哉,青麦,春
13167,種芋を種ゑて二日の月細し,種いも,春
13168,京人は葉の形知らぬ野老哉,野老,春
13169,花も葉もなしや野老の老の髭,野老,春
13170,野老堀見れば髯なき翁哉,野老,春
13171,君か代の苗代見せう都人,苗代,春
13172,苗代や月をおさえてなく蛙,苗代,春
13173,苗代や月をふまえて鳴く蛙,苗代,春
13174,苗代やところところに不二のきれ,苗代,春
13175,苗代や籾をかぶつてなく蛙,苗代,春
13176,市中や苗代時の鯰売,苗代,春
13177,君が代や苗代時の物しづか,苗代,春
13178,すみきるや苗代水の上流れ,苗代,春
13179,苗代のへりをつたふて目高哉,苗代,春
13180,苗代や蛙の座敷青みたり,苗代,春
13181,夜の雨や苗代青むさゝ濁り,苗代,春
13182,鷺下りて苗代時の寒哉,苗代,春
13183,苗代の雨緑なり三坪程,苗代,春
13184,野の森や苗代時の薄曇り,苗代,春
13185,水足りて苗代青むはじめかな,苗代,春
13186,苗代の濁り流れて芹の花,苗代,春
13187,苗代へ分るゝ水の目高哉,苗代,春
13188,苗代や許六の蛙史邦の亀,苗代,春
13189,苗代やげんげの束の捨てゝある,苗代,春
13190,苗代や短冊形と色紙形,苗代,春
13191,苗代や札立てゝある試験田,苗代,春
13192,苗代や水を離るゝ針の尖,苗代,春
13193,苗代や林檎の花は散りつくす,苗代,春
13194,農会や苗代時の蛾の話,苗代,春
13195,苗代や第一番は善通寺,苗代,春
13196,芒芽をふきぬ病もいえるべく,芽立,春
13197,附木立てゝ鶏頭葉鶏頭など芽ざす,芽立,春
13198,庭踏んで木の芽草の芽なんど見る,芽立,春
13199,物の芽の中に桔梗の芽出し哉,芽立,春
13200,萱草やこゝに芽をふく忘草,芽立,春
13201,芽をふかぬ小庭淋しや下駄の跡,芽立,春
13202,松を伐れ日陰の草の芽を惜み,草の芽,春
13203,葉鶏頭の苗養ふや絵師が家,草の芽,春
13204,古庭やいろいろの鉢いろいろの芽,草の芽,春
13205,下萌にせばめられたる野道哉,下萌,春
13206,下萌にせばめられ行く野道哉,下萌,春
13207,下萌に引く大砲の車かな,下萌,春
13208,下萌や寝牛の尻のこそばゆき,下萌,春
13209,下萌を嗅ありく鹿の只一つ,下萌,春
13210,日あたりや下萌えあへず馬嘶ふ,下萌,春
13211,くるしさや恋の下萌ほの緑,下萌,春
13212,下萌のきほひにこける仏かな,下萌,春
13213,下萌やこゝにいひなづけの女あり,下萌,春
13214,下萌を催す頃の地震哉,下萌,春
13215,下萌の小庭に来るや知らぬ鶏,下萌,春
13216,下萌や音無川の上流れ,下萌,春
13217,ところどころ緑萌え立つ砂漠かな,草萌,春
13218,萩桔梗撫子なんど萌えにけり,草萌,春
13219,萩薄撫子なんど萌えにけり,草萌,春
13220,草少し地蔵の膝に萌えんとす,草萌,春
13221,武蔵野は若草の色空の色,若草,春
13222,若草やねころびし子のうらやまし,若草,春
13223,若草や草履の裏に塵もなし,若草,春
13224,小窓から若草見るや奈良の山,若草,春
13225,立臼をのけて若草まばら也,若草,春
13226,若草に薄桃色の小袖哉,若草,春
13227,若草に嵯峨野の昔哀れ也,若草,春
13228,若草にはや風やどる二月かな,若草,春
13229,若草に雲雀と遊ぶ子供哉,若草,春
13230,若草に見る見る馬の肥にけり,若草,春
13231,若草ははや風宿る二月哉,若草,春
13232,若草や川中島の水かれて,若草,春
13233,若草や君は何とかよみいでし,若草,春
13234,若草や小亀引ずる泥の足,若草,春
13235,若草や嵯峨野の昔哀れ也,若草,春
13236,若草や富士の裾野をせり上る,若草,春
13237,若草や蒔絵兀たる小重箱,若草,春
13238,離々として若草生ゆる那須野哉,若草,春
13239,若草や一寸程の馬走る,若草,春
13240,若草や駅のはつれの馬頭尊,若草,春
13241,若草や鶏のとさかの一二寸,若草,春
13242,春日野や草若くして鹿の糞,若草,春
13243,若草に座つて見ゆや川いくつ,若草,春
13244,若草に座つて見ゆやそこらぢう,若草,春
13245,若草や西大門のあとはこれ,若草,春
13246,若草や土手にくひつく牛のむれ,若草,春
13247,ちよぼちよぼと若草生える小庭かな,若草,春
13248,二三人若草に座して握り飯,若草,春
13249,若草のものもまじらず土饅頭,若草,春
13250,若草や子供集まりて毬を打つ,若草,春
13251,若草に線香たてたる地蔵哉,若草,春
13252,若草の頃習志野を通りけり,若草,春
13253,ねころんで書よむ人や春の草,春の草,春
13254,下駄ぬいでふんでも見たり春の草,春の草,春
13255,まり投げて見たき広場や春の草,春の草,春
13256,おふた子のさしづにつむや春の草,春の草,春
13257,これつみて誰に送らん春の草,春の草,春
13258,たれつみて誰に送らん春の草,春の草,春
13259,つむもをしつまぬもをしや春の草,春の草,春
13260,似た花も似ぬ花もあり春の草,春の草,春
13261,水はしらすたゝあしもとの春の草,春の草,春
13262,山はしらすたゝあしもとの春の草,春の草,春
13263,吹殻はもえて人なし春の草,春の草,春
13264,山ハ野ハしらすたゝあしもとの春の草,春の草,春
13265,山ハ水ハしらすたゝあしもとの春の草,春の草,春
13266,どこやらに牛の匂ひや春の草,春の草,春
13267,道筋のあらはれそめつ春の草,春の草,春
13268,焼くからに萌ゆる也けり春の草,春の草,春
13269,石原やほちほち青き春の草,春の草,春
13270,春の草殺生石はこれかとよ,春の草,春
13271,焼石や春の裾山草もなし,春の草,春
13272,荒寺や簀子の下の春の草,春の草,春
13273,牛引て書読む人や春の草,春の草,春
13274,血の跡の井戸に尽きたり春の草,春の草,春
13275,なき人のむくろを隠せ春の草,春の草,春
13276,牛飼はどこに眠りて春の草,春の草,春
13277,古御所に人住まずなりぬ春の草,春の草,春
13278,春草菲々馬肥えていくさを思ふ哉,春の草,春
13279,馬市のあとや馬糞春の草,春の草,春
13280,春の草東に水の見ゆる哉,春の草,春
13281,野辺の草草履の裏に芳しき,芳草,春
13282,三十六宮荒れ尽して草芳しき,芳草,春
13283,落花流水草芳シキ裾模様,芳草,春
13284,七草は七ツ異なる風情かな,七草,春
13285,萍や池の真中に生ひ初る,萍生いそむ,夏
13286,萍や漫々たる江に生ひ初る,萍生いそむ,夏
13287,江の雨や春の浮草ちらほらと,萍生いそむ,夏
13288,さゝ波のちゞめよせたる若加布哉,和布,春
13289,さゝ波のなりにちゞまる和布哉,和布,春
13290,白魚の又めぐりあふ若和布哉,和布,春
13291,中国の山どれどれぞ若和布取,和布,春
13292,若和布とる人か夕日の磯歩行,和布,春
13293,若和布干す蜑が垣根の日和哉,和布,春
13294,髪置は海松房かつけ海人の子等,海松,冬
13295,海松刈る君が姿そなつかしき,海松,冬
13296,海松かゝるつ波のあとの木立かな,海松,冬
13297,青海苔や海にさしこむ日の光,海苔,冬
13298,青海苔や水にさしこむ日の光,海苔,冬
13299,青海苔や海の匂ひのまだぬけず,海苔,冬
13300,海苔掻の股の下なり安房の山,海苔,冬
13301,海苔掻きや伊勢越の海人の水鏡,海苔,冬
13302,女漕ぐ棚無し小船海苔の中,海苔,冬
13303,海苔の香の向ふに安房の岬哉,海苔,冬
13304,海苔はぢく音や磯家の夕日和,海苔,冬
13305,砲台に海苔麁朶つゞく浅瀬哉,海苔,冬
13306,荷を解けば浅草海苔の匂ひ哉,海苔,冬
13307,海苔麁朶の中を走るや帆掛船,海苔,冬
13308,さゝ波や海苔になる日の風もなし,海苔,冬
13309,海苔麁朶にさゝ波よする入江哉,海苔,冬
13310,海苔を干す家ばかり也南向,海苔,冬
13311,画にかきし海苔採り舟の女哉,海苔,冬
13312,軍艦の海苔麁朶に遠く掛りけり,海苔,冬
13313,新海苔の一帖づゝを土産かな,海苔,冬
13314,新海苔や肴乏しき精進落,海苔,冬
13315,海苔漉を見による梅の廻り道,海苔,冬
13316,孕女の海苔取る頃ぞいそがしき,海苔,冬
13317,閣に座して海苔採舟の眺め哉,海苔,冬
13318,白魚の雲にかゝりし海雲哉,海雲,夏
13319,白魚のもつれこんだる海雲哉,海雲,夏
13320,わりなくも箸にかゝらぬ海雲哉,海雲,夏
13321,はげそめてやゝ寒げ也冬紅葉,冬,冬
13322,きぬぎぬの鴉見にけり嵯峨の冬,冬,冬
13323,都にも冬ありされど酒もあり,冬,冬
13324,青々と冬を根岸の一つ松,冬,冬
13325,淋しさもぬくさも冬のはじめ哉,冬,冬
13326,嶋原や笛も太鼓も冬の音,冬,冬
13327,下總や冬あたゝかに麥畠,冬,冬
13328,冬の野ら犬も喰はさる牛の骨,冬,冬
13329,音もなし冬の小村の八九軒,冬,冬
13330,大木のすつくと高し冬の門,冬,冬
13331,冬や今年今年や冬となりにけり,冬,冬
13332,冬や今年我病めり古書二百卷,冬,冬
13333,戸を閉ぢた家の多さよ冬の村,冬,冬
13334,冬に入りて柿猶澁し此心,冬,冬
13335,冬を誰いさゝむら竹茶の煙,冬,冬
13336,青山や弔砲鳴って冬の行く,冬,冬
13337,筮竹に塵なき冬の机かな,冬,冬
13338,伐株や紅盡きし冬の園,冬,冬
13339,乏しからぬ冬の松魚や日本橋,冬,冬
13340,繙いて冬の部に入る井華集,冬,冬
13341,冬の朝鯉を求めて市に入る,冬,冬
13342,冬の宿狼聞て温泉のぬるき,冬,冬
13343,御幸待つ冬の小村の國旗哉,冬,冬
13344,住みなれて冬の蜆や向島,冬,冬
13345,のら猫の糞して居るや冬の庭,冬,冬
13346,袷著て花さく冬を羨みぬ,冬,冬
13347,髯のある雜兵ともや冬の陣,冬,冬
13348,筆ちびてかすれし冬の日記哉,冬,冬
13349,冬の季にやゝ暑してふ題あらん,冬,冬
13350,朝な朝な粥くふ冬となりにけり,冬,冬
13351,新しき錢湯出來つ冬の町,冬,冬
13352,菓物に乏しくもあらず冬の庵,冬,冬
13353,小百姓冬物買ひに出たりけり,冬,冬
13354,物の寂猿簔冬にはじまりぬ,冬,冬
13355,冬立つや背中合せの宮と寺,立冬,冬
13356,菊の香や月夜ながらに冬に入る,立冬,冬
13357,冬立つや立たずや留守の一つ家,立冬,冬
13358,初冬に何の句もなき一日かな,初冬,冬
13359,初冬の家ならびけり須磨の里,初冬,冬
13360,初冬の糺へ歸る禰宜一人,初冬,冬
13361,初冬の葉は枯れながら菊の花,初冬,冬
13362,初冬の鴉飛ぶなり二見潟,初冬,冬
13363,初冬の萩も芒もたばねけり,初冬,冬
13364,初冬の家成つて壁いまだつかず,初冬,冬
13365,初冬の新宅の壁はまだつかず,初冬,冬
13366,初冬の黒き皮剥くバナゝかな,初冬,冬
13367,鳥居より内の馬糞や神無月,神無月,秋
13368,神無月賽銭箱はなかりけり,神無月,秋
13369,銅像に魂入れん神無月,神無月,秋
13370,名物の蚊の長いきや神無月,神無月,秋
13371,神無月鳥居の内の馬糞哉,神無月,秋
13372,窗あけて見れば舟行く神無月,神無月,秋
13373,道はたや鳥居倒れて神無月,神無月,秋
13374,女乘る宮の渡しや神無月,神無月,秋
13375,大君の御留守を拜む神無月,神無月,秋
13376,霜月や内外の宮の行脚僧,霜月,冬
13377,霜月や山の境の茶の木原,霜月,冬
13378,霜月の軍艦ひそむ入江かな,霜月,冬
13379,霜月の小道にくさる紅葉かな,霜月,冬
13380,霜月の灯や氷らんと禰宜の袖,霜月,冬
13381,霜月や石の鳥居に鳴く鴉,霜月,冬
13382,霜月やすかれすかれの草の花,霜月,冬
13383,霜月や痩せたる菊の影法師,霜月,冬
13384,霜月の野の宮殘る嵯峨野哉,霜月,冬
13385,霜月や雲もかゝらぬ晝の富士,霜月,冬
13386,霜月や奈良の都のト師,霜月,冬
13387,霜月や奈良の都のト屋算,霜月,冬
13388,霜月や淀の夜舟の三四人,霜月,冬
13389,霜月や空也は骨に生きにける,霜月,冬
13390,霜月の梨を田町に求めけり,霜月,冬
13391,屋根船や白帆にまじる小六月,小六月,冬
13392,牛の子や賣られて遊ぶ小六月,小六月,冬
13393,新米に菊の香もあれ小六月,小六月,冬
13394,日影さす人形店や小六月,小六月,冬
13395,庭木高く囮の籠や小六月,小六月,冬
13396,のびのびし歸り詣や小六月,小六月,冬
13397,囮かけて人居らぬ野や小六月,小六月,冬
13398,十二月上野の北は靜かなり,十二月,冬
13399,いそがしい中に子を産む師走哉,師走,冬
13400,いそがしく時計の動く師走哉,師走,冬
13401,いそがしさつもつてひまな師走哉,師走,冬
13402,いろいろをないふ一つの師走哉,師走,冬
13403,魚棚に熊笹青き師走哉,師走,冬
13404,Ｍの字の手紙に多き師走哉,師走,冬
13405,大方はうち捨られつ師走不二,師走,冬
13406,かちあたる馬車も銀坐の師走哉,師走,冬
13407,門口に松葉こぼるゝ師走哉,師走,冬
13408,乾鮭も熊も釣らるゝ師走哉,師走,冬
13409,乾鮭も熊もつるして師走哉,師走,冬
13410,この友と江戸の師走の出會哉,師走,冬
13411,鮭さげて女のはしる師走哉,師走,冬
13412,正月の支度にいそぐ師走哉,師走,冬
13413,白足袋のよごれ盡せし師走哉,師走,冬
13414,せはしさに寒さわするゝ師走哉,師走,冬
13415,ちかづきに皆顏あはす師走哉,師走,冬
13416,羽子板のうらに春來る師走哉,師走,冬
13417,病人と靜かに語る師走哉,師走,冬
13418,折々は狆のふまるゝ師走哉,師走,冬
13419,悠然と大船かゝる師走哉,師走,冬
13420,板橋へ荷馬のつゞく師走哉,師走,冬
13421,一休の蛸さげて行く師走哉,師走,冬
13422,風強し眞葛か原の師走哉,師走,冬
13423,風吹て師走八日といふ日哉,師走,冬
13424,風吹て白き師走の月夜哉,師走,冬
13425,傾城の出しぬかれたる師走哉,師走,冬
13426,小鼠の行列つゞく師走哉,師走,冬
13427,婚禮の嶋臺通る師走哉,師走,冬
13428,靜かさに寒し師走の白拍子,師走,冬
13429,靜かさや師走の奥の智恩院,師走,冬
13430,菅笠の古びも旅の師走哉,師走,冬
13431,炭出しに行けば師走の月夜哉,師走,冬
13432,雪隱にあるじものいふ師走哉,師走,冬
13433,錢かつく人や師走の汗雫,師走,冬
13434,竹藪に師走の月の青さ哉,師走,冬
13435,近道に氷を渡る師走哉,師走,冬
13436,鐵鉢に味噌もる寺の師走哉,師走,冬
13437,板額の薙刀つかふ師走哉,師走,冬
13438,鳳輦の靜かに過ぐる師走哉,師走,冬
13439,松立てゝ師走の夕日しづか也,師走,冬
13440,萬歳の妻に別るゝ師走哉,師走,冬
13441,山里の空や師走の凧一つ,師走,冬
13442,海広し師走の町を出はなれて,師走,冬
13443,大聲にさわぐ師走の鴉かな,師走,冬
13444,大寺の靜まりかへる師走かな,師走,冬
13445,大筆にかする師走の日記かな,師走,冬
13446,高麗船の寶積みわたる師走かな,師走,冬
13447,淋しさをにらみあふたる師走かな,師走,冬
13448,大幅の達磨かけたる師走かな,師走,冬
13449,塵にまじる錢さへ京の師走かな,師走,冬
13450,町中を行くや師走の大男,師走,冬
13451,霙にもならで師走の大雨かな,師走,冬
13452,やごとなき落人見たる師走かな,師走,冬
13453,うしろから追はるゝやうな師走哉,師走,冬
13454,馬糞も見えず師走の日本橋,師走,冬
13455,馬の息見えて師走の夜明哉,師走,冬
13456,風光る師走の空の月夜かな,師走,冬
13457,艦隊の港出て行く師走哉,師走,冬
13458,艦隊の港につどふ師走かな,師走,冬
13459,氣樂さのまたや師走の草枕,師走,冬
13460,草の根を鼠のかぢる師走かな,師走,冬
13461,夕霧より伊左さま參る師走哉,師走,冬
13462,元祿十五年極月十四日夜の事也,師走,冬
13463,傾城を見たる師走の温泉かな,師走,冬
13464,臨月の師走廿日も過ぎてけり,師走,冬
13465,王孫を市にあはれむ師走哉,師走,冬
13466,店先に師走見て居る佛かな,師走,冬
13467,此部屋も坊主小し寒の内,寒,冬
13468,赦にあふて衣手あらみ寒に泣く,寒,冬
13469,隱居して芝居に行や寒の内,寒,冬
13470,藥のむあとの蜜柑や寒の内,寒,冬
13471,ありたけの日受を村の冬至哉,冬至,冬
13472,日一分一分ちゞまる冬至かな,冬至,冬
13473,卷烟草くゆり盡せし冬至哉,冬至,冬
13474,苫低く裏に日のさす冬至かな,冬至,冬
13475,佛壇に水仙活けし冬至哉,冬至,冬
13476,物干の影に測りし冬至哉,冬至,冬
13477,佛壇の菓子うつくしき冬至哉,冬至,冬
13478,ものさびし上野の山の小春哉,小春,冬
13479,菊も菜の色に咲きたる小春哉,小春,冬
13480,櫻にもまさる紅葉の小春かな,小春,冬
13481,春よりも嬉し小春の歸り咲,小春,冬
13482,小烏の鳶なぶりゐる小春哉,小春,冬
13483,小春日や赤すじすらりすらり引く,小春,冬
13484,小春日や淺間の煙ゆれ上る,小春,冬
13485,椽に足のべて文書く小春哉,小春,冬
13486,北風の南にかはる小春哉,小春,冬
13487,凩をぬけ出て山の小春かな,小春,冬
13488,小春日や又この背戸も爺と婆,小春,冬
13489,さゝ波に一日見ゆる小春かな,小春,冬
13490,白砂に犬の寐ころぶ小春哉,小春,冬
13491,白砂に犬のゐねふる小春哉,小春,冬
13492,大名の小聲にうたふ小春哉,小春,冬
13493,鳶高く鴉を笑ふ小春かな,小春,冬
13494,鳶一つ空に動かぬ小春哉,小春,冬
13495,百姓の烟草輪にふく小春哉,小春,冬
13496,不二を背に筑波見下す小春哉,小春,冬
13497,ぶをとこも美人も出たる小春哉,小春,冬
13498,屋の棟に鳩ならび居る小春かな,小春,冬
13499,屋の棟に鳩のならびし小春哉,小春,冬
13500,思ふことなげぶし歌ふ小春哉,小春,冬
13501,枯枝に雀むらがる小春かな,小春,冬
13502,姑の嫁につれだつ小春哉,小春,冬
13503,鳩眠る屋根や小春の大師堂,小春,冬
13504,もみ衣の小窓にうつる小春哉,小春,冬
13505,飴賣に村の子たかる小春かな,小春,冬
13506,幾重にも村かさなりて小春かな,小春,冬
13507,魚見えて小春の水のぬるみかな,小春,冬
13508,御社壇に小春の爺が腰かけて,小春,冬
13509,砂濱や舟の底干す小春凪,小春,冬
13510,谷間や小春の家の五六軒,小春,冬
13511,摘みこんで杉垣低き小春かな,小春,冬
13512,鳩のならぶ屋根に豆打つ小春かな,小春,冬
13513,町はづれ小春の山の見ゆるかな,小春,冬
13514,村は小春山は時雨と野の廣さ,小春,冬
13515,痩村や小春を受くる家の向,小春,冬
13516,えん豆の生える小春の日向かな,小春,冬
13517,あけ放す窓は上野の小春哉,小春,冬
13518,いたはしや花のなやみの小春迄,小春,冬
13519,うるさしや小春の蠅の顏につく,小春,冬
13520,うれしくば開け小春の櫻花,小春,冬
13521,唐橋にむく犬眠る小春かな,小春,冬
13522,雲に近く行くや小春の眞帆片帆,小春,冬
13523,黒船に傳馬のたかる小春かな,小春,冬
13524,廻廊に錢の落ちたる小春かな,小春,冬
13525,山門に鹿干す奈良の小春かな,小春,冬
13526,電信に雀の竝ぶ小春かな,小春,冬
13527,蜻蛉に馴るゝ小春の端居哉,小春,冬
13528,寐るやうつゝ小春の蝶の影許り,小春,冬
13529,痩村に鳶舞ひ落つる小春哉,小春,冬
13530,痩村に見ゆや小春の凧,小春,冬
13531,山底に世と斷つ村も小春かな,小春,冬
13532,病む人の病む人をとふ小春哉,小春,冬
13533,賣り出しの旗や小春の廣小路,小春,冬
13534,大寺の椽廣うして小春かな,小春,冬
13535,思ひ出す殊に老いての小春好,小春,冬
13536,小障子の穴に鳶舞ふ小春かな,小春,冬
13537,小春野や草花痩せて晝の月,小春,冬
13538,小春日の馬往來す王子道,小春,冬
13539,小春日や南を追ふて蠅の飛ぶ,小春,冬
13540,不忍も上野も小春日和哉,小春,冬
13541,鳶空に舞ふや小春の日半日,小春,冬
13542,日光の山に鳶舞ふ小春哉,小春,冬
13543,野の茶屋に蜜柑竝べし小春哉,小春,冬
13544,一車漬菜買ひけり小春凪,小春,冬
13545,窓の影小春の蜻蜒稀に飛ぶ,小春,冬
13546,娘など出るや小春の古著店,小春,冬
13547,用水や小春の金魚一つ浮く,小春,冬
13548,我庭の空に鳶舞ふ小春哉,小春,冬
13549,蜻蛉の地藏なぶるや小春の野,小春,冬
13550,戸をあけて愛する小春の小山哉,小春,冬
13551,畑の木に鳥籠かけし小春哉,小春,冬
13552,蜜柑を好む故に小春を好むかな,小春,冬
13553,池の石に龜の居らざる小春哉,小春,冬
13554,下總に一日遊ぶ小春哉,小春,冬
13555,蜜柑買ふて里子見に行く小春哉,小春,冬
13556,水草の花に小春の西日哉,小春,冬
13557,鶏頭のあく迄赤き小春哉,小春,冬
13558,鳶見えて冬あたゝかやガラス窓,小春,冬
13559,繿縷を干す小春日和や鮫ヶ橋,小春,冬
13560,色さめし造り花賣る小春かな,小春,冬
13561,毛布著て毛布買ひ居る小春かな,小春,冬
13562,梅の木に足袋をほす也年のくれ,年の暮,冬
13563,白壁のふゑる町あり年のくれ,年の暮,冬
13564,年のくれ命ばかりの名殘哉,年の暮,冬
13565,年の暮財布の底を叩きけり,年の暮,冬
13566,年の暮月の暮日のくれにけり,年の暮,冬
13567,年の暮鎧も質に出る世哉,年の暮,冬
13568,歳のくれ龍頭の時計くるひけり,年の暮,冬
13569,年の尾や又くりかへすさかさ川,年の暮,冬
13570,ぬす人のぬす人とるや年の暮,年の暮,冬
13571,來年のいつの間にやら來りけり,年の暮,冬
13572,龍の尾の蛇に細るやとしのくれ,年の暮,冬
13573,あら笑止や又年の暮れかゝりて候,年の暮,冬
13574,うかうかと鴨見て居れは年くるゝ,年の暮,冬
13575,裏棚に二子も出來つ年のくれ,年の暮,冬
13576,雲上のからくり見たり年の暮,年の暮,冬
13577,老憎しつもる年波打ては返らず,年の暮,冬
13578,老のくれくれぐれもいやと申しゝに,年の暮,冬
13579,香煙の美人にもならず年暮れぬ,年の暮,冬
13580,風吹て今年も暮れぬ土佐日記,年の暮,冬
13581,金くさう都はなりて年のくれ,年の暮,冬
13582,家隷から金をかりるや年の暮,年の暮,冬
13583,君が代を静かに牛の年暮れぬ,年の暮,冬
13584,去年よりも今年ぞをしき來年は,年の暮,冬
13585,今年より來年近し花の春,年の暮,冬
13586,さりともと撫し額に年の波,年の暮,冬
13587,たらちねのあればぞ悲し年の暮,年の暮,冬
13588,月冴て市の歳暮のあはれなり,年の暮,冬
13589,つくつくと故郷萬里の年の暮,年の暮,冬
13590,辻君になじみを持てり年の暮,年の暮,冬
13591,手の底に玉は隱れて年くれぬ,年の暮,冬
13592,天人に舞はせて見ばや年の空,年の暮,冬
13593,年くれぬ風はやともの雨晴て,年の暮,冬
13594,年のくれ日記の花見月見哉,年の暮,冬
13595,年の阪追ひ立てられてこゆる哉,年の暮,冬
13596,年の阪早くあちらの見たきもの,年の暮,冬
13597,年の阪早くあなたの見たきもの,年の暮,冬
13598,年の阪鬚は雪にぞなりけらし,年の暮,冬
13599,年の波世渡りのかぢをたえてけり,年の暮,冬
13600,中々にいそげば遲し年のくれ,年の暮,冬
13601,花赤く雪白しこゝに年くれぬ,年の暮,冬
13602,花をまつ心に似たり年のくれ,年の暮,冬
13603,腫物の血を押し出すや年の暮,年の暮,冬
13604,一ふりの名刀買ひぬ年の暮,年の暮,冬
13605,ひまな身の涙こぼしつ年のくれ,年の暮,冬
13606,福神の畫も賣られけり年の暮,年の暮,冬
13607,ものたらぬ心やぬくきとしのくれ,年の暮,冬
13608,王事蹇々蓑着て年の暮れにけり,年の暮,冬
13609,我戀は物にまぎれず年の暮,年の暮,冬
13610,居酒屋に今年も暮れて面白や,年の暮,冬
13611,馬に乘る嫁入見たり年の暮,年の暮,冬
13612,追風吹かば何處迄行くぞ年の船,年の暮,冬
13613,草枕今年は伊勢に暮れにけり,年の暮,冬
13614,塞翁の馬上に眠る年のくれ,年の暮,冬
13615,白梅の黄色に咲くや年の内,年の暮,冬
13616,年のくれ千里の馬のくさりけり,年の暮,冬
13617,乘掛や箱根にかゝる年の暮,年の暮,冬
13618,思ふこと今年も暮れてしまひけり,年の暮,冬
13619,隱れ家の年行かんともせざりけり,年の暮,冬
13620,蜘の巣のかくて今年も暮れにけり,年の暮,冬
13621,山門や浮世詠むる年の暮,年の暮,冬
13622,歳暮とも何ともなしに山の雲,年の暮,冬
13623,だまされて遊女うらむや年の暮,年の暮,冬
13624,年暮れぬ太平洋の船の中,年の暮,冬
13625,あて人の年のくれには死なれける,年の暮,冬
13626,おもしろい事にもあはす年暮るゝ,年の暮,冬
13627,占ひのつひにあたらで歳暮れぬ,年の暮,冬
13628,此歳暮易の面も覺束なし,年の暮,冬
13629,つくつくと來年思ふ燈下哉,年の暮,冬
13630,よらで過ぐる京の飛脚や年の暮,年の暮,冬
13631,來年はよき句つくらんとぞ思ふ,年の暮,冬
13632,離火坎水夫婦喧嘩に年くるゝ,年の暮,冬
13633,金性の貧乏者よ年の暮,年の暮,冬
13634,裁判の宣告のびて歳暮るゝ,年の暮,冬
13635,裁判の宣告延びて歳暮れぬ,年の暮,冬
13636,人間を笑ふが如し年の暮,年の暮,冬
13637,掛取を責むる議案も歳の暮,年の暮,冬
13638,寒梅の薫りおさめや大三十日,大晦日,新年
13639,風凪て春の支度や大三十日,大晦日,新年
13640,風凪て麥の支度や大三十日,大晦日,新年
13641,君が代は大つごもりの月夜哉,大晦日,新年
13642,君が代やめでたくすねて大三十日,大晦日,新年
13643,あすあすと言ひつゝ人の寐入けり,大晦日,新年
13644,あるきあるき年をとる也大三十日,大晦日,新年
13645,あるきあるき年もとるなり大三十日,大晦日,新年
13646,勝ち栗も餅もそろふてあすの春,大晦日,新年
13647,きぬきぬの持たれて戀の大三十日,大晦日,新年
13648,きぬきぬを樂みにして大三十日,大晦日,新年
13649,元日の餝りながらに大三十日,大晦日,新年
13650,けふをことしことしをけふのこよひ哉,大晦日,新年
13651,はかなことしはしをけふのこよひ哉,大晦日,新年
13652,又三百六十五度の夕日哉,大晦日,新年
13653,宮樣の門靜かなり大三十日,大晦日,新年
13654,來年の餅の匂ひや大三十日,大晦日,新年
13655,大晦日馬に追はるゝ夢見たり,大晦日,新年
13656,大晦日神馬の鬚の皆白し,大晦日,新年
13657,師走晦日錢隕つること雨の如し,大晦日,新年
13658,梅活けし青磁の瓶や大三十日,大晦日,新年
13659,梅活けて君待つ菴の大三十日,大晦日,新年
13660,梅活けて君待つ庵や大三十日,大晦日,新年
13661,語りけりおおつごもりの來ぬところ,大晦日,新年
13662,摺小木や大つごもりを掻き廻す,大晦日,新年
13663,漱石が來て虚子が來て大三十日,大晦日,新年
13664,咄しけり大つごもりの來ぬ處,大晦日,新年
13665,掏られけり大つごもりの蕎麥の錢,大晦日,新年
13666,行き逢ふてそ知らぬ顏や大三十日,大晦日,新年
13667,年の夜や地震ゆり出すあすの春,年の夜,新年
13668,年の夜やいり物くふて詩會あり,年の夜,新年
13669,大極にものあり除夜の不二の山,除夜,冬
13670,追々に狐集まる除夜の鐘,除夜,冬
13671,吉原を通れば除夜の大皷哉,除夜,冬
13672,歌反古を焚き居る除夜の火桶哉,除夜,冬
13673,春立て鴉も知らず年の内,年内立春,冬
13674,春立て花の氣もなし年の内,年内立春,冬
13675,行年を鐵道馬車に追付ぬ,行く年,冬
13676,行年を故郷人と酌みかはす,行く年,冬
13677,若竹の煤竹になつて年ぞ行く,行く年,冬
13678,つもり行く年の外なる春もかな,行く年,冬
13679,行く年にのりあふ淀の夜舟哉,行く年,冬
13680,行年や鏡に向ふ姉いもと,行く年,冬
13681,行年や莊子を半讀さして,行く年,冬
13682,行年や丹波を出づる筏守,行く年,冬
13683,行年や奈良の都の青幣,行く年,冬
13684,行年や竝びが岡の歌法師,行く年,冬
13685,行年を追はへつめたる鼠哉,行く年,冬
13686,行年を紅粉白粉に京女,行く年,冬
13687,世の中やこんな事して年の行く,行く年,冬
13688,世の中や寐て居てさへ年は行く,行く年,冬
13689,行く年の大河たうたうと流れけり,行く年,冬
13690,行く年のたゞあてもなく船出かな,行く年,冬
13691,行く年の暖簾染むる小家かな,行く年,冬
13692,行年の暖簾そむる紺屋哉,行く年,冬
13693,行年の馬子のさげたる何魚ぞ,行く年,冬
13694,行く年の行きどまりなり袋町,行く年,冬
13695,行年や異國通ひの蒸氣船,行く年,冬
13696,行く年や石にくひつく牡蠣の殻,行く年,冬
13697,行年や鞍をおろせば鞍の跡,行く年,冬
13698,行年や先へまはりし三千騎,行く年,冬
13699,行年をたゞあてもなく船出哉,行く年,冬
13700,行く年の雪五六尺つもりけり,行く年,冬
13701,行く年の四つ橋に灯の徃來哉,行く年,冬
13702,行年や茶番に似たる人の顔,行く年,冬
13703,行く年や茶番に似たる人のさま,行く年,冬
13704,画の駒の馳せて年行く白髪哉,行く年,冬
13705,詩百篇君去つて歳行かんとす,行く年,冬
13706,年行くと故郷さして急ぎ足,行く年,冬
13707,行年の浅草あたり人つどふ,行く年,冬
13708,行く年の我いまだ老いず書を讀ん,行く年,冬
13709,行く年を母すこやかに我病めり,行く年,冬
13710,行く年や母健かに我れ病めり,行く年,冬
13711,行く年を人鈍にして子を得たり,行く年,冬
13712,行く年の人鈍にして子を得たり,行く年,冬
13713,行く年の警察種や三頁,行く年,冬
13714,年送る銀座の裏や鉢の梅,行く年,冬
13715,冬されの背戸に米とぐ女哉,冬ざれ,冬
13716,常盤木や冬されまさる城の跡,冬ざれ,冬
13717,冬されて火焔つめたき不動かな,冬ざれ,冬
13718,冬されて立臼許り門の内,冬ざれ,冬
13719,冬されて何の香もなし野雪隱,冬ざれ,冬
13720,冬されや石燈籠の鳥の糞,冬ざれ,冬
13721,冬されや稲荷の茶屋の油揚,冬ざれ,冬
13722,冬されや立臼許り門の内,冬ざれ,冬
13723,冬されを人住みかねて明屋敷,冬ざれ,冬
13724,冬さるゝ小店や蜜柑薩摩芋,冬ざれ,冬
13725,冬されや蜜柑に竝ふさつま芋,冬ざれ,冬
13726,冬されや水なき河の橋長し,冬ざれ,冬
13727,冬されや焼場をめぐる枳穀垣,冬ざれ,冬
13728,冬されや石臼殘る井戸の端,冬ざれ,冬
13729,冬されて淋しき顏や琵琶法師,冬ざれ,冬
13730,冬されや狐もくはぬ小豆飯,冬ざれ,冬
13731,冬されや一本痩せし磯馴松,冬ざれ,冬
13732,冬されの厨に赤き蕪かな,冬ざれ,冬
13733,冬されの厨に京の柚味噌あり,冬ざれ,冬
13734,冬されの小村を行けば犬吠ゆる,冬ざれ,冬
13735,冬さびぬ藏澤の竹明月の書,冬さぶ,冬
13736,柿の實の火ともえいでて寒さ哉,寒さ,冬
13737,寒の入と聞て俄の寒サ哉,寒さ,冬
13738,ぬすまれて親の恩知る寒さ哉,寒さ,冬
13739,馬の背にまづ月を見る寒さ哉,寒さ,冬
13740,仰向けぬ入道畠の寒さ哉,寒さ,冬
13741,馬糞のいきり立たる寒さ哉,寒さ,冬
13742,馬痩せて鹿に似る頃の寒さ哉,寒さ,冬
13743,きぬきぬにものいひ殘す寒哉,寒さ,冬
13744,くび巻に咽引きしめる寒哉,寒さ,冬
13745,くやみいふ口のどもりし寒さ哉,寒さ,冬
13746,廓行きの車夫にぬかれる寒さ哉,寒さ,冬
13747,この寒さ君に別るゝあしたより,寒さ,冬
13748,新宅の其頃出來し寒さ哉,寒さ,冬
13749,砂川の涸れて蛇籠の寒哉,寒さ,冬
13750,爲朝のお宿と書し寒さ哉,寒さ,冬
13751,箱根來てふじに竝びし寒さ哉,寒さ,冬
13752,御格子に切髪かくる寒さ哉,寒さ,冬
13753,洋服の足よりひゆる寒さ哉,寒さ,冬
13754,夜著かたくからだにそはぬ寒さ哉,寒さ,冬
13755,蝋燭の涙も氷る寒さかな,寒さ,冬
13756,あら海のとりとめかたき寒さ哉,寒さ,冬
13757,一年の梦さめかゝる寒さかな,寒さ,冬
13758,うかれ女の小舟に歸る寒さ哉,寒さ,冬
13759,うたゝねはさめて背筋の寒さ哉,寒さ,冬
13760,追剥の出るてふ松の寒さ哉,寒さ,冬
13761,大津画にほこりのたまる寒さ哉,寒さ,冬
13762,思ひやる都のあとの寒さ哉,寒さ,冬
13763,風吹て焚鐘冴る寒さ哉,寒さ,冬
13764,鐘うてば不犯とひゞく寒さ哉,寒さ,冬
13765,金なしにありけば臍の寒さ哉,寒さ,冬
13766,きぬきぬに念佛申す寒さ哉,寒さ,冬
13767,？然と牛解く音の寒さ哉,寒さ,冬
13768,三年の洋服ぬぎし寒さ哉,寒さ,冬
13769,宿直の夜更けて大鼓の寒さ哉,寒さ,冬
13770,寢殿に蟇目の音の寒さ哉,寒さ,冬
13771,旃檀の實ばかりになる寒さ哉,寒さ,冬
13772,大海のとりとめ難き寒さ哉,寒さ,冬
13773,大名は牡丹のお間の寒さ哉,寒さ,冬
13774,媒にはしる鼬の寒さ哉,寒さ,冬
13775,なきあとに妹が鏡の寒さ哉,寒さ,冬
13776,一ツ目も三ツ目も光る寒さ哉,寒さ,冬
13777,鰒さげて妹がりいそぐ寒さ哉,寒さ,冬
13778,故郷の寒さを語り給へとよ,寒さ,冬
13779,まだ立てぬ石の鳥居の寒さ哉,寒さ,冬
13780,御格子に切髪さげる寒さ哉,寒さ,冬
13781,むら雲の劍を拜む寒さ哉,寒さ,冬
13782,若殿が狸寐入の寒さ哉,寒さ,冬
13783,朝日さす材木河岸の寒さかな,寒さ,冬
13784,大船の干潟にすわる寒さかな,寒さ,冬
13785,狐火の湖水にうつる寒さ哉,寒さ,冬
13786,傾城のひとり寐ねたる寒さかな,寒さ,冬
13787,傾城はうしろ姿の寒さ哉,寒さ,冬
13788,傾城を舟へ呼ぶ夜の寒さかな,寒さ,冬
13789,此頃の富士大きなる寒さかな,寒さ,冬
13790,紙燭消えて安房の灯見ゆる寒さかな,寒さ,冬
13791,新田に家建ちかゝる寒さかな,寒さ,冬
13792,神木とならで檜のさむさかな,寒さ,冬
13793,大名をゆすりにかゝる寒さ哉,寒さ,冬
13794,筑波嶺に顏そむけたる寒さかな,寒さ,冬
13795,天暗うして大佛の眼の寒哉,寒さ,冬
13796,電燈の木の間に光る寒さかな,寒さ,冬
13797,名處は冬菜の肥ゆる寒さかな,寒さ,冬
13798,野の中に一本杉の寒さかな,寒さ,冬
13799,のら猫をかゝえて寐たる寒さ哉,寒さ,冬
13800,剥かるゝ程に伸ぶ程に棕櫚の寒かな,寒さ,冬
13801,花もなし柩ばかりの寒さかな,寒さ,冬
13802,古城の石かけ崩す寒さ哉,寒さ,冬
13803,古辻に郵便箱の寒さかな,寒さ,冬
13804,星落ちて石となる夜の寒さ哉,寒さ,冬
13805,星こぼす天の河原の寒さかな,寒さ,冬
13806,星絶えず飛んであら野の寒さかな,寒さ,冬
13807,佛でもなうて焚かれぬ寒さかな,寒さ,冬
13808,薪舟の關宿下る寒さかな,寒さ,冬
13809,むさゝびの石弓渡る寒さ哉,寒さ,冬
13810,目の前に顏のちらつく寒さかな,寒さ,冬
13811,森の上に富士見つけたる寒さかな,寒さ,冬
13812,槍持の槍かつき行く寒さ哉,寒さ,冬
13813,藁屋根に鮑のからの寒さかな,寒さ,冬
13814,雨晴れて風々凪いで寒さ哉,寒さ,冬
13815,雨やみて風風やみて寒さかな,寒さ,冬
13816,薄暗き穴八幡の寒さかな,寒さ,冬
13817,うねうねと赤土山の寒さ哉,寒さ,冬
13818,肩を張り拳を握る寒さ哉,寒さ,冬
13819,木のあひに星のきらつく寒さ哉,寒さ,冬
13820,雲なくて空の寒さよ小山越,寒さ,冬
13821,くらがりの人に逢ふたる寒さ哉,寒さ,冬
13822,くら闇の人に逢ふたる寒哉,寒さ,冬
13823,この寒さ北に向いたる別れ哉,寒さ,冬
13824,この寒さ君何地へか去らんとす,寒さ,冬
13825,この寒さ越後の人のなつかしき,寒さ,冬
13826,この寒さ尾張の人のなつかしき,寒さ,冬
13827,このたびは一人で通る寒さ哉,寒さ,冬
13828,大名の通つてあとの寒さ哉,寒さ,冬
13829,谷のぞく十綱の橋の寒さ哉,寒さ,冬
13830,なまじひに人に逢ふ夜の寒さ哉,寒さ,冬
13831,庭の月晝のやうなる寒さ哉,寒さ,冬
13832,狼烟見る人の寒さや城の上,寒さ,冬
13833,旅籠屋の我につれなき寒さ哉,寒さ,冬
13834,はつきりと富士の見えたる寒さ哉,寒さ,冬
13835,母病んで粥をたく子の寒さ哉,寒さ,冬
13836,薔薇の花の此頃絶えし寒さ哉,寒さ,冬
13837,舟ばたに海のぞきたる寒さ哉,寒さ,冬
13838,塀越に狐火見ゆる寒さ哉,寒さ,冬
13839,又例の羅漢の軸の寒さ哉,寒さ,冬
13840,見上げたる高石かけの寒さ哉,寒さ,冬
13841,水音の枕に落つる寒さ哉,寒さ,冬
13842,めでたさに袴つけたる寒さ哉,寒さ,冬
13843,山風にほうと立つたる寒さ哉,寒さ,冬
13844,刀賣つて土手八町の寒さ哉,寒さ,冬
13845,川上は川下はばつと寒さ哉,寒さ,冬
13846,首切の刀磨き居る寒さかな,寒さ,冬
13847,くらがりに大佛見ゆる寒さ哉,寒さ,冬
13848,素人の平家を語る寒哉,寒さ,冬
13849,大將の星になつたる寒さ哉,寒さ,冬
13850,出女のへりて目黒の寒さ哉,寒さ,冬
13851,畑荒れて墓原殘る寒さかな,寒さ,冬
13852,鼻垂れの子が賣れ殘る寒哉,寒さ,冬
13853,半燒の家に人住む寒さ哉,寒さ,冬
13854,再びは歸らぬ道の寒さかな,寒さ,冬
13855,古刀人の味知る寒さ哉,寒さ,冬
13856,待つ宵を鏡に向ふ寒さかな,寒さ,冬
13857,道ばたで財布を探る寒さ哉,寒さ,冬
13858,水涸れて橋行く人の寒さ哉,寒さ,冬
13859,山城に睨まれて居る寒さ哉,寒さ,冬
13860,牢を出て人の顏見る寒さ哉,寒さ,冬
13861,蝋燭の泪を流す寒さ哉,寒さ,冬
13862,六十にして洗禮受くる寒さ哉,寒さ,冬
13863,をさな子の泣く泣く歸る寒哉,寒さ,冬
13864,この寒さ神だちも看とり參らせよ,寒さ,冬
13865,四十にて子におくれたる寒さ哉,寒さ,冬
13866,出家せんとして寺を思へば寒さ哉,寒さ,冬
13867,新宅の柱卷きある寒さ哉,寒さ,冬
13868,涙さへ盡きて餘りの寒さかな,寒さ,冬
13869,燒跡の柱焦げて立つ寒さ哉,寒さ,冬
13870,世の中のひつそりとなる寒さ哉,寒さ,冬
13871,黒わくに知る人を見る寒哉,寒さ,冬
13872,葬の灯の水田にうつる寒哉,寒さ,冬
13873,知らぬ人に道譲りたる寒哉,寒さ,冬
13874,新築の窓に墨つく寒哉,寒さ,冬
13875,蕎麥屋出て永阪上る寒さ哉,寒さ,冬
13876,月の雲ちぎれて飛びし寒哉,寒さ,冬
13877,床の間に櫁の青き寒さ哉,寒さ,冬
13878,十に足らぬ子を寺へ遣る寒哉,寒さ,冬
13879,亡き犬に犬小屋覗く寒さ哉,寒さ,冬
13880,燒跡に小屋かけて居る寒さ哉,寒さ,冬
13881,靈廟にかしこまりたるさふさ哉,寒さ,冬
13882,大船の中を漕ぎ出し寒哉,寒さ,冬
13883,片側は海はつとして寒さ哉,寒さ,冬
13884,からびたる蝋の鋳形の寒哉,寒さ,冬
13885,甲板に出て星を見る寒哉,寒さ,冬
13886,廓出て仕置場を行く寒哉,寒さ,冬
13887,扣所に呼出しを待つ寒哉,寒さ,冬
13888,深川は埋地の多き寒さ哉,寒さ,冬
13889,松山の城を見おろす寒哉,寒さ,冬
13890,みとりする人は皆寐て寒哉,寒さ,冬
13891,顏包む襟卷解けて寒さ哉,寒さ,冬
13892,此寒さ神經一人水の中,寒さ,冬
13893,頬腫の鏡にうつる寒さ哉,寒さ,冬
13894,寒さうに鳥のうきけり牛久沼,寒し,冬
13895,ふじ山の横顏寒き別れかな,寒し,冬
13896,月寒しことわられたる獨旅,寒し,冬
13897,月寒し宿とり外すひとり旅,寒し,冬
13898,朝つくる大砲寒き門邊哉,寒し,冬
13899,うねうねと兀山寒し三河道,寒し,冬
13900,風吹て禿寒がる屏風哉,寒し,冬
13901,風吹て雲寒々し海の上,寒し,冬
13902,から尻のうしろは寒き姿かな,寒し,冬
13903,枯れ殘る角寒げ也鉦の聲,寒し,冬
13904,寒き日を御製にたよる民の春,寒し,冬
13905,寒けれは木の葉衣を參らせん,寒し,冬
13906,ちらちらと明星寒し山の上,寒し,冬
13907,月寒し木葉衣を風わたる,寒し,冬
13908,通されて子牛の穴の鼻寒し,寒し,冬
13909,入棺の釘の響きや夜ぞ寒き,寒し,冬
13910,旭のうつる河岸裏寒し角田川,寒し,冬
13911,ほつちりと味噌皿寒し膳の上,寒し,冬
13912,足もとに寒し大きな月一つ,寒し,冬
13913,黒船の雪にもならで寒げなり,寒し,冬
13914,寒き日を土の達磨に向ひける,寒し,冬
13915,月落ちて入り江は寒し舟一つ,寒し,冬
13916,人一人二人寒しや大廣間,寒し,冬
13917,物もなき神殿寒し大々鼓,寒し,冬
13918,吉原の裏道寒し卵塔場,寒し,冬
13919,足柄はさぞ寒かつたでござんしよう,寒し,冬
13920,石垣や松這ひ出でゝ水寒し,寒し,冬
13921,掛けられて汝に浮世の風寒し,寒し,冬
13922,掛られて汝に此世の風寒し,寒し,冬
13923,寒き日を書もてはいる厠かな,寒し,冬
13924,寒き夜や妹がり行けば温飩賣,寒し,冬
13925,寒けれど不二見て居るや阪の上,寒し,冬
13926,寒さうに金魚の浮きし日向哉,寒し,冬
13927,囚人の頸筋寒し馬の上,寒し,冬
13928,藤原の出口に寒し牢屋敷,寒し,冬
13929,佛焚いて佛壇寒し味噌の皿,寒し,冬
13930,家寒く有磯の海に向ひけり,寒し,冬
13931,江に向いて一膳飯の店寒し,寒し,冬
13932,音寒き海より上る朝日哉,寒し,冬
13933,狼の糞見て寒し白根越,寒し,冬
13934,川上も川下もばつとして寒し,寒し,冬
13935,客稀に大丸寒し釜の湯氣,寒し,冬
13936,苦し寒し風を呑み込む阪の上,寒し,冬
13937,剣に舞へば蝋燭寒き焔哉,寒し,冬
13938,剣に舞へば蝋燭寒き酒宴かな,寒し,冬
13939,寒けれど酒もあり温泉もある處,寒し,冬
13940,寒けれど富士見る旅は羨まし,寒し,冬
13941,寒さうに語る夕日の木こり哉,寒し,冬
13942,寒さうに皆きぬきぬの顏許り,寒し,冬
13943,寒さうに夜伽の人の假寐哉,寒し,冬
13944,説教は寒いか里の嫁御達,寒し,冬
13945,堂寒し羅寒五百の眼の光,寒し,冬
13946,瀧涸れて日向に寒し山の不動尊,寒し,冬
13947,月近く覗いて寒し山の寺,寒し,冬
13948,何やらの足跡寒き廚かな,寒し,冬
13949,原荒れて明星寒し菎布の屋根,寒し,冬
13950,故里の入口寒し亂塔場,寒し,冬
13951,山寒し樵夫一人下りて行く,寒し,冬
13952,醉ざめの車に乘れば足寒し,寒し,冬
13953,我寒し君はた歸りきませとよ,寒し,冬
13954,いもくひながら四谷歸る夜の寒かりし,寒し,冬
13955,いも喰ひながら四谷戻る夜の寒かりし,寒し,冬
13956,追剥の出るか出るかと衿寒き,寒し,冬
13957,雲もなき不二見て寒し江戸の町,寒し,冬
13958,寒からう痒からう人に逢ひたからう,寒し,冬
13959,汐引いて棒杭寒き入江かな,寒し,冬
13960,堂寒し五百羅漢の眼の光,寒し,冬
13961,毒籠を靜めて淵の色寒し,寒し,冬
13962,人住まぬ別莊寒し樫木原,寒し,冬
13963,將門の都睨みし山寒し,寒し,冬
13964,御灯青く通夜の公卿衆の顏寒き,寒し,冬
13965,御船前に眞榊隱れ灯の寒き,寒し,冬
13966,御船前や眞榊隱れ灯の寒き,寒し,冬
13967,武藏野の明星寒し葱畑,寒し,冬
13968,召したまふ御聲もなくて寒き夜や,寒し,冬
13969,物部の手に劍寒し喪のしるし,寒し,冬
13970,雪の無き富士見て寒し江戸の町,寒し,冬
13971,赦されて囚人薄き衣寒し,寒し,冬
13972,犬吠えて夫呼び起す寒夜哉,寒し,冬
13973,寫し見る鏡中の人吾寒し,寒し,冬
13974,飼猿よこの頃木曾の月寒し,寒し,冬
13975,寒き夜を猶むつまじく契るべし,寒し,冬
13976,背戸寒く日本海に向ひけり,寒し,冬
13977,背戸の外は日本海の波寒し,寒し,冬
13978,亡き人のまほろし寒し化粧の間,寒し,冬
13979,松寒し樓門兀て矢大臣,寒し,冬
13980,牢を出て再び寒し娑婆の風,寒し,冬
13981,寒き日を穴八幡に上りけり,寒し,冬
13982,寒き夜の町の噂や箒星,寒し,冬
13983,寒き夜や妹か門邊の温飩賣,寒し,冬
13984,寒さうな外の草木やガラス窓,寒し,冬
13985,行き馴れし墓の小道や杉寒し,寒し,冬
13986,寒き夜の錢湯遠き場末哉,寒し,冬
13987,先生のお留守寒しや上根岸,寒し,冬
13988,泥舟の二つ竝んで川寒し,寒し,冬
13989,寒き夜や家に歸れば鮟鱇汁,寒し,冬
13990,清潭の居る山寒し獅子の声,寒し,冬
13991,籔ごしやはだか參りの鈴冴る,冴,冬
13992,門付の三味遠き夜やかねさゆる,冴,冬
13993,冴る夜や大星一つ流れ行く,冴,冬
13994,裏山や月冴えて笹の音は何,冴,冬
13995,鐘冴ゆる夜かゝげても灯の消んとす,冴,冬
13996,琵琶冴えて星落來る臺哉,冴,冬
13997,星冴えて篝火白き砦哉,冴,冬
13998,借り家や冴ゆる夜近き汽車の音,冴,冬
13999,冴ゆる夜や女ひそかに劍習ふ,冴,冬
14000,女房泣く聲冴えて御所の夜更けたり,冴,冬
14001,冴ゆる夜の北斗を焦す狼烟哉,冴,冬
14002,諏訪の海不二の影より氷りけり,凍る,冬
14003,千足袋の其まゝ氷る株かな,凍る,冬
14004,夜嵐や網代に氷る星の影,凍る,冬
14005,蘆の根のしつかり氷る入江哉,凍る,冬
14006,染汁の紫こほる小川かな,凍る,冬
14007,染汁の紫氷る小溝かな,凍る,冬
14008,谷川の石も一つに氷りけり,凍る,冬
14009,ともし行く灯や凍らんと禰宜が袖,凍る,冬
14010,今年中氷りつきけり諏訪の舟,凍る,冬
14011,氷りけり諏訪の捨舟今年中,凍る,冬
14012,手凍えて筆動かず夜や更けぬらん,凍る,冬
14013,四辻や打水氷る朝日影,凍る,冬
14014,歌の濱も上野の嶋も氷りけり,凍る,冬
14015,靴凍てゝ墨塗るべくもあらぬ哉,凍る,冬
14016,凍る田や八郎稻荷本願寺,凍る,冬
14017,凍る手や栞の總の紅に,凍る,冬
14018,蒟蒻も舌も此夜を凍りけり,凍る,冬
14019,冷飯のこほりたるに茶をかけるべく,凍る,冬
14020,漏らさじと戀のしがらみ氷るらん,凍る,冬
14021,手凍えてしばしば筆の落んとす,凍る,冬
14022,袴著て手の凍えたる童哉,凍る,冬
14023,崩御遊ばさる其夜星落ち雲こほる,凍る,冬
14024,狼や睾丸凍る旅の人,凍る,冬
14025,凍え死ぬ人さへあるに猫の戀,凍る,冬
14026,土凍てゝ南天の實のこぼれけり,凍る,冬
14027,墨汁も筆も氷りぬ書を讀まん,凍る,冬
14028,枯菊や凍たる土に立ち盡す,凍る,冬
14029,凍えたる手をあぶりけり弟子大工,凍る,冬
14030,凍えたる指のしびれや凧の絲,凍る,冬
14031,精出せば氷る間も無し水車,凍る,冬
14032,土凍てし愛宕の山や吹さらし,凍る,冬
14033,星滿つる胡の空や角こほる,凍る,冬
14034,頬凍て子の歸り來る夕餉哉,凍る,冬
14035,道凍てはだし詣の通りけり,凍る,冬
14036,割下水きたなき水の氷りけり,凍る,冬
14037,凍てついて鼠に鳶の失敗す,凍る,冬
14038,凍筆をホヤにかざして焦しけり,凍る,冬
14039,日のあたる石にさはればつめたさよ,つめたし,夏
14040,白石の墓もつめたき無縁哉,つめたし,夏
14041,冬の夜や君が門べを幾もどり,冬の夜,冬
14042,冬の夜や星流れこむ海のはて,冬の夜,冬
14043,冬の夜の稻妻薄し星の中,冬の夜,冬
14044,冬の夜の更けてなゐふるともし哉,冬の夜,冬
14045,詩一章柿二顆冬の夜は更ぬ,冬の夜,冬
14046,冬の夜やいり物くふて詩會あり,冬の夜,冬
14047,人を噛む鼠出でけり夜半の冬,冬の夜,冬
14048,春待つや着物着たがる娘の子,春を待つ,冬
14049,春待つや小田の雁金首立てゝ,春を待つ,冬
14050,春を待つ雜煮をまつと人や思,春を待つ,冬
14051,春待つや只四五寸の梅の苗,春を待つ,冬
14052,春待つや椿の莟籠の鳥,春を待つ,冬
14053,春を待つ迄に我はや老いにけり,春を待つ,冬
14054,小説を草して獨り春を待つ,春を待つ,冬
14055,寒園に梅咲く春も待ちあへず,春を待つ,冬
14056,北窓に春まつ梅の老木哉,春を待つ,冬
14057,あかゞりや一寸われて春近し,春近し,春
14058,ひもじさの餅にありつく睦月かな,一月,新年
14059,ひもじさの餅にうれしき睦月哉,一月,新年
14060,初霜や朝日を含む本願寺,初霜,冬
14061,初霜や兒の手柏のふたおもて,初霜,冬
14062,初霜や束ねよせたる菊の花,初霜,冬
14063,初霜に負けて倒れし菊の花,初霜,冬
14064,初霜や鏡にうつる鬢の上,初霜,冬
14065,明殘る月の光りかしものつや,霜,冬
14066,幾霜に根をかため行小松哉,霜,冬
14067,牛若の下駄の跡あり橋の霜,霜,冬
14068,寒菊や霜の重みに倒れけん,霜,冬
14069,緋の蕪にはかなき霜の命かな,霜,冬
14070,繪のやうな紅葉ちる也霜の上,霜,冬
14071,朝な朝な霜おく旅の紙衣哉,霜,冬
14072,風吹てのら猫叫ぶ屋根の霜,霜,冬
14073,風吹て蒲團に霜を置く夜哉,霜,冬
14074,三條の霜に手をつく泪哉,霜,冬
14075,霜ふんで鹿曉の山にたつ,霜,冬
14076,雀とまる釣瓶の底や霜のあと,霜,冬
14077,一むれの牛のあとあり橋の霜,霜,冬
14078,故郷の霜の味見よ赤かぶら,霜,冬
14079,古寺や百鬼夜行の霜のあと,霜,冬
14080,いたいけに霜置く薔薇の莟哉,霜,冬
14081,塩濱の霜かきならす朝日かな,霜,冬
14082,霜の夜や赤子に似たる猫の声,霜,冬
14083,南天をこぼさぬ霜の靜かさよ,霜,冬
14084,旭のさすや紅うかぶ霜の富士,霜,冬
14085,鵯の朝日に飛ぶや霜の原,霜,冬
14086,兵營や霜に荒れたる國府の臺,霜,冬
14087,ほつかりと日のあたりけり霜の塔,霜,冬
14088,痩菊に霜置かぬ朝の曇りかな,霜,冬
14089,蓬生や霜に崩るゝ古築地,霜,冬
14090,猪のかき崩しけり霜の岨,霜,冬
14091,曉や御庭の霜の捨篝,霜,冬
14092,尼寺の錠かゝりけり門の霜,霜,冬
14093,有明の霜まばらなり敷俵,霜,冬
14094,薄赤う旭のあたりけり霜の不二,霜,冬
14095,起せども腰が拔けたか霜の菊,霜,冬
14096,きやべつ菜に横濱近し畑の霜,霜,冬
14097,霜こほる焼刃を水の流れけり,霜,冬
14098,鷄鳴くや月落ちかゝる橋の霜,霜,冬
14099,鍋の霜日の短きも限りかな,霜,冬
14100,橋の霜雀が下りても遊びけり,霜,冬
14101,世の中を恨みつくして土の霜,霜,冬
14102,赤い實の一つこぼれて霜の橋,霜,冬
14103,赤き實の一つこぼれぬ霜の庭,霜,冬
14104,兜脱げ酒ふるまはん鬢の箱,霜,冬
14105,鴉鳴く四十九日や塚の霜,霜,冬
14106,烏なく霜の野寺の明にけり,霜,冬
14107,戀ひ死なばせめては塚の霜に訪へ,霜,冬
14108,淋しげに霜の鳥居の立ち盡す,霜,冬
14109,誰が家ぞ霜に折れたる萩芒,霜,冬
14110,たが塚ぞ霜に伏したる八重葎,霜,冬
14111,石蕗の葉の霜に尿する小僧哉,霜,冬
14112,灯氷る杉の木立や路の霜,霜,冬
14113,琵琶悲し一夜に寒き鬢の霜,霜,冬
14114,夜嵐や吹き靜まつて蔦の霜,霜,冬
14115,遼東の霜にちびたるひづめ哉,霜,冬
14116,凱旋や天子見そなはす鬢の霜,霜,冬
14117,酒さめて楓橋の夢霜の鐘,霜,冬
14118,十萬の髑髏の夢や草の霜,霜,冬
14119,霜に寐て案山子誰をか恨むらん,霜,冬
14120,霜や深き大黒柱ひゞく音,霜,冬
14121,住み荒れて雀來て寐る椽の霜,霜,冬
14122,冬瓜や霜ふりかけし皮の色,霜,冬
14123,渡し場や下駄はいてのる舟の霜,霜,冬
14124,狼の糞あたゝかに寺の霜,霜,冬
14125,狼の小便したり草の霜,霜,冬
14126,法官や僻地に老いて髭の霜,霜,冬
14127,藥草の花紫に霜白し,霜,冬
14128,藥草の花紫に霜早し,霜,冬
14129,亡き妻の四九日や墓の霜,霜,冬
14130,加賀人が酢の塩梅や霜の蟹,霜,冬
14131,加賀人が料りて見せつ霜の蟹,霜,冬
14132,霜の蟹や玉壺の酒の底濁り,霜,冬
14133,鳥にやる菜をむしりけり庭の霜,霜,冬
14134,庭石や霜に鳥なく藪柑子,霜,冬
14135,夜まわりの無情見えけり霜柱,霜柱,冬
14136,隠れ家や未下りの霜柱,霜柱,冬
14137,霜柱石燈籠は倒れけり,霜柱,冬
14138,籾敷くや踏めば落ち込む霜柱,霜柱,冬
14139,枯れ盡す菊の畠の霜柱,霜柱,冬
14140,土ともに崩るゝ崕の霜柱,霜柱,冬
14141,もろともに崩るゝ崖の霜柱,霜柱,冬
14142,菊も刈り薄も刈りぬ霜柱,霜柱,冬
14143,水仙は咲かでやみけり霜柱,霜柱,冬
14144,人行かぬ北の家陰や霜柱,霜柱,冬
14145,日のさゝぬ四角な庭や霜柱,霜柱,冬
14146,梅龕の墓に花無し霜柱,霜柱,冬
14147,蕾つく梅の苗木や霜柱,霜柱,冬
14148,朝霜をおきあつめたる落葉哉,朝霜,冬
14149,朝霜や藁家ばかりの村一つ,朝霜,冬
14150,朝霜を洗ひ落せし冬菜哉,朝霜,冬
14151,ほろほろと朝霜もゆる落葉哉,朝霜,冬
14152,朝霜や青菜つみ出す三河嶋,朝霜,冬
14153,朝霜の御茶の水河岸靜かなり,朝霜,冬
14154,朝霜の帆綱に光る日の出かな,朝霜,冬
14155,朝霜やいらかにつゞく安房の海,朝霜,冬
14156,朝霜や江戸をはなれて空の不二,朝霜,冬
14157,朝霜やかれかれ赤き蓼の花,朝霜,冬
14158,朝霜や靜かに殘る竹の月,朝霜,冬
14159,朝霜や雫したゝる塔の屋根,朝霜,冬
14160,朝霜や雫流るゝぶりき屋根,朝霜,冬
14161,朝霜や舟流したる橋の下,朝霜,冬
14162,朝霜や屋根のつゞきの安房の海,朝霜,冬
14163,熱帶の草しほれけり今朝の霜,朝霜,冬
14164,帆まばらに富士高し朝の霜かすむ,朝霜,冬
14165,饅頭の湯氣のいきりや霜の朝,朝霜,冬
14166,麥の芽のほのかに青し朝の霜,朝霜,冬
14167,麥の芽のほのかに青し霜の朝,朝霜,冬
14168,朝霜に日の昇りたる城下かな,朝霜,冬
14169,朝霜の藁屋の上や富士の雪,朝霜,冬
14170,朝霜や鐘引き捨てし道の端,朝霜,冬
14171,朝霜や猶青臭き莖菜桶,朝霜,冬
14172,朝霜や不二を見に出る廊下口,朝霜,冬
14173,きやべつ菜に横濱近し朝の霜,朝霜,冬
14174,吾妹子が眉に置きけり朝の霜,朝霜,冬
14175,咲かで枯れし薔薇の蕾や朝の霜,朝霜,冬
14176,朝霜に青き物なき小庭哉,朝霜,冬
14177,朝霜や大佛殿の鼻柱,朝霜,冬
14178,親牛の子牛をねぶる霜夜哉,霜夜,冬
14179,鐘つきの衣かたしく霜夜哉,霜夜,冬
14180,ほんのりと茶の花くもる霜夜哉,霜夜,冬
14181,牛小屋に牛のつぐなる霜夜哉,霜夜,冬
14182,牛の子の鼻息白き霜夜哉,霜夜,冬
14183,牛の子の鼻いき白し霜夜哉,霜夜,冬
14184,肅々と馬に鞭うつ霜夜かな,霜夜,冬
14185,橋渡る音や霜夜の御所車,霜夜,冬
14186,辻堂に狐の寐たる霜夜かな,霜夜,冬
14187,金岡の馬靜まりし霜夜哉,霜夜,冬
14188,九つか霜夜の鐘に泣く女,霜夜,冬
14189,犬の子を狸はぐゝむ霜夜かな,霜夜,冬
14190,尿せしわらべを叱る霜夜哉,霜夜,冬
14191,醉蟹の壺を伺ふ霜夜かな,霜夜,冬
14192,不忍の鴨寐靜まる霜夜かな,霜夜,冬
14193,家にまつ女房もなし冬の風,冬の風,冬
14194,北風や芋屋の煙なびきあへず,北風,冬
14195,北風に鍋燒温飩呼びかけたり,北風,冬
14196,北風に鍋燒温泉呼びかけたり,北風,冬
14197,北風に向いて堀端通りかな,北風,冬
14198,北の窓日本海を塞ぎけり,北風,冬
14199,凩に舞ひあがりたる落葉哉,凩,冬
14200,凩や迷ひ子探す鉦の音,凩,冬
14201,木枯に月も動くや波のかげ,凩,冬
14202,木枯やあら緒くひこむ菅の笠,凩,冬
14203,木枯や木はみな落ちて壁の骨,凩,冬
14204,木枯や富士をめかけて舟一つ,凩,冬
14205,凩に三味も枯木の一ツ哉,凩,冬
14206,凩に尻をむけけり離れ鴛,凩,冬
14207,凩にのつて虚空を行き給へ,凩,冬
14208,木枯に鼻をとらるな京の人,凩,冬
14209,凩にはひつくばるや土龜山,凩,冬
14210,木枯に火影おそろしがらす窓,凩,冬
14211,凩にもたれてはしる白帆哉,凩,冬
14212,凩や岩につまづく波のおと,凩,冬
14213,凩やいりあひくづす夕鴉,凩,冬
14214,凩や追手も見えすはなれ馬,凩,冬
14215,凩や枯色見する塔一つ,凩,冬
14216,凩や京にそがひの家かまつ,凩,冬
14217,凩や鐵となる吾妻橋,凩,冬
14218,凩や虚空をかける氣車の音,凩,冬
14219,凩や虚空をはしる氣車の音,凩,冬
14220,木枯やさゝは餘計にゆれながら,凩,冬
14221,木枯やしかみ付たるふしの雲,凩,冬
14222,凩や自在に釜のきしる音,凩,冬
14223,凩や船頭も見えずはしり船,凩,冬
14224,凩やちぎつてすつるふじの雪,凩,冬
14225,凩や刃物の疵のところどころ,凩,冬
14226,凩や帽ひるがへる京の町,凩,冬
14227,凩や夜着きて町を通る人,凩,冬
14228,吹付てはては凩の雨もなし,凩,冬
14229,凩に汽車かけり行く別れ哉,凩,冬
14230,凩にのびる小松のきほひ哉,凩,冬
14231,凩に吹き落されな馬の尻,凩,冬
14232,凩にふとる莟や寒椿,凩,冬
14233,凩の暮れかゝりけり鳰の海,凩,冬
14234,凩の十日許りは休みけり,凩,冬
14235,凩の吹けども吹けども柳かな,凩,冬
14236,凩や淺間の煙吹ききつて,凩,冬
14237,凩やいとまたまはる近衛兵,凩,冬
14238,凩や入相ひゞく牛の角,凩,冬
14239,凩や海を流るゝ隅田川,凩,冬
14240,凩や木曾川落ちる夜の音,凩,冬
14241,凩や木曾川落つる夜の音,凩,冬
14242,凩や紅はげる妙義山,凩,冬
14243,凩や十六七の尼の顏,凩,冬
14244,凩や白菊痩せて庭の隅,凩,冬
14245,凩や神馬の齒くきあらは也,凩,冬
14246,凩や蝉も榮螺もから許り,凩,冬
14247,凩や空ものすごき遠光り,凩,冬
14248,凩や空よりかける十六騎,凩,冬
14249,凩や血汐したゝる牛の股,凩,冬
14250,凩や血にさびついた鼠罠,凩,冬
14251,凩や新嶋守の立ち姿,凩,冬
14252,凩や一かたまりの人の聲,凩,冬
14253,凩や一むれさわぐわつはども,凩,冬
14254,凩やほこり吹きゝる江戸の町,凩,冬
14255,凩や星吹きこぼす海の上,凩,冬
14256,凩や眞砂をふらす星月夜,凩,冬
14257,凩や窓を開けば星の數,凩,冬
14258,物は何凩の笠雪の簔,凩,冬
14259,物は何凩の簔雪の笠,凩,冬
14260,凩がいやとは餘り無分別,凩,冬
14261,凩に大提灯の靜かさよ,凩,冬
14262,凩に叫吽の獅子の搆へかな,凩,冬
14263,凩に大佛暮るゝ上野かな,凩,冬
14264,凩に吹かれて寒し鰒の面,凩,冬
14265,凩に吹かれて來たか二人連,凩,冬
14266,凩に吹かれに來たか二人連,凩,冬
14267,凩によく聞けば千々の響き哉,凩,冬
14268,凩の明家を猫のより處,凩,冬
14269,凩の上野に近きいほりかな,凩,冬
14270,凩の木の間木の間や二千場,凩,冬
14271,凩の中より月の升りけり,凩,冬
14272,凩ののぞくがらすや室の花,凩,冬
14273,凩も負けて大鼓の木魂かな,凩,冬
14274,凩も負て太鼓の會式かな,凩,冬
14275,凩や海は虚空にひろがりて,凩,冬
14276,凩や鐘撞く法師五六人,凩,冬
14277,凩や木もなき山の堂一つ,凩,冬
14278,凩や木立の奥の不二の山,凩,冬
14279,凩や道哲の鉦打ちしきる,凩,冬
14280,凩や波のほさきの走り舟,凩,冬
14281,凩や晝は淋しき廓道,凩,冬
14282,凩や葎を楯に家鴨二羽,凩,冬
14283,凩や山突兀として松一木,凩,冬
14284,凩や落書兀げる仁王門,凩,冬
14285,すわ夜汽車凩山へ吹き返し,凩,冬
14286,人去てあと凩の上野かな,凩,冬
14287,から尻に凩あるゝ廣野哉,凩,冬
14288,から尻に凩つよき廣野哉,凩,冬
14289,凩に尖らぬ頭ぞなかりける,凩,冬
14290,凩に向ふて登る峠かな,凩,冬
14291,凩の馬吹き飛ばす廣野哉,凩,冬
14292,凩の外は落葉の月夜哉,凩,冬
14293,凩や犬吠え立つる外が濱,凩,冬
14294,凩や海へ吹かるゝ人の聲,凩,冬
14295,凩やがうがうとして瀧落つる,凩,冬
14296,木枯やかちりついたる馬の鞍,凩,冬
14297,凩や鐘引きすてし道の端,凩,冬
14298,凩や君がまぼろし吹きちらす,凩,冬
14299,凩や雲吹き落す海のはて,凩,冬
14300,凩や鹿の餌賣れぬ豆腐殼,凩,冬
14301,凩や十年賣れぬ古佛,凩,冬
14302,凩や月の光りを吹き散らす,凩,冬
14303,凩や胴の破れし太鼓橋,凩,冬
14304,凩や鼠の腐る狐罠,凩,冬
14305,凩や髯いかめしき騎馬の人,凩,冬
14306,凩や船沈みたるあたりより,凩,冬
14307,凩やものもうつらぬ窓の月,凩,冬
14308,凩やよろよろ薄よろよろと,凩,冬
14309,凩を空へ吹かせて谷の家,凩,冬
14310,ひうひうと凩鳴るや庵の空,凩,冬
14311,古御所や凩更けて笑ひ聲,凩,冬
14312,うすものに吹く凩の風もなし,凩,冬
14313,君が行くは凩吹かぬ處よな,凩,冬
14314,君待つ夜また凩の雨になる,凩,冬
14315,凩に笠押しむけていとま乞,凩,冬
14316,凩の逆にまはるや水車,凩,冬
14317,凩の草吹きわたる廣野哉,凩,冬
14318,凩の草をふきゆく廣野哉,凩,冬
14319,凩の淨林の釜恙なきや,凩,冬
14320,凩の中に灯ともす都哉,凩,冬
14321,凩の奈良に人なし鹿のむれ,凩,冬
14322,凩や觀ずれば皆法の聲,凩,冬
14323,凩やさかさに刎ねる水車,凩,冬
14324,木枯やさめんとしては牛の夢,凩,冬
14325,凩や禰宜歸り行く森の中,凩,冬
14326,凩や野の宮荒れて犬くゞり,凩,冬
14327,凩や燃えてころがる鉋屑,凩,冬
14328,凩や我に向いて波立ちあがる,凩,冬
14329,凩夜を荒れて虚空火を見る浅間山,凩,冬
14330,四絃迫れば凩さつと燭を吹く,凩,冬
14331,椎の木に凩強し十二月,凩,冬
14332,琵琶迫れば凩さつと燭を吹く,凩,冬
14333,凩に誤つて火を失す後陣哉,凩,冬
14334,凩の北に國なし日本海,凩,冬
14335,凩の寺は釣鐘一つなり,凩,冬
14336,凩や芭蕉の緑吹き盡す,凩,冬
14337,凩や松葉吹き散る能舞臺,凩,冬
14338,凩に三河島菜の葉張りかな,凩,冬
14339,凩の吹くや泡なき蟹の口,凩,冬
14340,凩や鰯乏しき鰯網,凩,冬
14341,凩や暖室の花紅に,凩,冬
14342,凩や燈爐にいもを燒く夜半,凩,冬
14343,凩や麓の方に鍛冶の音,凩,冬
14344,凩や病の舌に梨の味,凩,冬
14345,木枯の茶堂人無き埃かな,凩,冬
14346,木枯や石引き入るゝ庭普請,凩,冬
14347,木枯や落ちなんとする岩に堂,凩,冬
14348,木枯や皆からびたる力餅,凩,冬
14349,木枯や紫摧け紅敗れ,凩,冬
14350,いろいろの時雨は過ぎて冬の雨,冬の雨,冬
14351,米つきの裸あはれや冬の雨,冬の雨,冬
14352,聲氷る庭の小鳥や寒の雨,冬の雨,冬
14353,冬の雨米つきの裸あはれなり,冬の雨,冬
14354,古濠やだらりだらりと冬の雨,冬の雨,冬
14355,古濠やぢやらりぢやらりと冬の雨,冬の雨,冬
14356,廢朝や馬も通らず寒の雨,冬の雨,冬
14357,空合や隅田の時雨不二の雪,時雨,冬
14358,アメリカも共にしぐれん海の音,時雨,冬
14359,海と山しくるゝ音や前うしろ,時雨,冬
14360,五百年の夢をさまして小夜しくれ,時雨,冬
14361,鴫も居らず鴫立つ澤の初時雨,時雨,冬
14362,時雨るゝや海と空とのあはひより,時雨,冬
14363,しぐれきてはては松風海の音,時雨,冬
14364,しぐれせぬ處はあらずはりま灘,時雨,冬
14365,四國路へわたる時雨や播磨灘,時雨,冬
14366,染返す時雨時雨のもみぢ哉,時雨,冬
14367,有明を小窓ひとつに時雨けり,時雨,冬
14368,だんだんに燈のほそりけりさよ時雨,時雨,冬
14369,あたらしき火のとほりけり初時雨,時雨,冬
14370,いつからを時雨といはん太陽暦,時雨,冬
14371,いつしかに桑の葉黒し初しくれ,時雨,冬
14372,色里や時雨きかぬも三年ごし,時雨,冬
14373,薄暗し不二の裏行初しくれ,時雨,冬
14374,内川や外川かけて夕しぐれ,時雨,冬
14375,馬糞のからびぬはなしむら時雨,時雨,冬
14376,面白やふじにとりつく幾時雨,時雨,冬
14377,買ふてくる釣瓶の底やはつしくれ,時雨,冬
14378,からかさを千鳥はしるや小夜時雨,時雨,冬
14379,時雨るゝや筧を傳ふ山の雲,時雨,冬
14380,しくるゝや弘法死して一千年,時雨,冬
14381,時雨るゝや灯火にはねる家根のもり,時雨,冬
14382,しぐるゝやともしにはねるやねのもり,時雨,冬
14383,時雨るゝや紅葉を持たぬ寺もなし,時雨,冬
14384,時雨るゝや横にならびし岨の松,時雨,冬
14385,時雨來る雲の上なりふしの雪,時雨,冬
14386,しぐれずに空行く風や神送,時雨,冬
14387,時雨より外の誠や乕の雨,時雨,冬
14388,四方より釣鐘なぶるしぐれ哉,時雨,冬
14389,浄林の釜にむかしを時雨けり,時雨,冬
14390,順禮の數珠もんで行く時雨哉,時雨,冬
14391,新宿に荷馬ならぶや夕時雨,時雨,冬
14392,新聞で見るや故郷の初しくれ,時雨,冬
14393,旅人の京に入る日や初時雨,時雨,冬
14394,旅人の京に入る夜や初時雨,時雨,冬
14395,旅人の京へ入る日や初時雨,時雨,冬
14396,爪琴の下手を上手にしぐれけり,時雨,冬
14397,ほろ醉の端唄なまるや小夜時雨,時雨,冬
14398,三日月を時雨てゐるや沖の隅,時雨,冬
14399,三日頃の月をしくるゝや沖の隅,時雨,冬
14400,三日月をしぐるゝ雲や沖の隅,時雨,冬
14401,湯のたぎる家のぐるりを時雨けり,時雨,冬
14402,世の中の誠を不二に時雨けり,時雨,冬
14403,浪人を一夜にふるす時雨哉,時雨,冬
14404,生憎に烏も見えす初しくれ,時雨,冬
14405,灯かすかに沖は時雨の波の音,時雨,冬
14406,あかるみの松にのぼるや小夜しくれ,時雨,冬
14407,穴熊の耳にしぐるゝ夕哉,時雨,冬
14408,逢阪の上に行きあふしくれ哉,時雨,冬
14409,あぶらやにふらずもがなのしくれ哉,時雨,冬
14410,有明の又しくれけり一くらみ,時雨,冬
14411,醫者が來て發句よむ也初しくれ,時雨,冬
14412,磯しくれ花も紅葉もなかりけり,時雨,冬
14413,一村は籾すりやんで夕しぐれ,時雨,冬
14414,路次口に油こほしぬ初しくれ,時雨,冬
14415,いろいろの戀をしくるゝ嵯峨野哉,時雨,冬
14416,鶯のお宿尋ねん初しくれ,時雨,冬
14417,鶯のかくれ家見えて初しくれ,時雨,冬
14418,牛車歸る大津のしくれ哉,時雨,冬
14419,牛つなぐ酒屋の門のしくれ哉,時雨,冬
14420,牛つんで渡る小船や夕しくれ,時雨,冬
14421,牛に乘て矢橋へこえん初しくれ,時雨,冬
14422,牛の尾に壁のやぶれをしくれけり,時雨,冬
14423,牛の尾もぬらす名所のしくれ哉,時雨,冬
14424,牛一つ見えてしぐるゝ尾上哉,時雨,冬
14425,牛むれて歸る小村のしくれ哉,時雨,冬
14426,薄墨にしくるゝ山の姿哉,時雨,冬
14427,うちまぎれ行くや松風小夜しくれ,時雨,冬
14428,運慶か仁王の腕にしくれけり,時雨,冬
14429,落付て眞直にふるしくれ哉,時雨,冬
14430,大江山鬼の角よりしくれける,時雨,冬
14431,面白や垣結ふ人に初時雨,時雨,冬
14432,蠣殼の屋根に泣く夜や初しくれ,時雨,冬
14433,かけ橋や笠の端めぐる時雨雲,時雨,冬
14434,傘提げてこゝにも一人時雨待つ,時雨,冬
14435,傘提げて只しぐれ待つ思ひあり,時雨,冬
14436,笠塚に笠のいはれをしくれけり,時雨,冬
14437,風吹て湖水をめぐる時雨哉,時雨,冬
14438,風渡る大竹藪の時雨哉,時雨,冬
14439,歸り花それも浮世のしくれ哉,時雨,冬
14440,枯蓮のいかに枯れよとしぐるらん,時雨,冬
14441,含滿や時雨の狸石地藏,時雨,冬
14442,きそひ打つ五山の鐘や夕しくれ,時雨,冬
14443,狐火は消えて野寺の朝しくれ,時雨,冬
14444,首立てゝ家鴨つれたつしくれ哉,時雨,冬
14445,恠談の蝋燭青し小夜しくれ,時雨,冬
14446,廻廊に燈籠の星や小夜しくれ,時雨,冬
14447,傾城のうそも上手にさよしくれ,時雨,冬
14448,御遷宮一月こえてしくれ哉,時雨,冬
14449,酒の荷のまつほと匂ふしくれ哉,時雨,冬
14450,小夜しくれ小鴨のさわぐ入江哉,時雨,冬
14451,小夜しくれとのゐ申の聲遠し,時雨,冬
14452,猿一つ蔦にすがりてしくれけり,時雨,冬
14453,しぐるゝと人はいるなり寐惚顔,時雨,冬
14454,しくるゝや藜の杖のそまる迄,時雨,冬
14455,しくるゝや東へ下る白拍子,時雨,冬
14456,しくるゝやいつこの御所の牛車,時雨,冬
14457,しくるゝやいつまで赤き烏瓜,時雨,冬
14458,しくるゝや石にこぼるゝ青松葉,時雨,冬
14459,しくるゝや妹がりはいる蛇の目傘,時雨,冬
14460,しくるゝや芋堀るあとの溜り水,時雨,冬
14461,しくるゝや刀引きぬく居合拔,時雨,冬
14462,しくるゝや祗園清水智恩院,時雨,冬
14463,しくるゝや熊の手のひら煮る音,時雨,冬
14464,しくるゝや胡弓もしらぬ坊か妻,時雨,冬
14465,しくるゝや雀のさわぐ八重葎,時雨,冬
14466,しくるゝや旅人細き大井川,時雨,冬
14467,しくるゝや局隣も草雙紙,時雨,冬
14468,しぐるゝや隣の家に運座あり,時雨,冬
14469,時雨るゝや灘の嵐の波かしら,時雨,冬
14470,しくるゝや奈良は千年二千年,時雨,冬
14471,しくるゝや檐より落つる枯あやめ,時雨,冬
14472,しくるゝや古き都の白牡丹,時雨,冬
14473,しぐるゝや平家にならぶ太平記,時雨,冬
14474,しくるゝや松原通る馬の鈴,時雨,冬
14475,しくるゝや昔の夢を花の下,時雨,冬
14476,しくるゝや空しくこゝに二百年,時雨,冬
14477,しくるゝや物書く筆の薄にじみ,時雨,冬
14478,しくるゝや山こす小鳥幾百羽,時雨,冬
14479,しくるゝや夕日の動く西の空,時雨,冬
14480,しくるゝや芳野の山の歸り花,時雨,冬
14481,しくれけり梢に夕日持ちながら,時雨,冬
14482,しくれけり菎蒻玉の一むしろ,時雨,冬
14483,しくれして鎧の袖の曇り哉,時雨,冬
14484,しくれすに歸る山路や馬の沓,時雨,冬
14485,しくれたる人の咄や四疊半,時雨,冬
14486,しくれては熊野を出る烏哉,時雨,冬
14487,しくれとも雪ともしらす走り雲,時雨,冬
14488,しぐれなとあれよ餘りに静かなり,時雨,冬
14489,七湯の軒に雲おくしくれ哉,時雨,冬
14490,十萬戸煙ののぼるしくれ哉,時雨,冬
14491,白砂の山もあるのにしくれ哉,時雨,冬
14492,水仙は垣根に青し初しくれ,時雨,冬
14493,杉なりの俵の山をしくれけり,時雨,冬
14494,杉の葉もしくれて立てり繩簾,時雨,冬
14495,背戸あけて家鴨よびこむしくれ哉,時雨,冬
14496,千軍萬馬ひつそりとして小夜しくれ,時雨,冬
14497,膳まはり物淋しさよ夕しくれ,時雨,冬
14498,宗鑑が粥煮るけさのしくれ哉,時雨,冬
14499,宗祇去り芭蕉歿して幾時雨,時雨,冬
14500,宗匠に善きはあらじ初しくれ,時雨,冬
14501,宗匠の四國へ渡るしくれ哉,時雨,冬
14502,空に飛ぶ山や時雨の來りけり,時雨,冬
14503,大夫にもならで此松しくれけり,時雨,冬
14504,蛸の手の切口見えて夕しくれ,時雨,冬
14505,縦横に絲瓜一つをしくれけり,時雨,冬
14506,塔高し時雨の空の天王寺,時雨,冬
14507,唾壺をたゝく隣や小夜しくれ,時雨,冬
14508,定に入僧のあるらん小夜しくれ,時雨,冬
14509,月花の愚をしくれけり二百年,時雨,冬
14510,月一つ忘れて湖のしくれ哉,時雨,冬
14511,月見えてうそや誠のしくれ哉,時雨,冬
14512,つくは山かのもこのものしくれ哉,時雨,冬
14513,寺あれば紅葉もありてむら時雨,時雨,冬
14514,出女の聲にふり出す時雨かな,時雨,冬
14515,遠巻の篝火消て小夜しくれ,時雨,冬
14516,遠山を二つに分けて日と時雨,時雨,冬
14517,名所は古人の歌にしくれけり,時雨,冬
14518,泪しぐるゝや色にいでにけり我戀は,時雨,冬
14519,奈良千年伽藍伽藍の時雨哉,時雨,冬
14520,主は駕籠家隷の袖にしぐれけり,時雨,冬
14521,ぬれながら人ものいはず横時雨,時雨,冬
14522,化物も淋しかるらん小夜しくれ,時雨,冬
14523,箱庭の寸馬豆人をしくれけり,時雨,冬
14524,初しぐれ都の友へ状を書く,時雨,冬
14525,初しくれ夜船にのりし女哉,時雨,冬
14526,花火して時雨の雲のうつり哉,時雨,冬
14527,花も昔月の昔としくれけり,時雨,冬
14528,比枝の雲夜はしぐるゝともし哉,時雨,冬
14529,比枝一つ京と近江のしくれ哉,時雨,冬
14530,一しくれ京をはつれて通りけり,時雨,冬
14531,人しのぶみこしの松のしくれ哉,時雨,冬
14532,琵琶の音にさそひ出しけり小夜しくれ,時雨,冬
14533,晝中のあからあからとしくれけり,時雨,冬
14534,伏勢の藪に顔出すしくれ哉,時雨,冬
14535,富士を出て箱根をつたふ時雨哉,時雨,冬
14536,舟つなぐ百本杭のしくれ哉,時雨,冬
14537,舟一つ遠州灘のしくれ哉,時雨,冬
14538,ふりかへて我身の上のしくれ哉,時雨,冬
14539,古池やしくるゝ音の夜もすから,時雨,冬
14540,古寺や鼬の顔にしくれけり,時雨,冬
14541,露店の大傘や夕しくれ,時雨,冬
14542,榾くべて法師もてなすしくれ哉,時雨,冬
14543,頬あてや横にしぐるゝ舟の中,時雨,冬
14544,蒔砂に箒の波や初しくれ,時雨,冬
14545,松風に筧の音もしくれけり,時雨,冬
14546,松か岡香の烟にしくれけり,時雨,冬
14547,待つにあらず待たぬでもなし初時雨,時雨,冬
14548,松葉しく茶の湯の庭の初しくれ,時雨,冬
14549,窓推すや時雨ながらの夕月夜,時雨,冬
14550,迷ひ出る時雨の雲や關か原,時雨,冬
14551,みぞれともならで越路のしくれ哉,時雨,冬
14552,湖に月をおとすやむらしくれ,時雨,冬
14553,湖や底にしくるゝ星の數,時雨,冬
14554,身にしれと紙衣の穴をしくれけり,時雨,冬
14555,簔笠に狂ひいでけり初しくれ,時雨,冬
14556,簑笠に狂ひ出でたり初時雨,時雨,冬
14557,身ぶるひやけふもをくらき時雨雲,時雨,冬
14558,木兎は淋しき晝のしくれ哉,時雨,冬
14559,武藏野や夕日の筑波しくれ不二,時雨,冬
14560,名木の紅梅老て初しくれ,時雨,冬
14561,目覺むれは猶降つてゐるしくれ哉,時雨,冬
14562,もの凄き鳥なく山のしくれ哉,時雨,冬
14563,谷中には新墓多し初しくれ,時雨,冬
14564,山城のしくれて明る彦根哉,時雨,冬
14565,山鳥の尾を垂れてゐるしくれ哉,時雨,冬
14566,夕月のおもて過行しくれ哉,時雨,冬
14567,義仲を梦見る木曾のしくれ哉,時雨,冬
14568,路次口に油こぼすや初しくれ,時雨,冬
14569,井戸堀の裸しくるゝ焚火哉,時雨,冬
14570,猪の岩鼻はしるしくれ哉,時雨,冬
14571,繪馬堂の彩色はげて初しくれ,時雨,冬
14572,繪馬堂や彩色兀て初しくれ,時雨,冬
14573,桶の蓋とればしくるゝ豆腐哉,時雨,冬
14574,寺もなき鐘つき堂の時雨かな,時雨,冬
14575,牛のせて渡る小舟や夕しくれ,時雨,冬
14576,しぐれうとうとして暮れにけり,時雨,冬
14577,曙をしくれて居るや安房の山,時雨,冬
14578,幾時雨石山の石に苔もなし,時雨,冬
14579,掛稻にしくるゝ山の小村かな,時雨,冬
14580,金杉や相合傘の初時雨,時雨,冬
14581,此頃はどこの時雨に泣いて居る,時雨,冬
14582,菎蒻にしぐれ初めけり笊の中,時雨,冬
14583,しくるゝや鶏頭黒く菊白し,時雨,冬
14584,しくるゝや何を湯出鱆色に出る,時雨,冬
14585,しくるゝや岬をめぐる船の笛,時雨,冬
14586,しくれけり豆腐買ひけり晴れにけり,時雨,冬
14587,しぐれしか裏の竹山旭さす,時雨,冬
14588,時雨にもあはず三度の酉の市,時雨,冬
14589,十月や十日も過ぎて初時雨,時雨,冬
14590,竹藪を出れば嵯峨なり夕時雨,時雨,冬
14591,手拭の妙法講をしくれけり,時雨,冬
14592,なき人のまことを今日にしくれけり,時雨,冬
14593,帆柱に月持ちながら時雨かな,時雨,冬
14594,山崎や時雨の月の朝朗,時雨,冬
14595,山里や嫁入しぐるゝ馬の上,時雨,冬
14596,山の端や月にしぐるゝ須磨の浦,時雨,冬
14597,夕日照る時雨の森の銀杏かな,時雨,冬
14598,いつの間に星なくなつて時雨哉,時雨,冬
14599,傾ける傘の裏行く時雨かな,時雨,冬
14600,汽車此夜不二足柄としぐれけり,時雨,冬
14601,京さして山の時雨の迷ひ雲,時雨,冬
14602,傾城の外はしくるゝとも知らず,時雨,冬
14603,傾城は知らじ三夜さのむら時雨,時雨,冬
14604,傾城やしくれふるとも知らで寐る,時雨,冬
14605,劍に舞へばさつとしぐるゝ砦かな,時雨,冬
14606,五六艘五平太船のしぐれけり,時雨,冬
14607,しぐるとも御笠參らすよしもなし,時雨,冬
14608,しくるるや上野谷中の杉木立,時雨,冬
14609,しくるゝや紅薄き薔薇の花,時雨,冬
14610,しくるゝや腰湯ぬるみて雁の声,時雨,冬
14611,しぐるゝや寫本の上に雨のしみ,時雨,冬
14612,しくるゝや隣の小松庵の菊,時雨,冬
14613,しぐるゝや右は龜山星か岡,時雨,冬
14614,しぐるれど御笠參らすよしもなし,時雨,冬
14615,しくれけり月代已に杉の上,時雨,冬
14616,しくれつゝも菊健在也我宿は,時雨,冬
14617,塩鯛の塩ほろほろと時雨かな,時雨,冬
14618,島守のあらめの衣しぐれけり,時雨,冬
14619,上人を戴する舟ありむら時雨,時雨,冬
14620,白菊の少しあからむ時雨哉,時雨,冬
14621,新發智の青き頭を初時雨,時雨,冬
14622,大佛の鐘が鳴るなり小夜時雨,時雨,冬
14623,大名の柩ぬれたる時雨哉,時雨,冬
14624,旅僧の牛に乘つたる時雨哉,時雨,冬
14625,旅人の牛にのつたる時雨哉,時雨,冬
14626,旅人や橋にしぐるゝ馬の上,時雨,冬
14627,提灯の見えつかくれつしぐれけり,時雨,冬
14628,月出るやしぐるゝ雲の裏手より,時雨,冬
14629,月やうそ嵐やまこと初時雨,時雨,冬
14630,土佐の海南もなしにしぐれけり,時雨,冬
14631,土佐の國南もなしにしぐれけり,時雨,冬
14632,鷄の子の草原あさる時雨哉,時雨,冬
14633,橋は夕日竹屋の渡ししぐれけり,時雨,冬
14634,初しぐれ君が病ひのまじなひに,時雨,冬
14635,花賣の片荷しぐれて歸りけり,時雨,冬
14636,盤渉にしぐるゝ須磨の板屋哉,時雨,冬
14637,盤渉にしぐるゝ須磨の夕哉,時雨,冬
14638,ひつじ田に三畝の緑をしぐれけり,時雨,冬
14639,火ともしの火ともしかねつむら時雨,時雨,冬
14640,三井寺に颯と湖水の時雨哉,時雨,冬
14641,大和路は時雨ふるらし氣車の覆,時雨,冬
14642,山本の里と申して初時雨,時雨,冬
14643,行きつかぬうちにしぐるゝ矢走哉,時雨,冬
14644,吉原や晝のやうなる小夜時雨,時雨,冬
14645,老いぼれしくひつき犬をしぐれけり,時雨,冬
14646,大牛の路に塞がる時雨哉,時雨,冬
14647,樫の木に時雨鳴くなり谷の坊,時雨,冬
14648,樫の木に時雨鳴るなり谷の坊,時雨,冬
14649,烏鳶をかへり見て曰くしぐれんか,時雨,冬
14650,枯枝に鳶と烏の時雨哉,時雨,冬
14651,きぬぎぬを引きとめられてしぐれけり,時雨,冬
14652,鷄頭を伐るにものうし初時雨,時雨,冬
14653,戀ともなしくれそめたる袂哉,時雨,冬
14654,西行も虎もしぐれておはしけり,時雨,冬
14655,さうさうとしぐるゝ音や四つの絲,時雨,冬
14656,小夜時雨上野を虚子の來つゝあらん,時雨,冬
14657,しぐるゝや蒟蒻冷えて臍の上,時雨,冬
14658,しぐるゝや殘燈かすかに詩仙臺,時雨,冬
14659,しくるゝや妻、子を負ふて車推す,時雨,冬
14660,しぐるゝや日暮るや塔は見せながら,時雨,冬
14661,しぐるゝやむれて押あふ桶の鮒,時雨,冬
14662,しくれしてねぢけぬ菊の枝もなし,時雨,冬
14663,杉の空しぐるゝ駕の見えて行,時雨,冬
14664,砂川の時雨吸こんで水もなし,時雨,冬
14665,砂原の時雨吸いこんて水もなし,時雨,冬
14666,禪寺のつくづく古き時雨哉,時雨,冬
14667,土山や小浪が笠にしぐれふる,時雨,冬
14668,吊柿の二筋三筋しぐれけり,時雨,冬
14669,ともし火の一つ殘りて小夜時雨,時雨,冬
14670,野の中やひとりしぐるゝ石地藏,時雨,冬
14671,掃溜に青菜の屑をしぐれけり,時雨,冬
14672,初時雨木もりのかぶす腐りけり,時雨,冬
14673,原中や夕日さしつゝむら時雨,時雨,冬
14674,夕烏一羽おくれてしぐれけり,時雨,冬
14675,世の中はしぐるゝに君も痩せつらん,時雨,冬
14676,時雨に遠く小春に近く秋晴れぬ,時雨,冬
14677,辨當提げて役所を出れば夕時雨,時雨,冬
14678,松にしぐれ杉に鳶鳴く夕日哉,時雨,冬
14679,門とざす狸横町の時雨哉,時雨,冬
14680,追立つるかたはの馬や夕時雨,時雨,冬
14681,返り咲く花何々ぞ初時雨,時雨,冬
14682,鷄頭の黒きにそゝぐ時雨かな,時雨,冬
14683,干柿の二筋三筋しくれけり,時雨,冬
14684,傘曲る喰物横町小夜時雨,時雨,冬
14685,旅衣不破の時雨にぬらしけり,時雨,冬
14686,歌詠んで又泣きたまふ時雨哉,時雨,冬
14687,鷄頭の狼藉として時雨哉,時雨,冬
14688,鷄頭やこたへこたへて幾時雨,時雨,冬
14689,山下りて雪は霙と變りけり,霙,冬
14690,半分はみぞれて行くや唐子山,霙,冬
14691,みぞるゝやふけて冬田の薄明り,霙,冬
14692,みそるゝやふけて水田の薄明り,霙,冬
14693,大船の階子をあげる霙かな,霙,冬
14694,獺の橋杭つたふミぞれ哉,霙,冬
14695,人もなし黒木の鳥居霙ふる,霙,冬
14696,うつくしき霙ふる也電氣燈,霙,冬
14697,涸れ沼の泥にみぞるゝ夕かな,霙,冬
14698,みぞるゝや水道橋の薪舟,霙,冬
14699,霙にもなりぬべらなり宵の雨,霙,冬
14700,棕櫚の葉のばさりばさりとみぞれけり,霙,冬
14701,棕梠の葉にばさりばさりとみぞれけり,霙,冬
14702,さげて行く鍋へ打ち込む霰哉,霰,冬
14703,板屋根に眠りをさます霰かな,霰,冬
14704,順禮の笠を霰のはしりかな,霰,冬
14705,青竹をつたふ霰のすべり哉,霰,冬
14706,うらなひの鬚にうちこむ霰哉,霰,冬
14707,門附の編笠しをるあられ哉,霰,冬
14708,かるさうに提げゆく鍋の霰哉,霰,冬
14709,呉竹の奥に音あるあられ哉,霰,冬
14710,瀧壺の渦にはねこむ霰哉,霰,冬
14711,夜廻りの木に打ちこみし霰哉,霰,冬
14712,夜廻りの鐵棒はしる霰哉,霰,冬
14713,有明の霰ふるなり本願寺,霰,冬
14714,風吹て霰空虚にほどばしる,霰,冬
14715,かたかたは霰ふるなり鳰の月,霰,冬
14716,呉竹の名に音たてゝ霰哉,霰,冬
14717,柴漬になぐりこんたる霰哉,霰,冬
14718,大佛のからからと鳴る霰哉,霰,冬
14719,竹垣の外へころげる霰かな,霰,冬
14720,陣笠のそりや狂はん玉霰,霰,冬
14721,燈心のたばにこぼさぬ霰かな,霰,冬
14722,何段に杉の木陰のあられ哉,霰,冬
14723,一しきり霰のふりてしくれ哉,霰,冬
14724,藻汐草かきあつめたる霰哉,霰,冬
14725,りきむ程猶はね返す霰かな,霰,冬
14726,りきむ程猶はね返る霰哉,霰,冬
14727,板塀によりもつかれぬ霰かな,霰,冬
14728,賣れ殘る炭をおろせば霰かな,霰,冬
14729,大粒の霰降るなり石疊,霰,冬
14730,甲板に霰の音の暗さかな,霰,冬
14731,呉竹の横町狹き霰かな,霰,冬
14732,竹買ふて裏河岸戻る霰かな,霰,冬
14733,八陣の石崩れたる霰哉,霰,冬
14734,八陣の石は崩れてあられ哉,霰,冬
14735,降る程の霰隱れて小石原,霰,冬
14736,星暗く霰うつなり小野木笠,霰,冬
14737,曉の霰のたまるおとし穴,霰,冬
14738,逢阪や霰たばしる牛の角,霰,冬
14739,石橋の上にたまらぬ霰哉,霰,冬
14740,岩關の岩にけし飛ぶ霰哉,霰,冬
14741,大粒な霰ふるなり薄氷,霰,冬
14742,すさましや霰ふりこむ鳰の海,霰,冬
14743,捨橋の中にたばしる霰哉,霰,冬
14744,捨舟の中にたばしる霰かな,霰,冬
14745,蕎麥の雪棉の霰はまばらなり,霰,冬
14746,大佛のまじろきもせぬ霰哉,霰,冬
14747,旅僧の笠破れたる霰哉,霰,冬
14748,薙刀を車輪にまはす霰哉,霰,冬
14749,炮烙に豆のはぢきや玉あられ,霰,冬
14750,古塀の終に倒るゝ霰かな,霰,冬
14751,ものすごき音や霰の雲ばなれ,霰,冬
14752,猪の人をかけたる霰かな,霰,冬
14753,霰笠を打つてすくはる小順禮,霰,冬
14754,音のして霰も見えず藪の中,霰,冬
14755,音のして藁火に消ゆる霰哉,霰,冬
14756,四絃一齋霰たばしる疊かな,霰,冬
14757,竹賣の通りかゝりし霰哉,霰,冬
14758,竹藪に伏勢起る霰かな,霰,冬
14759,時々に霰となつて風強し,霰,冬
14760,鍋焼きの行燈を打つ霰かな,霰,冬
14761,はらはらと音して月の霰哉,霰,冬
14762,帆柱や大きな月にふる霰,霰,冬
14763,湖の氷にはぢく霰哉,霰,冬
14764,槍持の横つらを打つ霰哉,霰,冬
14765,藁灰にまぶれてしまふ霰かな,霰,冬
14766,霰やんで笠ぬげば月空に在り,霰,冬
14767,から城に鵲さわぐ霰かな,霰,冬
14768,口こはき馬に乘たる霰哉,霰,冬
14769,城門の釘大いなる霰哉,霰,冬
14770,鶴の巣を傾けてふる霰哉,霰,冬
14771,筆に聲あり霰の竹を打つ如し,霰,冬
14772,木兎の鳴きやむ杉の霰哉,霰,冬
14773,鷲の子の兎をつかむ霰かな,霰,冬
14774,犬吠ゆる白虎山下の霰かな,霰,冬
14775,魚棚に鮫竝べたる霰かな,霰,冬
14776,霜よけの俵破れし霰かな,霰,冬
14777,初雪やかくれおほせぬ馬の糞,初雪,冬
14778,初雪や椽へもて出る置こたつ,初雪,冬
14779,初雪や窓あけてしめあけてしめ,初雪,冬
14780,誰かある初雪の深さ見て参れ,初雪,冬
14781,初雪の重さ加減やこもの上,初雪,冬
14782,初雪の瓦屋よりも藁屋哉,初雪,冬
14783,初雪や輕くふりまく茶の木原,初雪,冬
14784,初雪や奇麗に笹の五六枚,初雪,冬
14785,初雪や小鳥のつゝく石燈籠,初雪,冬
14786,初雪や我子に簔と笠きせて,初雪,冬
14787,初雪をふるへばみのゝ雫かな,初雪,冬
14788,初雪によしや女の雪丸げ,初雪,冬
14789,初雪のふるとは見えてつみもせず,初雪,冬
14790,初雪や靴門内に入るべからず,初雪,冬
14791,初雪や靴門内へ入るべからず,初雪,冬
14792,初雪や畑より歸る牛の角,初雪,冬
14793,初雪や半分氷る諏訪の海,初雪,冬
14794,初雪や百本杭の杭の杭のさき,初雪,冬
14795,初雪やふじの山よりたゞの山,初雪,冬
14796,初雪を獨り物にせん草の庵,初雪,冬
14797,灰すてゝ日に初雪の待たれけり,初雪,冬
14798,入船の初雪載せて來るかな,初雪,冬
14799,入舟や何處の初雪載せて來る,初雪,冬
14800,海の上に初雪白し大鳥居,初雪,冬
14801,海の中に初雪積みぬ大鳥居,初雪,冬
14802,紙漉や初雪ちらりちらり降る,初雪,冬
14803,錦帶橋長し初雪降り足らず,初雪,冬
14804,初雪に祇園清水あらはれぬ,初雪,冬
14805,初雪の藍にも染まであはれなり,初雪,冬
14806,初雪の奇麗になりぬ大江山,初雪,冬
14807,初雪の下に火を焚く小舟かな,初雪,冬
14808,初雪の中に光るや金の鯱,初雪,冬
14809,初雪の流れて青し朝日川,初雪,冬
14810,初雪の中を淀川流れけり,初雪,冬
14811,初雪や秋葉の山も千代川も,初雪,冬
14812,初雪やあちらこちらの寺の屋根,初雪,冬
14813,初雪や異人ばかりの靴の跡,初雪,冬
14814,初雪や伊豫のお鼻は十八里,初雪,冬
14815,初雪や海を隔てゝ何處の山,初雪,冬
14816,初雪や鴉の羽に消えて行く,初雪,冬
14817,初雪や唐人の歌女郎の歌,初雪,冬
14818,初雪や雀よろこぶ手水鉢,初雪,冬
14819,初雪や百萬石の城の跡,初雪,冬
14820,初雪や丸藥程にまろめける,初雪,冬
14821,見渡せば初雪つもる四里四方,初雪,冬
14822,見渡せば初雪ふりぬ四里四方,初雪,冬
14823,歸るさや初雪やんで十日月,初雪,冬
14824,初雪の大雪になるそ口をしき,初雪,冬
14825,初雪のはらりと降りし小不二哉,初雪,冬
14826,初雪や橋の擬玉珠に鳴く鴉,初雪,冬
14827,ちらちらと初雪ふりぬ波の上,初雪,冬
14828,初雪の年の内にはふらざりし,初雪,冬
14829,白猫の行衞わからず雪の朝,雪,冬
14830,なつかしや雪の傘にてかくす顏,雪,冬
14831,雪ふりや棟の白猫聲はかり,雪,冬
14832,積みあまる富士の雪降る都かな,雪,冬
14833,雪箱をこやしに生る小松かな,雪,冬
14834,雪の跡さては酒屋か豆腐屋か,雪,冬
14835,雪のある山も見えけり上り阪,雪,冬
14836,折々は窓に聲あり夜の雪,雪,冬
14837,大雪やあちらこちらに富士いくつ,雪,冬
14838,大雪や玉のふしどに猪こゞへ,雪,冬
14839,銀世界すんでそろそろ泥世界,雪,冬
14840,白雪の中に音ある流れかな,雪,冬
14841,白雪をつんで小舟の流れけり,雪,冬
14842,竹の雪ふるひ落すやむら雀,雪,冬
14843,ふんで行く東方朔の雪のあと,雪,冬
14844,豐年のみつぎの雪か銀世界,雪,冬
14845,雪の日や枯れ木も花の一盛り,雪,冬
14846,雪ふりや源左衞門は大もうけ,雪,冬
14847,鴛鴦ばかりあたゝかさうや雪の中,雪,冬
14848,枯あしの雪をこほすやをしのはね,雪,冬
14849,笹の葉のみだれ具合や雪模様,雪,冬
14850,しばらくは笹も動かず雪模様,雪,冬
14851,明石から雪にくれ行淡路嶋,雪,冬
14852,赤煉瓦雪にならびし日比谷哉,雪,冬
14853,曙や都うもれて雪の底,雪,冬
14854,一里きて酒屋でふるふみのゝゆき,雪,冬
14855,狂ひ來たきほひ殘るや木々の雪,雪,冬
14856,くれ竹の力押えて雪重し,雪,冬
14857,くれ竹の雪ひつかつき伏しにけり,雪,冬
14858,此日哉雪にくれ行淡路嶋,雪,冬
14859,小娘にさしかけやらん雪の傘,雪,冬
14860,さらさらと竹に音あり夜の雪,雪,冬
14861,靜かさや雪にくれ行く淡路嶋,雪,冬
14862,白雪におされて月のぼやけ哉,雪,冬
14863,白きもの又常盤なりふじの雪,雪,冬
14864,炭賣の門くゞりけり雪の朝,雪,冬
14865,せかせかとたゝけば崩る門の雪,雪,冬
14866,關守の雪に火を焼く鈴鹿哉,雪,冬
14867,第一ハ雪なり第二巨燵なり,雪,冬
14868,高繩や雪ある山は教へよき,雪,冬
14869,竹折れる音の深さやよるの雪,雪,冬
14870,とんとんと叩けハ崩る門の雪,雪,冬
14871,馬車かへるあと靜かなり御所の雪,雪,冬
14872,母樣に見よとて晴れしふじの雪,雪,冬
14873,一ツ葉の手柄見せけり雪の朝,雪,冬
14874,灯の青うすいて家あり藪の雪,雪,冬
14875,灯の青うすいて奧あり藪の雪,雪,冬
14876,吹きつけたきほひのこるや木々の雪,雪,冬
14877,鰒釣や沖はあやしき雪模様,雪,冬
14878,ふらばふれ雪に鈴鹿の關こえん,雪,冬
14879,むつかしき姿も見えず雪の松,雪,冬
14880,雪空や藁火に竹のはしる音,雪,冬
14881,雪に穴を失ふて熊の聲悲し,雪,冬
14882,雪の脚寶永山へかゝりけり,雪,冬
14883,雪の跡一筋長し若菜摘,雪,冬
14884,雪の中うたひに似たる翁哉,雪,冬
14885,雪の日や白帆きたなき淡路島,雪,冬
14886,雪の山大海原をかこみけり,雪,冬
14887,雪の夜や簔の人行く遠明り,雪,冬
14888,猪の雪につまづく木の根かな,雪,冬
14889,有明に雪つむ四絛五絛かな,雪,冬
14890,青みけり八千八水雪の中,雪,冬
14891,うき出るや一夜に雪の千松嶋,雪,冬
14892,馬の尻雪吹きつけてあはれなり,雪,冬
14893,裏窓の雪に顏出す女かな,雪,冬
14894,面白や家はやかれて雪の旅,雪,冬
14895,面白やかさなりあふて雪の傘,雪,冬
14896,風少しそふて雪ふるさかり哉,雪,冬
14897,風吹て雪なき空のもの凄し,雪,冬
14898,黒々と雪に影あり松の月,雪,冬
14899,傾城曰く歸らしやんすか此雪に,雪,冬
14900,これにさへ雪はつもりぬさし柳,雪,冬
14901,嶋の雪辨天堂の破風赤し,雪,冬
14902,白雪の筆捨山に墨つけん,雪,冬
14903,杉の雪一町奧に仁王門,雪,冬
14904,炭賣や深山の雪もつけて來る,雪,冬
14905,わびしさや圍爐裏に煮える榾の雪,雪,冬
14906,あら笑止や又雪のふりかゝり舟,雪,冬
14907,宇治川や雪の夜明の下り舟,雪,冬
14908,炭竈の煙にそまの雪の袖,雪,冬
14909,炭かまの雪にうもれぬ烟かな,雪,冬
14910,製紙場の雪にうもれぬ烟かな,雪,冬
14911,竹折れて雪は隣へこほしけり,雪,冬
14912,ちろちろと夕餉たく火や苫の雪,雪,冬
14913,苫舟に煙立ちけり雪の朝,雪,冬
14914,寐ころんで牛も雪待つけしき哉,雪,冬
14915,灯ちらちら木の間に雪の家一つ,雪,冬
14916,火やほしき漁村の雪に鳴く千鳥,雪,冬
14917,富士ひとりめづらしからず雪の中,雪,冬
14918,筆買ひにとて雪ふんで十二町,雪,冬
14919,松杉の上野は黒し雪の中,雪,冬
14920,松の雪ほたりほたりとをしい事,雪,冬
14921,松原の見こしに白し雪の山,雪,冬
14922,簔笠に雪待ち顏の案山子哉,雪,冬
14923,目をくばる雪のあしたや海の色,雪,冬
14924,屋根の雪鴉の嘴のみじかさよ,雪,冬
14925,雪の跡木履草鞋の別れかな,雪,冬
14926,雪の中へ車推し出す御公家町,雪,冬
14927,雪の野にところところの藁屋哉,雪,冬
14928,雪の日や海の上行く鷺一羽,雪,冬
14929,雪の門叩けば酒の匂ひけり,雪,冬
14930,雪晴れて筑波我を去ること三尺,雪,冬
14931,雪見るや金をまうける道すがら,雪,冬
14932,雪やあらぬ海の上行く鷺一羽,雪,冬
14933,我庵のものぞ上野の杉の雪,雪,冬
14934,惜い事降る程消えて海の雪,雪,冬
14935,富士ひとりめづらしからず雪の朝,雪,冬
14936,むつかしき姿もなしに雪の松,雪,冬
14937,有明の雪の清水灯殘れり,雪,冬
14938,一村は雪にうもれて煙かな,雪,冬
14939,鐘撞いて雪になりけり三井の雲,雪,冬
14940,上州の山に雪見るあしたかな,雪,冬
14941,新庭やほつちり高き雪の笹,雪,冬
14942,千年の大寺一つ雪野かな,雪,冬
14943,筑波嶺の雪にかゝやく朝日かな,雪,冬
14944,寺一つむつくりとして雪の原,雪,冬
14945,日あたりや雀の崩す檐の雪,雪,冬
14946,引汐や薄雪つもる沖の石,雪,冬
14947,雪の跡人別れしと見ゆるかな,雪,冬
14948,雪の富士五重の塔のさはりけり,雪,冬
14949,雪の山壁の崩れに見ゆる哉,雪,冬
14950,雪や來ん衞士の篝火影さわぐ,雪,冬
14951,夜の雪杉の木の間の伽藍哉,雪,冬
14952,學寮へつゞくや雪の道一つ,雪,冬
14953,金殿のともし火細し夜の雪,雪,冬
14954,くるりくるり丸木の舟の雪もなし,雪,冬
14955,白雪の下に灯ともす木曾路かな,雪,冬
14956,杉垣の上に雪持つ小家哉,雪,冬
14957,杉垣の上に雪もつ小寺かな,雪,冬
14958,大佛の片肌雪に解けにけり,雪,冬
14959,大佛の片肌雪の解けにけり,雪,冬
14960,高繩と知られて雪の尾上哉,雪,冬
14961,竹藪の梢に遠し雪の山,雪,冬
14962,辻堂に火を焚く僧や夜の雪,雪,冬
14963,つらなりていくつも丸し雪の岡,雪,冬
14964,二三尺雪積む野邊の地藏哉,雪,冬
14965,庭の雪見るや厠の行き戻り,雪,冬
14966,兀山の雪にもならであはれなり,雪,冬
14967,春は芽ばれ薪にきらん雪の梅,雪,冬
14968,古關や雪にうもれて鹿の聲,雪,冬
14969,古庭の雪間をはしる鼬かな,雪,冬
14970,松の雪見るや厠の行き戻り,雪,冬
14971,松の雪われて落ちけり水の中,雪,冬
14972,武藏野やあちらこちらの雪の山,雪,冬
14973,山里や雪積む下の水の音,雪,冬
14974,雪雲の空にたゞよふ裾野哉,雪,冬
14975,雪空の一隅赤き入日かな,雪,冬
14976,雪積むや次第下りの屋根續き,雪,冬
14977,雪ながら氷る小道や星月夜,雪,冬
14978,雪ながら山紫の夕かな,雪,冬
14979,雪の旅おもしろからんさりながら,雪,冬
14980,夜の雪やしきりに叩く医者が門,雪,冬
14981,夜の雪やせわしく叩く醫者の門,雪,冬
14982,いくたびも雪の深さを尋ねけり,雪,冬
14983,市中や雪ちらちらと晝嵐,雪,冬
14984,うつむいて谷みる熊や雪の岩,雪,冬
14985,湖青し雪の山々鴉飛ぶ,雪,冬
14986,えいえいと攻め寄る雪の砦かな,雪,冬
14987,大雪の上にぽっかり朝日かな,雪,冬
14988,大雪や關所にかゝる五六人,雪,冬
14989,合羽つゞく雪の夕の石部驛,雪,冬
14990,刈り殘す薄の株の雪高し,雪,冬
14991,勘當の子を思ひ出す夜の雪,雪,冬
14992,五六人熊擔ひ來る雪の森,雪,冬
14993,聲悲し鴉の腹に雪を吹く,雪,冬
14994,障子明けよ上野の雪を一目見ん,雪,冬
14995,杉垣の上から雪の上野哉,雪,冬
14996,仲町や禿もまじり雪掻す,雪,冬
14997,南天に雪吹きつけて雀鳴く,雪,冬
14998,念入れて雪の積みたる伏籠哉,雪,冬
14999,走り來る禿に聞けば夜の雪,雪,冬
15000,一つ家のともし火低し雪の原,雪,冬
15001,灯のともる東照宮や杉の雪,雪,冬
15002,風雪を吹きつけて馬逡巡す,雪,冬
15003,不盡の山雪盛り上げし姿哉,雪,冬
15004,ふりやむや雪に灯ともる峰の寺,雪,冬
15005,古園や桃も李も雪の花,雪,冬
15006,古庭の雪に見出す葵哉,雪,冬
15007,濠と共に曲がりて長し雪の松,雪,冬
15008,水涸れて雪つもりたる筧哉,雪,冬
15009,水汲むや雪の合羽の女とは,雪,冬
15010,簔はあれど笠はあれど雪にわれ病めり,雪,冬
15011,莚帆に雪積む利根の夜明哉,雪,冬
15012,雪皚々王城の松美なる哉,雪,冬
15013,雪三尺王城の松美なる哉,雪,冬
15014,雪ながら竹垂れかゝる手水鉢,雪,冬
15015,雪の家に寐て居ると思ふ許りにて,雪,冬
15016,雪の夜や隅田の渡し舟はあれど,雪,冬
15017,雪ふるよ障子の穴を見てあれば,雪,冬
15018,雪女旅人雪に埋れけり,雪,冬
15019,夜明からふれども雪の積まぬげな,雪,冬
15020,吉原や眼にあまりたる雪の不盡,雪,冬
15021,夜の雪やどこ迄小き足の跡,雪,冬
15022,夜の雪辻堂に寐て美女を夢む,雪,冬
15023,浪人の赤子かゝへて夜の雪,雪,冬
15024,鴛鴦の羽に薄雪つもる靜さよ,雪,冬
15025,狼のちらと見えけり雪の山,雪,冬
15026,狼の見えて隱れぬ雪の山,雪,冬
15027,狼の吾を見て居る雪の岨,雪,冬
15028,大雪になるや夜討も遂に來ず,雪,冬
15029,大雪や狼人に近く鳴く,雪,冬
15030,黒き旗に雪ふりかゝり人稀也,雪,冬
15031,靜かさに雪積りけり三四尺,雪,冬
15032,ちらちらと障子の穴に見ゆる雪,雪,冬
15033,ちらちらと雪になりしか又止みぬ,雪,冬
15034,二三人火を焚く雪の木の間哉,雪,冬
15035,舟呼べば答あり待てば雪ちらちら,雪,冬
15036,水鉢や雀噛みあふ雪の竹,雪,冬
15037,雪此夜積まんといひて寐ぬる哉,雪,冬
15038,雪こよひ積まんといひて寐ぬる哉,雪,冬
15039,雪となり雨となり旗半ばなり,雪,冬
15040,雪に明けて星のあたりや君か馬,雪,冬
15041,雪にくれて狼の聲近くなる,雪,冬
15042,雪をささぐ蓮花一千四百丈,雪,冬
15043,居つゞけに禿は雪の兎かな,雪,冬
15044,井戸端や水汲む女雪をかこつ,雪,冬
15045,案内乞ふ合羽の雪や知らぬ人,雪,冬
15046,逢ふ人の皆大雪と申しけり,雪,冬
15047,大雪の鴉も飛ばぬ野山哉,雪,冬
15048,隱れ住む古主を訪ふや雪の村,雪,冬
15049,瓦斯燈や柳につもる夜の雪,雪,冬
15050,風そふて木の雪落る夜半の音,雪,冬
15051,松明に雪のちらつく山路かな,雪,冬
15052,亡き妻を夢に見る夜や雪五尺,雪,冬
15053,蓑笠や小門を出づる雪の人,雪,冬
15054,雪深し熊を誘ふおとしあな,雪,冬
15055,遼東の雪に馴れたる軍馬哉,雪,冬
15056,移徙やきのふ植ゑたる松の雪,雪,冬
15057,藁頭巾の雪ふるふたる戸口哉,雪,冬
15058,空城や篝もたかぬ夜の雪,雪,冬
15059,足跡の盡きし戸口や雪の原,雪,冬
15060,足跡の盡きし小家や雪の原,雪,冬
15061,牛部屋に顔出す牛や雪の朝,雪,冬
15062,梅探る吾妻の森や雪深き,雪,冬
15063,大雪や石垣長き淀の城,雪,冬
15064,背戸の雪水汲む道は絶にけり,雪,冬
15065,掃溜や今物捨し雪の上,雪,冬
15066,松島や小き島の松に雪,雪,冬
15067,井戸端に雪語り居る朝日哉,雪,冬
15068,井戸端の雪皆掻てしまひけり,雪,冬
15069,井戸端や鍋も盥も雪の上,雪,冬
15070,雁なくや小窓にやみの雪明り,雪明,冬
15071,我菴や上野をかざす雪明り,雪明,冬
15072,むく方へ風のもてくる吹雪かな,吹雪,冬
15073,こしかたも行くへもわかぬ吹雪哉,吹雪,冬
15074,寒からん不盡の隣の一吹雪,吹雪,冬
15075,一叟の小舟にあまる吹雪哉,吹雪,冬
15076,禪寺や吹雪くる夜を納豆打,吹雪,冬
15077,興居嶋へ魚舟いそぐ吹雪哉,吹雪,冬
15078,子をかばふ鶴たちまどふ吹雪哉,吹雪,冬
15079,酒かひのあぜ道さがす吹雪哉,吹雪,冬
15080,十一騎面もふらぬ吹雪かな,吹雪,冬
15081,菅笠の裏にもつもる吹雪かな,吹雪,冬
15082,すじかへに不二の山から雪吹哉,吹雪,冬
15083,高城の石かけ畫がく吹雪哉,吹雪,冬
15084,浪ぎははさらに横ふくふゞき哉,吹雪,冬
15085,不盡山をひねもすめくる吹雪哉,吹雪,冬
15086,吹雪來んとして鐘冴ゆる嵐哉,吹雪,冬
15087,兩院へ車分れる吹雪哉,吹雪,冬
15088,猪の岩ふみはづす吹雪哉,吹雪,冬
15089,猪の牙ふりたてる吹雪哉,吹雪,冬
15090,あら鷹の眼血ばしる吹雪かな,吹雪,冬
15091,椽側になくや吹雪のむら雀,吹雪,冬
15092,おし力もたれ力の吹雪かな,吹雪,冬
15093,輿のひまに袖あて給ふ吹雪哉,吹雪,冬
15094,通天の橋裏白きふゝき哉,吹雪,冬
15095,ともし火を中にあら野の吹雪哉,吹雪,冬
15096,平然と牛歸りくる吹雪哉,吹雪,冬
15097,大船の空にまかるゝ吹雪哉,吹雪,冬
15098,蛸隱す夜の吹雪の小簔かな,吹雪,冬
15099,うしろ向て塔見あげたる吹雪哉,吹雪,冬
15100,音もせずなりぬ吹雪の馬の鈴,吹雪,冬
15101,阪道や吹雪に下る四手駕,吹雪,冬
15102,峠より人の下り來る吹雪哉,吹雪,冬
15103,吹き亂す吹雪の鷹の鈴暮れたり,吹雪,冬
15104,むり向いて塔見あげたる吹雪哉,吹雪,冬
15105,町近く來るや吹雪の鹿一つ,吹雪,冬
15106,町近く來るよ吹雪の鹿一つ,吹雪,冬
15107,惱み伏す主をはげます吹雪哉,吹雪,冬
15108,町に入る吹雪の簔や旅の人,吹雪,冬
15109,武藏野も空も一つに吹雪哉,吹雪,冬
15110,病む人に戸あけて見する吹雪哉,吹雪,冬
15111,うすうすとうつる朝日や初氷,初氷,冬
15112,馬渡るかたや湖水の初氷,初氷,冬
15113,田鼠のはしる音あり初氷,初氷,冬
15114,諏訪の神の狐と現じ初氷,初氷,冬
15115,もてなしハあつからすこの氷かな,氷,冬
15116,もてなしは薄くてあつき氷かな,氷,冬
15117,濁り井の氷に泥はなかりけり,氷,冬
15118,角池の四隅に殘る氷かな,氷,冬
15119,水鉢にしかみついたる氷かな,氷,冬
15120,飯粒の板にひゝつく氷哉,氷,冬
15121,浮くや金魚唐紅の薄氷,氷,冬
15122,恐ろしき鴉の觜や厚氷,氷,冬
15123,鴨あるく池一はいの氷かな,氷,冬
15124,さびを聞け氷を叩く竹柄杓,氷,冬
15125,白鷺の片足あげる氷哉,氷,冬
15126,諏訪の海女もわたる氷哉,氷,冬
15127,水鉢の氷をたゝく擂木哉,氷,冬
15128,大船や動けばわれる薄氷,氷,冬
15129,獺の橋杭つたふ氷哉,氷,冬
15130,聞き送る君が下駄遠き氷かな,氷,冬
15131,金魚死して涸れ殘る水の氷哉,氷,冬
15132,さゆる夜の氷をはしる礫かな,氷,冬
15133,不忍に朝日かゝやく氷かな,氷,冬
15134,竹竿や妹が掛けたる氷面鏡,氷,冬
15135,檐下や金魚の池の薄氷,氷,冬
15136,果も見えず氷を走る礫かな,氷,冬
15137,古沼の境もなしに氷かな,氷,冬
15138,古沼の水田つゞきに氷かな,氷,冬
15139,曉の氷すり碎く硯かな,氷,冬
15140,崖道を氷室へはこぶ氷哉,氷,冬
15141,獺の橋裏わたる氷かな,氷,冬
15142,刈株に水をはなるゝ氷かな,氷,冬
15143,漕川に竹垂れかゝる氷かな,氷,冬
15144,小夜更けて氷を叩く隣かな,氷,冬
15145,小夜更て氷を叩く月夜哉,氷,冬
15146,しんとして榛名の池の氷哉,氷,冬
15147,鶺鴒の刈株つたふ氷かな,氷,冬
15148,兀山をめぐらす浦の氷哉,氷,冬
15149,はりはりと白水落つる氷かな,氷,冬
15150,人住まぬ屋敷の池の氷かな,氷,冬
15151,ひゞわれる音や旭のさす田の氷,氷,冬
15152,古濠の小鴨も居らぬ氷かな,氷,冬
15153,溝川に竹垂れかゝる氷かな,氷,冬
15154,水鳥の小舟に上る氷かな,氷,冬
15155,上げ汐の氷にのぼる夜明哉,氷,冬
15156,裏不二の小さく見ゆる氷哉,氷,冬
15157,枯菰折れも盡さで氷哉,氷,冬
15158,氷伐る人かしがまし朝嵐,氷,冬
15159,汐落ちて氷の高き渚哉,氷,冬
15160,汐落ちてみを杭高き氷哉,氷,冬
15161,沼の隅に枯蘆殘る氷哉,氷,冬
15162,日かゝやく諏訪の氷の人馬哉,氷,冬
15163,水鳥の浮木に竝ぶ氷哉,氷,冬
15164,森の中に池あり氷厚き哉,氷,冬
15165,山陰に日のさゝぬ池の氷哉,氷,冬
15166,透き通る氷の中の紅葉哉,氷,冬
15167,潮流の北より來たる氷哉,氷,冬
15168,東臺の松杉青き氷哉,氷,冬
15169,水鉢の氷捨てたる葉蘭哉,氷,冬
15170,水鉢の氷を碎く星月夜,氷,冬
15171,明神の狐と現じ氷哉,氷,冬
15172,旅人や諏訪の氷を踏で見る,氷,冬
15173,禪堂に氷りついてあり僧一人,氷,冬
15174,漫々たる江を流れ行く氷かな,氷,冬
15175,夜着半分猿にかす夜や鐘氷る,鐘氷る,冬
15176,たらちねの梦に泣く夜や鐘氷る,鐘氷る,冬
15177,湖の靜かに三井の鐘氷る,鐘氷る,冬
15178,鐘氷る夜床下にうなる金の精,鐘氷る,冬
15179,鐘の聲嵐もこほる夜也けり,鐘氷る,冬
15180,御停止や鳥啼いて晝の鐘こほる,鐘氷る,冬
15181,猩々の三七日頃か鐘氷る,鐘氷る,冬
15182,ふし見ゆる軒端をつゝる氷柱哉,氷柱,冬
15183,板やねや氷柱吹き折る朝嵐,氷柱,冬
15184,枯れ蔓の檐に動かぬつらゝ哉,氷柱,冬
15185,水晶に朝日かゝやぐ氷柱哉,氷柱,冬
15186,大佛の鼻水たらす氷柱哉,氷柱,冬
15187,つらゝして轆轤の雫絶えにけり,氷柱,冬
15188,佛立つ大磐石の氷柱哉,氷柱,冬
15189,旭のさすや檐の氷柱の長短,氷柱,冬
15190,枇杷の實の僅に青き氷柱哉,氷柱,冬
15191,枯れてさがる檐の葱の氷柱哉,氷柱,冬
15192,枯盡くす絲瓜の棚の氷柱哉,氷柱,冬
15193,驛遠く月氷る野を急ぎけり,月氷る,冬
15194,宿りそこね月氷る野を急ぎけり,月氷る,冬
15195,劍さきの霜もこほるや冬の月,冬の月,冬
15196,ぬぎすてた下駄に霜あり冬の月,冬の月,冬
15197,ぬぎすてた木履の霜や冬の月,冬の月,冬
15198,破れ障子まゝよ木枯冬の月,冬の月,冬
15199,冬の月一夜はふしの失にけり,冬の月,冬
15200,冬の月一夜はふじにうせにけり,冬の月,冬
15201,牛糞の光て寒し冬の月,冬の月,冬
15202,吹きすさむ凩白し冬の月,冬の月,冬
15203,浪人のおこそ頭巾や冬の月,冬の月,冬
15204,鶯の凍へ死ぬらん冬の月,冬の月,冬
15205,うしろからひそかに出たり冬の月,冬の月,冬
15206,水門に鼬死居る冬の月,冬の月,冬
15207,辻番のともし火青し冬の月,冬の月,冬
15208,初冬の月裏門にかゝりけり,冬の月,冬
15209,門くづれて仁王裸に冬の月,冬の月,冬
15210,木の影や我影動く冬の月,冬の月,冬
15211,冬の月五重の塔の裸なり,冬の月,冬
15212,赤子泣く眞宗寺や冬の月,冬の月,冬
15213,きぬぎぬや冬の有明寒鴉,冬の月,冬
15214,葬禮の提灯多し冬の月,冬の月,冬
15215,しっぽくをくふて出づれば冬の月,冬の月,冬
15216,辻君の白手拭や冬の月,冬の月,冬
15217,不盡の山白くて冬の月夜哉,冬の月,冬
15218,屋根の上に火事見る人や冬の月,冬の月,冬
15219,厠出て雨戸あくれば冬の月,冬の月,冬
15220,魚河岸や鮫に霜置く冬の月,冬の月,冬
15221,門待の車夫の鼾や冬の月,冬の月,冬
15222,玉山の髣髴として冬の月,冬の月,冬
15223,なき魂も通ふか寒き月の冴,寒月,冬
15224,なき魂も通ふや寒き月の下,寒月,冬
15225,破れ障子まゝよ木枯寒の月,寒月,冬
15226,寒月に悲し過ぎたり善光寺,寒月,冬
15227,寒月に悲しすぎたり両大師,寒月,冬
15228,寒月や氷ふみわる靴の音,寒月,冬
15229,寒月や地藏の首のあり處,寒月,冬
15230,寒月や人去るあとの能舞臺,寒月,冬
15231,萬山の木のはの音や寒の月,寒月,冬
15232,眞黒な杉の林や寒の月,寒月,冬
15233,あはれさを裸にしたり寒の月,寒月,冬
15234,寒月や海にこぼるゝ玉霰,寒月,冬
15235,寒月や北風氷る諏訪の海,寒月,冬
15236,寒月や空をつんざく五劍山,寒月,冬
15237,寒月や立枯の芭蕉ものものし,寒月,冬
15238,寒月や何やら通る風の音,寒月,冬
15239,寒月や原渺々として寺一つ,寒月,冬
15240,寒月や一筋光る田舍道,寒月,冬
15241,寒月や藪道戻る武者ぶるひ,寒月,冬
15242,寒月や山を出る時猶寒し,寒月,冬
15243,薙刀に寒月高し法師武者,寒月,冬
15244,木兎や寒月落て塔高し,寒月,冬
15245,寒月や細殿荒れて猫の聲,寒月,冬
15246,寒月や雲盡きて猶風はげし,寒月,冬
15247,寒月や造船場の裸船,寒月,冬
15248,寒月や石塔の影杉の影,寒月,冬
15249,寒月や猫の眼光る庭の隅,寒月,冬
15250,寒月や吹き落されて岩の間,寒月,冬
15251,寒月や一本杉の一本,寒月,冬
15252,虎吼ゆる畫に寒月と題すべく,寒月,冬
15253,寒月や枯木の上の一つ星,寒月,冬
15254,稲刈りて力無き冬の朝日かな,冬の日,冬
15255,稻かりて力無き冬の初日哉,冬の日,冬
15256,玉川に短き冬の日脚哉,冬の日,冬
15257,冬の日の二見に近く通りけり,冬の日,冬
15258,牛部屋や冬の入日の壁の穴,冬の日,冬
15259,冬の日の小藪の隅に落ちにけり,冬の日,冬
15260,冬の日の筆の林に暮れて行く,冬の日,冬
15261,冬の日の刈田のはてに暮れんとす,冬の日,冬
15262,冬の日の暮れんとすなり八ツ下り,冬の日,冬
15263,見下すや冬の日向の十箇村,冬の日,冬
15264,冬の日の落ちて明るし城の松,冬の日,冬
15265,冬の日の雀下りけり飯時分,冬の日,冬
15266,冬の日のとゞかずなりし小村哉,冬の日,冬
15267,冬の日や馬の背中に落ちかゝる,冬の日,冬
15268,冬の日や馬の背中へ落かゝる,冬の日,冬
15269,冬の日やわつかの雲のすきに入る,冬の日,冬
15270,易をよむ冬の日あしや牢の中,冬の日,冬
15271,易を讀む冬の日さしや牢の中,冬の日,冬
15272,睾丸の垢取る冬の日向哉,冬の日,冬
15273,石門を斜に冬の日影哉,冬の日,冬
15274,煎餅の日影短し冬の町,冬の日,冬
15275,煎餅干す日影短し冬の町,冬の日,冬
15276,鳥飛んで冬の日落る林哉,冬の日,冬
15277,梟の眼に冬の日午なり,冬の日,冬
15278,冬の日の入りて明るし城の松,冬の日,冬
15279,冬の日の短けれども石部迄,冬の日,冬
15280,山中に冬の日昇ること遲し,冬の日,冬
15281,ガラス越に冬の日あたる病間哉,冬の日,冬
15282,冬の日のあたらずなりし乾飯かな,冬の日,冬
15283,冬の日のよくあたる椽やおもちや箱,冬の日,冬
15284,冬の日やよらで過ぎ行く餅の茶屋,冬の日,冬
15285,雪雲の縁を色どる冬日かな,冬の日,冬
15286,六疊の奧迄冬の日ざしかな,冬の日,冬
15287,冬の山出る日入る日の力なき,冬山,冬
15288,あちら向く姿や冬の山一つ,冬山,冬
15289,冬山やごぼごぼと汽車の麓行く,冬山,冬
15290,狼に逢はで越えけり冬の山,冬山,冬
15291,冬山の底に温泉の烟哉,冬山,冬
15292,狼にも逢はで越えけり冬の山,冬山,冬
15293,こゝらにも人住みけるよ冬の山,冬山,冬
15294,馬糞も共に枯れたる冬野かな,冬野,冬
15295,馬糞も一つに枯れる冬野哉,冬野,冬
15296,門許り殘る冬野の伽藍かな,冬野,冬
15297,ゆらゆらと立つや冬野の女郎花,冬野,冬
15298,學校の旗竿高き冬野かな,冬野,冬
15299,貝塚に石器を拾ふ冬野哉,冬野,冬
15300,冬の野に一本杉のたかさかな,冬野,冬
15301,星絶えず飛んで冬野のひろさ哉,冬野,冬
15302,赤いこと冬野の西の富士の山,冬野,冬
15303,雉つけて歸る一騎や冬の原,冬野,冬
15304,素歸りの車をねぎる冬野哉,冬野,冬
15305,馬子一人夕日に歸る枯野哉,枯野,冬
15306,花もなき原も名に立つ枯野哉,枯野,冬
15307,秋ちらほら野菊にのこる枯野哉,枯野,冬
15308,僧一人横にしくるゝ枯野哉,枯野,冬
15309,三日月を相手にあるく枯野哉,枯野,冬
15310,夕日負ふ六部背高き枯野かな,枯野,冬
15311,馬糞のほゝけて白き枯野哉,枯野,冬
15312,馬糞も共にやかるゝ枯野哉,枯野,冬
15313,熊笹の緑にのこる枯の哉,枯野,冬
15314,白旗や枯野の末の幾流れ,枯野,冬
15315,薄とも蘆ともつかず枯れにけり,枯野,冬
15316,とりまいて人の火をたく枯野哉,枯野,冬
15317,松杉や枯野の中の不動堂,枯野,冬
15318,森こえて枯野に來るや旅鳥,枯野,冬
15319,一村は竹緑なる枯野哉,枯野,冬
15320,犬吠て枯野の伽藍月寒し,枯野,冬
15321,牛歸る枯野のはてや家一つ,枯野,冬
15322,牛車十程ならぶ枯野哉,枯野,冬
15323,風吹てうしろ見返る枯野哉,枯野,冬
15324,狐火や那須の枯野に小雨ふる,枯野,冬
15325,里の子の犬引て行枯野哉,枯野,冬
15326,旅人の蜜柑くひ行く枯野哉,枯野,冬
15327,何うらむさまか枯野の女郎花,枯野,冬
15328,野は枯れて殘りし牛と地藏哉,枯野,冬
15329,信長の榎淋しき枯野哉,枯野,冬
15330,信長の榎殘りて枯野哉,枯野,冬
15331,人妻のぬす人にあふ枯野哉,枯野,冬
15332,一つ家に日の入りかゝる枯野哉,枯野,冬
15333,一つ家に日の落ちかゝる枯野哉,枯野,冬
15334,ほそぼそと三日月光る枯野哉,枯野,冬
15335,道二つ牛分れ行く枯野哉,枯野,冬
15336,山遠く川流れたる枯野哉,枯野,冬
15337,商人の敵地にはいる枯野かな,枯野,冬
15338,蟻程に枯野の家の竝びかな,枯野,冬
15339,汽車道の此頃出來し枯野かな,枯野,冬
15340,その果に小松の竝ぶ枯野かな,枯野,冬
15341,大木の雲に聳ゆる枯野哉,枯野,冬
15342,旅人の咄しして行く枯野かな,枯野,冬
15343,野は枯れて杉二三本の社かな,枯野,冬
15344,野は枯れて隣の國の山遠し,枯野,冬
15345,伸び上れば海原見ゆる枯野かな,枯野,冬
15346,日のさすや枯野のはての本願寺,枯野,冬
15347,都出て枯野へ上る渡しかな,枯野,冬
15348,女狐の石になつたる枯野哉,枯野,冬
15349,馬見えて雉子の逃る枯野哉,枯野,冬
15350,氣車あらはに枯野を走る烟哉,枯野,冬
15351,五六人行くや枯野の一つ道,枯野,冬
15352,辻駕に狐乘せたる枯野かな,枯野,冬
15353,辻堂のあとになりたる枯野かな,枯野,冬
15354,鳶一羽はるかに落つる枯野哉,枯野,冬
15355,鳥飛て荷馬おどろく枯野かな,枯野,冬
15356,鳥飛んで荷馬驚く枯野哉,枯野,冬
15357,舩曳の斜めにそろふ枯野哉,枯野,冬
15358,滿月の半分出かゝる枯野かな,枯野,冬
15359,莚帆の白帆にまじる枯野哉,枯野,冬
15360,村人の都へ通ふ枯野哉,枯野,冬
15361,めづらしく女に逢ひし枯野哉,枯野,冬
15362,足もとに青草見ゆる枯野かな,枯野,冬
15363,馬消えて鳶舞上る枯野哉,枯野,冬
15364,馬に乘つて北門出れば枯野哉,枯野,冬
15365,鉦も打たで行くや枯野の小順禮,枯野,冬
15366,烏飛び牛去りて枯野たそかるゝ,枯野,冬
15367,枯野原團子の茶屋もなかりけり,枯野,冬
15368,汽車道に鳩の下り居る枯野哉,枯野,冬
15369,葬禮の旗ひるがへる枯野哉,枯野,冬
15370,四方八方枯野を人の通りける,枯野,冬
15371,提灯の一つ家に入る枯野哉,枯野,冬
15372,提灯の星にまじりて枯野哉,枯野,冬
15373,何もなし墓原ばかり枯野原,枯野,冬
15374,低き木に月上りたる枯埜哉,枯野,冬
15375,一つ家に鉦打ち鳴らす枯野哉,枯野,冬
15376,更くる夜の枯野に低し箒星,枯野,冬
15377,三日月や枯野を歸る人と犬,枯野,冬
15378,めいめいに松明を持つ枯野哉,枯野,冬
15379,草鞋薄し枯野の小道茨を踏む,枯野,冬
15380,わらんべの犬抱いて行く枯野哉,枯野,冬
15381,君と共に菫摘みし野は枯れにけり,枯野,冬
15382,葬禮の二組つゞく枯野哉,枯野,冬
15383,旅二人話盡きたる枯野哉,枯野,冬
15384,旅二人話盡きぬる枯野哉,枯野,冬
15385,旅二人話なくて越す枯野哉,枯野,冬
15386,たまたまに蝶見てうれし枯野道,枯野,冬
15387,人もなし夕日落ちこむ枯野原,枯野,冬
15388,道連の無口なりける枯野哉,枯野,冬
15389,金州の南門見ゆる枯野哉,枯野,冬
15390,生垣に外は枯野や球遊び,枯野,冬
15391,二つ三つ石ころげたる枯野哉,枯野,冬
15392,眞直にふじまでゆかん冬田哉,冬田,冬
15393,いなむらの崩れて黒き冬田哉,冬田,冬
15394,刈あとの株に海苔つく冬田哉,冬田,冬
15395,雁落ちて冬田に崩す一文字,冬田,冬
15396,つらつらと雁竝びたる冬田かな,冬田,冬
15397,長々と冬田に低し雁の列,冬田,冬
15398,稗蒔に案山子の残る冬田かな,冬田,冬
15399,蜜柑剥いて皮を投げ込む冬田かな,冬田,冬
15400,身を投げて螽死なんとす冬田かな,冬田,冬
15401,吉原の廓見えたる冬田かな,冬田,冬
15402,あぜ許り見えて重なる冬田哉,冬田,冬
15403,うね許り見えて重なる冬田哉,冬田,冬
15404,汽車道の一段高き冬田哉,冬田,冬
15405,氣車道の目標高き冬田かな,冬田,冬
15406,駒込の阪を下れば冬田かな,冬田,冬
15407,科頭に烏のとまる冬田かな,冬田,冬
15408,菜畑もまじりて廣き冬田哉,冬田,冬
15409,見下せば晩稲の殘る冬田哉,冬田,冬
15410,畦こえて鼬の見えぬ冬田哉,冬田,冬
15411,雁さわぐ冬の田面の月もなし,冬田,冬
15412,きぬぎぬの大門出れば冬田哉,冬田,冬
15413,其はてに海の見えたる冬田哉,冬田,冬
15414,吉原の冬田まばゆき朝日哉,冬田,冬
15415,水多き冬田の慈姑枯れて立つ,冬田,冬
15416,水きたなく水草見ゆる冬田哉,冬田,冬
15417,水深く水草見ゆる冬田哉,冬田,冬
15418,此邊も税の増したる冬田哉,冬田,冬
15419,道哲の寺を過ぐれば冬田哉,冬田,冬
15420,行き行きて本所はなるゝ冬田哉,冬田,冬
15421,家めぐる冬田の水の寒さかな,冬田,冬
15422,貧乏な村をとりまく冬田かな,冬田,冬
15423,冬田廣く遙かに見ゆる小城かな,冬田,冬
15424,緒の切れし下駄捨てゝある冬田かな,冬田,冬
15425,鮎死で瀬のほそりけり冬の川,冬の川,冬
15426,冬川の涸れて蛇籠の寒さ哉,冬の川,冬
15427,大石のころがる冬の河原かな,冬の川,冬
15428,冬川に捨てたる犬の屍かな,冬の川,冬
15429,冬川に塞がる程の芥船,冬の川,冬
15430,冬川の菜屑啄む家鴨かな,冬の川,冬
15431,冬川や砂にひつゝく水車,冬の川,冬
15432,冬川や菜屑流るゝ村はづれ,冬の川,冬
15433,よるべなき冬の野川の小魚かな,冬の川,冬
15434,雲絶えて源涸れぬ冬の川,冬の川,冬
15435,橋杭にかゝる藻屑や冬の川,冬の川,冬
15436,橋杭に殘る藻屑や冬の川,冬の川,冬
15437,冬川に鴨の毛かゝる芥かな,冬の川,冬
15438,冬川の河原ばかりとなりにけり,冬の川,冬
15439,水筋は涸れて芥や冬の川,冬の川,冬
15440,冬川の向に見ゆる湯本かな,冬の川,冬
15441,冬川や家鴨四五羽に足らぬ水,冬の川,冬
15442,冬川や家鴨七羽に足らぬ水,冬の川,冬
15443,冬川や魚の群れ居る水たまり,冬の川,冬
15444,冬川や小魚むれ居る水たまり,冬の川,冬
15445,物やあらん烏集まる冬の川,冬の川,冬
15446,冬川の砂とる土手の普請哉,冬の川,冬
15447,冬川や繩をくり行く渡し船,冬の川,冬
15448,冬川や繩つたひ行く渡し船,冬の川,冬
15449,冬の川石飛び渡り越えにけり,冬の川,冬
15450,雲堕ちて泥靜まりぬ冬の水,冬の水,冬
15451,我は京へ神は出雲へ道二つ,神の旅,秋
15452,さそひあふ末社の神や旅でたち,神の旅,秋
15453,先發や出雲へかゝるさゐの神,神の旅,秋
15454,辨當の小豆の飯や神の旅,神の旅,秋
15455,どの馬で神は歸らせたまふらん,神送,冬
15456,遠ざかり行く松風や神送り,神送,冬
15457,裏門はあけたまゝなり神送,神送,冬
15458,風吹て鈴鹿は寒し神送,神送,冬
15459,神送り出雲へ向ふ雲の脚,神送,冬
15460,御旅立竈の神を見送らん,神送,冬
15461,赤幟疱瘡の神を送りけり,神送,冬
15462,神の留守うすうす後家の噂哉,神の留守,秋
15463,うつせみの羽衣の宮や神の留守,神の留守,秋
15464,ちゝめくや神のお留守の鳩雀,神の留守,秋
15465,狛犬の片足折れぬ神の留守,神の留守,秋
15466,野社はもとより神の留守にして,神の留守,秋
15467,穴荒て狐も留守よ神の供,神の留守,秋
15468,神の留守を風吹く宮の渡舟,神の留守,秋
15469,遊びあるく病の神のお留守もり,神の留守,秋
15470,此頃は發句の神の御留守哉,神の留守,秋
15471,古禿倉もとより神の留守にして,神の留守,秋
15472,結びおきて結ぶの神は旅立ちぬ,神の留守,秋
15473,神集め神の結びし縁なれや,神集め,冬
15474,鷄もうたひ參らす神迎,神迎,冬
15475,乘掛の旅僧見たり神迎,神迎,冬
15476,お留守には何事もなし神迎,神迎,冬
15477,牛も念佛聞くや十夜の戻り道,十夜,秋
15478,鬼婆々の角を折たる十夜哉,十夜,秋
15479,慈悲も知らず殺生も知らず十夜哉,十夜,秋
15480,澁色の袈裟きた僧の十夜哉,十夜,秋
15481,澁染のけさきた僧の十夜かな,十夜,秋
15482,鄙人のかしこ過ぎたる十夜哉,十夜,秋
15483,薪わりも姪の僧もつ十夜哉,十夜,秋
15484,薪わりも甥の僧もつ十夜哉,十夜,秋
15485,旅僧のとまり合せて十夜哉,十夜,秋
15486,月影や外は十夜の人通り,十夜,秋
15487,野の道や十夜戻りの小提灯,十夜,秋
15488,誓ひには漏れぬ十夜の盲哉,十夜,秋
15489,達磨忌に海鼠つくつくなかめけり,達磨忌,冬
15490,達磨忌や混沌として時雨不二,達磨忌,冬
15491,達磨忌や戸棚探れは生海鼠哉,達磨忌,冬
15492,達磨忌や闇にもならず晴もせず,達磨忌,冬
15493,達磨忌は去年のけふの心哉,達磨忌,冬
15494,達磨忌や赤きもの皆吹落し,達磨忌,冬
15495,達磨忌やけふ煙草屋の店開き,達磨忌,冬
15496,達磨忌やにつとも笑まぬ寒椿,達磨忌,冬
15497,達磨忌や更けて熟柿の落つる音,達磨忌,冬
15498,達磨忌や枳穀寺に提唱す,達磨忌,冬
15499,畦道や月も上りて大熊手,酉の市,冬
15500,世の中も淋しくなりぬ三の酉,酉の市,冬
15501,傾城の顏見て過ぬ酉の市,酉の市,冬
15502,縁喜取る早出の人や酉の市,酉の市,冬
15503,お酉樣の熊手飾るや招き猫,酉の市,冬
15504,お宮迄行かで歸りぬ酉の市,酉の市,冬
15505,傾城に約束のあり酉の市,酉の市,冬
15506,子をつれし裏店者や酉の市,酉の市,冬
15507,雜鬧や熊手押あふ酉の市,酉の市,冬
15508,酉の市小き熊手をねぎりけり,酉の市,冬
15509,遙かに望めば熊手押あふ酉の市,酉の市,冬
15510,夕餉すみて根岸を出るや酉の市,酉の市,冬
15511,吉原てはくれし人や酉の市,酉の市,冬
15512,吉原を始めて見るや酉の市,酉の市,冬
15513,女つれし書生も出たり酉の市,酉の市,冬
15514,竈から猫の見て居る亥子哉,亥の子,冬
15515,雪空の雪にもならで亥子かな,亥の子,冬
15516,故郷の大根うまき亥子哉,亥の子,冬
15517,御玄猪や火燵もあけぬ長屋住,亥の子,冬
15518,なき人のたましいうけん芭蕉庵,芭蕉忌,秋
15519,新暦で何をさゝげん芭蕉祭,芭蕉忌,秋
15520,芭蕉忌に芭蕉の像もなかりけり,芭蕉忌,秋
15521,芭蕉忌に參らずひとり柿を喰ふ,芭蕉忌,秋
15522,芭蕉忌の下駄多き庵や町はづれ,芭蕉忌,秋
15523,蒟蒻に發句書かばや翁の日,芭蕉忌,秋
15524,旅に病んで芭蕉忌と書く日記哉,芭蕉忌,秋
15525,芭蕉忌に何の儀式もなかりけり,芭蕉忌,秋
15526,芭蕉忌に坊主頭の披露哉,芭蕉忌,秋
15527,芭蕉忌や其角嵐雪右左,芭蕉忌,秋
15528,芭蕉忌や芭蕉に媚びる人いやし,芭蕉忌,秋
15529,芭蕉忌や吾に派もなく傳もなし,芭蕉忌,秋
15530,無落款の芭蕉の像を祭りけり,芭蕉忌,秋
15531,芭蕉忌や古池や蛙飛びこむ水の音,芭蕉忌,秋
15532,芭蕉忌や我俳諧の奈良茶飯,芭蕉忌,秋
15533,籾すりの新嘗祭を知らぬかな,新嘗祭,秋
15534,何くうてかうもやせたか鉢敲,鉢叩,新年
15535,面白ふたゝかば泣かん鉢叩,鉢叩,新年
15536,此頃は聲もかれけり鉢たゝき,鉢叩,新年
15537,なき父に似た聲もあり鉢叩,鉢叩,新年
15538,鉢叩經しらぬわが罪深し,鉢叩,新年
15539,鉢叩頭巾をとれははげたりな,鉢叩,新年
15540,鉢叩雪のふる日はうかれけり,鉢叩,新年
15541,鉢叩雪のふる夜をうかれけり,鉢叩,新年
15542,花にのんだ春の瓢か鉢叩,鉢叩,新年
15543,本陣にめして聞かばや鉢叩,鉢叩,新年
15544,煩惱の犬も吠えけり鉢叩,鉢叩,新年
15545,ものくはでかうもやせたか鉢敲,鉢叩,新年
15546,宵やみに紛れて出たり鉢敲,鉢叩,新年
15547,面白う叩け時雨の鉢叩き,鉢叩,新年
15548,京の夜も此頃さびて鉢叩き,鉢叩,新年
15549,半椀の粥ふるまはん鉢叩き,鉢叩,新年
15550,ふれよ雪ふれよと叩く鉢叩き,鉢叩,新年
15551,飯くはぬ腹にひゞくや鉢叩き,鉢叩,新年
15552,夜嵐の千本通り鉢敲き,鉢叩,新年
15553,夜寒の千本通り鉢敲き,鉢叩,新年
15554,鉢叩き敲きわつたる音すなり,鉢叩,新年
15555,足音や待つ夜も更けて鉢叩,鉢叩,新年
15556,横町へ曲りぬ雪の鉢叩,鉢叩,新年
15557,うらなひの來ぬ夜となりぬ鉢叩,鉢叩,新年
15558,落柿舍の日記に句あり鉢叩,鉢叩,新年
15559,髪置や僧になるべき子は持たず,髪置,秋
15560,髪置めでたく古りし筒井筒,髪置,秋
15561,髪置や惣領の甚六にて候,髪置,秋
15562,三年にして歸ればわが子髪置す,髪置,秋
15563,袴着や一坐に直る惣領子,袴着,新年
15564,袴著や八幡宮の氏子だち,袴着,新年
15565,同じ名のあるじ手代や夷子講,夷講,冬
15566,大鍋に吹革祭の蜜柑かな,鞴祭,冬
15567,餅ぬくき蜜柑つめたき祭りかな,鞴祭,冬
15568,烏帽子著よふいこ祭のあるし振,鞴祭,冬
15569,臘八や俄かに見ゆる人のやせ,臘八,冬
15570,臘八や眠たがる目に雲白し,臘八,冬
15571,臘八や河豚と海鼠は從弟どし,臘八,冬
15572,臘八や彌勒の鼾雷の如し,臘八,冬
15573,旅僧のとまり合せて大師講,大師講,冬
15574,臘八のあとにかしましくりすます,クリスマス,冬
15575,八人の子供むつましクリスマス,クリスマス,冬
15576,クリスマスに小き會堂のあはれなる,クリスマス,冬
15577,子供がちにクリスマスの人集ひけり,クリスマス,冬
15578,會堂に國旗立てたりクリスマス,クリスマス,冬
15579,贈り物の數を盡してクリスマス,クリスマス,冬
15580,蕪引く頃となりけり春星忌,蕪村忌,春
15581,蕪村忌に會して終に年忘,蕪村忌,春
15582,蕪村忌や蕪よせたる浪花人,蕪村忌,春
15583,蕪村忌の風呂吹くふや鴨の側,蕪村忌,春
15584,蕪村忌の風呂吹盛るや臺所,蕪村忌,春
15585,蕪村忌におくれて蕪とゝきけり,蕪村忌,春
15586,蕪村忌に呉春が画きし蕪哉,蕪村忌,春
15587,蕪村忌の寫眞寫すや椎の陰,蕪村忌,春
15588,蕪村忌の寫眞をとるや椎の影,蕪村忌,春
15589,蕪村忌の人あつまりぬ上根岸,蕪村忌,春
15590,蕪村忌の日も近つきぬ蕪漬,蕪村忌,春
15591,蕪村忌の日も近よりぬ蕪漬,蕪村忌,春
15592,蕪村忌の風呂吹くふや四十人,蕪村忌,春
15593,蕪村忌の風呂吹足らぬ人數哉,蕪村忌,春
15594,あらたまる明治の御代や春星忌,蕪村忌,春
15595,蕪村忌に蕪村の軸もなかりけり,蕪村忌,春
15596,蕪村忌や奥のはたはた攝の蕪,蕪村忌,春
15597,蕪村忌や風呂吹の題蕪の題,蕪村忌,春
15598,風呂吹や蕪村百十八囘忌,蕪村忌,春
15599,風呂吹をくふや蕪村の像の前,蕪村忌,春
15600,里神樂夜は篝火に白みけり,神楽,冬
15601,常闇を破る神樂の大鼓哉,神楽,冬
15602,篝火に霜うつくしや里神樂,神楽,冬
15603,たふとさに寒し神樂の舞少女,神楽,冬
15604,ゆゝしさや内外の宮の神々樂,神楽,冬
15605,ゆゝしさや内外の宮の初かぐら,神楽,冬
15606,夜神樂の面の古びや火の映り,神楽,冬
15607,顏見せやぬす人になる顏はたれ,顔見世,冬
15608,顏見せや朝霜匂ふ紅の花,顔見世,冬
15609,顏見せや朔日の月ありやなし,顔見世,冬
15610,顏見せや我子の梦をまたげ行く,顔見世,冬
15611,顏見せのこゝも田之助贔屓哉,顔見世,冬
15612,顏見せの樂屋覗けはお染哉,顔見世,冬
15613,顏見せや鏡に見ゆる雛の數,顔見世,冬
15614,顏見世や定九郎の傘お輕の鏡,顔見世,冬
15615,君網買へわれ餅買はん年の市,年の市,冬
15616,凩の吹かでさわがし年の市,年の市,冬
15617,賣れ殘る奧山松に市の月,年の市,冬
15618,風吹て淺草さびし年の市,年の市,冬
15619,昆布さげて人波わくる年の市,年の市,冬
15620,年の市鮭ぬす人を追はへけり,年の市,冬
15621,年の市まけよといへばおこりけり,年の市,冬
15622,明神の鳥居へつゞく年の市,年の市,冬
15623,雷神の物買ひにくる年の市,年の市,冬
15624,馬に乘て和尚行くなり年の市,年の市,冬
15625,押さるゝや年の市人小夜嵐,年の市,冬
15626,徴發の馬つゞきけり年の市,年の市,冬
15627,雨雲の人にかゝるや年の市,年の市,冬
15628,いそがしや人押しわける年の市,年の市,冬
15629,馬の尻に行きあたりけり年の市,年の市,冬
15630,年の市十町許りつゞきけり,年の市,冬
15631,年の市橋へ出ぬけて月夜かな,年の市,冬
15632,齒朶を買ふついでに箸をねぎりけり,年の市,冬
15633,蓬莱をいろいろに餝り直しけり,年用意,冬
15634,暦賈侍町の靜かなり,暦売,冬
15635,捨てられて風にのつたる暦哉,古暦,新年
15636,初暦めでたくこゝに古暦,古暦,新年
15637,古暦雜用帳にまぎれけり,古暦,新年
15638,一年の風吹きわたる古暦,古暦,新年
15639,あつめ來て紙衣に縫はん古暦,古暦,新年
15640,何となう奈良なつかしや古暦,古暦,新年
15641,何となく奈良なつかしや古暦,古暦,新年
15642,古暦花も紅葉も枕紙,古暦,新年
15643,來年の暦もはりぬ古暦,古暦,新年
15644,白梅にうすもの着せん煤拂,煤払,冬
15645,煤はらひしてくる年のまたれけり,煤払,冬
15646,白梅に覆しておかんすゝ拂,煤払,冬
15647,古はくらしらんぷの煤拂,煤払,冬
15648,犬張子くづれて出たり煤拂,煤払,冬
15649,風吹て北の隣の煤拂,煤払,冬
15650,此ころはやとはれもしつ煤拂,煤払,冬
15651,塩燒くや煤はくといふ日もなうて,煤払,冬
15652,煤拂のほこりの中やふじの山,煤払,冬
15653,すとうぶや上からつゝく煤拂,煤払,冬
15654,牛はいよいよ黒かれとこそ煤拂,煤払,冬
15655,來あはした人も煤はく庵哉,煤払,冬
15656,梢から烏見て居る煤拂ひ,煤払,冬
15657,煤の日や婆々はつれ立つ寺參り,煤払,冬
15658,煤掃て香たけ我は岡見せん,煤払,冬
15659,煤拂て金魚の池の曇り哉,煤払,冬
15660,煤拂のほこりに曇る伽藍哉,煤払,冬
15661,煤拂のほこりを迯て松の鶴,煤払,冬
15662,煤拂や竹ふりかさす物狂ひ,煤払,冬
15663,煤拂ひ鏡かくされし女哉,煤払,冬
15664,南無阿彌陀佛の煤も拂ひけり,煤払,冬
15665,鼻水の黒きもあはれ煤拂,煤払,冬
15666,煤拂に馬引出す小家哉,煤払,冬
15667,煤掃のほこりかぶりし荷馬かな,煤払,冬
15668,別當の廏の煤を拂ひけり,煤払,冬
15669,沖中のほこりや船の煤拂,煤払,冬
15670,煤拂ひ又古下駄の流れ來る,煤払,冬
15671,煤拂て蕪村の幅のかゝりけり,煤払,冬
15672,煤拂のこゝだけ許せ四疊半,煤払,冬
15673,煤拂のこゝは許せよ四疊半,煤払,冬
15674,煤拂の此間は許せ四疊半,煤払,冬
15675,煤拂の門をおとなふ女かな,煤払,冬
15676,煤拂や神も佛も草の上,煤払,冬
15677,煤はくとおぼしき船の埃かな,煤払,冬
15678,千年の煤もはらはず佛だち,煤払,冬
15679,大佛の雲もついでに煤拂ひ,煤払,冬
15680,佛壇に風呂敷かけて煤拂,煤払,冬
15681,冠の煤掃くこともなかりけり,煤払,冬
15682,煤掃いて樓に上れば川廣し,煤払,冬
15683,寢て聞くやあちらこちらの煤拂,煤払,冬
15684,一年の心の煤を拂はゞや,煤払,冬
15685,枯菊に煤掃き落す小窓哉,煤払,冬
15686,煤掃いて柱隠しの跡白し,煤払,冬
15687,煤掃の音はたとやむ晝餉哉,煤払,冬
15688,煤拂の音ひたとやむ晝餉哉,煤払,冬
15689,煤掃の過ぎて會あり芭蕉菴,煤払,冬
15690,煤掃の箒けたゝまし成らぬ戀,煤払,冬
15691,煤掃の日をふれまはる差配哉,煤払,冬
15692,煤掃や長持をぬく女業,煤払,冬
15693,煤拂を申合せし長屋哉,煤払,冬
15694,長屋中申し合せて煤拂,煤払,冬
15695,長屋中申合せぬ煤掃ひ,煤払,冬
15696,ひそやかに煤掃く家や嵯峨の奥,煤払,冬
15697,病む人の佛間にこもる煤はらひ,煤払,冬
15698,煤掃や冠の箱雛の箱,煤払,冬
15699,煤拂の埃しづまる葉蘭哉,煤払,冬
15700,天井無き家中屋敷や煤拂,煤払,冬
15701,羅漢寺の佛の數や煤拂,煤払,冬
15702,年木樵重たくとても雪の枝,年木樵,冬
15703,淺茅生の小野の奥より年木樵,年木樵,冬
15704,むつかしや六十年の年木樵,年木樵,冬
15705,齒朶賣と竝んで出たり大原女,齒朶売,新年
15706,月の夜を思ひ出しけり年忘,年忘,冬
15707,吾妹子と二人ならんで年わすれ,年忘,冬
15708,一日は耳や塞がん年わすれ,年忘,冬
15709,掛聲を何とすかさん年わすれ,年忘,冬
15710,風吹て酒さめやすし年わすれ,年忘,冬
15711,言の葉も枯れけり年の忘れ草,年忘,冬
15712,さらでだにましてや老の年忘,年忘,冬
15713,大臣の猶うとましや年忘れ,年忘,冬
15714,死にかけしこともありしか年忘れ,年忘,冬
15715,年忘れ折々猫の啼いて來る,年忘,冬
15716,我庭の年忘れ草枯れにけり,年忘,冬
15717,年忘橙剥いて酒酌まん,年忘,冬
15718,年忘酒泉の太守鼓打つ,年忘,冬
15719,大殿の笑ひ聞えつ年忘,年忘,冬
15720,耳遠く目うすし何を年忘,年忘,冬
15721,早稻田派の忘年會や神樂阪,年忘,冬
15722,年忘一斗の酒を盡しけり,年忘,冬
15723,眼鏡橋門松舟の着きにけり,門松売,新年
15724,寐て居れば松や松やと賣に來る,門松売,新年
15725,苧殻賣の門松賣に來りたり,門松売,新年
15726,竝べたる門松店や寺の前,門松売,新年
15727,はつかしや餅なき臼に音たてん,餅搗,新年
15728,餅つきの隣へ遠し草の庵,餅搗,新年
15729,餅つきや亭主のすきな赤襷,餅搗,新年
15730,餅の音虚空にひゞく十萬戸,餅搗,新年
15731,餅をつく日から立けり口の春,餅搗,新年
15732,餅搗の烟にぎはふ城下かな,餅搗,新年
15733,餅を搗く音やお城の山かつら,餅搗,新年
15734,餅ついて春待顔の小猫かな,餅搗,新年
15735,粟餅も搗き海苔餅も搗きにけり,餅搗,新年
15736,四海波靜かに餅の音高し,餅搗,新年
15737,病牀に聞くや夜明の餅の音,餅搗,新年
15738,百歳の春も隣や餅の音,餅搗,新年
15739,眼さますや日三竿に餅の音,餅搗,新年
15740,餅搗にあはす鐵道唱歌かな,餅搗,新年
15741,名物ノ餅ヲ搗キ居ルノドカサヨ,餅搗,新年
15742,餅切ると指切りし妹に胸さわぐ,餅,冬
15743,隣住む貧士に餅を分ちけり,餅,冬
15744,節季候の札の辻にて分れけり,節季候,秋
15745,節季候や五條をわたる足拍子,節季候,秋
15746,節季候を追はへてありくめのと哉,節季候,秋
15747,耳遠し節季候何と申やら,節季候,秋
15748,節季候の馬につれだつ小道かな,節季候,秋
15749,節季候の節季候を呼ぶ明家かな,節季候,秋
15750,掛乞の大街道となりにけり,掛乞,冬
15751,掛乞の竹椽叩く烟管哉,掛乞,冬
15752,掛乞の帽子忘れし寒さ哉,掛乞,冬
15753,掛乞の闇の眞中走りけり,掛乞,冬
15754,掛乞に根岸の道を教へけり,掛乞,冬
15755,掛乞の月を見ずしてはしりけり,掛乞,冬
15756,掛乞を祈りかへすや小山伏,掛乞,冬
15757,掛乞の馬に蹴られし都かな,掛乞,冬
15758,大阪や掛乞だらけ橋だらけ,掛乞,冬
15759,掛乞の留守を叩くや竹の門,掛乞,冬
15760,また生きて借銭乞に叱らるゝ,掛乞,冬
15761,掛乞の曰く主人の曰くかな,掛乞,冬
15762,掛乞の乏しき掛や新世帶,掛乞,冬
15763,掛乞の二度來る除夜となりにけり,掛乞,冬
15764,掛乞や京の女の親子連,掛乞,冬
15765,姥等とよ小町がはてをこれ見よや,姥等,春
15766,傾城の紋は何紋衣配り,衣配,新年
15767,くそまりつ櫛けづりしつ年仕舞,年仕舞,冬
15768,西山へ年とりに行く一人かな,西山,冬
15769,君か代のことたま探る岡見哉,岡見,春
15770,我家はかくれて見えぬ岡見哉,岡見,春
15771,妹か家の我家に續く岡見哉,岡見,春
15772,妹が家の我家へつゞく岡見哉,岡見,春
15773,斥候の故郷望む岡見かな,岡見,春
15774,深川や木更津舟の年籠,年籠,冬
15775,節分や親子の年の近うなる,追儺,春
15776,節分やよむたびちがふ豆の數,追儺,春
15777,にくらしき客に豆うつねらひ哉,追儺,春
15778,大津画の鬼に豆うつねらひ哉,追儺,春
15779,風吹て鬼迯げて行くけはひあり,追儺,春
15780,乾鮭の頭めでたし鬼退治,追儺,春
15781,柊をさす頼朝の心かな,柊挿す,冬
15782,柊さゝん津々浦々の阜頭の先,柊挿す,冬
15783,君が代や柊もさゝす二十年,柊挿す,冬
15784,二軒家のあるじを問へば厄拂,厄払,新年
15785,四十二の古ふんどしや厄落し,厄払,新年
15786,割木さげし寒稽古の人むれて行く,寒稽古,冬
15787,寒聲やかへりてあとは風の音,寒声,冬
15788,寒聲や誰れ石投げる石手川,寒声,冬
15789,きぬぎぬに寒聲きけは哀れ也,寒声,冬
15790,寒聲や一むれさわぐ鴨の聲,寒声,冬
15791,寒聲や横頬寒き小夜嵐,寒声,冬
15792,寒聲は寶生流の謠かな,寒声,冬
15793,寒聲や歌ふて戻る裏の町,寒声,冬
15794,寒こりや思ひきつたる老の顔,寒垢離,冬
15795,寒垢離や兄におくれて母一人,寒垢離,冬
15796,寒垢離や兄皆逝いて母一人,寒垢離,冬
15797,寒垢離の水を浴ひ居る月下哉,寒垢離,冬
15798,寒垢離の我影はしる月夜かな,寒垢離,冬
15799,寒垢離や両國渡る鈴の音,寒垢離,冬
15800,寒垢離に逢ひける揚屋の戻りかな,寒垢離,冬
15801,寒垢離の黙って走る二人かな,寒垢離,冬
15802,寒垢離や信心堅き弟子大工,寒垢離,冬
15803,寒垢離や一人行き又一人行く,寒垢離,冬
15804,寒垢離や二人の童子目に見ゆる,寒垢離,冬
15805,寒垢離や不動の火焔氷る夜に,寒垢離,冬
15806,あの中に鬼やまじらん寒念佛,寒念仏,冬
15807,風吹てものすごき夜を寒念佛,寒念仏,冬
15808,寒念佛京は嵐の夜なりけり,寒念仏,冬
15809,鳥部野にかゝる聲なり寒念佛,寒念仏,冬
15810,寒念佛に行きあたりけり寒念佛,寒念仏,冬
15811,通るなり又寒念佛五六人,寒念仏,冬
15812,念佛に紛らして居る寒さ哉,寒念仏,冬
15813,移し植ゑて霜よけしたる芭蕉哉,霜除,冬
15814,おちぶれて霜も防がぬ牡丹哉,霜除,冬
15815,霜掩ひ蘇鐵は泣かずなりにけり,霜除,冬
15816,霜早き根岸の庭や霜掩ひ,霜除,冬
15817,霜よけの笹に風吹く畠哉,霜除,冬
15818,霜よけや牡丹の花の一つ咲く,霜除,冬
15819,神前の橘の木に霜よけす,霜除,冬
15820,たらちねの遺愛の蜜柑霜よけす,霜除,冬
15821,何の木そ霜よけしたる塀の内,霜除,冬
15822,牡丹ありし處なるべし霜掩ひ,霜除,冬
15823,丁寧に霜よけしたる蘇鐡かな,霜除,冬
15824,小松菜に霜よけしたる畠かな,霜除,冬
15825,舶來の大事の木なり霜掩ひ,霜除,冬
15826,庵破れて冬搆へすべくあらぬかな,冬構,冬
15827,藁垣の菜畑めぐるや冬搆,冬構,冬
15828,藁垣に菜畑かこふや冬搆,冬構,冬
15829,藁垣の菜畑めぐりぬ冬搆,冬構,冬
15830,藁掛けて風防ぐなり冬搆,冬構,冬
15831,藁掛けて冬搆へたり一つ家,冬構,冬
15832,内庭に割木つみたり冬搆,冬構,冬
15833,ガラス戸や暖爐や庵の冬搆,冬構,冬
15834,樫の木に取りまかれけり冬住居,冬住い,冬
15835,日にうとき樫の木原や冬住居,冬住い,冬
15836,本所區に編入されぬ冬住居,冬住い,冬
15837,朝晴や雲こしらへる爐の煙,炉,冬
15838,一つかみづゝ爐にくべるもみち哉,炉,冬
15839,爐開きや蟇はいづこの椽の下,炉開,冬
15840,爐開きや越の古蓑木曾の笠,炉開,冬
15841,爐開きや猫の居所も一人前,炉開,冬
15842,爐開いて僧呼び入るゝ遊女かな,炉開,冬
15843,爐開きや炭も櫻の歸り花,炉開,冬
15844,爐開や叔父の法師の參られぬ,炉開,冬
15845,爐開や我に出家の心あり,炉開,冬
15846,爐開や赤松子われを待ち盡す,炉開,冬
15847,離れ家に爐開早し老一人,炉開,冬
15848,爐開て殘菊いけし一人哉,炉開,冬
15849,爐開の藁灰分つ隣かな,炉開,冬
15850,爐開や厠に近き四疊半,炉開,冬
15851,爐開や故人を會すふき膾,炉開,冬
15852,爐開や細君老いて針仕事,炉開,冬
15853,爐開に一日雇ふ大工哉,炉開,冬
15854,口切やあくびしに出る廊下口,口切,冬
15855,何もかもすみて巨燵に年暮るゝ,炬燵,冬
15856,雪の日や巨燵の上に眠る猫,炬燵,冬
15857,撰集の沙汰にくれたる巨燵哉,炬燵,冬
15858,兒の手を皺手に握る火燵哉,炬燵,冬
15859,猫老て鼠もとらず置火燵,炬燵,冬
15860,貧乏は掛乞も來ぬ火燵哉,炬燵,冬
15861,妹なくて向ひ淋しき巨燵哉,炬燵,冬
15862,首入れて巨燵に雪を聞く夜哉,炬燵,冬
15863,首入れて巨燵をまぜる女哉,炬燵,冬
15864,筆いれて掻き探したる巨燵哉,炬燵,冬
15865,いくさから便とゞきし巨燵かな,炬燵,冬
15866,巨燵して語れ眞田が冬の陣,炬燵,冬
15867,人足らぬ巨燵を見ても涙かな,炬燵,冬
15868,夜の雨晝の嵐や置巨燵,炬燵,冬
15869,われは巨燵君は行脚の姿かな,炬燵,冬
15870,老はものゝ戀にもうとし置火燵,炬燵,冬
15871,かりそめの苦説にすねる巨燵哉,炬燵,冬
15872,巨燵から見ゆるや橋の人通り,炬燵,冬
15873,丁稚叱る身は無精さの巨燵哉,炬燵,冬
15874,何はなくと巨燵一つを參らせん,炬燵,冬
15875,縫物の背中にしたる巨燵哉,炬燵,冬
15876,人もなし巨燵の上の草雙紙,炬燵,冬
15877,晝中の傾城寐たるこたつ哉,炬燵,冬
15878,風呂敷を掛けたる晝の巨燵かな,炬燵,冬
15879,みちのくの旅籠屋さびて巨燵哉,炬燵,冬
15880,子を抱いて巨燵に凧を揚げる人,炬燵,冬
15881,忍ぶかと巨燵の猫に問はれけり,炬燵,冬
15882,趙飛燕巨燵の上に舞はせばや,炬燵,冬
15883,竝べけり火燵の上の小人形,炬燵,冬
15884,婆々さまの話上手なこたつ哉,炬燵,冬
15885,晩飯と治兵衞を起す巨燵哉,炬燵,冬
15886,引きあふて火燵の上で泣かすなよ,炬燵,冬
15887,人老いぬ巨燵を本の置處,炬燵,冬
15888,我術の空中樓閣置巨燵,炬燵,冬
15889,わびしさや巨燵にのばす足のたけ,炬燵,冬
15890,繪草紙に身の上を泣く巨燵哉,炬燵,冬
15891,男の童と女の童と遊ぶ巨燵哉,炬燵,冬
15892,故郷の巨燵を思ふ峠かな,炬燵,冬
15893,巨燵あけて蓋のしてある矢倉哉,炬燵,冬
15894,置火燵雪の兎は解にけり,炬燵,冬
15895,殘る鴨何番の花置火燵,炬燵,冬
15896,荷しまひや火燵のそはの夏衣,炬燵,冬
15897,佛壇も火燵もあるや四疊半,炬燵,冬
15898,大佛の梺に寐たる湯婆哉,たんぽ,冬
15899,傾城のひとり寐ねたる湯婆哉,たんぽ,冬
15900,舟に寐る遊女の足の湯婆哉,たんぽ,冬
15901,ある時は手もとへよせる湯婆哉,たんぽ,冬
15902,冷え盡す湯婆に足をちゞめけり,たんぽ,冬
15903,永襄を載き足に湯婆を踏む,たんぽ,冬
15904,古湯婆形海鼠に似申すよ,たんぽ,冬
15905,古庭や月に湯婆の湯をこぼす,たんぽ,冬
15906,碧梧桐のわれをいたはる湯婆哉,たんぽ,冬
15907,目さむるや湯婆わつかに暖かき,たんぽ,冬
15908,胃痛やんで足のばしたる湯婆哉,たんぽ,冬
15909,ひとり言ぬるき湯婆をかゝえけり,たんぽ,冬
15910,遼東の夢見てさめる湯婆哉,たんぽ,冬
15911,祝宴に湯婆かゝへて參りけり,たんぽ,冬
15912,湯婆燈爐あたゝかき部屋の讀書哉,たんぽ,冬
15913,湯婆燈爐臥床暖かに読書かな,たんぽ,冬
15914,湯婆燈爐室あたゝかに読書哉,たんぽ,冬
15915,ある時は背中へ入れる懐爐哉,懐炉,冬
15916,三十にして我老いし懐爐哉,懐炉,冬
15917,爐のふちに懐爐の灰をはたきけり,懐炉,冬
15918,懐爐冷えて上野の闇を戻りけり,懐炉,冬
15919,芝居見や懐爐入れたる腹の冷,懐炉,冬
15920,野の茶屋に懐爐の灰をかへにけり,懐炉,冬
15921,びろうどの青きを好む懐爐かな,懐炉,冬
15922,腹稿を暖めて居る懐爐かな,懐炉,冬
15923,ストーヴに濡れたる靴の裏をあぶる,暖炉,冬
15924,消燈の鐘鳴り渡る暖爐かな,暖炉,冬
15925,つきづきしからぬもの日本の家に暖爐,暖炉,冬
15926,暖爐据ゑて冬暖き日なりけり,暖炉,冬
15927,暖爐焚くや玻璃窓外の風の松,暖炉,冬
15928,病床の位置を變へたる暖爐かな,暖炉,冬
15929,暖爐たく部屋暖にふく壽草,暖炉,冬
15930,暖爐タクヤ雪粉々トシテガラス窓,暖炉,冬
15931,俊成の撫でへらしたり桐火桶,火桶,冬
15932,穂薄になでへらされし火桶哉,火桶,冬
15933,いたいけに童の運ぶ火桶哉,火桶,冬
15934,今一つ背にもほしき火桶哉,火桶,冬
15935,俊成のなでへらしけり桐火桶,火桶,冬
15936,鳳凰の梦や見るらん桐火桶,火桶,冬
15937,拜領の錦張りたる火桶かな,火桶,冬
15938,繪屏風の倒れかゝりし火桶かな,火桶,冬
15939,化物に似てをかしさよ古火桶,火桶,冬
15940,火桶張る昔女の白髪かな,火桶,冬
15941,文机の向きや火桶の置き處,火桶,冬
15942,いもあらばいも燒かうもの古火桶,火桶,冬
15943,太平記火桶に袖をこがしけり,火桶,冬
15944,火桶張る嫗そ見ゆる岡の家,火桶,冬
15945,火桶張る嫗一人や岡の家,火桶,冬
15946,撫でゝ見て又なでゝ見る火鉢哉,火鉢,冬
15947,雪院へ火鉢もて行く寒さ哉,火鉢,冬
15948,手の皺を引きのばし見る火鉢哉,火鉢,冬
15949,關守の睾丸あふる火鉢哉,火鉢,冬
15950,番小屋に晝は人なき火鉢哉,火鉢,冬
15951,我戀は火鉢の消えし恨みかな,火鉢,冬
15952,傾城の足音更ける火鉢哉,火鉢,冬
15953,とりまくや殿居する夜の大火鉢,火鉢,冬
15954,古寺に火鉢大きし臺處,火鉢,冬
15955,丁稚叱る身は無精さの火鉢哉,火鉢,冬
15956,醫師の宅や火鉢に知らぬ人と對す,火鉢,冬
15957,いもの皮のくすぶりて居る火鉢哉,火鉢,冬
15958,小説の趣向つゞまらぬ火鉢哉,火鉢,冬
15959,小説の趣向になやむ火鉢哉,火鉢,冬
15960,道場の隅に火のなき火鉢哉,火鉢,冬
15961,煙草盡きて酒さめぬ獨り火鉢に倚る,火鉢,冬
15962,丈八のお駒をなぶる火鉢哉,火鉢,冬
15963,丈八の才三をしかる火鉢哉,火鉢,冬
15964,手習の手凍え火鉢の火消えたる,火鉢,冬
15965,法律の議論はじまる火鉢哉,火鉢,冬
15966,火鉢抱いて灰まぜて石を探り得たる,火鉢,冬
15967,火鉢抱て灰まぜて石を探り得つ,火鉢,冬
15968,火鉢の火消えて何やら思ふかな,火鉢,冬
15969,火鉢二つ二つとも缺げて客來らず,火鉢,冬
15970,寶生の觀世のゝしる火鉢哉,火鉢,冬
15971,もの神の火鉢の上にあらはれし,火鉢,冬
15972,わびしさは炭團いけたる火鉢哉,火鉢,冬
15973,火消えて堅炭殘る火鉢哉,火鉢,冬
15974,火鉢火なし手をひつこめる餘寒哉,火鉢,冬
15975,菓子箱をさし出したる火鉢哉,火鉢,冬
15976,煎餅かんで俳句を談す火鉢哉,火鉢,冬
15977,鼠追ふて餅盜みくる火鉢哉,火鉢,冬
15978,蒲團著て手をあぶり居る火鉢哉,火鉢,冬
15979,關守の木の葉燃やすや猫火鉢,猫火鉢,冬
15980,炭の香も茶の香もとむや四疊半,炭,冬
15981,山を拔く手にて起せし炭火哉,炭,冬
15982,奥山の木の葉もまじる粉炭哉,炭,冬
15983,水仙にはたきかけたる粉炭かな,炭,冬
15984,炭はねて更けゆく夜の靜か也,炭,冬
15985,猿殿の小便くさしいぶり炭,炭,冬
15986,鋸に炭切る妹の手ぞ黒き,炭,冬
15987,やゝもすれば堅炭の火の消えんとす,炭,冬
15988,炭はねて待人遲し鼠鳴く,炭,冬
15989,來山は消し炭淡々はいぶり炭,炭,冬
15990,油買ふて炭買ふことを忘れたり,炭,冬
15991,炭積んで白河下る荷汽車哉,炭,冬
15992,炭取の粉炭をはたく埃り哉,炭,冬
15993,炭取の炭にまじりぬ齒朶の屑,炭,冬
15994,炭はねて七堂伽藍灰となりぬ,炭,冬
15995,炭はねて始まらんとする茶の湯哉,炭,冬
15996,炭はねて眼をしばたゝく泪哉,炭,冬
15997,其炭の火より炭屋の燒けにけり,炭,冬
15998,いもの皮のいぶりて炭の冤に坐す,炭,冬
15999,書の上に取り落したる炭團哉,炭団,冬
16000,玉賣りて炭團にわびる住居哉,炭団,冬
16001,眞黒な手鞠出てくる炭團哉,炭団,冬
16002,米盡きて炭團たくはふ俵かな,炭団,冬
16003,むつかしく炭團に炭をつぎかけし,炭団,冬
16004,炭竈に雀のならぶぬくみかな,炭竈,冬
16005,炭竈に哀れ蚊遣の煙かな,炭竈,冬
16006,火の絶えし小野の炭竈小夜嵐,炭竈,冬
16007,松伐つて月炭竈に上りけり,炭竈,冬
16008,炭賣のつりあひわろき片荷かな,炭売,冬
16009,湯の山や炭賣歸る宵月夜,炭売,冬
16010,炭賣の歸りは輕し二貫文,炭売,冬
16011,荷は置て炭賣見えず寺の門,炭売,冬
16012,炭賣の休むか粉炭石の上,炭売,冬
16013,炭賣の休むか石に粉炭かな,炭売,冬
16014,名處の炭賣黒く生れける,炭売,冬
16015,炭賣にかへてとらする小魚哉,炭売,冬
16016,一冬や簀の子の下の炭俵,炭俵,冬
16017,木の葉やく寺のうしろや普請小屋,焚火,冬
16018,埋火や隣の咄聞てゐる,埋火,冬
16019,埋火の火入に黒きしくれ哉,埋火,冬
16020,埋火の夢やはかなき事許り,埋火,冬
16021,埋火や木曾に旅寐の相撲取,埋火,冬
16022,只一つ星か螢か埋み火か,埋火,冬
16023,おらが在所は埋火の名所哉,埋火,冬
16024,埋火や斗酒を藏して我を俟つ,埋火,冬
16025,面白う埋火更けぬ維摩経,埋火,冬
16026,埋火に恨みしそれも昔なり,埋火,冬
16027,埋火やほのかにうつる人の顔,埋火,冬
16028,埋火や澁茶出流れて猫睡る,埋火,冬
16029,埋火の側に老い行く獵男哉,埋火,冬
16030,埋火や青墓道の一軒家,埋火,冬
16031,埋火や掻きさがしたる後の夢,埋火,冬
16032,埋火や火を警むる秣小屋,埋火,冬
16033,とにかくにをかしき冬の扇哉,冬の扇,冬
16034,かり人のつゝを落とすや鳥の聲,猟,冬
16035,盜人に似た獵師也夜興曳,夜興引,秋
16036,夜興引や寺のうしろの葎道,夜興引,秋
16037,有明やかけ橋戻る夜興引,夜興引,秋
16038,夜興引や犬心得て山の道,夜興引,秋
16039,夜興引の犬を吠えけり寺の犬,夜興引,秋
16040,夜まわりのよろつく朝や川の岸,夜番,冬
16041,夜まわりのよろつくまへに夜の駕,夜番,冬
16042,雨の夜や動きもやらす網代守,網代守,冬
16043,曉や凍えも死なで網代守,網代守,冬
16044,ながらへて八十になりぬ網代守,網代守,冬
16045,ながらへて八十路になりぬ網代守,網代守,冬
16046,雪車引て笹原歸る月夜かな,橇,冬
16047,引きすてた雪車に來て寐る小犬哉,橇,冬
16048,貧しけれど雪車と雪沓と馬二匹,橇,冬
16049,雪車歌の聞ゆる谷や雪車見ゆる,橇,冬
16050,雪車下りてかじきをつける麓かな,橇,冬
16051,雪車引いて入る町中や雪淺し,橇,冬
16052,雪車引いて醫師を載せて戻りけり,橇,冬
16053,雪車引いて立ちどまりたる話かな,橇,冬
16054,雪車道や童の雪車も引き出でぬ,橇,冬
16055,大木を載せたる雪車の辷りかな,橇,冬
16056,雪沓も脱がで爐邊の話かな,雪沓,冬
16057,雪沓や雪無き町に這入りけり,雪沓,冬
16058,寒燈明滅小僧すよすよと寐入りけり,寒燈,冬
16059,寒燈明滅小僧すよすよと眠りけり,寒燈,冬
16060,火事の鐘に雨戸あくれば月夜哉,火事,冬
16061,水に映る火事は堀端通り哉,火事,冬
16062,森の上に江戸の火事見ゆ夜の曇り,火事,冬
16063,火事の鐘雨戸あくれば月夜哉,火事,冬
16064,會更けて遠火事を見る歸りかな,火事,冬
16065,小説を書く夜も更けて火事の鐘,火事,冬
16066,遠火事を見つゝ下りけり九段坂,火事,冬
16067,水鼻にわひて山家のもみち哉,水洟,冬
16068,水鼻に旅順を語る老女かな,水洟,冬
16069,洟のせんかたもなく喪に籠る,水洟,冬
16070,おちぶれて人霜やけにわぶるかな,霜焼,冬
16071,霜やけや娘の指のおそろしき,霜焼,冬
16072,霜やけや武士の娘の水仕事,霜焼,冬
16073,霜やけの手より熬豆こぼしけり,霜焼,冬
16074,あかゞりを吹きうづめたる吹雪哉,皸,冬
16075,あかゞりのわれる夜半や霜の鐘,皸,冬
16076,あかゞりや京に生れて京の水,皸,冬
16077,あかゝりや局住居は去年の梦,皸,冬
16078,あかゞりやまだ新嫁のきのふけふ,皸,冬
16079,あかきれやまた新嫁のきのふけふ,皸,冬
16080,あかゞりや傾城老いて上根岸,皸,冬
16081,姑やあかゞりの手の恐ろしき,皸,冬
16082,あかゞりに油ぬりつゝ待つ夜哉,皸,冬
16083,あかゞりの手をいたわりて泣く夜哉,皸,冬
16084,皸や母の看護の二十年,皸,冬
16085,皸や貧に育ちし姉娘,皸,冬
16086,胼多き皸多き手足かな,胼,冬
16087,勘當の胼なき足をいとしかる,胼,冬
16088,ひゞの顏にリスリンを多くなすりたる,胼,冬
16089,胼の手を引き隱したるはれ著哉,胼,冬
16090,胼の手に團扇もつ日を數へけり,胼,冬
16091,引拔た手に霜殘る大根哉,大根引,冬
16092,大根引く音聞きに出ん夕月夜,大根引,冬
16093,練馬道大根引くべき日和哉,大根引,冬
16094,大根引く歌こそあらめ三河嶋,大根引,冬
16095,蕪引く妻もあるらん大根引,大根引,冬
16096,捷報の來し朝なり大根曳,大根引,冬
16097,大根引て葱淋しき畠哉,大根引,冬
16098,大根引て葱畠は荒れにけり,大根引,冬
16099,大根引く畑にそふて吟行す,大根引,冬
16100,大根引く畑にそふて散歩哉,大根引,冬
16101,門前の大根引くなり村役場,大根引,冬
16102,大根引くあとや蕪引く拍子ぬけ,大根引,冬
16103,子を負ふて大根干し居る女かな,大根干,冬
16104,日暮や大根掛けたる格子窓,大根干,冬
16105,若き尼紅梅の枝に大根干す,大根干,冬
16106,椽側に切干切るや繪師か妻,大根干,冬
16107,大根干す檐の日向や鶸の籠,大根干,冬
16108,よつ引てひようとぞ放す大蕪,蕪引く,冬
16109,よつ引てひやうとぞはなす大蕪,蕪引く,冬
16110,此頃は蕪引くらん天王寺,蕪引く,冬
16111,女どもの赤き蕪を引いて居る,蕪引く,冬
16112,蕪引て緋の蕪ばかり殘りけり,蕪引く,冬
16113,故郷や蕪引く頃墓參,蕪引く,冬
16114,泥ともに堀出されたる蓮根かな,蓮根掘る,秋
16115,麥蒔た顏つきもせす二百人,麦蒔,秋
16116,麥蒔やたばねあげたる桑の枝,麦蒔,秋
16117,奈良阪や昔男の麥を蒔く,麦蒔,秋
16118,麥蒔くや男に似たる婆一人,麦蒔,秋
16119,麥を蒔く束髪娘京近し,麦蒔,秋
16120,名處の麥蒔くまでに古りにけり,麦蒔,秋
16121,麥まくやたばねあげたる桑の枝,麦蒔,秋
16122,麥蒔や色の黒キは娘なり,麦蒔,秋
16123,麥蒔や北砥部山の麓まで,麦蒔,秋
16124,麥蒔の赤ごしまきは娘かも,麦蒔,秋
16125,畑少し麥蒔いてある森の中,麦蒔,秋
16126,麥を蒔く畑に出でゝ吟行す,麦蒔,秋
16127,麥を蒔く畑に出でゝ散歩哉,麦蒔,秋
16128,麥を蒔く畑にそふて吟行す,麦蒔,秋
16129,麥を蒔く畑にそふて散歩哉,麦蒔,秋
16130,豆の如き人皆麥を蒔くならし,麦蒔,秋
16131,麥蒔の村を過ぎ行く寫生哉,麦蒔,秋
16132,麥を蒔く花咲爺の子孫哉,麦蒔,秋
16133,でんち著て貍の如き把栗かな,でんち,冬
16134,どてら著て長脇指の素足哉,どてら,冬
16135,外套の新しきズボンの穴を掩ひたる,外套,冬
16136,外套の剥げて遼東より歸る,外套,冬
16137,外套を着かねつ客のかゝへ去る,外套,冬
16138,外套を着かねつ客のかゝへ走る,外套,冬
16139,手と足に蒲團引きあふ宿屋哉,蒲団,冬
16140,重ねても輕きが上の薄蒲團,蒲団,冬
16141,傾城は痩せて小さき蒲團哉,蒲団,冬
16142,こしらへて見るや蒲團の東山,蒲団,冬
16143,寒さうに母の寐給ふ蒲團哉,蒲団,冬
16144,毛蒲團の上を走るや大鼠,蒲団,冬
16145,灯を消せば蒲團走るや大鼠,蒲団,冬
16146,ものゝ香のゆかしや旅の薄蒲團,蒲団,冬
16147,短さに蒲團を引けば猫の聲,蒲団,冬
16148,薄蒲團十三錢の旅籠哉,蒲団,冬
16149,寄宿舎の窓にきたなき蒲團哉,蒲団,冬
16150,詩腸枯れて病骨を護す蒲團哉,蒲団,冬
16151,縮緬の紫さめし蒲團かな,蒲団,冬
16152,夢さめて木曾の宿屋よ薄蒲團,蒲団,冬
16153,わびしさや蒲團にのばす足のたけ,蒲団,冬
16154,兄弟の子が喧嘩する蒲團哉,蒲団,冬
16155,木瓜の紋なつかしき蒲團哉,蒲団,冬
16156,狼に引かぶりたる蒲團哉,蒲団,冬
16157,襟寒き絹の蒲團や銀襖,蒲団,冬
16158,著馴れたる蒲團や菊の古模様,蒲団,冬
16159,人を噛む鼠出でけり薄蒲團,蒲団,冬
16160,筆かりて旅の記を書く蒲團哉,蒲団,冬
16161,縮緬の紫さめし衾かな,衾,冬
16162,天竺の案内をせよ古衾,衾,冬
16163,御姿は夢見たまへる衾かな,衾,冬
16164,襟卷に顏包みたる車上かな,衿巻,冬
16165,縮緬の衿卷臘虎の帽子かな,衿巻,冬
16166,停車場の椅子に衿卷を忘れしよ,衿巻,冬
16167,世の中を紙衣一つの輕さかな,紙衣,冬
16168,嵐雪の其角におくる紙衣哉,紙衣,冬
16169,うき人に見せじ紙衣の袖の皺,紙衣,冬
16170,紙衣きて手製の納豆味甘し,紙衣,冬
16171,傾城の泪にやれし紙衣かな,紙衣,冬
16172,尻やふかん紙衣やぬはん夷紙,紙衣,冬
16173,千早ふる紙衣久しき命かな,紙衣,冬
16174,傳へ來て陶淵明の紙衣哉,紙衣,冬
16175,俳諧のはらわた見せる紙衣かな,紙衣,冬
16176,本を手に牛ひく人の紙衣哉,紙衣,冬
16177,飼犬に袖ひかれたる紙衣哉,紙衣,冬
16178,紙衣着て藪陰戻る月夜かな,紙衣,冬
16179,鐘つきの雲に濡れたる紙子哉,紙衣,冬
16180,子鼠の尿かけたる紙子哉,紙衣,冬
16181,子鼠の尿して行く紙子哉,紙衣,冬
16182,おもしろや紙衣著ずにすむ世也,紙衣,冬
16183,紙衣著て出づれば我に星落る,紙衣,冬
16184,紙衣著て河豚くふたる顏もせず,紙衣,冬
16185,亡き親に我はづかしき紙衣かな,紙衣,冬
16186,古紙衣源内殿でござらぬか,紙衣,冬
16187,若君の紙衣姿ぞいたはしき,紙衣,冬
16188,柴垣に紙衣干したる小家哉,紙衣,冬
16189,隱居していけ花習ふ紙衣哉,紙衣,冬
16190,弟に店を任せて紙衣哉,紙衣,冬
16191,味噌汁を膝にこぼせし紙衣哉,紙衣,冬
16192,世の中を厭ひもはてぬ紙衣哉,紙衣,冬
16193,絹布著て上に紙衣の羽織かな,紙衣,冬
16194,絲赤く手袋の破れつくろひし,手袋,冬
16195,汽車の切符買はんとして手袋脱げざる,手袋,冬
16196,手袋の左許りなりにける,手袋,冬
16197,手袋に銀貨を捜るかくしかな,手袋,冬
16198,手袋に手を引く兒の歩行かざる,手袋,冬
16199,手袋の編みさしてある病かな,手袋,冬
16200,身の上を足袋にやつれし女哉,足袋,冬
16201,菊枯て垣に足袋干す日和哉,足袋,冬
16202,律僧の紺足袋穿つ掃除かな,足袋,冬
16203,無精さや蒲團の中で足袋をぬぐ,足袋,冬
16204,あちら向き古足袋さして居る妻よ,足袋,冬
16205,君來まさんと思ひがけねば汚れ足袋,足袋,冬
16206,足袋ぬいであかゞり見るや夜半の鐘,足袋,冬
16207,足袋ぬいであかゞり見れば夜半の鐘,足袋,冬
16208,冬服の胸あひかぬる古着哉,冬服,冬
16209,四角なる冬帽に今や歸省かな,冬帽,冬
16210,地震て冬帽動く柱かな,冬帽,冬
16211,冬帽の十年にして猶屬吏なり,冬帽,冬
16212,冬帽の我土耳其といふを愛す,冬帽,冬
16213,買ふて來た冬帽の氣に入らぬ也,冬帽,冬
16214,頭巾きて老とよばれん初しくれ,頭巾,冬
16215,此度は嫁にぬはせじ角頭巾,頭巾,冬
16216,月花にはげた頭や古頭巾,頭巾,冬
16217,市中に落ちあふ妻の頭巾哉,頭巾,冬
16218,風吹て惠方參りの頭巾哉,頭巾,冬
16219,氣安さは頭巾を老の仇名にて,頭巾,冬
16220,茶の花をかざゝばいかに丸頭巾,頭巾,冬
16221,頭巾着て人大黒に似たる哉,頭巾,冬
16222,頭巾着て飯くふ迄に老いにけり,頭巾,冬
16223,頭巾ぬげば皆坊主でもなかりけり,頭巾,冬
16224,赤頭巾人甘んじて老いけらし,頭巾,冬
16225,兜着たことは昔に頭巾かな,頭巾,冬
16226,すれ違ひ又ふりかへる頭巾かな,頭巾,冬
16227,頭巾着て人と話すや橋の上,頭巾,冬
16228,頭巾着て女に似たる男かな,頭巾,冬
16229,薙刀に焚火のうつる頭巾かな,頭巾,冬
16230,我親に似てをかしさよ古頭巾,頭巾,冬
16231,ある人の頭巾姿を見そめたり,頭巾,冬
16232,紙ぎれに小錢を包む頭巾かな,頭巾,冬
16233,僧正の頭巾かぶりぬ市の月,頭巾,冬
16234,頭巾著て人行かふや山の道,頭巾,冬
16235,頭巾着て平家を語る法師哉,頭巾,冬
16236,頭巾脱いで名のりかけたるかたき哉,頭巾,冬
16237,いとし子に赤き頭巾を冠せたる,頭巾,冬
16238,かたき討つて頭剃りたる頭巾哉,頭巾,冬
16239,頭巾着て温飩くひ居る男哉,頭巾,冬
16240,あしらへば善く笑ふ子や赤頭巾,頭巾,冬
16241,言はんとして頭巾正しぬ卜師,頭巾,冬
16242,打ちまじり同じ頭巾や村夫子,頭巾,冬
16243,恰好な古き頭巾を買ひ得たり,頭巾,冬
16244,かならずや頭巾めさるゝ祖翁の画,頭巾,冬
16245,かぶりそめて人に見らるゝ頭巾哉,頭巾,冬
16246,舊惡の形更へたる頭巾哉,頭巾,冬
16247,舊惡の心洗ふて頭巾哉,頭巾,冬
16248,着心の古き頭巾にしくはなし,頭巾,冬
16249,戯作者のたぐひなるべし絹頭巾,頭巾,冬
16250,こしらへて皆氣に入らぬ頭巾哉,頭巾,冬
16251,御法度の坊主頭や丸頭巾,頭巾,冬
16252,西行の頭巾もめさず雪の不盡,頭巾,冬
16253,手爐さげて頭巾の人や寄席を出る,頭巾,冬
16254,信心のはじめに著たる頭巾哉,頭巾,冬
16255,旅僧の頭巾もめさず馬の上,頭巾,冬
16256,頭巾著て浄土の近き思ひあり,頭巾,冬
16257,頭巾著て俵に上る指圖哉,頭巾,冬
16258,頭巾著て檜笠提けたり旅の僧,頭巾,冬
16259,頭巾著て物は心にさからはず,頭巾,冬
16260,頭巾著る忍ひ姿や落しさし,頭巾,冬
16261,頭巾二人橋を渡りて別れけり,頭巾,冬
16262,人老いて頭巾に色の好みあり,頭巾,冬
16263,人老いて頭巾に物の好みあり,頭巾,冬
16264,人丸は烏帽子芭蕉は頭巾にて,頭巾,冬
16265,辨慶は其頭巾こそ兜なれ,頭巾,冬
16266,間違へて笑ふ頭巾や客二人,頭巾,冬
16267,見苦しき子をいとしむや赤頭巾,頭巾,冬
16268,醉ふて吟す東坡の頭巾脱んとす,頭巾,冬
16269,忘れ置し頭巾の裏を見られけり,頭巾,冬
16270,笑ひかゝる兒にくれたる頭巾哉,頭巾,冬
16271,寺古りて義士の頭巾を藏しけり,頭巾,冬
16272,いつ見ても青き頭巾の酢賣哉,頭巾,冬
16273,大黒の頭巾を笑ふ布袋かな,頭巾,冬
16274,頭巾著て蕪村の墓に詣でけり,頭巾,冬
16275,薄物の頭巾や老の笑ひ顏,頭巾,冬
16276,一年の事今にある綿衣かな,綿子,冬
16277,頸あらはに薩摩飛白の綿子哉,綿子,冬
16278,綿衣黄也村醫者と見えて供一人,綿子,冬
16279,綿入の袂探りそなじみ金,綿子,冬
16280,爺と婆と江戸見に行くや綿帽子,綿帽子,冬
16281,穴多きケットー疵多き火鉢哉,毛布,冬
16282,ケットーの赤きを被り本願寺,毛布,冬
16283,書生富めりケットー美に盆栽など飾る,毛布,冬
16284,書生富めり毛布美に盆など飾る,毛布,冬
16285,毛布被りたるがまじりし寄席の歸り哉,毛布,冬
16286,毛布被る一むれ寄席の歸りかな,毛布,冬
16287,十年の苦學毛の無き毛布哉,毛布,冬
16288,眞中に碁盤すゑたる毛布哉,毛布,冬
16289,毛布著た四五人連や象を見る,毛布,冬
16290,毛布著て机の下の鼾哉,毛布,冬
16291,やき芋の皮をふるひし毛布哉,毛布,冬
16292,振返る二重まはしや人違ひ,二重回し,冬
16293,紳士らしき掏摸らしき二重まはし哉,二重回し,冬
16294,二重まはしを買ひ得ずして其俗を笑ふ,二重回し,冬
16295,盆栽に梅の花あり冬こもり,冬籠,冬
16296,神の代はかくやありけん冬籠,冬籠,冬
16297,不自由なやうで氣まゝや冬籠,冬籠,冬
16298,冬籠家は落葉にうもれけり,冬籠,冬
16299,老が齒や海雲すゝりて冬籠,冬籠,冬
16300,金杉や二間ならんで冬こもり,冬籠,冬
16301,君にとてくはすものなし冬籠,冬籠,冬
16302,君味噌くれ我豆やらん冬こもり,冬籠,冬
16303,子をなぶり子になぶられて冬籠,冬籠,冬
16304,新聞の反故の山や冬こもり,冬籠,冬
16305,炭二俵壁にもたせて冬こもり,冬籠,冬
16306,手をちゞめ足をちゝめて冬籠,冬籠,冬
16307,ともかうもなくて病氣の冬籠,冬籠,冬
16308,拔け穴もありて蛙の冬籠,冬籠,冬
16309,鼻かげや只うつむいて冬籠,冬籠,冬
16310,吹きならふ煙の龍や冬こもり,冬籠,冬
16311,不二のぞくすきまの風や冬籠,冬籠,冬
16312,不盡見ゆる北窓さして冬籠,冬籠,冬
16313,冬こもり命うちこむ巨燵哉,冬籠,冬
16314,冬籠り倉にもちこむ巨燵哉,冬籠,冬
16315,冬こもり小ぜにをかりて笑はるゝ,冬籠,冬
16316,冬籠隣もしらぬ味噌の味,冬籠,冬
16317,冬籠なるれば廣し四疊半,冬籠,冬
16318,冬こもり日記に夢をかきつくる,冬籠,冬
16319,冬籠日記に梦を書きつける,冬籠,冬
16320,冬籠りほつほつかぢる芋の皮,冬籠,冬
16321,冬籠夜着の袖より窓の月,冬籠,冬
16322,ふろしきに芋の皮あり冬籠,冬籠,冬
16323,本の山硯の海や冬こもり,冬籠,冬
16324,龍の繪をかいて捧げん冬籠,冬籠,冬
16325,朝々の新聞も見ず冬籠,冬籠,冬
16326,案を拍て鼠驚くや冬籠,冬籠,冬
16327,鶯のなきいつる迄を冬籠り,冬籠,冬
16328,運坐とさそひ出されぬ冬籠,冬籠,冬
16329,風吹て行燈消えぬ冬籠,冬籠,冬
16330,唐の書や大和の書や冬籠,冬籠,冬
16331,此下に冬籠の蟇眠るらん,冬籠,冬
16332,書燈夜更けて鶏鳴くや冬籠,冬籠,冬
16333,なぞなぞを解て見せけり冬籠,冬籠,冬
16334,笛一つ釘にかけたり冬籠,冬籠,冬
16335,河豚くはぬ人や芳野の冬籠,冬籠,冬
16336,冬籠り琴に鼠の足のあと,冬籠,冬
16337,冬籠り三味線折て爐にくべん,冬籠,冬
16338,薪をわるいもうと一人冬籠,冬籠,冬
16339,簔笠の古びくらべん冬籠,冬籠,冬
16340,一村は青菜つくりて冬籠,冬籠,冬
16341,一村は冬こもりたるけしきかな,冬籠,冬
16342,一村は留守のやうなり冬籠,冬籠,冬
16343,裏藪の竹盜まれし冬籠り,冬籠,冬
16344,かゆといふ名を覺えたか冬籠,冬籠,冬
16345,かゆといふ物をすゝりて冬籠り,冬籠,冬
16346,戀せじと冬籠り居れば蜘の絲,冬籠,冬
16347,三味線や里ゆたかなる冬籠,冬籠,冬
16348,砂村や狐も鳴かず冬籠り,冬籠,冬
16349,豆腐屋も八百屋も遠し冬籠,冬籠,冬
16350,箒さはる琴のそら音や冬籠り,冬籠,冬
16351,冬籠り人富士石に向ひ坐す,冬籠,冬
16352,冬ごもり男ばかりの庵かな,冬籠,冬
16353,松すねて門鎖せり人冬籠る,冬籠,冬
16354,商人の坐敷に僧の冬こもり,冬籠,冬
16355,あぢきなや三重の病に冬こもり,冬籠,冬
16356,音もせず親子二人の冬こもり,冬籠,冬
16357,唐の春奈良の秋見て冬籠,冬籠,冬
16358,蜘の巣の中につゝくり冬こもり,冬籠,冬
16359,雲のそく障子の穴や冬こもり,冬籠,冬
16360,五器皿を見れば味噌あり冬籠,冬籠,冬
16361,琴の音の聞えてゆかし冬籠,冬籠,冬
16362,なかなかに病むを力の冬こもり,冬籠,冬
16363,一町は山のどん底に冬こもり,冬籠,冬
16364,一町は山をにらんで冬こもり,冬籠,冬
16365,人病んでせんかたなさの冬こもり,冬籠,冬
16366,二夫婦二かたまりに冬こもり,冬籠,冬
16367,冬こもり顏も洗はず書に對す,冬籠,冬
16368,冬こもり金平本の二三册,冬籠,冬
16369,冬こもり煙のもるゝ壁の穴,冬籠,冬
16370,冬籠書齋の掃除無用なり,冬籠,冬
16371,冬籠書籍に竝ぶ藥かな,冬籠,冬
16372,冬こもり世間の音を聞いて居る,冬籠,冬
16373,冬こもり達磨は我をにらむ哉,冬籠,冬
16374,冬こもり晝の布團のすぢかひに,冬籠,冬
16375,冬籠書掻き探す藥かな,冬籠,冬
16376,冬籠物くはぬ日はよもあらじ,冬籠,冬
16377,冬こもりをの子一人まうけゝる,冬籠,冬
16378,冬こもり折ゝ猫の啼いて來る,冬籠,冬
16379,冬や今年今年や冬とこもりけり,冬籠,冬
16380,冬や今年われ古里にこもりけり,冬籠,冬
16381,山も見ず海も見ず船に冬こもり,冬籠,冬
16382,礎を起せば蟻の冬ごもり,冬籠,冬
16383,椽側へ出て汽車見るや冬籠,冬籠,冬
16384,看病の我をとりまく冬籠,冬籠,冬
16385,十年の耳ご掻きけり冬籠,冬籠,冬
16386,主持の小さくなりて冬籠,冬籠,冬
16387,大木の中に草家の冬籠,冬籠,冬
16388,湯治場や冬籠りたる人の聲,冬籠,冬
16389,痰はきに痰のたまるや冬籠,冬籠,冬
16390,妻なきを鼠笑ふか冬ごもり,冬籠,冬
16391,何となく冬籠り居れば三味の聲,冬籠,冬
16392,鼠にも猫にもなじむ冬籠,冬籠,冬
16393,袴著てゆかしや人の冬籠,冬籠,冬
16394,ひつそりと冬籠るなり一軒家,冬籠,冬
16395,冬籠あるじ寐ながら人に逢ふ,冬籠,冬
16396,冬こもり入相の鐘野から來る,冬籠,冬
16397,冬籠壁に歌あり發句あり,冬籠,冬
16398,冬籠四斗樽の底を叩きけり,冬籠,冬
16399,冬籠茶釜の光る茶間哉,冬籠,冬
16400,冬籠隣の夫婦いさかひす,冬籠,冬
16401,冬籠り長生きせんと思ひけり,冬籠,冬
16402,冬籠佛壇の花枯れにけり,冬籠,冬
16403,冬籠本は黄表紙人は鬚,冬籠,冬
16404,冬籠湯に入る我の垢を見よ,冬籠,冬
16405,昔さるべき女ありけり冬籠,冬籠,冬
16406,老僧の爪の長さよ冬籠,冬籠,冬
16407,黒わくの手紙受け取る冬籠,冬籠,冬
16408,小障子の隅に日あたる冬籠,冬籠,冬
16409,新聞は停止せられぬ冬籠,冬籠,冬
16410,爲朝を呼んで來て共に冬籠れ,冬籠,冬
16411,戸を叩く女の聲や冬籠,冬籠,冬
16412,人も來ぬ根岸の奥よ冬籠,冬籠,冬
16413,冬籠柱にもたれ世を觀ず,冬籠,冬
16414,冬籠る家や鰯を燒く匂ひ,冬籠,冬
16415,もたれよる柱ぬくもる冬籠,冬籠,冬
16416,もろもろの楽器音無く冬籠る,冬籠,冬
16417,大磯によき人見たり冬籠,冬籠,冬
16418,鎌倉の大根畠や冬籠,冬籠,冬
16419,熊に似て熊の皮著る穴の冬,冬籠,冬
16420,侃々も諤々も聞かず冬籠,冬籠,冬
16421,聲高に書讀む人よ冬籠,冬籠,冬
16422,咲き絶えし薔薇の心や冬籠,冬籠,冬
16423,雜炊のきらひな妻や冬籠,冬籠,冬
16424,野が見ゆるガラス障子や冬籠,冬籠,冬
16425,日あたりのよき部屋一つ冬籠,冬籠,冬
16426,一箱の林檎ゆゝしや冬籠,冬籠,冬
16427,冬籠盥になるゝ小鴨哉,冬籠,冬
16428,冬籠和尚は物をのたまはす,冬籠,冬
16429,冬籠る今戸の家や色ガラス,冬籠,冬
16430,冬こもる人の多さよ上根岸,冬籠,冬
16431,冬こもる灯のかすかなり西の對,冬籠,冬
16432,冬籠る部屋や盥の浮寐鳥,冬籠,冬
16433,冬こもるゆかりの人や西の對,冬籠,冬
16434,耳糞の蜂になるまで冬籠,冬籠,冬
16435,宿替の蕎麥を貰ふや冬籠,冬籠,冬
16436,山陰や暗きになれて冬籠,冬籠,冬
16437,山に入る人便りなし冬籠,冬籠,冬
16438,善く笑ふ夫婦ぐらしや冬籠,冬籠,冬
16439,善く笑ふ男が來たり冬籠,冬籠,冬
16440,青山の學校に在り冬籠,冬籠,冬
16441,牛喰へと勸むる人や冬籠,冬籠,冬
16442,大津畫の鬼に見あきぬ冬籠,冬籠,冬
16443,思ひやるおのが前世や冬籠,冬籠,冬
16444,ガラス窓に上野も見えて冬籠,冬籠,冬
16445,ガラス窓に鳥籠見ゆる冬こもり,冬籠,冬
16446,近眼の五度の目鏡や冬籠,冬籠,冬
16447,釋迦に問て見たき事あり冬籠,冬籠,冬
16448,何事もあきらめて居る冬籠,冬籠,冬
16449,冬籠鑄形にたまる埃哉,冬籠,冬
16450,冬こもりうちむらさきをもらひけり,冬籠,冬
16451,蜜柑剥く爪先黄なり冬籠,冬籠,冬
16452,繪襖の彩色兀ぬ冬籠,冬籠,冬
16453,女神の裸体の像や冬籠,冬籠,冬
16454,書きなれて書きよき筆や冬籠,冬籠,冬
16455,唐紙の白雲形や冬籠,冬籠,冬
16456,信州の人に訪はれぬ冬籠,冬籠,冬
16457,先生の筆見飽きたり冬籠,冬籠,冬
16458,鼠取の藥を買ひけり冬籠,冬籠,冬
16459,肺を病んで讀書に耽る冬籠,冬籠,冬
16460,蕪村の蕪太祗の炭や冬籠,冬籠,冬
16461,筆多き硯の箱や冬籠,冬籠,冬
16462,冬籠裸體晝をかく頼みなき,冬籠,冬
16463,故郷に肺を養ふ冬こもり,冬籠,冬
16464,驚かす霰の音や冬籠,冬籠,冬
16465,泥深き小田や田螺の冬籠,冬籠,冬
16466,新宅は神も祭らで冬籠,冬籠,冬
16467,病床やおもちや併へて冬籠,冬籠,冬
16468,屋根低き宿うれしさよ冬籠,冬籠,冬
16469,命よりうまき味とや河豚汁,河豚汁,冬
16470,くふ時に成てすてけり河豚の汁,河豚汁,冬
16471,さむらいは腹さへきると河豚汁,河豚汁,冬
16472,鰒汁や髑髏をかざる醫者の家,河豚汁,冬
16473,ふぐ汁やきのふは何の藥喰,河豚汁,冬
16474,鰒汁や獣うそむく裏の山,河豚汁,冬
16475,ふぐ汁や傷寒論は燒きすてん,河豚汁,冬
16476,河豚汁高らかにこそ呼はつたり,河豚汁,冬
16477,我をにらむ達摩の顔や河豚汁,河豚汁,冬
16478,鰒汁一休去つて僧もなし,河豚汁,冬
16479,鰒汁心もとなき寐つき哉,河豚汁,冬
16480,鰒汁古白今いづくにかある,河豚汁,冬
16481,ゆきひらは猪か鯨か河豚汁か,河豚汁,冬
16482,あざ笑ふ花和尚の聲やふくと汁,河豚汁,冬
16483,信州の寒さを思ふ蕎麥湯哉,蕎麦湯,冬
16484,親鳥のぬくめ心地や玉子酒,玉子酒,冬
16485,ふるまはん深草殿に玉子酒,玉子酒,冬
16486,傾城の涙煮えけり玉子酒,玉子酒,冬
16487,猩々を巨燵へ呼ばん玉子酒,玉子酒,冬
16488,風引の若き主や卵酒,玉子酒,冬
16489,かせ引の妻よ夫よ玉子酒,玉子酒,冬
16490,煮凍につめたき腹や酒の燗,煮凍,冬
16491,煮凍の出來るも嬉し新世帶,煮凍,冬
16492,煮凍や北に向きたる臺所,煮凍,冬
16493,燒芋をくひくひ千鳥きく夜哉,焼薯,秋
16494,わびしさや燒いもの皮熊の皮,焼薯,秋
16495,喰ひ盡して更に燒いもの皮をかぢる,焼薯,秋
16496,燒いもと知るく風呂敷に烟立つ,焼薯,秋
16497,燒いもの水氣多きを場末かな,焼薯,秋
16498,鍋燒を待たんかいもを喰はんか,鍋焼,冬
16499,鍋燒を待ち居れば稻荷樣と呼ぶ,鍋焼,冬
16500,鍋燒をわれ待ち居れば稻荷鮓,鍋焼,冬
16501,盜人らしき人が鍋燒を喰ひ居たる,鍋焼,冬
16502,鍋焼や火事場に遠き坂の上,鍋焼,冬
16503,吹雪くる夜を禪寺に納豆打ツ,納豆,冬
16504,納豆の味を達磨に尋ねばや,納豆,冬
16505,やうやうに納豆くさし寺若衆,納豆,冬
16506,山僧や經讀みやめて納豆打つ,納豆,冬
16507,起よけさ叩け納豆小僧ども,納豆,冬
16508,納豆や飯焚一人僧一人,納豆,冬
16509,納豆の聲や座禪の腹の中,納豆,冬
16510,骨は土納豆は石となりけらし,納豆,冬
16511,豆腐屋の來ぬ日はあれと納豆賣,納豆,冬
16512,納豆喰ふ屋敷もふゑて根岸町,納豆,冬
16513,納豆喰ふて兒學問に愚なり,納豆,冬
16514,納豆賣る聲や阿呆の武太郎,納豆,冬
16515,歌ふて曰く納豆賣らんか詩賣らんか,納豆,冬
16516,子を負ふて孀と見ゆれ納豆賣,納豆,冬
16517,納豆賣新聞賣と話しけり,納豆,冬
16518,人も來ず時雨の宿の納豆汁,納豆汁,冬
16519,梅の花うかせて見はや納豆汁,納豆汁,冬
16520,傾城の噂を語れ納豆汁,納豆汁,冬
16521,摺小木に鶯來鳴け納豆汁,納豆汁,冬
16522,禪僧や佛を賣て納豆汁,納豆汁,冬
16523,納豆汁腹あたゝかに風寒し,納豆汁,冬
16524,納豆汁卜傳流の翁かな,納豆汁,冬
16525,納豆汁しばらく神に黙祷す,納豆汁,冬
16526,納豆汁女殺したこともあり,納豆汁,冬
16527,草庵の暖爐開きや納豆汁,納豆汁,冬
16528,白味噌や此頃飽きし納豆汁,納豆汁,冬
16529,我庵の煖爐開きや納豆汁,納豆汁,冬
16530,風呂吹や北山颪さめやすき,風呂吹,冬
16531,大きなるをこそ風呂吹と申すらめ,風呂吹,冬
16532,大なるをこそ風呂吹と申すらめ,風呂吹,冬
16533,風呂吹や板額の口恐ろしき,風呂吹,冬
16534,黒塚や赤子の腕の風呂吹を,風呂吹,冬
16535,風呂吹の口をやかぬぞ口をしき,風呂吹,冬
16536,風呂吹に集まる法師誰々ぞ,風呂吹,冬
16537,風呂吹に七變人を會しけり,風呂吹,冬
16538,風呂吹にすべく大根の大なる,風呂吹,冬
16539,風呂吹の味をこそわすれ給ふらめ,風呂吹,冬
16540,風呂吹のさめたるに發句題すべく,風呂吹,冬
16541,風呂吹の冷えたるに一句題すべく,風呂吹,冬
16542,風呂吹は熱く麥飯はつめたく,風呂吹,冬
16543,風呂吹は三百年の法會哉,風呂吹,冬
16544,風呂吹や狂歌讀むべき僧の顏,風呂吹,冬
16545,風呂吹や小窓を壓す雪曇,風呂吹,冬
16546,風呂吹や皆鷺流の狂言師,風呂吹,冬
16547,風呂吹を喰ひに浮世へ百年目,風呂吹,冬
16548,風呂吹をはさみきるこそ拙けれ,風呂吹,冬
16549,人多く風呂吹の味噌足らぬかな,風呂吹,冬
16550,風呂吹の一きれづゝや四十人,風呂吹,冬
16551,風呂吹やによろり名高きによろり寺,風呂吹,冬
16552,風呂吹やによろりに名あるによろり寺,風呂吹,冬
16553,庵の窓富士に開きて藥喰,藥喰,冬
16554,富士山を箸にのせてや藥喰,藥喰,冬
16555,骨のなき泥鰌を誰の藥喰,藥喰,冬
16556,一休に何參らせん藥喰,藥喰,冬
16557,鶯に鍋のぞかせじ藥喰,藥喰,冬
16558,豚煮るや上野の嵐さわぐ夜に,藥喰,冬
16559,藥喰す人の心の老いにけり,藥喰,冬
16560,藥喰ひ人の心の老にけり,藥喰,冬
16561,戸を叩く音は狸か藥喰,藥喰,冬
16562,われ病んで筑波の雉の藥喰,藥喰,冬
16563,藥喰の鍋氷りつく朝哉,藥喰,冬
16564,血にかわく人の心やくすり喰,藥喰,冬
16565,貧血の君にさそはれくすり喰,藥喰,冬
16566,乾鮭にわびし日頃や藥喰,藥喰,冬
16567,利目あらん利目なからん藥喰,藥喰,冬
16568,蘭學の書生なりけり藥喰,藥喰,冬
16569,風入れた代り雪見や破れ窓,雪見,冬
16570,松の木に裏表ある雪見かな,雪見,冬
16571,家買つて今年は庭の雪見かな,雪見,冬
16572,老僧の西行に似る雪見哉,雪見,冬
16573,世の中を知らねば人の雪見哉,雪見,冬
16574,古たびの又世にいでて雪丸げ,雪丸げ,冬
16575,さゝやかな力や妹が雪まろげ,雪丸げ,冬
16576,女房のかひがひしさよ雪丸げ,雪丸げ,冬
16577,手袋の指破れたり雪まろげ,雪丸げ,冬
16578,昨日見た處にはなし雪だるま,雪仏,冬
16579,運慶が子供遊びや雪佛,雪仏,冬
16580,太平の刀ためすや雪佛,雪仏,冬
16581,かけ落と叫び給ふな雪佛,雪仏,冬
16582,掛乞をにらむやうなり雪佛,雪仏,冬
16583,雪佛眼二つは黒かりし,雪仏,冬
16584,雪佛われからにらみ崩れけり,雪仏,冬
16585,竹馬は子猿の藝や猿まはし,竹馬,新年
16586,竹馬は小猿の藝や叱られし,竹馬,新年
16587,留守狐お供狐を送りけり,狐,冬
16588,こさふくや沖は鯨の汐曇り,鯨,冬
16589,日本一ほめる鯨のをはり哉,鯨,冬
16590,引きあげて一村くもる鯨哉,鯨,冬
16591,小嶋かと見れば汐吹く鯨哉,鯨,冬
16592,鯨よる大海原の靜かさよ,鯨,冬
16593,百艘の舟にとりまく鯨哉,鯨,冬
16594,大きさも知らず鯨の二三寸,鯨,冬
16595,聲かけて鯨に向ふ小舟哉,鯨,冬
16596,荒磯や鯨の舟を待つ妻子,鯨,冬
16597,お長屋の老人會や鯨汁,鯨,冬
16598,鯨突に通り合せし旅路哉,鯨,冬
16599,鯨突きに日本海へ行く舟か,鯨,冬
16600,鯨突く小舟は沖に見えずなりぬ,鯨,冬
16601,鯨突く日本海の舟小し,鯨,冬
16602,鯨逃げて北斗かゝやく海暗し,鯨,冬
16603,鯨逃げて空しく歸る小舟かな,鯨,冬
16604,鯨煮つゝ銛打ちし一伍一什を話す,鯨,冬
16605,鯨吼えて北斗靜かなり海の上,鯨,冬
16606,七尺の男なりけり鯨賣,鯨,冬
16607,房州の沖を過行く鯨哉,鯨,冬
16608,灯ともして鯨にさわぐ小村哉,鯨,冬
16609,二村の男女あつまる鯨哉,鯨,冬
16610,銛取て鯨に向ふ男かな,鯨,冬
16611,鯨汁しばらく勇を養はん,鯨,冬
16612,濱による鯨小き入江かな,鯨,冬
16613,氷山に氷りこんだる鯨かな,鯨,冬
16614,鯨汁鯨は盡きてしまひけり,鯨,冬
16615,鯨取る舟を見送る妻子かな,鯨,冬
16616,鯨つく漁父ともならで坊主哉,鯨,冬
16617,をし鳥や氷の劍ふんで行く,鴛鴦,冬
16618,あはれ也死でも鴛の一つがひ,鴛鴦,冬
16619,薄雪にふられて居るや鴛一つ,鴛鴦,冬
16620,をし鳥や廣間に寒き銀屏風,鴛鴦,冬
16621,積もりあへず思ひ羽振ふ雪の鴛,鴛鴦,冬
16622,薄氷を踏むをし鳥の思ひかな,鴛鴦,冬
16623,古池に亡き妻や思ふ鴛一羽,鴛鴦,冬
16624,古池のをしに雪降る夕かな,鴛鴦,冬
16625,をし鳥や嵐に吹かれ月に流れ,鴛鴦,冬
16626,迷ひ出でし誰が別莊の鴛一羽,鴛鴦,冬
16627,迷ひ出し誰が別莊の鴛一つ,鴛鴦,冬
16628,をし鳥の小嶋に上る氷かな,鴛鴦,冬
16629,釣殿の下へはいりぬ鴛二つ,鴛鴦,冬
16630,人間のやもめを思へ鴛二つ,鴛鴦,冬
16631,夜嵐や鴛鴦の思ひ羽散りもあへず,鴛鴦,冬
16632,鴛鴦の向ひあふたり竝んだり,鴛鴦,冬
16633,いつからのやもめぐらしぞをし一つ,鴛鴦,冬
16634,飼ひなれしをしや汽車にも驚かず,鴛鴦,冬
16635,靜かさやをしの來て居る山の池,鴛鴦,冬
16636,鴛鴦の二つ竝んで浮寐かな,鴛鴦,冬
16637,をしの中を邪魔する鳥もなかりけり,鴛鴦,冬
16638,この家を鴨ものそくや仙波沼,鴨,冬
16639,鴨啼や火鉢の炭の消え易き,鴨,冬
16640,鴨ねるや舟に折れこむ枯尾花,鴨,冬
16641,鴨啼て小鍋を洗ふ入江哉,鴨,冬
16642,鴨啼て比枝山颪來る夜哉,鴨,冬
16643,鴨のなく雜木の中の小池哉,鴨,冬
16644,竹藪の裏は鴨鳴く入江哉,鴨,冬
16645,つるされて尾のなき鴨の尻淋し,鴨,冬
16646,ともし火の堅田は寒し鴨の聲,鴨,冬
16647,一つ家に鴨の毛むしる夕哉,鴨,冬
16648,湖を歩行で渡らん鴨の橋,鴨,冬
16649,灯ちらちら鴨鳴く家のうしろかな,鴨,冬
16650,夜更けたり何にさわだつ鴨の聲,鴨,冬
16651,内濠に小鴨のたまる日向哉,鴨,冬
16652,鴨啼くや上野は闇に横はる,鴨,冬
16653,鴨は見るばかり味噌汁酒の燗,鴨,冬
16654,搦手や晝凄うして濠の鴨,鴨,冬
16655,古池や凍りもつかで鴨の足,鴨,冬
16656,鴨一羽飛んで野川の暮にけり,鴨,冬
16657,鴨啼いてともし火消すや長だ亭,鴨,冬
16658,鴨の鳴く梁山泊の裏手かな,鴨,冬
16659,家二軒杉二本冬の鴉飛ぶ,寒鴉,冬
16660,貧をかこつ隣同士の寒鴉,寒鴉,冬
16661,さゝ啼やうすぬくもりの湯の煙,笹鳴,冬
16662,さゝ啼や小藪の隅にさす日影,笹鳴,冬
16663,さゝ啼や百草の奥の松蓮寺,笹鳴,冬
16664,さゝ鳴や張笠乾く竹の垣,笹鳴,冬
16665,さゝ鳴くや鳴かずや竹の根岸人,笹鳴,冬
16666,琴箱のうらは藪也さゝ鳴す,笹鳴,冬
16667,水鳥の負ふておりけり夕煙,水鳥,冬
16668,水鳥ののせておりけり夕煙,水鳥,冬
16669,水鳥や蘆うら枯れて夕日影,水鳥,冬
16670,水鳥の四五羽は出たり枯尾花,水鳥,冬
16671,水鳥のすこしひろがる日なみ哉,水鳥,冬
16672,水鳥の中にうきけり天女堂,水鳥,冬
16673,水鳥や中に一すぢ船の道,水鳥,冬
16674,水鳥や菜屑につれて二間程,水鳥,冬
16675,枯菰や水鳥浮て沼廣し,水鳥,冬
16676,旅にして水鳥多き池を見つ,水鳥,冬
16677,待合や水鳥鳴てぬるき燗,水鳥,冬
16678,水鳥に松明照す夜の人,水鳥,冬
16679,水鳥の晝眠る池の静さよ,水鳥,冬
16680,水鳥や榮華の夢の五十年,水鳥,冬
16681,水鳥や焚火に逃げて洲の向ふ,水鳥,冬
16682,水鳥や礫とゞかぬ濠の隅,水鳥,冬
16683,水鳥や盗人歸る夜明方,水鳥,冬
16684,水鳥や麓の池に群れて居る,水鳥,冬
16685,矢は水に入る水鳥の別哉,水鳥,冬
16686,木からしにかたよつて飛ぶ千鳥哉,千鳥,冬
16687,木からしに片よる沖の千鳥哉,千鳥,冬
16688,さよ千鳥雪に燈ともすかゝり船,千鳥,冬
16689,千鳥なく灘は百里の吹雪哉,千鳥,冬
16690,突き細し波に碎けるむら千鳥,千鳥,冬
16691,三日月もゆるあら波や浦千鳥,千鳥,冬
16692,安房へ行き相模へ歸り小夜千鳥,千鳥,冬
16693,いさり火の消えて音ありむら千鳥,千鳥,冬
16694,いそがしく鳴門を渡る千鳥哉,千鳥,冬
16695,磯濱や犬追ひ立てるむら千鳥,千鳥,冬
16696,一村は皆船頭や磯千鳥,千鳥,冬
16697,海原に星のふる夜やむら千鳥,千鳥,冬
16698,さわさわと入江をのぼる千鳥哉,千鳥,冬
16699,三羽立てあと靜なる千鳥哉,千鳥,冬
16700,千鳥啼く揚荷のあとの月夜哉,千鳥,冬
16701,千鳥なく三保の松原風白し,千鳥,冬
16702,吹き流すしようるの風や川千鳥,千鳥,冬
16703,富士へはつと散りかゝりけり磯千鳥,千鳥,冬
16704,ほす船の底にのほるや磯千鳥,千鳥,冬
16705,帆柱や二つにわれてむら千鳥,千鳥,冬
16706,文覺をとりまいて鳴く千鳥哉,千鳥,冬
16707,ゆきつきつ千鳥の聲や磯の松,千鳥,冬
16708,我笠の上で鳴きけり友千鳥,千鳥,冬
16709,蜑が家や行燈の裏に鳴く千鳥,千鳥,冬
16710,牛のつらに崩るゝ闇の千鳥哉,千鳥,冬
16711,傾城と千鳥聞く夜の寒さ哉,千鳥,冬
16712,新田や牛に追はれて立つ千鳥,千鳥,冬
16713,關守の厠へ通ふ千鳥哉,千鳥,冬
16714,關守は妻も子もなし小夜千鳥,千鳥,冬
16715,散ると見てあつまる風の千鳥哉,千鳥,冬
16716,船に積む牛のさわぎや小夜千鳥,千鳥,冬
16717,渺々と何もなき江の千鳥哉,千鳥,冬
16718,上げ汐の千住を越ゆる千鳥かな,千鳥,冬
16719,安房へ行き相摸へ戻り小夜千鳥,千鳥,冬
16720,おゝ寒い寒いといへば鳴く千鳥,千鳥,冬
16721,かたまつておろす千鳥や沖の石,千鳥,冬
16722,軍艦の沈みしあとを群千鳥,千鳥,冬
16723,難船のあとを吊ふ千鳥かな,千鳥,冬
16724,浦風にまた舞ひ戻る千鳥哉,千鳥,冬
16725,風に崩れ月に碎けて鳴く千鳥,千鳥,冬
16726,千鳥飛んで雲うつくしき夕哉,千鳥,冬
16727,猪牙借りて妹がり行けば川千鳥,千鳥,冬
16728,灯も見えず闇の漁村のむら千鳥,千鳥,冬
16729,川千鳥家も渡しもなかりけり,千鳥,冬
16730,背戸へ來て崩れてしまふ千鳥哉,千鳥,冬
16731,月暗し敵か千鳥か見分たず,千鳥,冬
16732,雪洞に千鳥聞く須磨の内裏哉,千鳥,冬
16733,滿汐や清盛の塚に千鳥鳴く,千鳥,冬
16734,滿汐や千鳥鳴くなる橋の下,千鳥,冬
16735,路ばたに温飩くふ人や川千鳥,千鳥,冬
16736,艪の音や我背戸來べく千鳥鳴く,千鳥,冬
16737,磯の松に千鳥鳴くべき月夜哉,千鳥,冬
16738,光琳やうつくしき水に白千鳥,千鳥,冬
16739,光琳や水紺青に白千鳥,千鳥,冬
16740,三味線に千鳥鳴く夜や先斗町,千鳥,冬
16741,須磨の宿の屏風に描く千鳥哉,千鳥,冬
16742,須磨の宿の襖に描く千鳥哉,千鳥,冬
16743,須磨の宿の欄間に彫れる千鳥哉,千鳥,冬
16744,關守も居らず千鳥も鳴かずなりぬ,千鳥,冬
16745,千鳥吹く日本海の嵐哉,千鳥,冬
16746,千鳥吹く日本海の廣さ哉,千鳥,冬
16747,二群に分れて返す千鳥哉,千鳥,冬
16748,波荒るゝ入江の月の千鳥哉,千鳥,冬
16749,夜食する船乘どもや浦千鳥,千鳥,冬
16750,鷹狩や陣笠白き人五人,鷹,冬
16751,明の月白ふの鷹のふみ崩す,鷹,冬
16752,しづしづと塒出の鷹や下いさみ,鷹,冬
16753,しつしつと塒出の鷹やそこいさみ,鷹,冬
16754,わろひれす鷹のすわりし嵐哉,鷹,冬
16755,据て行く鷹の目すごし市の中,鷹,冬
16756,鷹それて夕日吹きちる嵐哉,鷹,冬
16757,渡りかけて鷹舞ふ阿波の鳴門哉,鷹,冬
16758,すさましや嵐に向ふ鷹の顏,鷹,冬
16759,はし鷹の拳はなれぬ嵐かな,鷹,冬
16760,ましらふの鷹据ゑて行くあら野哉,鷹,冬
16761,鷹匠の鷹はなしたる荒野哉,鷹,冬
16762,それ鷹の斜めに下りる嵐かな,鷹,冬
16763,それ鷹の斜めに下りる枯野哉,鷹,冬
16764,鷹狩や鶴の毛ちらす麥畑,鷹,冬
16765,鷹狩や鶴の毛を吹く麥畑,鷹,冬
16766,鷹鶴を押へて落ぬ麥畑,鷹,冬
16767,野路の人鷹はなしたるけしき哉,鷹,冬
16768,人一人鷹放したる野道哉,鷹,冬
16769,獻上の鷹据ゑて行く裾野哉,鷹,冬
16770,獻上の鷹通りけり箱根驛,鷹,冬
16771,獻上の鷹に逢ひけり原の驛,鷹,冬
16772,獻上や五十三次鷹の旅,鷹,冬
16773,鷹据て人憩ひ居る野茶屋哉,鷹,冬
16774,鷹据うる人に逢ひけり原の中,鷹,冬
16775,鷹狩や豫陽の太守武を好む,鷹,冬
16776,鷹の尾に隼の尾を繼ぎにけり,鷹,冬
16777,隼に日本海の朝日かな,隼,春
16778,聲かきりなきてはいかに都鳥,都鳥,春
16779,聲かきりなくねきゝたし都鳥,都鳥,春
16780,世の塵をうけすさすかは都鳥,都鳥,春
16781,世の塵をうけぬやさすか都鳥,都鳥,春
16782,我庵に飛てはいれよみやこ鳥,都鳥,春
16783,雪の日はふところかさん都鳥,都鳥,春
16784,雪の日の隅田は青し都鳥,都鳥,春
16785,Yukinohi no Sumida wa  awashi Miyakodori,都鳥,春
16786,Yukinohi ya Sumida no Nagare Miyakodori,都鳥,春
16787,Yukinohi ya Sumida no Shiraho  Miyakodori,都鳥,春
16788,都鳥囀つて曰く船頭どの,都鳥,春
16789,耳つくや下より上へさす夕日,木菟,冬
16790,耳つくのそれらでもなし信天翁,木菟,冬
16791,世の中は木兎の耳のなくも哉,木菟,冬
16792,親爺の眼木兎の眼の晝ならん,木菟,冬
16793,梟や聞耳立つる三千騎,梟,冬
16794,梟や杉見あぐれば十日月,梟,冬
16795,梟をなぶるや寺の晝狐,梟,冬
16796,馬糞のそばから出たり鷦鷯,鷦鷯,冬
16797,馬糞の中から出たり鷦鷯,鷦鷯,冬
16798,煤拂のそばまで來たり鷦鷯,鷦鷯,冬
16799,寐る牛をあなどつて來たり鷦鷯,鷦鷯,冬
16800,澤庵の石に上るやみそさゝゐ,鷦鷯,冬
16801,菜屑など散らかしておけば鷦鷯,鷦鷯,冬
16802,味噌桶のうしろからどこへ鷦鷯,鷦鷯,冬
16803,聖堂やひつそりとして鷦鷯,鷦鷯,冬
16804,枯菊の色に出にけり鷦鷯,鷦鷯,冬
16805,物あればすなはち隱るみそさゞい,鷦鷯,冬
16806,かいつぶり思はぬ方に浮て出る,鳰,夏
16807,風吹て海靜かなりかいつふり,鳰,夏
16808,さゝ波や氷らぬ鳰の湖青し,鳰,夏
16809,薄氷を碎いて鳰の浮きにけり,鳰,夏
16810,釣舟やしぐれて歸る鳰の湖,鳰,夏
16811,橋ぎはへ流れて來たか鳰,鳰,夏
16812,湖や渺々として鳰一つ,鳰,夏
16813,かいつぶり浮寐のひまもなかりけり,鳰,夏
16814,初雪の梦や見るらん浮寐鳥,浮寝鳥,冬
16815,朝見れば吹きよせられて浮寐鳥,浮寝鳥,冬
16816,御社や庭火に遠き浮寐鳥,浮寝鳥,冬
16817,浮寐鳥平入道の天下かな,浮寝鳥,冬
16818,徳川の夢や見るらん浮寐鳥,浮寝鳥,冬
16819,水遠く渚曲りて浮寐鳥,浮寝鳥,冬
16820,声立てぬ別れやあはれ暖鳥,暖鳥,春
16821,一夜妻ならであはれや暖鳥,暖鳥,春
16822,おろおろと一夜に痩せる暖鳥,暖鳥,春
16823,あちこちに鳴くや夜明の暖鳥,暖鳥,春
16824,うつかりと放すまじきか暖鳥,暖鳥,春
16825,うつかりと放つましきか暖鳥,暖鳥,春
16826,啼き細る聲のあはれや暖鳥,暖鳥,春
16827,思ひわびてはなす夜もあり暖鳥,暖鳥,春
16828,かくまてに見透いて白し河豚の肉,河豚,冬
16829,飼寉のつくづくにらむ干鰒哉,河豚,冬
16830,年九十河豚を知らずと申けり,河豚,冬
16831,ものゝふの河豚にくはるゝ悲しさよ,河豚,冬
16832,風吹てふぐくふ夜のさわがしき,河豚,冬
16833,風吹て河豚を隱す袂かな,河豚,冬
16834,鰒くふと聞けどやさしや人の顏,河豚,冬
16835,鰒くふや獣うそむく裏の山,河豚,冬
16836,鰒提げて歸るや市の小夜嵐,河豚,冬
16837,鰒に似た顏と知らずや坊が妻,河豚,冬
16838,見るよりも獨りゑまるゝ河豚哉,河豚,冬
16839,大ふぐや思ひきつたる人の顔,河豚,冬
16840,釣りあげて河豚投げつける石の上,河豚,冬
16841,來年の事言へば鰒が笑ひけり,河豚,冬
16842,鰒くふて惡女を梦に見る夜哉,河豚,冬
16843,鰒くふて心もとなき寐つき哉,河豚,冬
16844,鰒も啼けこゝはきのふの船軍,河豚,冬
16845,戀故に鰒には捨てぬ命哉,河豚,冬
16846,鰒生きて腹の中にてあれる哉,河豚,冬
16847,河豚くふて死ともないか誠かな,河豚,冬
16848,河豚くふて其夜死んだる夢苦し,河豚,冬
16849,鰒で死んで蓮の臺に生ればや,河豚,冬
16850,占へは噬溘河豚に咎なし,河豚,冬
16851,河豚乾鮭を讒すれば海鼠黙々たり,河豚,冬
16852,河豚讒して鮭死す海鼠黙々たり,河豚,冬
16853,勝公事の海鼠を譏る河豚哉,河豚,冬
16854,河豚の顏の鏡に寫る醜女哉,河豚,冬
16855,河豚の面に亡父の仇を打たんとす,河豚,冬
16856,不折は河豚の如く爲山はいもの如く,河豚,冬
16857,冬の部に河豚の句多き句集哉,河豚,冬
16858,小鍋立借問す河豚か鮟鱇か,河豚,冬
16859,あんかうに一膳めしの行燈哉,鮟鱇,冬
16860,鮟鱇ありと答へて鍋の仕度かな,鮟鱇,冬
16861,鮟鱇鍋女房に酒をすゝめけり,鮟鱇,冬
16862,鮟鱇鍋河豚の苦説もなかりけり,鮟鱇,冬
16863,鮟鱇の口あけて居る霰かな,鮟鱇,冬
16864,賣れ殘る鮟鱇買へと勸めけり,鮟鱇,冬
16865,風邪引の夜著打ちかぶり鮟鱇汁,鮟鱇,冬
16866,君を呼ぶ内證話や鮟鱇汁,鮟鱇,冬
16867,傾城を買ひに往く夜や鮟鱇鍋,鮟鱇,冬
16868,蓋取ツテ消息いかんにあんこ鍋,鮟鱇,冬
16869,老妻の火を吹く顏や鮟鱇鍋,鮟鱇,冬
16870,灯ともして鰤洗ふ人や星月夜,鰤,冬
16871,乾鮭の腹ひやひやと風の立つ,乾鮭,冬
16872,雪のくれ乾鮭さげて戻りけり,乾鮭,冬
16873,乾鮭に鶯を待つ裏家哉,乾鮭,冬
16874,乾鮭のつら竝べたる檐端哉,乾鮭,冬
16875,乾鮭と山鳥とつるす廚哉,乾鮭,冬
16876,里町や乾鮭の上に木葉散る,乾鮭,冬
16877,乾鮭北より柚味噌南より到る,乾鮭,冬
16878,から鮭の切口赤き厨哉,乾鮭,冬
16879,から鮭のさしみや鴨はもらひ物,乾鮭,冬
16880,から鮭の髑髏に風の起るかな,乾鮭,冬
16881,乾鮭は魚の枯木と申すべく,乾鮭,冬
16882,から鮭は成佛したる姿哉,乾鮭,冬
16883,から鮭や市に隱れて貧に處す,乾鮭,冬
16884,熊賣って乾鮭買ふて歸りけり,乾鮭,冬
16885,孟子乾鮭を好み荀子河豚を愛す,乾鮭,冬
16886,老僧は人にあらず乾鮭は魚に非ず,乾鮭,冬
16887,から鮭の阪東武士が最期哉,乾鮭,冬
16888,乾鮭や頭は剃らぬ世捨人,乾鮭,冬
16889,乾鮭をもらひて鱈を贈りけり,乾鮭,冬
16890,乾鮭をもらひ蜜柑を贈りけり,乾鮭,冬
16891,乾鮭に目鼻つけたる御姿,乾鮭,冬
16892,棒鱈を引ずつて行く内儀哉,棒鱈,冬
16893,氷魚もよらず風の田上月の宇治,氷魚,冬
16894,氷魚痩せて月の雫と解けぬべし,氷魚,冬
16895,寒鮒を尋ねて市に鯉を得つ,寒鮒,冬
16896,狼に寒鮒を獻す獺の衆,寒鮒,冬
16897,杜夫魚のまうけ少なきたつき哉,杜父魚,春
16898,霜やけの手から海鼠のすへりけり,海鼠,冬
16899,小石にも魚にもならず海鼠哉,海鼠,冬
16900,逃げる氣もつかでとらるゝ海鼠哉,海鼠,冬
16901,にげる氣もなくて取らるゝ海鼠哉,海鼠,冬
16902,海老は鎧。海鼠の裸を笑つて曰く,海鼠,冬
16903,瓦とも石とも扨は海鼠とも,海鼠,冬
16904,空死と見えであはれな海鼠哉,海鼠,冬
16905,渾沌をかりに名づけて海鼠哉,海鼠,冬
16906,辷らして海鼠押える和尚哉,海鼠,冬
16907,摺鉢を海鼠匍い出す寒さかな,海鼠,冬
16908,禪寺の木魚にならぶ海鼠哉,海鼠,冬
16909,大名のつくつく見たる海鼠哉,海鼠,冬
16910,海鼠出る頃を隱れてむぐらもち,海鼠,冬
16911,海鼠とも見えで中々あはれ也,海鼠,冬
16912,のら猫の鼻つけて見る海鼠哉,海鼠,冬
16913,平鉢に氷りついたる海鼠哉,海鼠,冬
16914,世の中をかしこくくらす海鼠哉,海鼠,冬
16915,天地を我が産み顔の海鼠かな,海鼠,冬
16916,大海鼠覺束なさの姿かな,海鼠,冬
16917,風もなし海鼠日和の薄曇り,海鼠,冬
16918,貞女石に化す惡女海鼠に化すやらん,海鼠,冬
16919,引汐の錨にかゝる海鼠かな,海鼠,冬
16920,引汐に引き殘されし海鼠哉,海鼠,冬
16921,海鼠喰ひ海鼠のやうな人ならし,海鼠,冬
16922,念佛は海鼠眞言は鰒にこそ,海鼠,冬
16923,晴れもせず雪にもならず海鼠哉,海鼠,冬
16924,無爲にして海鼠一萬八千歳,海鼠,冬
16925,一休の糞になつたる海鼠哉,海鼠,冬
16926,庫裡腥くある夜海鼠の怪を見る,海鼠,冬
16927,切に誡む海鼠に酒をのむ勿れ,海鼠,冬
16928,海鼠黙し河豚嘲る浮世かな,海鼠,冬
16929,海鼠黙し河豚ふくるゝ浮世かな,海鼠,冬
16930,初五文字のすわらでやみぬ海鼠の句,海鼠,冬
16931,海鼠眼なしふくとの面を憎みけり,海鼠,冬
16932,菩提もと樹にあらず海鼠魚にあらず,海鼠,冬
16933,剛の坐は鰤臆の坐は海鼠哉,海鼠,冬
16934,凩にしつかりふさぐ蠣の蓋,牡蠣,冬
16935,肉さしに見事つきさす蠣の腹,牡蠣,冬
16936,妹がりや荒れし垣根の蠣の殻,牡蠣,冬
16937,大船の蠣すり落す干潟かな,牡蠣,冬
16938,引き汐や岩あらはれて蠣の殻,牡蠣,冬
16939,牡蠣汁や居續けしたる二日醉,牡蠣,冬
16940,膝かくす紙衣破れて冬の蠅,冬の蠅,冬
16941,日あたりや障子に羽打つ冬の蠅,冬の蠅,冬
16942,古筆や墨嘗めに來る冬の蠅,冬の蠅,冬
16943,うとましやながらへて世に冬の蠅,冬の蠅,冬
16944,うとましや世にながらへて冬の蠅,冬の蠅,冬
16945,冬の蠅火鉢の縁をはひありく,冬の蠅,冬
16946,我病みて冬の蠅にも劣りけり,冬の蠅,冬
16947,日のあたる硯の箱や冬の蠅,冬の蠅,冬
16948,人をさす劍はさびて冬の蜂,冬の蜂,冬
16949,汽車道の一すぢ長し冬木立,冬木立,冬
16950,鐵道の一筋長し冬木立,冬木立,冬
16951,不二へ行く一筋道や冬木立,冬木立,冬
16952,犬吠て里遠からず冬木立,冬木立,冬
16953,産神や石の鳥居も冬木立,冬木立,冬
16954,沖中や鳥居一つの冬木立,冬木立,冬
16955,其杖も男鹿の角も冬木立,冬木立,冬
16956,野の宮の鳥居も冬の木立哉,冬木立,冬
16957,ひかひかと神の鏡や冬木立,冬木立,冬
16958,村もあり酒屋もありて冬木立,冬木立,冬
16959,山陰や村の境の冬木立,冬木立,冬
16960,入る月や帆柱竝ぶ冬木立,冬木立,冬
16961,大雨のざんざとふるや冬木立,冬木立,冬
16962,大庭や落葉もなしに冬木立,冬木立,冬
16963,小鳥さへ啼かず冬木立靜かなり,冬木立,冬
16964,銃提げし士官に逢ひぬ冬木立,冬木立,冬
16965,其奥に富士見ゆるなり冬木立,冬木立,冬
16966,建石や道折り曲る冬木立,冬木立,冬
16967,誰樣の御下屋敷ぞ冬木立,冬木立,冬
16968,ところどころ烟突高し冬木立,冬木立,冬
16969,鳥歸る冬の林の塔暮れたり,冬木立,冬
16970,菜畑や小村をめぐる冬木立,冬木立,冬
16971,菜を掛けし家こそ見ゆれ冬木立,冬木立,冬
16972,日暮里や只植木屋の冬木立,冬木立,冬
16973,冬木立隱士が家の見ゆる哉,冬木立,冬
16974,冬木立五重の塔の聳えけり,冬木立,冬
16975,冬木立千住の橋の見ゆるなり,冬木立,冬
16976,冬木立道灌山の鳥居かな,冬木立,冬
16977,冬木立道灌山の麓かな,冬木立,冬
16978,棒杭や四ッ街道の冬木立,冬木立,冬
16979,奉納の白き幟や冬木立,冬木立,冬
16980,町中に聖天高し冬木立,冬木立,冬
16981,見れば晝の月かゝりけり冬木立,冬木立,冬
16982,昔寵愛の女住みけり冬木立,冬木立,冬
16983,村もなし只冬木立まばらなり,冬木立,冬
16984,煙突や千住あたりの冬木立,冬木立,冬
16985,片側は杉の木立や冬木立,冬木立,冬
16986,雲かくす山陰も無し冬木立,冬木立,冬
16987,山門を出て八町の冬木立,冬木立,冬
16988,白帆ばかり見ゆや漁村の冬木立,冬木立,冬
16989,絶壁に月かゝりけり冬木立,冬木立,冬
16990,田の畦も畠のへりも冬木立,冬木立,冬
16991,冬木立瀧ごうごうと聞えけり,冬木立,冬
16992,冬木立遙かに富士の見ゆる哉,冬木立,冬
16993,門前のすぐに阪なり冬木立,冬木立,冬
16994,夕榮や鴉しづまる冬木立,冬木立,冬
16995,横須賀や只帆檣の冬木立,冬木立,冬
16996,四辻や東芝山冬木立,冬木立,冬
16997,岡ぞひや杉の木まじり冬木立,冬木立,冬
16998,いくさやんで人無き村や冬木立,冬木立,冬
16999,家二軒畑つくりけり冬木立,冬木立,冬
17000,馬行くや道灌山の冬木立,冬木立,冬
17001,千年の建物黒し冬木立,冬木立,冬
17002,何もなし只冬木立古社,冬木立,冬
17003,人叱る關所の聲や冬木立,冬木立,冬
17004,冬木立骸骨月に吟じ行く,冬木立,冬
17005,冬木立日の入見えて奧深き,冬木立,冬
17006,冬木立不動の火焔燃えにけり,冬木立,冬
17007,冬木立御座を設けて川に臨む,冬木立,冬
17008,冬木立のうしろに赤き入日哉,冬木立,冬
17009,古道の栞も朽ちぬ冬木立,冬木立,冬
17010,湖にそふて驛あり冬木立,冬木立,冬
17011,三芳野に櫻少し冬木立,冬木立,冬
17012,めらめらと燃ゆる伽藍や冬木立,冬木立,冬
17013,めらめらと燒ける伽藍や冬木立,冬木立,冬
17014,一村は竹藪もなし冬木立,冬木立,冬
17015,其中に柵の境や冬木立,冬木立,冬
17016,寺ありて小料理屋もあり冬木立,冬木立,冬
17017,冬木立鳥啼きやんで飛ぶ音す,冬木立,冬
17018,砂村や稲荷を祭る冬木立,冬木立,冬
17019,冬木立煙の立たぬ小村哉,冬木立,冬
17020,橋越えて淋しき道や冬木立,冬木立,冬
17021,拂ひ下げて民に伐らしむ冬木立,冬木立,冬
17022,二三本杉もまじりて冬木立,冬木立,冬
17023,盗人の金や隱せし冬木立,冬木立,冬
17024,冬木立色ある者はなかりけり,冬木立,冬
17025,冬木立からからと礫かすめ去る,冬木立,冬
17026,汽車道に冬木の影の竝びけり,冬木,冬
17027,ことごとく藁を掛けたる冬木哉,冬木,冬
17028,片側は冬木になりぬ町はつれ,冬木,冬
17029,田の畝のあちらこちらに冬木哉,冬木,冬
17030,二三本冬木とりまく泉哉,冬木,冬
17031,はつきりと冬木の末や晝の月,冬木,冬
17032,古道に馬も通らぬ冬木哉,冬木,冬
17033,ぼくぼくと冬の木竝ぶ社哉,冬木,冬
17034,痩村に行列とまる冬木かな,冬木,冬
17035,枯れてから何千年ぞ扶桑木,枯木,冬
17036,一もとの枯木を闇や花ざかり,枯木,冬
17037,木立枯れて夜半の庭火のあらは也,枯木,冬
17038,無花果の鈍な枯れ樣したりけり,枯木,冬
17039,梟の思ひかけずよ枯木立,枯木,冬
17040,水落ちて橋高し枯木二三本,枯木,冬
17041,五六軒雪つむ家や枯木立,枯木,冬
17042,眞間寺や枯木の中の仁王門,枯木,冬
17043,聳えたる枯木の中や星一つ,枯木,冬
17044,筑波嶺やかのもこのものめつた枯,枯木,冬
17045,四五尺の枯木にとまる鴉かな,枯木,冬
17046,制札を掛けたる宮の枯木かな,枯木,冬
17047,何鳥か五六羽來たる枯木かな,枯木,冬
17048,風情無き枯木の庭となりにけり,枯木,冬
17049,祇園清水冬枯もなし東山,冬枯,冬
17050,冬枯の中に家居や村一つ,冬枯,冬
17051,冬枯の今をはれとやふしの山,冬枯,冬
17052,冬かれや田舎娘のうつくしき,冬枯,冬
17053,冬枯に枯葉も見えぬ小笹哉,冬枯,冬
17054,冬枯のうしろに高し不二の山,冬枯,冬
17055,冬枯のうしろに立つや不二の山,冬枯,冬
17056,冬枯の草の家つゝく烏哉,冬枯,冬
17057,冬枯の野に學校のふらふ哉,冬枯,冬
17058,冬枯やいよいよ松の高うなる,冬枯,冬
17059,冬枯や蛸ぶら下る煮賣茶屋,冬枯,冬
17060,辻君の衾枯れたる木陰哉,冬枯,冬
17061,冬枯に犬の追ひ出す烏哉,冬枯,冬
17062,冬枯にうら紫の萬年青哉,冬枯,冬
17063,冬枯のうしろに遠し赤煉瓦,冬枯,冬
17064,冬枯の垣根に咲くや薔薇の花,冬枯,冬
17065,冬枯の木間に青し電氣燈,冬枯,冬
17066,冬枯や柿をくはへてとぶ烏,冬枯,冬
17067,冬枯の一隅青し三河嶋,冬枯,冬
17068,冬枯や酒藏赤き村はづれ,冬枯,冬
17069,冬枯や雜木の奧の松林,冬枯,冬
17070,冬枯や賤が檐端の烏瓜,冬枯,冬
17071,冬枯や巡査に吠える里の犬,冬枯,冬
17072,冬枯や牡丹花が乘る牛の綱,冬枯,冬
17073,冬枯やまだ頼みある青筑波,冬枯,冬
17074,冬枯や都をめぐる隅田川,冬枯,冬
17075,冬枯や目黒の奧の二王門,冬枯,冬
17076,冬枯や王子に多き赤楝瓦,冬枯,冬
17077,冬枯や繪の嶋山の貝屏風,冬枯,冬
17078,冬枯をのがれぬ庵の小庭哉,冬枯,冬
17079,戀にうとき身は冬枯るゝ許りなり,冬枯,冬
17080,道灌の山吹の里も冬枯れぬ,冬枯,冬
17081,冬枯に飯粒ひろふ雀かな,冬枯,冬
17082,冬枯の荒れて菊未だ衰へず,冬枯,冬
17083,冬枯の樫の木りんと聳えけり,冬枯,冬
17084,冬枯のたぐひにもあらず眼の光り,冬枯,冬
17085,冬枯の築山淋し石燈籠,冬枯,冬
17086,冬枯の中に小松の山一つ,冬枯,冬
17087,冬枯の根岸淋しや日の御旗,冬枯,冬
17088,冬枯の野末につゞく白帆かな,冬枯,冬
17089,冬枯の山はうつくしき者許り,冬枯,冬
17090,冬枯や礎見えて犬の糞,冬枯,冬
17091,冬枯や大きな鳥の飛んで行く,冬枯,冬
17092,冬枯や手拭動く堀の内,冬枯,冬
17093,冬枯や隣へつゞく庵の庭,冬枯,冬
17094,冬枯や鳥に石打つ童あり,冬枯,冬
17095,冬枯や何山彼山富士の山,冬枯,冬
17096,冬枯や張物見ゆる裏田圃,冬枯,冬
17097,冬枯や遙かに見ゆる眞間の寺,冬枯,冬
17098,冬枯や王子の道の稻荷鮓,冬枯,冬
17099,唐辛子妹が垣根も冬枯るゝ,冬枯,冬
17100,冬枯るゝ土橋の縁の小草かな,冬枯,冬
17101,冬枯れて森の堺の柵長し,冬枯,冬
17102,冬枯の中に小菊の赤さかな,冬枯,冬
17103,冬枯や石臼殘る井戸の端,冬枯,冬
17104,冬枯や馬の尿する草の中,冬枯,冬
17105,冬枯や馬の尿する原の中,冬枯,冬
17106,冬枯や鏡にうつる雲の影,冬枯,冬
17107,冬枯や烏のとまる刎釣瓶,冬枯,冬
17108,冬枯や木もなき堤馬歸る,冬枯,冬
17109,冬枯や子とものくゞる枳穀垣,冬枯,冬
17110,冬枯や三の臺場の高燈籠,冬枯,冬
17111,冬枯やともし火通ふ桑畑,冬枯,冬
17112,冬枯や奈良の小店の鹿の角,冬枯,冬
17113,冬枯や鳩驚いて屋根の上,冬枯,冬
17114,冬枯や童のくゞる枳穀垣,冬枯,冬
17115,古堀や水草少し冬枯るゝ,冬枯,冬
17116,裾山や根笹まじりに冬枯るゝ,冬枯,冬
17117,はらわたの冬枯れてたゞ發句哉,冬枯,冬
17118,冬枯るゝ筆の穂とこそさては花,冬枯,冬
17119,冬枯れて鳥居一つや土手の上,冬枯,冬
17120,冬枯に二見が浦の朝日かな,冬枯,冬
17121,冬枯の湖水に島もなかりけり,冬枯,冬
17122,冬枯の地藏の辻に追剥す,冬枯,冬
17123,冬枯の中に猗々として竹青し,冬枯,冬
17124,冬枯の八百屋に赤し何の瓜,冬枯,冬
17125,冬枯や曰く庭前の松樹子,冬枯,冬
17126,冬枯や庚申堂の小豆飯,冬枯,冬
17127,冬枯や神住むべくもなき小宮,冬枯,冬
17128,冬枯や車の通る道一つ,冬枯,冬
17129,冬枯や小笹の中の藪柑子,冬枯,冬
17130,冬枯や粲爛として阿房宮,冬枯,冬
17131,冬枯や提灯走る一の谷,冬枯,冬
17132,冬枯や塵のやうなる虫が飛ぶ,冬枯,冬
17133,冬枯や鼠すてたる町はづれ,冬枯,冬
17134,冬枯や百穴見ゆる雜木山,冬枯,冬
17135,冬枯や物ほしさうに鳴く烏,冬枯,冬
17136,冬枯や八百屋の店の赤冬瓜,冬枯,冬
17137,冬枯や草鞋くはへて飛ぶ鴉,冬枯,冬
17138,松生けて冬枯時の酒宴哉,冬枯,冬
17139,冬枯に漏れたまはぬぞ是非もなき,冬枯,冬
17140,冬枯の北を限りて城長し,冬枯,冬
17141,冬枯の樣や芭蕉も義仲も,冬枯,冬
17142,冬枯や郵便箱のなき小村,冬枯,冬
17143,冬枯や郵便箱もなき小村,冬枯,冬
17144,冬枯やともし火通る桑畑,冬枯,冬
17145,冬枯の根岸を訪ふや繪師が家,冬枯,冬
17146,冬枯や熊祭る子の蝦夷錦,冬枯,冬
17147,冬かれの紅緑も京をさらんとす,冬枯,冬
17148,冬枯れやはごにかゝりし鵙の聲,冬枯,冬
17149,冬枯の中に錦を織る處,冬枯,冬
17150,山茶花の椽にこほるゝ日和哉,山茶花,冬
17151,山茶花や石燈籠の鳥の糞,山茶花,冬
17152,山茶花に犬の子眠る日和かな,山茶花,冬
17153,山茶花に鉦鳴らす庵の尼か僧か,山茶花,冬
17154,山茶花に戀ならで病める女あり,山茶花,冬
17155,山茶花に猶なまめくや頽れ門,山茶花,冬
17156,山茶花や墓をとりまくかなめ垣,山茶花,冬
17157,板塀に山茶花見ゆる梢哉,山茶花,冬
17158,板塀や山茶花見ゆる末ばかり,山茶花,冬
17159,山茶花のこゝを書齋と定めたり,山茶花,冬
17160,山茶花の散る裏門や館舩,山茶花,冬
17161,山茶花や窓に影さす飯時分,山茶花,冬
17162,山茶花を雀のこぼす日和哉,山茶花,冬
17163,植木屋の垣の山茶花咲きにけり,山茶花,冬
17164,植木屋の山茶花早く咲にけり,山茶花,冬
17165,山茶花のこぼれかゝるやかなめ垣,山茶花,冬
17166,山茶花や病みて琴ひく思ひ者,山茶花,冬
17167,山茶花に花に鉋屑吹く柱立,山茶花,冬
17168,杉垣に山茶花散るや野の小家,山茶花,冬
17169,山茶花に新聞遲き場末哉,山茶花,冬
17170,山茶花に南受ける書齋哉,山茶花,冬
17171,山茶花の垣に銀杏の落葉哉,山茶花,冬
17172,山茶花や爐を開きたる南受,山茶花,冬
17173,山茶花の垣根に人を尋ねけり,山茶花,冬
17174,山茶花や子供遊ばす芝の上,山茶花,冬
17175,山茶花や鳥居小き胞衣の神,山茶花,冬
17176,山茶花やまでやはらかき墓の土,山茶花,冬
17177,山茶花の垣の内にも山茶花や,山茶花,冬
17178,北窓の破れにすくや寒椿,寒椿,冬
17179,冬椿猪首にさくぞ面白き,寒椿,冬
17180,寒椿落て氷るや手水鉢,寒椿,冬
17181,寒椿力を入れて赤を咲く,寒椿,冬
17182,其まゝに巴の尼や寒椿,寒椿,冬
17183,名もかへで巴の尼や寒椿,寒椿,冬
17184,年中の明家なりけり冬椿,寒椿,冬
17185,花活に一輪赤し冬椿,寒椿,冬
17186,灰すてる小庭の隅や寒椿,寒椿,冬
17187,新らしき家のふゑけり寒椿,寒椿,冬
17188,寒椿今年は咲かぬやうすなり,寒椿,冬
17189,寒椿黒き佛に手向けばや,寒椿,冬
17190,寒梅や小窓とびこす走り炭,寒梅,冬
17191,賈島やせ孟郊寒し梅の花,寒梅,冬
17192,賈島やせ孟郊寒し梅の雪,寒梅,冬
17193,賈島痩せ孟郊寒し雪の梅,寒梅,冬
17194,寒梅のかをりはひくし鰻めし,寒梅,冬
17195,寒梅やある夜の梦に星落ちて,寒梅,冬
17196,寒梅やかすかに星の二つ三つ,寒梅,冬
17197,寒梅や的場あたりは田舍めく,寒梅,冬
17198,天地の氣かすかに通ふて寒の梅,寒梅,冬
17199,天地の氣かすかに通ふ寒の梅,寒梅,冬
17200,天の息かすかに屆く寒の梅,寒梅,冬
17201,二三輪咲く骨折や冬の梅,寒梅,冬
17202,一枝に四輪は多し冬のうめ,寒梅,冬
17203,冬の梅裏手の方を咲きにけり,寒梅,冬
17204,骨折て四五輪さきぬ冬のうめ,寒梅,冬
17205,横笛冴けりな寒梅開く二三輪,寒梅,冬
17206,市中や賣られて通る冬の梅,寒梅,冬
17207,寒梅や焚き物盡きて琴一つ,寒梅,冬
17208,春またず年もをしまず寒の梅,寒梅,冬
17209,日の筋の一つ二つは寒の梅,寒梅,冬
17210,眞丸な氷釣りけり冬の梅,寒梅,冬
17211,寒梅や欄干低く筑波山,寒梅,冬
17212,春は芽ばれ薪にきらん冬の梅,寒梅,冬
17213,苦辛こゝに成功を見る冬の梅,寒梅,冬
17214,千駄木に隱れおほせぬ冬の梅,寒梅,冬
17215,金杉や早梅一枝垣の外,早梅,冬
17216,咲いたとてそれがどうした室の梅,室の梅,冬
17217,ことごとく紅莟む室の梅,室の梅,冬
17218,おちぶれし殿上人や冬牡丹,冬牡丹,冬
17219,雪よりも時雨にもろし冬牡丹,冬牡丹,冬
17220,いぶかしや賤が伏家の冬牡丹,冬牡丹,冬
17221,雪ふるや折角さいた冬牡丹,冬牡丹,冬
17222,馬糞のぬくもりにさく冬牡丹,冬牡丹,冬
17223,誰がすんで京のはづれの冬牡丹,冬牡丹,冬
17224,中々に小さくもあらず冬牡丹,冬牡丹,冬
17225,花いけに一輪赤し冬牡丹,冬牡丹,冬
17226,吹きつけた雪も氷るや冬牡丹,冬牡丹,冬
17227,冬牡丹江口の君の姿かな,冬牡丹,冬
17228,尼寺に冬の牡丹もなかりけり,冬牡丹,冬
17229,冬牡丹尼になりたくは思へども,冬牡丹,冬
17230,朝下る寒暖計や冬牡丹,冬牡丹,冬
17231,寒牡丹枝兀として花一つ,冬牡丹,冬
17232,君がために冬牡丹かく祝哉,冬牡丹,冬
17233,日暮の里の舊家や冬牡丹,冬牡丹,冬
17234,一つ散りて後に花なし冬牡丹,冬牡丹,冬
17235,病牀に寫生の料や冬牡丹,冬牡丹,冬
17236,火を焚かぬ煖爐の側や冬牡丹,冬牡丹,冬
17237,冬牡丹咲かで腐りし蕾かな,冬牡丹,冬
17238,冬牡丹頼み少く咲にけり,冬牡丹,冬
17239,冬牡丹若葉乏しみ寒げ也,冬牡丹,冬
17240,古株の枝槎牙として冬牡丹,冬牡丹,冬
17241,フランスの一輪ざしや冬の薔薇,冬薔薇,冬
17242,築地行けば垣根の薔薇や冬の花,冬薔薇,冬
17243,はきだめの臭き中より枇杷の花,枇杷の花,冬
17244,さはるべき雲さへ持たず枇杷の花,枇杷の花,冬
17245,山門や妙な處に枇杷の花,枇杷の花,冬
17246,枇杷咲くや寺は鐘うつ飯時分,枇杷の花,冬
17247,咲いて散りし北の家陰の枇杷の花,枇杷の花,冬
17248,咲て散りし家のうしろの枇杷の花,枇杷の花,冬
17249,北庭や日影乏しき枇杷の花,枇杷の花,冬
17250,植込のうしろの方や枇杷の花,枇杷の花,冬
17251,職業の分らぬ家や枇杷の花,枇杷の花,冬
17252,八手咲いて茶坐敷としも見ゆるかな,八手の花,冬
17253,手水鉢八手の花に位置をとる,八手の花,冬
17254,公達の御成の小家や歸り花,帰り花,冬
17255,白壁に見失ひけり歸り花,帰り花,冬
17256,蝉のから碎けたあとや歸り花,帰り花,冬
17257,はかなしや不二をかさして歸り花,帰り花,冬
17258,入相の鐘に開くか歸り花,帰り花,冬
17259,歸り花比丘の比丘尼をとふ日哉,帰り花,冬
17260,藏陰に雀鳴くなり歸り花,帰り花,冬
17261,盃にちるや櫻の歸り花,帰り花,冬
17262,川崎や畠は梨の歸り花,帰り花,冬
17263,歸り咲く八重の櫻や法隆寺,帰り花,冬
17264,なかなかに咲くあはれさよ歸り花,帰り花,冬
17265,木老いて歸り花さへ咲かざりき,帰り花,冬
17266,木老いて歸り花だに咲かざりき,帰り花,冬
17267,腐り盡す老木と見れば返り花,帰り花,冬
17268,復の卦や昔の妻の返り花,帰り花,冬
17269,徳川の靈屋の側や歸花,帰り花,冬
17270,筆禿びて返り咲くべき花もなし,帰り花,冬
17271,しほらしやつまれたる茶も花盛,茶の花,秋
17272,茶の花や利休の像を床の上,茶の花,秋
17273,茶の花や霜に明行ふしの山,茶の花,秋
17274,茶の花の茶の葉あるこそ恨みなれ,茶の花,秋
17275,茶の花や霜にさびたる銀閣寺,茶の花,秋
17276,庭下駄に茶の花摘まん霜日和,茶の花,秋
17277,からたちの中に茶の花あはれなり,茶の花,秋
17278,茶の花や庭にもあらず野にもあらず,茶の花,秋
17279,茶の花や坊主頭の五つ六つ,茶の花,秋
17280,茶の花や坊主の頭五つ六つ,茶の花,秋
17281,藪陰に茶の花白し晝の月,茶の花,秋
17282,茶の花に梅の枯木を愛す哉,茶の花,秋
17283,茶の花に鰈乾したり門徒寺,茶の花,秋
17284,茶の花に烟絶えたる香爐哉,茶の花,秋
17285,茶の花の中にまじりて茶實哉,茶の花,秋
17286,茶の花の中行く旅や左富士,茶の花,秋
17287,茶の花の二十日あまりを我病めり,茶の花,秋
17288,茶の花や客をもてなす乾鰈,茶の花,秋
17289,茶の花や詩僧を會す黄檗寺,茶の花,秋
17290,茶の花や詩僧を會す萬福寺,茶の花,秋
17291,茶の花や花を以てすれば梅の兄,茶の花,秋
17292,茶の花や祠小暗き庭の隅,茶の花,秋
17293,茶の花や横に見て行朝の不二,茶の花,秋
17294,茶の花や藁屋の烟朝の月,茶の花,秋
17295,茶の花を花生けに生けて爐をおこす,茶の花,秋
17296,野はづれに茶の花は誰が別莊ぞ,茶の花,秋
17297,藪陰に茶の花咲きぬ寺の道,茶の花,秋
17298,活けて久しき茶の花散りぬ土達磨,茶の花,秋
17299,茶の花やうしろ上りに東山,茶の花,秋
17300,茶の花や庭のうしろの東山,茶の花,秋
17301,菓子赤く茶の花白き忌日哉,茶の花,秋
17302,茶の花や雨にぬれたる庭の石,茶の花,秋
17303,一もとの榎枯れたり六地藏,枯榎,冬
17304,小幟や狸を祭る枯榎,枯榎,冬
17305,名物の饅頭店や枯榎,枯榎,冬
17306,枯柳相如が題字古りにけり,枯柳,冬
17307,井戸のぞく小供も居らず枯柳,枯柳,冬
17308,嶋原の入口淋し枯柳,枯柳,冬
17309,古池や柳枯れて鴨石に在り,枯柳,冬
17310,柳枯れぬ菜畠めぐる藁の垣,枯柳,冬
17311,王城やいくさのあとの枯柳,枯柳,冬
17312,枯柳棧橋朽ちて舟もなし,枯柳,冬
17313,枯柳三味線の音更けにけり,枯柳,冬
17314,辻々のともし火赤し枯柳,枯柳,冬
17315,橋もとや厠のそばの枯柳,枯柳,冬
17316,古橋やいぶしこぶしの枯柳,枯柳,冬
17317,まつち賣るともし火暗し枯柳,枯柳,冬
17318,燐寸賣るともし火細し枯柳,枯柳,冬
17319,枯柳朝妻舟もなかりけり,枯柳,冬
17320,枯柳八卦を画く行燈あり,枯柳,冬
17321,からみつく枯蔦長し牛の角,枯蔦,冬
17322,枯蔦のしがみついたる巖かな,枯蔦,冬
17323,枯蔦や石につまづく宇都の山,枯蔦,冬
17324,蔦枯れて戀のかな橋中絶えぬ,枯蔦,冬
17325,枯蔦や賣家覗く破れ門,枯蔦,冬
17326,藤枯れて晝の日弱る石の牛,枯藤,冬
17327,枯萩や日和定まる伊良古崎,枯萩,冬
17328,萩も菊も芒も枯れて松三本,枯萩,冬
17329,榾の火に石版摺のすゝけかな,榾,冬
17330,榾焚くや伊吹を背負ふ一軒家,榾,冬
17331,榾の火や宿かる家の種が嶋,榾,冬
17332,榾火焚て武庫山颪來る夜哉,榾,冬
17333,榾の火や伊吹を背負ふ一軒家,榾,冬
17334,落武者に驚かされぬ榾の梦,榾,冬
17335,榾たくや檜の嵐杉の風,榾,冬
17336,榾の火や雲にも埋もる木曾の家,榾,冬
17337,君か代は冬の筍親五十,寒竹,冬
17338,母人へ冬の筍もて歸る,寒竹,冬
17339,かいまみる寒竹長屋冬の婆,寒竹,冬
17340,枯荻や日和定まる伊良古崎,枯荻,冬
17341,枯れあしやおとなしからぬ風の聲,枯芦,冬
17342,枯あしの折れこむ舟や石たゝき,枯芦,冬
17343,枯あしや名もなき川の面白き,枯芦,冬
17344,折れ折れて枯あし川をうつめけり,枯芦,冬
17345,枯蘆の中に火を焚く小船哉,枯芦,冬
17346,枯蘆やこえ船歸る夕月夜,枯芦,冬
17347,枯蘆や沼地つゞきの薄氷,枯芦,冬
17348,片岸の蘆ことごとく枯れにけり,枯芦,冬
17349,枯蘆につゞく千住の木立かな,枯芦,冬
17350,枯蘆の折れも盡さす捨小舟,枯芦,冬
17351,枯蘆や同じ處に捨小舟,枯芦,冬
17352,枯蘆に春風吹くや鳰の海,枯芦,冬
17353,枯蘆や鶺鴒ありく水の隈,枯芦,冬
17354,蘆枯れて烏ものくふ中洲哉,枯芦,冬
17355,枯蘆を刈りて洲崎の廓哉,枯芦,冬
17356,芭蕉枯れんとして其音かしましき,枯芭蕉,冬
17357,音のしてある夜倒れぬ枯芭蕉,枯芭蕉,冬
17358,なかなかに画師の庵の枯芭蕉,枯芭蕉,冬
17359,此頃は音なくなりぬ枯芭蕉,枯芭蕉,冬
17360,芭蕉枯れて緑乏しき小庭哉,枯芭蕉,冬
17361,六尺の緑枯れたる芭蕉哉,枯芭蕉,冬
17362,苫の霜夜の間にちりし紅葉哉,散紅葉,冬
17363,石壇や一つ一つに散もみち,散紅葉,冬
17364,裏表きらりきらりとちる紅葉,散紅葉,冬
17365,落ちてきてもみちひつゝく團子哉,散紅葉,冬
17366,神橋は人も通らす散紅葉,散紅葉,冬
17367,衣洗ふ脛にひつゝくもみち哉,散紅葉,冬
17368,雜炊にはつとちりこむもみち哉,散紅葉,冬
17369,すさましや紅葉まきこむ水車,散紅葉,冬
17370,ちりかゝるむしろ屏風のもみち哉,散紅葉,冬
17371,ちる紅葉ちらぬ紅葉はまだ青し,散紅葉,冬
17372,二三枚もみち汲み出す釣瓶哉,散紅葉,冬
17373,はきよせた箒に殘るもみち哉,散紅葉,冬
17374,東野の紅葉ちりこむ藁火哉,散紅葉,冬
17375,紅葉ちる和尚の留守のいろり哉,散紅葉,冬
17376,もみち葉のちる時悲し鹿の聲,散紅葉,冬
17377,藁屋根にくさりついたるもみち哉,散紅葉,冬
17378,遊女つれて京に入る日や紅葉散る,散紅葉,冬
17379,かけ橋や今日の日和を散る紅葉,散紅葉,冬
17380,散る紅葉女戒を犯す法師あり,散紅葉,冬
17381,紅葉散る京は女のよいところ,散紅葉,冬
17382,杉暗く紅葉散るなり御幸橋,散紅葉,冬
17383,蓮枯れて泥に散りこむ紅葉かな,散紅葉,冬
17384,一葉二葉紅葉散り殘る梢かな,散紅葉,冬
17385,目もあやに紅葉ちりかゝる舞の袖,散紅葉,冬
17386,門前の小溝にくさる紅葉哉,散紅葉,冬
17387,山深し樫の葉の落ちる紅葉散る,散紅葉,冬
17388,新聞報ず瀧の川の紅葉散ると,散紅葉,冬
17389,ちる紅葉綿入を来て瀧見哉,散紅葉,冬
17390,紅葉散りて夕日少し苔の道,散紅葉,冬
17391,紅葉散る山の日和や杉の露,散紅葉,冬
17392,紅葉散るや夕日少なき杉の森,散紅葉,冬
17393,神の子のあちこちと追ふや散る紅葉,散紅葉,冬
17394,紅葉散る岡の日和や除幕式,散紅葉,冬
17395,いやさうに首ふる風の落葉哉,落葉,秋
17396,かきよせて落葉にしるや庭のあき,落葉,秋
17397,巡禮一人風の落葉に追はれけり,落葉,秋
17398,辻君や落葉ひつつく石地蔵,落葉,秋
17399,わらんべの酒買ひに行く落葉哉,落葉,秋
17400,かこハれた五尺の庭の落葉哉,落葉,秋
17401,四五枚の木の葉掃き出す廓哉,落葉,秋
17402,茶坐敷の五尺の庭を落葉哉,落葉,秋
17403,茶屋敷の五尺の庭の落葉哉,落葉,秋
17404,散る木の葉風は縦横十文字,落葉,秋
17405,散ればたき散れば焚きして木の葉哉,落葉,秋
17406,とかくして不二かき出すや落は掻,落葉,秋
17407,はき出せぬ五尺の庭の落葉哉,落葉,秋
17408,一籠の紅葉いくらぞ落葉掻,落葉,秋
17409,吹き入れし石燈籠の落葉哉,落葉,秋
17410,椽に干す蒲團の上の落葉哉,落葉,秋
17411,落葉掃く腰掛茶屋の女哉,落葉,秋
17412,落葉はく上野の茶屋の女哉,落葉,秋
17413,大寺の屋根にしづまる落葉哉,落葉,秋
17414,風吹て山又山の落葉哉,落葉,秋
17415,三尺の庭に上野の落葉かな,落葉,秋
17416,鼓うてば木の葉散る也能舞臺,落葉,秋
17417,徳利提げて巫女歸り行く落葉哉,落葉,秋
17418,干網に吹きためられし落葉哉,落葉,秋
17419,湖の上に舞ひ行く落葉哉,落葉,秋
17420,弓杖に人の彳む落葉哉,落葉,秋
17421,夜嵐やどこの落葉を鳰の海,落葉,秋
17422,尼寺の佛壇淺き落葉かな,落葉,秋
17423,裏口や落葉掃き込む大竈,落葉,秋
17424,延寶の立石見ゆる落葉かな,落葉,秋
17425,落葉してむつかしげなる枳殻かな,落葉,秋
17426,落葉焚いて人無き寺の日和かな,落葉,秋
17427,落葉焚く烟の細し卵塔場,落葉,秋
17428,大村の鎮守淋しき落葉かな,落葉,秋
17429,街道の馬糞にまじる落葉かな,落葉,秋
17430,木の葉散る奥は日和の天王寺,落葉,秋
17431,木の葉はらはら幼子に逢ふ小阪かな,落葉,秋
17432,首入れて落葉をかぶる家鴨かな,落葉,秋
17433,蛛の圍に落ちて久しき木の葉かな,落葉,秋
17434,今日もまた一斗許りの落葉かな,落葉,秋
17435,捨てゝ置く箒埋めて落葉かな,落葉,秋
17436,捨舟の落葉掃き出す日和かな,落葉,秋
17437,谷川やいつの落葉の木の葉石,落葉,秋
17438,散るを掃き掃くを燃やして木葉哉,落葉,秋
17439,飛ぶが中に蔦の落葉の大きさよ,落葉,秋
17440,鶏の垣を出て來る落葉かな,落葉,秋
17441,晝中の小村淋しき落葉かな,落葉,秋
17442,吹きたまる落葉や町の行き止まり,落葉,秋
17443,細き道のしきりに曲る落葉かな,落葉,秋
17444,ほそほそと烟立つ茶屋の落葉かな,落葉,秋
17445,御手の上に落葉たまりぬ立佛,落葉,秋
17446,山の井の魚淺く落葉沈みけり,落葉,秋
17447,山行けば御堂御堂の落葉かな,落葉,秋
17448,夕風や木の葉吹き寄する石疊,落葉,秋
17449,庵寂びぬ落葉掃く音風の音,落葉,秋
17450,落付きの知れぬ木の葉や風の空,落葉,秋
17451,落葉して礎もなし關の跡,落葉,秋
17452,落葉して北に傾く銀杏かな,落葉,秋
17453,落葉して鳥啼く里の老木哉,落葉,秋
17454,狼の墓堀り探す落葉哉,落葉,秋
17455,泉水に落葉のたまる小舟哉,落葉,秋
17456,谷底にとゞきかねたる落葉哉,落葉,秋
17457,月の出やはらりはらりと木の葉散る,落葉,秋
17458,二三枚落葉沈みぬ手水鉢,落葉,秋
17459,二三枚木葉しづみぬ手水鉢,落葉,秋
17460,はらはらと身に舞かゝる木葉哉,落葉,秋
17461,吹き下す風の木の葉や壇かつら,落葉,秋
17462,古池に落葉つもりぬ水の上,落葉,秋
17463,古家や狸石打つ落葉の夜,落葉,秋
17464,堀割の道じくじくと落葉哉,落葉,秋
17465,窓の影夕日の落葉頻り也,落葉,秋
17466,舞ひながら渦に吸はるゝ木葉哉,落葉,秋
17467,舞ひながら渦にまかるゝ落葉哉,落葉,秋
17468,猪の夜たゞがさつく落葉哉,落葉,秋
17469,妹が垣根古下駄朽ちて落葉哉,落葉,秋
17470,落葉して塔より低き銀杏哉,落葉,秋
17471,落葉してやどり木青き梢哉,落葉,秋
17472,落葉して老木怒る姿あり,落葉,秋
17473,風の音日の入る森の落葉哉,落葉,秋
17474,木の葉をりをり病の窓をうつて去る,落葉,秋
17475,境内は賑やかなれど落葉哉,落葉,秋
17476,紙燭して落葉の中を通りけり,落葉,秋
17477,地車や石を積み行く落葉道,落葉,秋
17478,庖刀に身搆へしたる落葉哉,落葉,秋
17479,庖刀に身をかまへたる落葉哉,落葉,秋
17480,久しぶりに妹がり行けば落葉哉,落葉,秋
17481,ひらひらと吾に落たる木葉哉,落葉,秋
17482,吹き下す風の落葉や背戸の山,落葉,秋
17483,更くる夜を落葉音せずなりにけり,落葉,秋
17484,道端や落葉ちらばる古著店,落葉,秋
17485,森淋し小娘一人落葉掻く,落葉,秋
17486,温泉の宿の旗はらはらと木葉ちる,落葉,秋
17487,榎とは知れる榎の落葉哉,落葉,秋
17488,枯葉朽葉中に銀杏の落葉哉,落葉,秋
17489,三代の嵐九代の落葉かな,落葉,秋
17490,團栗の共に掃かるゝ落葉哉,落葉,秋
17491,庭の木に尾長鳥來て居る落葉哉,落葉,秋
17492,吹きおろす木葉の中を旅の人,落葉,秋
17493,ほろほろとゐろりの木葉もえてなし,落葉,秋
17494,宮守の賽錢ひろふ落葉かな,落葉,秋
17495,椋の木に尾長鳥來て居る落葉哉,落葉,秋
17496,林間や落葉掻く子に夕日さす,落葉,秋
17497,岡ぞひの家低く子に夕日さす,落葉,秋
17498,岡ぞひの蕎麦まだ刈らぬ落葉哉,落葉,秋
17499,大木の二本竝んで落葉哉,落葉,秋
17500,御手洗の水かれかれに落葉哉,落葉,秋
17501,門を入りて飛石遠き落葉哉,落葉,秋
17502,落葉せし槻の枝の囮かな,落葉,秋
17503,錠かけし門の落葉や旅の留守,落葉,秋
17504,庭の木にはごかけて置く落葉哉,落葉,秋
17505,はご掛けに大工をやとふ落葉哉,落葉,秋
17506,樫の落葉椎の落葉や庭の隅,落葉,秋
17507,落葉掻き小枝ひろふて親子哉,落葉,秋
17508,落葉かき小枝ひろひて親子かな,落葉,秋
17509,枯葉鳴るくぬ木林の月夜哉,枯葉,冬
17510,色かへぬ末をあはれむ枯葉哉,枯葉,冬
17511,石原に根強き冬の野菊哉,寒菊,冬
17512,としとしに根も枯れはてず寒の菊,寒菊,冬
17513,寒菊の日和待ちける莟哉,寒菊,冬
17514,寒菊や昔女は老いにける,寒菊,冬
17515,寒菊に爪剪る椽の日さしかな,寒菊,冬
17516,寒菊や大工は左甚五郎,寒菊,冬
17517,寒菊や村あたゝかき南受,寒菊,冬
17518,寒菊の上にもの置く家陰哉,寒菊,冬
17519,寒菊や修復しかゝる比丘尼寺,寒菊,冬
17520,寒菊や修覆半ばなる比丘尼寺,寒菊,冬
17521,上人のたよりまれ也寒の菊,寒菊,冬
17522,上人のたよりまれなり冬の菊,寒菊,冬
17523,冬菊や厠の道の往返り,寒菊,冬
17524,冬菊や下雪隱へ行く小道,寒菊,冬
17525,冬菊を見るや厠の往返り,寒菊,冬
17526,古沓や人おちぶれて冬の菊,寒菊,冬
17527,葱にそふて寒菊咲ぬ鷦鷯,寒菊,冬
17528,薔薇赤く菊猶存す冬の庵,寒菊,冬
17529,冬に入りて菊存す庵や岡の北,寒菊,冬
17530,冬の庵に菊存す岡の北,寒菊,冬
17531,濕気多き根岸の庭や冬の菊,寒菊,冬
17532,寒菊やいも屋の裏の吹透し,寒菊,冬
17533,明家や廁のかげの石蕗の花,石蕗の花,冬
17534,石蕗さくや厠の陰の石蕗の花,石蕗の花,冬
17535,日あたらぬ厠の陰の石蕗の花,石蕗の花,冬
17536,日あたらぬ厠の陰や石蕗の花,石蕗の花,冬
17537,日のあたる鍋の氷や石蕗の花,石蕗の花,冬
17538,枇杷の花散りて石蕗今を盛なり,石蕗の花,冬
17539,狗の子の小便するや石蕗の花,石蕗の花,冬
17540,金藏の壁に日あたる石蕗の花,石蕗の花,冬
17541,金藏の南おもてや石蕗の花,石蕗の花,冬
17542,庭に干す土人形や石蕗の花,石蕗の花,冬
17543,日の照らぬ枇杷の木陰や石蕗の花,石蕗の花,冬
17544,桐落ちて淋しき庭や石蕗の花,石蕗の花,冬
17545,庭石や草皆枯れて石蕗の花,石蕗の花,冬
17546,石蕗の花盛りに咲きて寺臭き,石蕗の花,冬
17547,山吹の室咲見せよ卜師,室咲,冬
17548,日あたりや馬場のあとなる水仙花,水仙,冬
17549,枯れはてしおどろが下や水仙花,水仙,冬
17550,古書幾巻水仙もなし床の上,水仙,冬
17551,水仙の黄にさく頃や御見拭,水仙,冬
17552,水仙や紙につゝんで馬の鞍,水仙,冬
17553,水仙や根から花さく鉢の中,水仙,冬
17554,水仙や貧乏徳利缺茶碗,水仙,冬
17555,水仙や紫袱紗黒茶碗,水仙,冬
17556,水仙やゆかしがらるゝ白拍子,水仙,冬
17557,水仙や老母庭はく朝まだき,水仙,冬
17558,芋の跡水仙植ゑてまばらなり,水仙,冬
17559,水仙に今樣の男住めりけり,水仙,冬
17560,水仙や朝日のあたる庭の隅,水仙,冬
17561,宗匠が床の水仙咲きにけり,水仙,冬
17562,蛸壺に水仙を活けおほせたり,水仙,冬
17563,薄氷の中に水仙咲きにけり,水仙,冬
17564,百両の石は小さし水仙花,水仙,冬
17565,水仙にさはらぬ雲の高さ哉,水仙,冬
17566,水仙に蒔繪はいやし硯箱,水仙,冬
17567,水仙に黄檗の僧老いにけり,水仙,冬
17568,水仙にわびて味噌燒く火桶哉,水仙,冬
17569,水仙のいつまでかくて莟かな,水仙,冬
17570,水仙は只竹藪に老いぬべし,水仙,冬
17571,古寺や大日如來水仙花,水仙,冬
17572,有明の水仙剪るや庭の霜,水仙,冬
17573,水仙と炭取と竝ぶ夜市哉,水仙,冬
17574,水仙の莟に星の露を孕む,水仙,冬
17575,水仙の露に眼の塵を洗はんか,水仙,冬
17576,水仙の花咲くことを忘れたり,水仙,冬
17577,水仙は畑三反の主かな,水仙,冬
17578,水仙や土塀に見こす雪の山,水仙,冬
17579,水仙や土塀の上に雪の山,水仙,冬
17580,月落ちたり水仙白き庭の隅,水仙,冬
17581,何も彼も水仙の水も新しき,水仙,冬
17582,禿倉暗く水仙咲きぬ藪の中,水仙,冬
17583,禿倉暗く水仙白し庭の隅,水仙,冬
17584,御儉徳を水仙にたとへ申さんか,水仙,冬
17585,水仙に鼬隱るゝ明家かな,水仙,冬
17586,水仙の日向に坐して寫眞哉,水仙,冬
17587,水仙の僅に咲て年くれぬ,水仙,冬
17588,水仙も處を得たり庭の隅,水仙,冬
17589,水仙や晉山の僧黄衣なり,水仙,冬
17590,水仙の莟は雪にうもれけり,水仙,冬
17591,水仙やものもあげさる藪の神,水仙,冬
17592,唐筆の安きを賣るや水仙花,水仙,冬
17593,筆洗の水こほしけり水仙花,水仙,冬
17594,枯菊を折りて捨てけり水仙花,水仙,冬
17595,水仙に取りあはすべきものもなし,水仙,冬
17596,水仙の花釵や洛の神,水仙,冬
17597,軸の前支那水仙の鉢もなし,水仙,冬
17598,紙燭とつて大根洗ふ小川哉,大根,冬
17599,夕月に大根洗ふ流れかな,大根,冬
17600,兩側に大根洗ふ流れ哉,大根,冬
17601,両岸に大根洗ふ流れ哉,大根,冬
17602,大根の刀蕪の矢の根かな,大根,冬
17603,大根の鶴蕪の龜や酒九獻,大根,冬
17604,首途の太刀にはかばや干大根,干大根,冬
17605,一つ家やどちらを見ても干大根,干大根,冬
17606,切干の大根の中の唐辛子,干大根,冬
17607,年々や婆々が手痩せて干大根,干大根,冬
17608,石筆のころがる椽や干大根,干大根,冬
17609,背戸へ出て蕪洗ふ人や川向ひ,蕪,冬
17610,緋の蕪の三河嶋菜に誇つて日く,蕪,冬
17611,蕪肥えたり蕪村生れし村の土,蕪,冬
17612,画室成る蕪を贈って祝ひけり,蕪,冬
17613,雀迯げぬ吹矢はそれて干蕪,干蕪,冬
17614,牛鍋につゝき崩せし根深哉,葱,冬
17615,白葱の一皿寒し牛の肉,葱,冬
17616,葱洗ふ浪人の娘痩せにけり,葱,冬
17617,霜月のうら枯れんとす葱畠,葱,冬
17618,山里や木立を負ふて葱畠,葱,冬
17619,指五本葱の雫落るべう,葱,冬
17620,滄浪の水清めらば葱を洗ふへし,葱,冬
17621,葱賣の兩國わたる夕かな,葱,冬
17622,古里に根深畠は荒れにけり,葱,冬
17623,ある夜葱筑波颪に折れ盡せり,葱,冬
17624,市に住んで葱買ひに行く隣哉,葱,冬
17625,江戸の市に白根の長き根深哉,葱,冬
17626,背戸廣し根深の果の遠筑波,葱,冬
17627,二三本葱買ふて行く人貧し,葱,冬
17628,野と隔つ垣破れたり葱畑,葱,冬
17629,普化宗の寺の跡なり葱畑,葱,冬
17630,豚盡きて葱を貪る主かな,葱,冬
17631,王孫を市にあはれむ葱哉,葱,冬
17632,木を伐て根深畠に倒しけり,葱,冬
17633,葱洗ふや野川の町に入る處,葱,冬
17634,葱汁や京の寄宿の老書生,葱,冬
17635,葱汁や京の下宿の老書生,葱,冬
17636,棒入れて冬菜を洗ふ男かな,冬菜,冬
17637,桶踏んで冬菜を洗ふ女かな,冬菜,冬
17638,竹立てゝ冬菜をかこふ畠かな,冬菜,冬
17639,水引くや冬菜を洗ふ一卜搆,冬菜,冬
17640,村近く冬菜植ゑたる畠哉,冬菜,冬
17641,道ばたの冬菜の屑に霜白し,冬菜,冬
17642,旅籠屋や山見る窓の釣干菜,干菜,冬
17643,したゝかに干菜つりたり一軒家,干菜,冬
17644,霜かれに立すくみたる蘇鐵かな,霜枯,冬
17645,霜枯の佐倉見上ぐる野道かな,霜枯,冬
17646,霜枯や誰がおくつきの姫小松,霜枯,冬
17647,霜枯や階子懸けたる明屋敷,霜枯,冬
17648,霜枯や僅かに高き誰の塚,霜枯,冬
17649,明寺の霜枯に無く鼬哉,霜枯,冬
17650,草枯れて鼬のにげる寒さかな,草枯,冬
17651,いさゝかの草枯れ盡す土橋かな,草枯,冬
17652,草枯れて池の家鴨の寒げ也,草枯,冬
17653,草枯れて礎殘るあら野哉,草枯,冬
17654,草枯や寺の名殘の井戸一つ,草枯,冬
17655,なかなかに枯れも盡さず畦の草,草枯,冬
17656,草枯れて南大門いまだ建たず,草枯,冬
17657,草枯や雲にもうとき三笠山,草枯,冬
17658,草枯や鷹に隱れて飛ぶ雀,草枯,冬
17659,草枯や堀割崩える二三間,草枯,冬
17660,草山の奇麗に枯れてしまひけり,草枯,冬
17661,草枯や土鍋を洗ふ化粧井,草枯,冬
17662,草枯や一もと殘る何の花,草枯,冬
17663,草枯れて武藏野低きながめ哉,草枯,冬
17664,草枯や埋井の底に夕日さす,草枯,冬
17665,草枯や囚徒飯くふ道普請,草枯,冬
17666,草枯るゝ賤が垣根や枸杞赤し,草枯,冬
17667,草枯るゝ賤の垣根や枸杞赤し,草枯,冬
17668,草枯るゝ庭の日向や洗濯す,草枯,冬
17669,草枯や狼の糞熊の糞,草枯,冬
17670,水草の枯れみ枯れずみ水の中,枯草,冬
17671,野菊殘り露草枯れぬ石の橋,枯草,冬
17672,枯るゝ草枯れぬ小草の日陰哉,枯草,冬
17673,枯葛の草鞋にかゝる日は暮ぬ,枯草,冬
17674,とげの木に蔓草枯れて茶色の實,枯草,冬
17675,花ながら下葉枯行く小草哉,枯草,冬
17676,水草や水あるかたに枯れ殘る,枯草,冬
17677,物踏で枯草になする雪踏哉,枯草,冬
17678,鶏頭のとうとう枯てしまひけり,枯草,冬
17679,龍膽や芒の中に刈れ殘る,枯草,冬
17680,北庭の枯草もなく凍し哉,枯草,冬
17681,枯鶏頭此頃空氣乾燥す,枯草,冬
17682,此頃の空氣乾くや枯鶏頭,枯草,冬
17683,菊枯て筆塚淋し寺の庭,枯菊,冬
17684,傘さして菊の枯れたる日和かな,枯菊,冬
17685,幽靈に似て枯菊の影法師,枯菊,冬
17686,垣朽ちて小菊枯れたり妹が家,枯菊,冬
17687,枯菊に着綿程の雲もなし,枯菊,冬
17688,菊枯るゝ南の窓ぞあたゝかき,枯菊,冬
17689,白菊の黄菊の何の彼の枯れぬ,枯菊,冬
17690,植木屋に賣殘りの菊皆枯るゝ,枯菊,冬
17691,大方の菊枯れ盡きて黄菊哉,枯菊,冬
17692,枯菊に笊干す背戸の日南哉,枯菊,冬
17693,枯菊や惠心の作の釋迦如來,枯菊,冬
17694,菊枯れて上野の山は靜かなり,枯菊,冬
17695,菊枯れて胴骨痛む主人哉,枯菊,冬
17696,菊枯れて松の緑の寒げなり,枯菊,冬
17697,背戸の菊枯れて道灌山近し,枯菊,冬
17698,西うくる背戸に夕日の菊枯るゝ,枯菊,冬
17699,鶏や枯菊の花ふりちぎる,枯菊,冬
17700,古庭の菊も芒も枯れにけり,枯菊,冬
17701,百菊の同じ色にぞ枯れにける,枯菊,冬
17702,枯菊に庭一ぱいの日南かな,枯菊,冬
17703,黄菊白菊皆枯草の姿かな,枯菊,冬
17704,きのふけふ枯菊がちになりにけり,枯菊,冬
17705,枯菊に氷捨てたる朝日哉,枯菊,冬
17706,枯菊の記を書きに來よふき膾,枯菊,冬
17707,自來也も蝦蟇も枯れけり團子坂,枯菊,冬
17708,萩伐られ菊枯れ梅の落葉哉,枯菊,冬
17709,萩伐られ菊枯れ鶏頭倒れけり,枯菊,冬
17710,枯菊に飛び來る蟲もなかりけり,枯菊,冬
17711,枯菊の壇とりのけてしまひけり,枯菊,冬
17712,菊枯れて冬薔薇蕾む小庭かな,枯菊,冬
17713,丈高く枯菊立てる時雨かな,枯菊,冬
17714,枯芝に松緑なり丸の内,枯芝,冬
17715,兩側の枯芝高き小道かな,枯芝,冬
17716,枯芝にこぼるゝ冬の薔薇哉,枯芝,冬
17717,招く手はなけれど淋し枯薄,枯薄,冬
17718,馬の尾に折られ折られて枯尾花,枯薄,冬
17719,川よりも山路につよし枯尾花,枯薄,冬
17720,むきくせのついて其まゝ枯尾花,枯薄,冬
17721,行秋の立徃生や枯尾花,枯薄,冬
17722,鷺谷に一本淋し枯尾花,枯薄,冬
17723,ふじのせた添水動かす枯尾花,枯薄,冬
17724,鮒つりやさはれば折れる枯尾花,枯薄,冬
17725,うしろから吹く風多し枯薄,枯薄,冬
17726,狼のふみゆく音や枯尾花,枯薄,冬
17727,枯尾花姥のやうにて恐ろしき,枯薄,冬
17728,戀塚や薄は枯れて牛の糞,枯薄,冬
17729,菅笠をかぶせて見ばや枯尾花,枯薄,冬
17730,芭蕉忌に笠きせて見はや枯尾花,枯薄,冬
17731,世の中を悟つて枯れる薄哉,枯薄,冬
17732,尾花枯て石あらはるゝ箱根山,枯薄,冬
17733,尾花枯て砂利ほる丘に鴉鳴く,枯薄,冬
17734,川狹く板橋高し枯尾花,枯薄,冬
17735,枯尾花燒場へ曲がる小道かな,枯薄,冬
17736,芒枯れて千年の野狐石に化す,枯薄,冬
17737,砂村や茶屋のかたへの枯尾花,枯薄,冬
17738,花薄百萬石を枯れにけり,枯薄,冬
17739,枯薄こゝらよ昔不破の關,枯薄,冬
17740,枯尾花風吹暮て月もなし,枯薄,冬
17741,枯尾花風吹き絶えて月もなし,枯薄,冬
17742,枯尾花こゝらよ昔不破の關,枯薄,冬
17743,枯尾花水なき川の廣さかな,枯薄,冬
17744,古塚に行きあたりけり枯薄,枯薄,冬
17745,尾花枯れて石あらはれぬ墓か否か,枯薄,冬
17746,風も動かず芒を見れば枯れにけり,枯薄,冬
17747,枯芒思ひ死ニの墓と記すべし,枯薄,冬
17748,枯薄胡人五十騎ばかり行く,枯薄,冬
17749,枯芒障子開くれば吾を招く,枯薄,冬
17750,枯薄人呼ぶ茶屋の婆もなし,枯薄,冬
17751,此道や只枯芒馬の糞,枯薄,冬
17752,七湯の烟淋しや枯芒,枯薄,冬
17753,居風呂を焚くや古下駄枯芒,枯薄,冬
17754,誰が夢の骸骨こゝに枯芒,枯薄,冬
17755,とかくして枯れた芒に油斷すな,枯薄,冬
17756,野狐死して尾花枯れたり石一つ,枯薄,冬
17757,枯芒さすが女に髯はなし,枯薄,冬
17758,古道や馬糞日の照る枯芒,枯薄,冬
17759,からけたる繩のゆるみや枯芒,枯薄,冬
17760,鐵砲に兎かけたり枯薄,枯薄,冬
17761,萩刈りし庭のかなたや枯芒,枯薄,冬
17762,枯蓬柩見え來る野道かな,枯蓬,冬
17763,道の邊や枸杞の實赤き枯葎,枯葎,冬
17764,枯れ盡す葎か底の小笹かな,枯葎,冬
17765,枯れ盡す葎の底の小笹かな,枯葎,冬
17766,枯れ盡す葎の底の小松かな,枯葎,冬
17767,葎枯れて雲わき起る石のあたり,枯葎,冬
17768,ものゝ實の蔓もゆかしや枯葎,枯葎,冬
17769,雉を打つ人ひそみけり枯葎,枯葎,冬
17770,生殘る蛙あはれや枯蓮,枯蓮,冬
17771,太液の枯蓮未央の枯柳,枯蓮,冬
17772,蓮かれて小鴨のしぐれ哀なり,枯蓮,冬
17773,蓮枯て辨天堂の破風赤し,枯蓮,冬
17774,蓮枯て夕榮えうつる湖水哉,枯蓮,冬
17775,蓮枯れて氷に眠る小鴨哉,枯蓮,冬
17776,蓮の實の飛ばずに枯れしものもあらん,枯蓮,冬
17777,蓮十里盡く枯れてしまひけり,枯蓮,冬
17778,蓮枯て蓼猶赤き水淺み,枯蓮,冬
17779,枯荵床屋が檐に枯れにけり,枯荵,冬
17780,枯荵床屋の檐に枯にけり,枯荵,冬
17781,大事がる金魚死にたり枯しのぶ,枯荵,冬
17782,蓼枯れて隱れあへず魚迯げて行,枯蓼,冬
17783,此夏を達磨と我の寒さ哉,夏,夏
17784,此夏を我と達磨の寒さ哉,夏,夏
17785,憎らしや夏を肥たる小傾哉,夏,夏
17786,ほの暗きとんねる行けば夏もなし,夏,夏
17787,四方から青みて夏の夜明哉,夏,夏
17788,白河を越ゆるや夏の小商人,夏,夏
17789,ほこり立つ硯の海の夏涸れたり,夏,夏
17790,尼もなし庵住みあれて夏の藤,夏,夏
17791,生き残る骨身に夏の粥寒し,夏,夏
17792,思はずよ君この夏を行かんとは,夏,夏
17793,後園に小き夏の木の実かな,夏,夏
17794,十二層楼五層あたりに夏の不二,夏,夏
17795,世の夏を見おろして居る寒さかな,夏,夏
17796,葉かくれに小さし夏の桜餅,夏,夏
17797,藤の花末三寸を夏に入る,夏,夏
17798,古池や昼静かなる夏の鴛,夏,夏
17799,虫のつく夏萩の芽を剪り捨てぬ,夏,夏
17800,和歌に痩せ俳句に痩せぬ夏男,夏,夏
17801,夜店出テ鄙町夏ヲニギハヒヌ,夏,夏
17802,画かくべき夏のくだ物何々ぞ,夏,夏
17803,夏に入つてげんげんいまだ衰へず,立夏,夏
17804,夏立ちし瓶につゝじの花古き,立夏,夏
17805,一村は木の間にこもる卯月哉,卯月,春
17806,四五日は春にまけたる卯月哉,卯月,春
17807,どんよりと青葉にひかる卯月哉,卯月,春
17808,冨士ひとりいよいよ白き卯月哉,卯月,春
17809,色々の子牛出揃ふ卯月哉,卯月,春
17810,牛の子の眼を開きたる卯月哉,卯月,春
17811,開帳の淋しうなりし卯月哉,卯月,春
17812,雀にも友ある中の卯月哉,卯月,春
17813,桃青の素堂尋ぬる卯月哉,卯月,春
17814,旅人の達者で居たる卯月かな,卯月,春
17815,散るものは散て気楽な卯月哉,卯月,春
17816,鉄橋のさつはりしたる卯月哉,卯月,春
17817,何もかも角にいでたる卯月かな,卯月,春
17818,ぬぎかへて衣に風吹く卯月哉,卯月,春
17819,寝ころんで酔のさめたる卯月哉,卯月,春
17820,子狐の穴に顔出す卯月哉,卯月,春
17821,砲台の工事を急ぐ卯月かな,卯月,春
17822,花散りて人の眠たき卯月かな,卯月,春
17823,片里に豆腐売り出す卯月哉,卯月,春
17824,片里は豆腐売出す卯月哉,卯月,春
17825,燕の雀にまじる卯月かな,卯月,春
17826,はれよはれよ五月もすぎて何の雨,五月,夏
17827,油絵の遠目にくもる五月かな,五月,夏
17828,渾沌の中にものあり五月不二,五月,夏
17829,もちもちといんきのねばる五月哉,五月,夏
17830,うすうすと窓に日のさす五月哉,五月,夏
17831,薄き日を小窓に拝む五月哉,五月,夏
17832,爪びきの此頃はやる五月哉,五月,夏
17833,ほろほろと墨のくづるゝ五月哉,五月,夏
17834,ことごとく石に苔もつ五月哉,五月,夏
17835,旅僧の病むや五月のかゝり船,五月,夏
17836,喰ひ過ぎて鶯死ぬる五月かな,五月,夏
17837,ごうごうと皐月の海の鳴り渡る,皐月,夏
17838,皐月寒し生き残りたるも涙にて,皐月,夏
17839,晴れんとす皐月の端山塔一つ,皐月,夏
17840,吾病んで猶別れうき皐月かな,皐月,夏
17841,うれしけに犬の走るや麦の秋,麦秋,夏
17842,燕や白壁見えて麦の秋,麦秋,夏
17843,麦秋や庄屋の嫁の日傘,麦秋,夏
17844,麦の秋あからあからと日はくれぬ,麦秋,夏
17845,一人子の凧揚りけり麦の秋,麦秋,夏
17846,麦秋や中国下る旅役者,麦秋,夏
17847,麦の秋老婆遠方より来る,麦秋,夏
17848,行列の槍五六本麦の秋,麦秋,夏
17849,兀山のてかてかとして麦の秋,麦秋,夏
17850,野の道や童蛇打つ麦の秋,麦秋,夏
17851,城跡や監獄をめぐり麦の秋,麦秋,夏
17852,野の道や神輿に出あふ麦の秋,麦秋,夏
17853,馬の荷に筍長し麦の秋,麦秋,夏
17854,麦秋や樗咲きたる門搆,麦秋,夏
17855,麦秋や壮士村に入る仕込杖,麦秋,夏
17856,御車や道々民の麦の秋,麦秋,夏
17857,麦秋や百姓の子の村芝居,麦秋,夏
17858,六月やお白粉なする腋の下,六月,夏
17859,六月や太夫となる身罪深し,六月,夏
17860,六月の海見ゆるなり寺の椽,六月,夏
17861,六月の海見ゆるなり寺の庭,六月,夏
17862,六月の雲崩れけり妙義山,六月,夏
17863,六月や印度通ひの飛脚船,六月,夏
17864,六月を奇麗な風の吹くことよ,六月,夏
17865,寝ころんで書読む頃や五六月,六月,夏
17866,六月の蟻おびたゞし石の陰,六月,夏
17867,六月の杉の雫や二荒山,六月,夏
17868,みな月のけしきとも見ぬ白帆哉,水無月,夏
17869,水無月やお白粉なする脇の下,水無月,夏
17870,水無月やこゝらあたりは鶯が,水無月,夏
17871,水無月や根岸涼しき篠の雪,水無月,夏
17872,山吹の水無月とこそ見えにけれ,水無月,夏
17873,水無月の傾城並ぶ格子かな,水無月,夏
17874,水無月の凩聞くや石の室,水無月,夏
17875,水無月の須磨の緑を御らんぜよ,水無月,夏
17876,水無月の蟻おびたゞし石の陰,水無月,夏
17877,水無月やうしろはほこり前は池,水無月,夏
17878,水無月や萩も芒も風の草,水無月,夏
17879,水無月の涙も氷る思ひ哉,水無月,夏
17880,水無月の山吹の花にたとふべし,水無月,夏
17881,水無月の余花を尋ねて桜餅,水無月,夏
17882,水無月の杉の雫や二荒山,水無月,夏
17883,木曽川に信濃の入梅の濁り哉,入梅,夏
17884,犬の子の椽に来て寝る入梅哉,入梅,夏
17885,鵜つかひの網をつくろふ入梅哉,入梅,夏
17886,入梅の中人静かなり法花堂,入梅,夏
17887,入梅や手拭かぶる新内儀,入梅,夏
17888,梅の実を売り払ひたる入梅哉,入梅,夏
17889,刈り残す二畝の麦や梅雨に入る,入梅,夏
17890,梅雨に入る椎の木陰の葵哉,入梅,夏
17891,長靴のたけに余るや梅雨の泥,梅雨,夏
17892,玉川に布見ぬ梅雨の日数哉,梅雨,夏
17893,梅雨淋し障子の外を烏とぶ,梅雨,夏
17894,一梅雨を羽黒にこもるひじり哉,梅雨,夏
17895,都にも梅雨ありされど酒もあり,梅雨,夏
17896,夕飯のきまらぬ梅雨の日頃かな,梅雨,夏
17897,夏至過ぎて吾に寝ぬ夜の長くなる,夏至,夏
17898,のびきつて夏至に逢ふたる葵かな,夏至,夏
17899,木をつみて夜の明やすき小窓かな,明け易し,夏
17900,だまされて夜は明やすし絹蒲団,明け易し,夏
17901,松明に夜は明けやすし箱根山,明け易し,夏
17902,湯釜ぬく汽船の音の明け易し,明け易し,夏
17903,明け易き頃や鴉の三声程,明け易し,夏
17904,明け易き頃を鼾のいそかしき,明け易し,夏
17905,明け易き夜頃をいくさ物語,明け易し,夏
17906,明け易き夜をおもしろの白拍子,明け易し,夏
17907,明やすき夜を初恋そもとかしき,明け易し,夏
17908,明け易き夜を初恋のもどかしき,明け易し,夏
17909,板橋や馬蹄とゞろと明け易き,明け易し,夏
17910,横様に紀の国長し明け易し,明け易し,夏
17911,明け易き夜頃を桃のまだ苦し,明け易し,夏
17912,行燈消えて夜は明け易し人の家,明け易し,夏
17913,うたゝねや遊女の膝の明け易き,明け易し,夏
17914,江楼や水の光の明け易き,明け易し,夏
17915,書置の心いそぎに明け易き,明け易し,夏
17916,きぬぎぬや明け易き夜を葛の風,明け易し,夏
17917,夕栄の又明け易き茜かな,明け易し,夏
17918,船をあがる横浜に夜の明け易き,明け易し,夏
17919,割床や屏風の裏に明易き,明け易し,夏
17920,明け易き夜頃や富士の鼠色,明け易し,夏
17921,配達の別れ行く辻明易き,明け易し,夏
17922,明け易き夢や十九の従弟同士,明け易し,夏
17923,日の旗に立てかふる夜の明け易き,明け易し,夏
17924,短夜や話しのこりて夜の明る,短夜,夏
17925,短夜や話しの尽きて夜の明る,短夜,夏
17926,短夜は柳に足らぬつゝみ哉,短夜,夏
17927,短夜や行脚の杖にあけかゝる,短夜,夏
17928,短夜や砂土手いそぐ小提灯,短夜,夏
17929,短夜や宿もとらずに又こよい,短夜,夏
17930,猫の尾の短夜明けぬ台所,短夜,夏
17931,短夜のうしろに睨む仁王哉,短夜,夏
17932,短夜の雲もかゝらず信夫山,短夜,夏
17933,短夜の雲をさまらずあたゝらね,短夜,夏
17934,短夜のまことをしるや一夜妻,短夜,夏
17935,短夜は大門に明けてしまひけり,短夜,夏
17936,短夜は碁盤の足に白みけり,短夜,夏
17937,短夜もあくるけしきは東より,短夜,夏
17938,短夜や明け残りたる松縄手,短夜,夏
17939,短夜や逢阪こゆる牛車,短夜,夏
17940,短夜やたてあふ早出起き残り,短夜,夏
17941,短夜や波の鼓の音早し,短夜,夏
17942,短夜や日の岡こゆる牛車,短夜,夏
17943,短夜や夜明にとゞく足の先,短夜,夏
17944,短夜のともし火残る湊かな,短夜,夏
17945,短夜や火をうつ石に火の走り,短夜,夏
17946,短夜をいそぐ野寺の木魚哉,短夜,夏
17947,短夜の明方近し雨の音,短夜,夏
17948,短夜の明けんとしては雨の音,短夜,夏
17949,短夜の足跡許りぞ残りける,短夜,夏
17950,短夜の追剥にあふ縄手かな,短夜,夏
17951,短夜のかあと明けたる烏かな,短夜,夏
17952,短夜のともし火残る御堂哉,短夜,夏
17953,短夜の盗人に逢ふ縄手哉,短夜,夏
17954,短夜のはたと箱根にかゝりけり,短夜,夏
17955,短夜や或は寝たる草の上,短夜,夏
17956,短夜やあやまつて月を取り落す,短夜,夏
17957,短夜や一寸のびる桐の苗,短夜,夏
17958,短夜や大工火ともす船の底,短夜,夏
17959,短夜や松明越ゆる星の中,短夜,夏
17960,短夜やちよろちよろ燃ゆる捨篝,短夜,夏
17961,短夜や月落ちかゝる鹿の角,短夜,夏
17962,短夜や眠たき雲の飛んで行く,短夜,夏
17963,短夜や我物思ふところあり,短夜,夏
17964,短夜を眠がる人の別れかな,短夜,夏
17965,早立の短夜明けぬ鈴が森,短夜,夏
17966,短夜の明けかねて居る靄深み,短夜,夏
17967,短夜の朝日を拝む船路かな,短夜,夏
17968,短夜の幽霊多き墓場かな,短夜,夏
17969,短夜の上に日のさす不二の山,短夜,夏
17970,短夜の鴉鳴いて天の川白し,短夜,夏
17971,短夜の恋にはかなき寝さめ哉,短夜,夏
17972,短夜の背戸より帰りたまひけり,短夜,夏
17973,短夜のつひに明けたり鈴か森,短夜,夏
17974,短夜のにわかに明くるけしき哉,短夜,夏
17975,みしか夜のにわかにあけるけしき哉,短夜,夏
17976,短夜の闇を動かす出水かな,短夜,夏
17977,短夜の往来も絶えぬ都かな,短夜,夏
17978,短夜や幽霊消えて鶏の声,短夜,夏
17979,短夜や一番汽車に乗りおくれ,短夜,夏
17980,短夜やうすものかゝる銀屏風,短夜,夏
17981,短夜や上野の山は明けて居る,短夜,夏
17982,短夜や鴉鳴いて天の川白し,短夜,夏
17983,短夜や鴉の声は明けてから,短夜,夏
17984,短夜や頻りに叩く医者の門,短夜,夏
17985,短夜や四十にして学に志す,短夜,夏
17986,短夜やしやべりの小僧味噌を摺る,短夜,夏
17987,短夜や空のなかばの天の川,短夜,夏
17988,短夜やともし火うつる銀屏風,短夜,夏
17989,短夜や虎叱りたる虎遣ひ,短夜,夏
17990,短夜や何煮えあがる鍋の中,短夜,夏
17991,短夜やにはかに腹の痛み出し,短夜,夏
17992,短夜やほろほろもゆる馬の骨,短夜,夏
17993,短夜や焼場の灰のあたゝまり,短夜,夏
17994,短夜やわりなくなじむ小傾城,短夜,夏
17995,行燈の消えぬ短夜四時を打つ,短夜,夏
17996,短夜の明けぬ大井の橋の上,短夜,夏
17997,短夜の我を見とる人うたゝねす,短夜,夏
17998,短夜やたまたま寝れば夢苦し,短夜,夏
17999,短夜やたまたま寝れば夢わろし,短夜,夏
18000,短夜を洒落多き君初会也,短夜,夏
18001,短夜をやがて追付参らせん,短夜,夏
18002,余命いくばくかある夜短し,短夜,夏
18003,短夜や汽〈車〉走り行く枕元,短夜,夏
18004,短夜を二階に寝たる夫婦哉,短夜,夏
18005,短夜の鶏鳴いて夢悪し,短夜,夏
18006,短夜や胃の腑に飯の残りたる,短夜,夏
18007,短夜の明けて論語を読む子かな,短夜,夏
18008,短夜の祈り験なく明けにけり,短夜,夏
18009,短夜の短さ知るや油さし,短夜,夏
18010,みしか夜や金商人の高いひき,短夜,夏
18011,短夜や蓬が宿の恋車,短夜,夏
18012,短夜を燈明料のかすりかな,短夜,夏
18013,みしか夜やわれをめくりて二三人,短夜,夏
18014,七月や漁村をありく貴女紳士,七月,夏
18015,氷売る声聞きて家のあつさ哉,暑,夏
18016,あつさをは忘るゝ忘れ草すゞし,暑,夏
18017,草刈の木陰にはいるあつさ哉,暑,夏
18018,石の牛の木陰にあへくあつさ哉,暑,夏
18019,石の牛もあへきそふなるあつさ哉,暑,夏
18020,鳶なくや木の葉そよかぬ熱さ哉,暑,夏
18021,山をぬく火の水にかつ熱さ哉,暑,夏
18022,白砂のきらきらとする熱さ哉,暑,夏
18023,晴れもせず曇りもはてぬ熱哉,暑,夏
18024,屋根葺の草履であがる熱哉,暑,夏
18025,あつさをはさきひろけゝりさるすへり,暑,夏
18026,ことごとく団扇破れし熱さ哉,暑,夏
18027,寝かへれば汗のひつゝくあつさ哉,暑,夏
18028,芦刈の小唄も出ぬ暑さ哉,暑,夏
18029,息くさき人の近よるあつさ哉,暑,夏
18030,牛の尾の力も弱るあつさ哉,暑,夏
18031,薄くらき奥に米つくあつさ哉,暑,夏
18032,初産の髪みだしたる暑さ哉,暑,夏
18033,錦繍に身を包みたる熱哉,暑,夏
18034,此頃は昼寝も出来ぬあつさ哉,暑,夏
18035,笹の葉の少しよれたる熱さ哉,暑,夏
18036,囚人の鎖ひきずるあつさ哉,暑,夏
18037,姫杉の真赤に枯れしあつさ哉,暑,夏
18038,熱いかと問へども杣のこたへなし,暑,夏
18039,熱い日は思ひ出だせよふしの山,暑,夏
18040,あつき名や天竺牡丹日でり草,暑,夏
18041,あつき日や運座はじまる四畳半,暑,夏
18042,あつき日や硯の中の砂ほこり,暑,夏
18043,あつき日や肌もぬがれぬ女客,暑,夏
18044,熱き夜の寝られぬよその咄かな,暑,夏
18045,あつき夜や汽車の響きの遠曇り,暑,夏
18046,熱さ哉八百八町家ばかり,暑,夏
18047,あつしともの給はぬなり石地蔵,暑,夏
18048,油画の彩色多きあつさ哉,暑,夏
18049,海士が家に干魚の臭ふあつさ哉,暑,夏
18050,雨雲の峯になり行くあつさ哉,暑,夏
18051,海士は皆海へいでたるあつさ哉,暑,夏
18052,雨晴れて又あらたまる熱さかな,暑,夏
18053,雨折々あつさをなぶる山家哉,暑,夏
18054,あら壁に西日のほてるあつさかな,暑,夏
18055,息きつて発句もできぬあつさ哉,暑,夏
18056,幾曲りまがりてあつし二本松,暑,夏
18057,石原に片足つゝのあつさ哉,暑,夏
18058,犬の子の草に寝ねたる熱さ哉,暑,夏
18059,入相を今か今かとあつさ哉,暑,夏
18060,動かれぬ遊女の罪のあつさ哉,暑,夏
18061,牛喘ぐ大臣の門のあつさ哉,暑,夏
18062,牛部屋に西日さしこむ熱さ哉,暑,夏
18063,薄曇り木陰も同じあつさ哉,暑,夏
18064,上野から見下す町のあつさ哉,暑,夏
18065,馬車店先ふさぐあつさ哉,暑,夏
18066,馬蝿の傘をはなれぬ熱さ哉,暑,夏
18067,おろす子の泣声あつし石の上,暑,夏
18068,高楼に見てさへあつし砂煙,暑,夏
18069,掛茶屋のほこりに座るあつさ哉,暑,夏
18070,牛肉の鍋おろしたる熱さ哉,暑,夏
18071,牛肉の鍋にはりつく熱さ哉,暑,夏
18072,岐阜を出て美濃を真昼の暑哉,暑,夏
18073,着物干す営所の庭の暑さ哉,暑,夏
18074,行列の町に入りこむあつさ哉,暑,夏
18075,清書のちゞみあがりし熱さ哉,暑,夏
18076,金銀の襖にあつき地獄哉,暑,夏
18077,くたびれを養ひかぬる暑さかな,暑,夏
18078,鍬たてゝあたり人なき熱さ哉,暑,夏
18079,雲晴れてあつし雲出て猶熱し,暑,夏
18080,車屋が語るまことのあつさ哉,暑,夏
18081,ぐるりからいとしがらるゝ熱さ哉,暑,夏
18082,観音に人波のうつあつさ哉,暑,夏
18083,傾城にいつわりのなき熱さ哉,暑,夏
18084,傾城に可愛がらるゝ暑さ哉,暑,夏
18085,傾城の寝顔にあつしほつれ髪,暑,夏
18086,傾城は誠にあつき者なりけり,暑,夏
18087,けふをこそ限りなるべきあつさ哉,暑,夏
18088,小格子にほこりのたまる暑哉,暑,夏
18089,小蒸汽の機械をのぞく暑哉,暑,夏
18090,小天狗の前に息つく熱さかな,暑,夏
18091,此のあたり土蔵の多きあつさ哉,暑,夏
18092,これはこれはこれはことしの熱さかな,暑,夏
18093,さはるもの蒲団木枕皆あつし,暑,夏
18094,しかめたるはしたの顔の暑さ哉,暑,夏
18095,上客に内処見らるゝあつさ哉,暑,夏
18096,錫杖のさはれば熱し一休み,暑,夏
18097,しやもの毛のぬけてものうき熱哉,暑,夏
18098,出立の飯いそぎたるあつさ哉,暑,夏
18099,順礼の馬子拝みたるあつさ哉,暑,夏
18100,順礼の松に上りし熱さ哉,暑,夏
18101,新道は人も通らぬあつさ哉,暑,夏
18102,新聞にほつくの熱さを見る日哉,暑,夏
18103,船頭の山に上りしあつさかな,暑,夏
18104,束髪に結ひ直したる暑哉,暑,夏
18105,大仏を見つめかねたる暑哉,暑,夏
18106,大名になじみの多き熱さ哉,暑,夏
18107,たゞあつし起てもゐてもころんでも,暑,夏
18108,旅立の事ばかりいふあつさ哉,暑,夏
18109,旅立をのべて都のあつさ哉,暑,夏
18110,痰吐けば血のまじりたる暑哉,暑,夏
18111,頭陀一つこれさへ暑き浮世哉,暑,夏
18112,手荷物にふんどしさがるあつさ哉,暑,夏
18113,手をつける天水桶のあつさ哉,暑,夏
18114,天竺の手紙届きし熱さ哉,暑,夏
18115,何の木と見わけのつかぬ熱哉,暑,夏
18116,猶熱し骨と皮とになりてさへ,暑,夏
18117,鳴りしきる電話の鈴の暑哉,暑,夏
18118,庭石を草のうめたるあつさ哉,暑,夏
18119,ぬり直す仁王の色のあつさ哉,暑,夏
18120,ぬれ足に河原をありく熱さ哉,暑,夏
18121,のら犬の流しに寝たるあつさ哉,暑,夏
18122,博奕うつ間のほの暗き暑かな,暑,夏
18123,裸身の壁にひつゝくあつさ哉,暑,夏
18124,はたごやに下手の絵を張る暑哉,暑,夏
18125,花嫁は帯のくづるゝあつさ哉,暑,夏
18126,浜庇未まはりし熱さ哉,暑,夏
18127,飛脚一人暑さの中をかけり行,暑,夏
18128,日照草けふをさかりのあつさ哉,暑,夏
18129,一しきり雀のへりし熱さ哉,暑,夏
18130,人にまかす身とは思へど熱さ哉,暑,夏
18131,ひゞわれて苔なき庭の熱さ哉,暑,夏
18132,昼顔の花に皺見るあつさ哉,暑,夏
18133,昼顔はしぼむ間もなきあつさ哉,暑,夏
18134,昼時に酒しひらるゝあつさ哉,暑,夏
18135,吹殻の石にちりつく熱さ哉,暑,夏
18136,吹く風の皆ほこりもつ熱さ哉,暑,夏
18137,腹痛に寝られぬ夜半の熱さ哉,暑,夏
18138,榾になる木にも蝉なくあつさ哉,暑,夏
18139,炎ふくふいごの風のあつさ哉,暑,夏
18140,松陰はどこも銭出すあつさかな,暑,夏
18141,松島の事はかりいふあつさ哉,暑,夏
18142,真白に石灰やきのあつさ哉,暑,夏
18143,松の間を亭主の奪ふ熱哉,暑,夏
18144,松は何と竹は何とわが暑さ哉,暑,夏
18145,真昼時弁当部屋のあつさ哉,暑,夏
18146,前後熱さ涼しさ半分づゝ,暑,夏
18147,店先に車夫汗くさき熱哉,暑,夏
18148,味噌さげて熱き姿や夕まぐれ,暑,夏
18149,みちのくの仙台はあつき処哉,暑,夏
18150,みちのくも町あれは町の暑さ哉,暑,夏
18151,道々に瓜の皮ちるあつさ哉,暑,夏
18152,むし熱し鼠でも出よかりて見ん,暑,夏
18153,紫のさむる茄子のあつさ哉,暑,夏
18154,門番のひとり寝かねるあつさ哉,暑,夏
18155,洋犬の耳を垂れたるあつさ哉,暑,夏
18156,椰子の実の裸で出たる熱哉,暑,夏
18157,やせ馬の尻ならべたるあつさ哉,暑,夏
18158,宿引きに袂のかるゝあつさ哉,暑,夏
18159,屋根葺の日陰へまはるあつさ哉,暑,夏
18160,やるせなき夕立前のあつさ哉,暑,夏
18161,破れ垣の隣見えすく熱哉,暑,夏
18162,破れ尽す鶯籠のあつさ哉,暑,夏
18163,行先の原渺々とあつさ哉,暑,夏
18164,夕まくれ馬叱る町のあつさ哉,暑,夏
18165,我部屋は茶代も出さぬ熱さ哉,暑,夏
18166,我宿は女ばかりのあつさ哉,暑,夏
18167,われ鐘をかゝへて寝たる熱さ哉,暑,夏
18168,憲兵の赤羅紗さめる暑さかな,暑,夏
18169,下町や埃を巻いて馬暑し,暑,夏
18170,すはすはと大地のわれる暑哉,暑,夏
18171,大仏の身動きもせぬ暑かな,暑,夏
18172,大名の窓に首出す暑さかな,暑,夏
18173,立ちつ居つ三百人の暑さかな,暑,夏
18174,立ちよれば焔のあつし閻魔堂,暑,夏
18175,地震て大地のさける暑かな,暑,夏
18176,南瓜の大きくなりし暑かな,暑,夏
18177,縄も居ぬ離れ小島の暑哉,暑,夏
18178,真黒に蟻の集りたる暑さかな,暑,夏
18179,女むれて油の匂ふ暑さかな,暑,夏
18180,暑からん我に不断の松の風,暑,夏
18181,熱くとも雨になゝりそ大井河,暑,夏
18182,雨なくえ閏五月のあつさかな,暑,夏
18183,雨ほろほろあとのあつさよ砂河原,暑,夏
18184,あら熱し波を見んとて立ち出づる,暑,夏
18185,いらいらと暑しや雨のむらかわき,暑,夏
18186,馬の息人の息市の暑さ哉,暑,夏
18187,漆かく裸男のあつさ哉,暑,夏
18188,さまさまに工夫して見る暑哉,暑,夏
18189,須磨寺に取りつく迄の暑哉,暑,夏
18190,なまじひに生き残りたる暑哉,暑,夏
18191,路中に蛇の死たる熱かな,暑,夏
18192,路はたに蛇の死たる熱さ哉,暑,夏
18193,村医者の洋服着たる暑哉,暑,夏
18194,井戸堀の浮世へ出たるあつさ哉,暑,夏
18195,男許り中に女のあつさかな,暑,夏
18196,朝顔の一輪咲きし熱さかな,暑,夏
18197,阿蘭陀の駱駝渡りし熱さかな,暑,夏
18198,今年はと毎年いうてさて熱し,暑,夏
18199,汐引いて泥に日の照る熱さかな,暑,夏
18200,沙熱し獅子ものあさる真昼中,暑,夏
18201,濁世熱し和尚赤裸々所化白裸々,暑,夏
18202,南京の人とのりあふ暑さ哉,暑,夏
18203,平内のぐるりに暑し小平内,暑,夏
18204,暑くるしく乱れ心地や雷を聴く,暑,夏
18205,この熱さある時死ねと思ひけり,暑,夏
18206,砂原や脳巓暑く眼眩む,暑,夏
18207,空熱し鳶は隠れてしまひけり,暑,夏
18208,逃げて行くことも出来ずに熱哉,暑,夏
18209,松よりも暑し芒の乱れ髪,暑,夏
18210,我は下り上りの車熱さうな,暑,夏
18211,遠雷の雨にもならぬ熱さ哉,暑,夏
18212,悪き朱に塗られて暑し仁王門,暑,夏
18213,借家の天井低き暑哉,暑,夏
18214,二階にも住まれぬ町の暑哉,暑,夏
18215,塗りかへて暑き色也仁王門,暑,夏
18216,町暑し蕎麦屋下宿屋君か家,暑,夏
18217,水かけて子をいつくしむ熱さかな,暑,夏
18218,暑き日の夕や花に灌ぎけり,暑,夏
18219,暑き日や池を堀らんと思ひけり,暑,夏
18220,暑き夜を籠の鶉の眠らざる,暑,夏
18221,鄙の家に赤き花さく暑哉,暑,夏
18222,肅山のお相手暑し昼一斗,暑,夏
18223,生きてをらんならんといふもあつい事,暑,夏
18224,夏の日のひえてしたゝる岩間哉,夏の日,夏
18225,夏の日の大仏の背を焼きにけり,夏の日,夏
18226,夏の夜のあけ残りけり吾妻橋,夏の夜,夏
18227,夏の夜ハ杜の梢より明にけり,夏の夜,夏
18228,夏の夜は神の杜より明にけり,夏の夜,夏
18229,夏の夜や日暮れながらに明る不二,夏の夜,夏
18230,恐ろしき夢見て夏の夜は明ぬ,夏の夜,夏
18231,傾城をよぶ声夏の夜は明けぬ,夏の夜,夏
18232,四方から青みし夏の夜明哉,夏の夜,夏
18233,三味線の静かに夏の夜は明けぬ,夏の夜,夏
18234,露ちるや夏の夜明の小松原,夏の夜,夏
18235,人行くや夏の夜明の小松原,夏の夜,夏
18236,横雲に夏の夜あける入江哉,夏の夜,夏
18237,大水に夏の夜を寝ぬ二階かな,夏の夜,夏
18238,夏の夜やちぎれちぎれの天の川,夏の夜,夏
18239,眼鏡かけて書を読む夏の夜忙し,夏の夜,夏
18240,四時に烏五時に雀夏の夜は明けぬ,夏の夜,夏
18241,いろいろの夢見て夏の一夜哉,夏の夜,夏
18242,さまざまの夢見て夏の一夜哉,夏の夜,夏
18243,熊阪は逃げて夏の夜明けにけり,夏の夜,夏
18244,夏の夜の厠に行けは明にけり,夏の夜,夏
18245,野狐に宿借る夏の一夜哉,夏の夜,夏
18246,山を入れ海をひかへて夏景色,夏景色,夏
18247,川水の音のすゝしき闇夜哉,涼し,夏
18248,木のあわひあわひに涼し帆かけ舟,涼し,夏
18249,涼しさのかたまりしこのこほり哉,涼し,夏
18250,涼しさのかたまりはこのこほり哉,涼し,夏
18251,涼しさのこつぷこほるゝ氷かな,涼し,夏
18252,涼しさのこほるゝなつの氷かな,涼し,夏
18253,涼しさや汐満かゝる鳥の足,涼し,夏
18254,涼しさや帆をあけかゝる舟のゆれ,涼し,夏
18255,涼しさや向ふの岸の笑ひ声,涼し,夏
18256,雪見にと聞て涼しき夕かな,涼し,夏
18257,雪見にと読て涼しき夕かな,涼し,夏
18258,涼しさや鍛冶屋の前の柳蔭,涼し,夏
18259,寝かへれば机の下に山涼し,涼し,夏
18260,涼しさの腹に入るまで涼みけり,涼し,夏
18261,涼しさや行燈消えて水の音,涼し,夏
18262,涼しさやぎぼしの花をなぶる風,涼し,夏
18263,涼しさや葉から葉へ散る蓮の露,涼し,夏
18264,汗かゝぬ女の肌の涼しさよ,涼し,夏
18265,涼しさに海へなげこむ扇かな,涼し,夏
18266,涼しさに白帆数そふけしき哉,涼し,夏
18267,涼しさの中に白帆の往来哉,涼し,夏
18268,涼しさの腹にとほりて秋ちかし,涼し,夏
18269,涼しさの目にしみこむや水の月,涼し,夏
18270,涼しさや馬も海向く淡井阪,涼し,夏
18271,涼しさや音に立ちよる水車,涼し,夏
18272,涼しさや風にさぼける縄簾,涼し,夏
18273,涼しさや蛙も蓮にゆられつゝ,涼し,夏
18274,涼しさや木の間木の間に家一つ,涼し,夏
18275,涼しさや客もあるじも真裸,涼し,夏
18276,涼しさや白帆白帆の風の向,涼し,夏
18277,涼しさや酢にもよごれぬ沖膾,涼し,夏
18278,涼しさや月汲みあぐる刎釣瓶,涼し,夏
18279,涼しさや月は浮世のものならず,涼し,夏
18280,すゝしさやつられた亀のそら泳き,涼し,夏
18281,涼しさや笘舟笘を取はづし,涼し,夏
18282,涼しさや友よぶ蜑の磯づたひ,涼し,夏
18283,涼しさや花火ちりこむ水の音,涼し,夏
18284,涼しさや一目一目に灯もふゑて,涼し,夏
18285,涼しさや母呂にかくるゝ後影,涼し,夏
18286,涼しさや真桑投こむ水の音,涼し,夏
18287,涼しさや両手になでる雪の鬚,涼し,夏
18288,涼しさや闇のかたなる滝の音,涼し,夏
18289,涼しさを手と手に放つ別れ哉,涼し,夏
18290,涼しさを荷ふて重し団売,涼し,夏
18291,大仏にはらわたのなき涼しさよ,涼し,夏
18292,たそがれやながめなくして不二涼し,涼し,夏
18293,露涼し氷室の山に夏桜,涼し,夏
18294,どこ見ても涼し神の灯仏の灯,涼し,夏
18295,波風や涼しき程に吹き申せ,涼し,夏
18296,富士の影崩れて涼し冷し汁,涼し,夏
18297,網さげて涼しさうなる雫哉,涼し,夏
18298,蟻一つ居ぬ下界と見えて不二涼し,涼し,夏
18299,岩三方甍を走る雲涼し,涼し,夏
18300,牛のせて涼しや淀の渡し舟,涼し,夏
18301,うつぶけに涼し河原の左大臣,涼し,夏
18302,上下の滝の中道袖すゝし,涼し,夏
18303,風涼し滝のしふきを吹き送る,涼し,夏
18304,風涼し中に鬚なき一人かな,涼し,夏
18305,風涼し髭なきは我一人哉,涼し,夏
18306,風吹てちらちら波の涼しさよ,涼し,夏
18307,鴉むれて夕日すゝしき野川哉,涼し,夏
18308,聞てゐて涼しや闇の雨三更,涼し,夏
18309,経の声かすかに涼し杉木立,涼し,夏
18310,経の声聞えてすゞし杉木立,涼し,夏
18311,経の声はるかにすゞし杉木立,涼し,夏
18312,草負ふて背中にすゞし朝の露,涼し,夏
18313,草枕涼し三千の姫小松,涼し,夏
18314,雲にぬれて関山こせば袖涼し,涼し,夏
18315,くりかへし数へて涼し千松島,涼し,夏
18316,しほ釜は涼しかりしか昔こそ,涼し,夏
18317,島あれば松あり風の音すゝし,涼し,夏
18318,白鷺もこえて上野の杜涼し,涼し,夏
18319,隧道にうしろから吹く風すゝし,涼し,夏
18320,隧道のはるかに人の影すゞし,涼し,夏
18321,隧道のはるかに人の声すゞし,涼し,夏
18322,杉木立土につく手のうらすゝし,涼し,夏
18323,涼しくもがらすにとほる月夜哉,涼し,夏
18324,涼しさにうその名所も見て行きぬ,涼し,夏
18325,涼しさにかたよる桜楓かな,涼し,夏
18326,涼しさに念仏申すや寺詣り,涼し,夏
18327,すゝしさに平内石となりにけり,涼し,夏
18328,涼しさにわれも鞍馬の竹伐らん,涼し,夏
18329,すゝしさの大島よりも小島哉,涼し,夏
18330,すゝしさの数は見えけり千松島,涼し,夏
18331,すゝしさのこゝからも眼にあまりけり,涼し,夏
18332,涼しさのこゝを扇のかなめかな,涼し,夏
18333,すゝしさの只水くさき匂ひかな,涼し,夏
18334,すゝしさの魂きたり千まつしま,涼し,夏
18335,すゞしさの魂出たり千松島,涼し,夏
18336,すゝしさの隣をとへば正一位,涼し,夏
18337,涼しさの中に家あり五大堂,涼し,夏
18338,涼しさの猶ありかたき昔かな,涼し,夏
18339,涼しさのはてより出たり海の月,涼し,夏
18340,すゝしさのはなれぬ名也千松島,涼し,夏
18341,すゝしさの腸にまで通りけり,涼し,夏
18342,すゝしさの一筋長し最上川,涼し,夏
18343,涼しさのほのめく闇や千松島,涼し,夏
18344,すゝしさの真中を下す小舟哉,涼し,夏
18345,涼しさの昔をかたれしのぶずり,涼し,夏
18346,すゝしさの眼にちらつくや千松島,涼し,夏
18347,涼しさは大竹原のそよぎ哉,涼し,夏
18348,涼しさは下に水行く温泉哉,涼し,夏
18349,すゝしさは燕のし行く田面哉,涼し,夏
18350,涼しさは波にゆらるゝ鴎哉,涼し,夏
18351,すゝしさや足ぶらさげる水の中,涼し,夏
18352,涼しさやあつさや町の氷みせ,涼し,夏
18353,すゝしさや海人が言葉も藻汐草,涼し,夏
18354,すゝしさや雨の音聞く小笹原,涼し,夏
18355,すゝしさやあるじまつ間の肘枕,涼し,夏
18356,涼しさや青田の中の一つ松,涼し,夏
18357,涼しさや行燈うつる夜の山,涼し,夏
18358,涼しさや池あり木あり烏啼く,涼し,夏
18359,涼しさや糸はづしたるつくし琴,涼し,夏
18360,涼しさや牛つながれて藪の中,涼し,夏
18361,涼しさや牛のり入れる小谷川,涼し,夏
18362,涼しさや羽前をのぞく山の穴,涼し,夏
18363,涼しさや上野の森も庭の中,涼し,夏
18364,涼しさや上葉下葉の蓮の露,涼し,夏
18365,すゝしさや馬つなぎたる橋柱,涼し,夏
18366,涼しさや海にそふたる一郭,涼し,夏
18367,すゝしさや大島小島右左,涼し,夏
18368,涼しさや思ひ思ひの牛のさま,涼し,夏
18369,涼しさや風海面にひろがりて,涼し,夏
18370,すゝしさや片帆を真帆に取直し,涼し,夏
18371,涼しさや川打ちわたす馬もなし,涼し,夏
18372,すゝしさや神と仏の隣同士,涼し,夏
18373,涼しさやかもめはなれぬ杭の先,涼し,夏
18374,すゝしさや聞けば昔は鬼の家,涼し,夏
18375,すゝしさや君があたりを去りかぬる,涼し,夏
18376,涼しさや君とわれとの胸の中,涼し,夏
18377,すゝしさや雲湧き起る海三寸,涼し,夏
18378,すゞしさや此着物さへぬきすてず,涼し,夏
18379,すゝしさや此山にこの家一つ,涼し,夏
18380,すゝしさや小舟のりこむ芦の中,涼し,夏
18381,涼しさや子をよぶ牛も川の中,涼し,夏
18382,涼しさや鷺も動かぬ杭の先,涼し,夏
18383,涼しさやさらに月なき千松島,涼し,夏
18384,涼しさや雫を落す杉の月,涼し,夏
18385,すゝしさや島あり松あり白帆有り,涼し,夏
18386,涼しさや島かたふきて松一つ,涼し,夏
18387,涼しさや島から島へ橋つたひ,涼し,夏
18388,涼しさや知らぬ顔さへ同じ国,涼し,夏
18389,涼しさや石碑の数も何木立,涼し,夏
18390,すゝしさや関山こえて下り道,涼し,夏
18391,すゝしさや滝ほどばしる家のあひ,涼し,夏
18392,すゝしさや月になり行く雨の音,涼し,夏
18393,すゝしさや月に二人の亭主あり,涼し,夏
18394,涼しさや爪引ならふ舟の中,涼し,夏
18395,涼しさやともしちらつく五大堂,涼し,夏
18396,涼しさや名はなくもがなの千松島,涼し,夏
18397,涼しさやはせをも神にまつられて,涼し,夏
18398,涼しさや裸でこゆる笘根山,涼し,夏
18399,涼しさや羽生えさうな腋の下,涼し,夏
18400,すゝしさや舟うつり行千松島,涼し,夏
18401,涼しさや湊出て行く真帆片帆,涼し,夏
18402,すゝしさやむかしの人の汗のあと,涼し,夏
18403,涼しさや目高追はへる女の子,涼し,夏
18404,涼しさや山の下道川つたひ,涼し,夏
18405,涼しさや闇の夜中の水の音,涼し,夏
18406,涼しさや我船一つ鳰の海,涼し,夏
18407,涼しさやわれは禅師を夢に見ん,涼し,夏
18408,涼しさや画にもかゝるゝ五大堂,涼し,夏
18409,涼しさや雫をこぼす杉の月,涼し,夏
18410,涼しさを大竹原のそよぎ哉,涼し,夏
18411,すゝしさを君一人にもどしおく,涼し,夏
18412,すゝしさを砕けてちるか滝の玉,涼し,夏
18413,すゝしさを四文にまけて渡し守,涼し,夏
18414,涼しさをそよぎ出しけり藪の奥,涼し,夏
18415,涼しさを取にがしたる鯰かな,涼し,夏
18416,涼しさを裸にしたり座禅堂,涼し,夏
18417,涼しさを風鈴一つそよぎけり,涼し,夏
18418,背にうけて朝日すゝしや山の上,涼し,夏
18419,袖涼し島ちらばつて十八里,涼し,夏
18420,立ちよれば木の下涼し道祖神,涼し,夏
18421,ちろちろと焚火涼しや山の家,涼し,夏
18422,ちろちろと焚火すゞしや山の宿,涼し,夏
18423,月涼し蛙の声のわきあがる,涼し,夏
18424,月涼し水干露をこぼすべう,涼し,夏
18425,つり橋に乱れて涼し雨のあし,涼し,夏
18426,寺に寝る身の尊さよ涼しさよ,涼し,夏
18427,とちらから吹いても庵の涼しさよ,涼し,夏
18428,との窓を見てもすゞしや山の影,涼し,夏
18429,鳥啼て木を伐る山の奥涼し,涼し,夏
18430,二階からつかむ木末や風涼し,涼し,夏
18431,盗人もはいる此家のすゞしさよ,涼し,夏
18432,盗人のはひる此家の凉しさよ,涼し,夏
18433,のぞく目に一千年の風涼し,涼し,夏
18434,野も山もぬれて涼しき夜明かな,涼し,夏
18435,墓は皆涼しさうなり杉木立,涼し,夏
18436,袴はく足もと涼し昔ぶり,涼し,夏
18437,腹涼し袋の風を少しつゝ,涼し,夏
18438,灯ちらちら人影すゝし五大堂,涼し,夏
18439,一つ一つ吹く風涼し笛の孔,涼し,夏
18440,広瀬川細り細りて山すゝし,涼し,夏
18441,火をともす一村涼し山の陰,涼し,夏
18442,風鈴に涼しき風の姿かな,涼し,夏
18443,風鈴のほのかにすゝし竹の奥,涼し,夏
18444,笛の音の涼しう更くる野道哉,涼し,夏
18445,舟からは松家からは島すゝし,涼し,夏
18446,舟に乗る一人は涼し鳰の海,涼し,夏
18447,布袋涼し袋の風を少しつゝ,涼し,夏
18448,馬子歌のはるかに涼し木下道,涼し,夏
18449,窓あけて寝さめ凉しや檐の雲,涼し,夏
18450,迷ふても迷ふても野の涼しさよ,涼し,夏
18451,見下せば月にすゝしや四千軒,涼し,夏
18452,御仏に尻むけ居れば月涼し,涼し,夏
18453,闇涼し川の向ふの笑ひ声,涼し,夏
18454,闇涼し灯影ちらつく枕ばし,涼し,夏
18455,夕雲にちらりと涼し一つ星,涼し,夏
18456,夜はふけぬ妻は帰りぬ門涼し,涼し,夏
18457,夜もふけぬ妻も帰りぬ門涼し,涼し,夏
18458,夜も更けぬ妻も寝入りぬ門涼し,涼し,夏
18459,われはたゞ旅すゞしかれと祈る也,涼し,夏
18460,をさ橋に足のうら吹く風涼し,涼し,夏
18461,朝涼し汁粉くふべき人の顔,涼し,夏
18462,石抱て樵夫の眠る涼しさよ,涼し,夏
18463,烏帽子着て汐汲む女裾涼し,涼し,夏
18464,閣涼し金碧はげて笙の声,涼し,夏
18465,観ずれば涼しき夢のうき世哉,涼し,夏
18466,涼し黒し一船は皆丸裸,涼し,夏
18467,涼しさのはてを見て来よ外か浜,涼し,夏
18468,涼しさのはや穂に出でゝ早稲の花,涼し,夏
18469,涼しさは大楠の木のすかたかな,涼し,夏
18470,涼しさや石に注連張る山の奥,涼し,夏
18471,涼しさや上野の見ゆる曲り角,涼し,夏
18472,涼しさや上野の見ゆる町はづれ,涼し,夏
18473,涼しさや梅も桜も法の風,涼し,夏
18474,涼しさや水楼を下る白拍子,涼し,夏
18475,涼しさや人さまさまの不恰好,涼し,夏
18476,涼しさや人去て鷺舟に立つ,涼し,夏
18477,涼しさや船八分に傾きて,涼し,夏
18478,涼しさや都を出づるうしろつき,涼し,夏
18479,涼しさや柳につなぐ裸馬,涼し,夏
18480,涼しさや夕波くゞる大鳥居,涼し,夏
18481,涼しさを追はえつめたり外ケ浜,涼し,夏
18482,須磨の浦や松に涼しき裸蜑,涼し,夏
18483,船に寝れば鷺落ちて来る涼しさよ,涼し,夏
18484,牧方や蛍は過ぎて風涼し,涼し,夏
18485,あら涼し松の下陰草もなし,涼し,夏
18486,幽霊の出るてふあたり昼涼し,涼し,夏
18487,幽霊の出る町あたり昼涼し,涼し,夏
18488,家蔵を売つて涼しき夕哉,涼し,夏
18489,海涼し白鳥向ふより来る,涼し,夏
18490,うれしさに涼しさに須磨の恋しさに,涼し,夏
18491,鐘涼し十囲の木に道尽きて,涼し,夏
18492,蜘の巣の露に涼しき入日哉,涼し,夏
18493,剣ぬけばあたり涼しや頬の風,涼し,夏
18494,涼しさのはてを限るや紀伊の山,涼し,夏
18495,涼しさや淡路をめぐる真帆片帆,涼し,夏
18496,涼しさや石燈籠の穴も海,涼し,夏
18497,涼しさや雲に碁を打つ人二人,涼し,夏
18498,すゞしさや須磨の夕波横うねり,涼し,夏
18499,涼しさや内裏のあとの小笹原,涼し,夏
18500,涼しさや竹垂れかゝる橋の上,涼し,夏
18501,涼しさや波打つ際の藻汐草,涼し,夏
18502,涼しさや二階をめぐる松の風,涼し,夏
18503,涼しさや平家亡びし波の音,涼し,夏
18504,涼しさやほたりほたりと松ふぐり,涼し,夏
18505,すゝしさや松のうしろの帆掛船,涼し,夏
18506,涼しさや松の木末を走る真帆,涼し,夏
18507,涼しさや松の葉ごしの帆掛船,涼し,夏
18508,涼しさや松這ひ上る雨の蟹,涼し,夏
18509,涼しさや葎の中の水車,涼し,夏
18510,涼しさや柳のなかの夕ともし,涼し,夏
18511,涼しさや夕汐満ちて魚躍る,涼し,夏
18512,涼しさや吾ねる上に牛の面,涼し,夏
18513,すゞしさを足に砕けて須磨の波,涼し,夏
18514,須磨涼しどの旅籠屋に宿とらん,涼し,夏
18515,ちらちらと燈火涼し木の深み,涼し,夏
18516,昼中の白雲涼し中禅寺,涼し,夏
18517,松涼し海に向いたる一くるわ,涼し,夏
18518,松に波われ画にすゞし須磨の浦,涼し,夏
18519,宮一つそこらあたりの涼しさよ,涼し,夏
18520,もつれあふて涼し松風浪の音,涼し,夏
18521,夕闇や涼しき花は何の草,涼し,夏
18522,朝涼しはらりはらりと萩動く,涼し,夏
18523,鬼は熱し餓鬼は涼しと悟らずに,涼し,夏
18524,鍛冶が家の隣は涼し馬頭尊,涼し,夏
18525,君一人涼しきさまに塵ほこり,涼し,夏
18526,樹陰涼しこゝに晩餐の卓並ぶ,涼し,夏
18527,樹陰涼し茲に晩飯の卓並ぶ,涼し,夏
18528,下谷区の根岸の奥の風涼し,涼し,夏
18529,信者五六人花輪かけたる棺涼し,涼し,夏
18530,涼しげや病なくて何と病院に,涼し,夏
18531,涼しさうな処をよつて行き給へ,涼し,夏
18532,涼しさうな羅漢熱さうな羅漢哉,涼し,夏
18533,涼しさに身の毛もよだつ柳かな,涼し,夏
18534,涼しさの動く野山の緑かな,涼し,夏
18535,涼しさの須磨は帆ばかり松ばかり,涼し,夏
18536,涼しさの中に火を吹く浅間かな,涼し,夏
18537,涼しさの野を行けば帽飛ばんとす,涼し,夏
18538,涼しさの身の毛もよだつ柳かな,涼し,夏
18539,涼しさは鴎ばかりの流れかな,涼し,夏
18540,涼しさは帆につらさるゝ小舟かな,涼し,夏
18541,涼しさや雨ならんとして風起る,涼し,夏
18542,涼しさ荒壁落つる竹の風,涼し,夏
18543,涼しさや上野の山を吹きまくり,涼し,夏
18544,涼しさや魚くひつかぬ針のさき,涼し,夏
18545,涼しさや駕を出づれば滝の茶屋,涼し,夏
18546,涼しさや風吹く馬の額髪,涼し,夏
18547,涼しさや小家の前の麓川,涼し,夏
18548,涼しさや椎の裏葉を吹き返し,涼し,夏
18549,涼しさや通りぬけたる滝の裏,涼し,夏
18550,涼しさや那須山颪草靡く,涼し,夏
18551,涼しさや森の木の間に帆が見えて,涼し,夏
18552,禅寺に何もなきこそ涼しけれ,涼し,夏
18553,どち風が吹いても庵の涼しよ,涼し,夏
18554,なかなかに思ひたえぬる涼しさよ,涼し,夏
18555,庭先や夕風うけて萩涼し,涼し,夏
18556,早く行け涼しき国と聞くからに,涼し,夏
18557,噴水の水ふりかけて月涼し,涼し,夏
18558,又けふも涼しき道へ誰が柩,涼し,夏
18559,もの涼し春日の巫の眼に惚れた,涼し,夏
18560,風涼しく詩の舟少しおくれたり,涼し,夏
18561,十字架の涼しく放つ光かな,涼し,夏
18562,涼しさや滝を茶に煮る滝の茶屋,涼し,夏
18563,涼しさや芭蕉に起る風の音,涼し,夏
18564,砂浜に雑魚打あけて月涼し,涼し,夏
18565,庭涼し小流れ走る山の寺,涼し,夏
18566,八万の毛穴に滝の風涼し,涼し,夏
18567,金持は涼しき家に住みにけり,涼し,夏
18568,神鳴の雲をふまへて星涼し,涼し,夏
18569,鷺の立つ中洲の草や川涼し,涼し,夏
18570,涼しさや川を隔つる灯は待乳,涼し,夏
18571,涼しさやまはり燈籠に灯をともす,涼し,夏
18572,須磨涼し唐人どもの夕餉時,涼し,夏
18573,第三の石門涼し雲の上,涼し,夏
18574,月に水涼しき夕神あらん,涼し,夏
18575,海に映る一番星や浜涼し,涼し,夏
18576,手をあてゝ手の腹涼し鐘の疣,涼し,夏
18577,古沢や月に涼しき鷺の夢,涼し,夏
18578,修竹千竿灯漏れて碁の音涼し,涼し,夏
18579,すゝしさの皆打扮や袴能,涼し,夏
18580,涼しさや青梅の写生、五六枚,涼し,夏
18581,世の土用知らぬ行脚の木曽路哉,土用,夏
18582,世の土用知らぬ木曽路の行脚哉,土用,夏
18583,柿の実の青くて細き土用哉,土用,夏
18584,木枕にわれ目の見ゆる土用哉,土用,夏
18585,草の葉の黄色勝なる土用哉,土用,夏
18586,松島に風のさかりの土用哉,土用,夏
18587,松島の松見に行かん土用の入,土用,夏
18588,ほろほろと朝雨こぼす土用哉,土用,夏
18589,村医者の洋服着たる土用哉,土用,夏
18590,夜の雨や暁晴れて土用の入,土用,夏
18591,南京の人とのりあふ土用哉,土用,夏
18592,星凍る銀明水や土用の入,土用,夏
18593,土用に入りて雨あり米の上るべく,土用,夏
18594,土用に入て雨あり米価乱高下,土用,夏
18595,涌き立つや土用の空の阿波太郎,土用,夏
18596,蒲焼の土用も過ぎて帰りけり,土用,夏
18597,湯婆踏で淡雪かむや今土用,土用,夏
18598,人屑の身は死もせで夏寒し,夏寒し,夏
18599,夜涼如水三味引キヤメテ下リ舟,夜の秋,秋
18600,秋近き窓のながめや小富士松,秋近し,秋
18601,朝顔の朝々咲て秋近し,秋近し,秋
18602,朝顔の一日一日にあき近し,秋近し,秋
18603,一夜さは物も思ふて秋近し,秋近し,秋
18604,秋近し桔梗を契る別れ哉,秋近し,秋
18605,秋近し七夕恋ふる小傾城,秋近し,秋
18606,鏡見てゐるや遊女の秋近き,秋近し,秋
18607,松が根に小草花さく秋隣,秋近し,秋
18608,山里や秋を隣に麦をこぐ,秋近し,秋
18609,夜咄や浦の笘屋の秋近き,秋近し,秋
18610,秋近く朝顔の花開きけり,秋近し,秋
18611,ゆふべゆふべ何やら啼いて秋近し,秋近し,秋
18612,ゆふべゆふべひぐらし鳴いて秋近し,秋近し,秋
18613,秋近く桔梗は咲てしまひけり,秋近し,秋
18614,秋近し朝顔の花二ツ咲く,秋近し,秋
18615,下尽見ゆる座敷や朝の風薫る,薫風,夏
18616,足もとに絵のしま見えて風薫る,薫風,夏
18617,かきわける白のゝれんや風薫る,薫風,夏
18618,かきわける花暖簾や風薫,薫風,夏
18619,風かをるあとに散りけり青松葉,薫風,夏
18620,鷺一つ立て青田の風薫,薫風,夏
18621,すただしに苔ふむたびや風薫,薫風,夏
18622,夏草や君わけ行けば風薫る,薫風,夏
18623,夏不二の雪見て居れは風薫る,薫風,夏
18624,踏みならす橘橋や風かをる,薫風,夏
18625,松の木に風蘭もありかせ薫,薫風,夏
18626,招く手の裏を汐風かをりけり,薫風,夏
18627,雪の鬚なてる手もとや風薫,薫風,夏
18628,雪の間に小富士の風の薫りけり,薫風,夏
18629,新らしき垣根つゞきや風かをる,薫風,夏
18630,国なまり故郷千里の風かをる,薫風,夏
18631,白百合のかぶりふる時風かをる,薫風,夏
18632,その人の足あとふめば風かをる,薫風,夏
18633,滝壷に這ひ出る松の風かをる,薫風,夏
18634,旅人のいたづらよりぞ風かをる,薫風,夏
18635,水上に滝白う見えて風かをる,薫風,夏
18636,良二千石虎行くあとの風かをる,薫風,夏
18637,石毎に松もつ谷の風薫る,薫風,夏
18638,風熱く大和心の薫りけり,薫風,夏
18639,古杉や三百年の風薫る,薫風,夏
18640,松島や舟は片帆の風かをる,薫風,夏
18641,破風赤く風緑なり寛永寺,薫風,夏
18642,御白粉の風薫るなり柳橋,薫風,夏
18643,薫風や裸の上に松の影,薫風,夏
18644,古杉の風薫りけり奥の院,薫風,夏
18645,母屋の御簾に葵の枯葉風薫る,薫風,夏
18646,絵島見えて夕風薫る衣桁哉,薫風,夏
18647,春日野や薫風含む巫の袖,薫風,夏
18648,石菖や薫風起るへごの鉢,薫風,夏
18649,松風の匂はゞ須磨の朝の内,薫風,夏
18650,薫風や音羽の滝を吹き散らす,薫風,夏
18651,薫風や大文字を吹く神の杜,薫風,夏
18652,薫風や舟を放つてはまち釣,薫風,夏
18653,脇息に薫風細き腕を吹く,薫風,夏
18654,鼓聞え謡聞え松の風薫る,薫風,夏
18655,絵の島や薫風魚の新しき,薫風,夏
18656,薫風に袂ふくらむ馬上哉,薫風,夏
18657,薫風や煙草の煙吹ちらす,薫風,夏
18658,薫風や松島の記をひるかへす,薫風,夏
18659,薫風や松島の記を吹きがへす,薫風,夏
18660,薫風や千山の緑寺一つ,薫風,夏
18661,柴進の表巫敷や風薫る,薫風,夏
18662,薫風吹くレ袖釣竿担く者は我,薫風,夏
18663,江の島や薫風魚の新らしき,薫風,夏
18664,真帆片帆どこまで行くぞ青嵐,青嵐,夏
18665,一村は卯つ木も見えす青嵐,青嵐,夏
18666,城山の浮ひ上るや青あらし,青嵐,夏
18667,城山の浮み上るや青嵐,青嵐,夏
18668,そよそよと山伏ふくや青嵐,青嵐,夏
18669,野あるきや内で思へは青あらし,青嵐,夏
18670,白芥のうしろの原や青嵐,青嵐,夏
18671,一筋に煙草けぶるや青嵐,青嵐,夏
18672,ふしつくは都ふきこす青嵐,青嵐,夏
18673,山へ来て絵島近し青嵐,青嵐,夏
18674,うねうねと山脈低し青嵐,青嵐,夏
18675,汽車見る見る山を上るや青嵐,青嵐,夏
18676,十万家眼下に低し青嵐,青嵐,夏
18677,雀細り細りて見えず青嵐,青嵐,夏
18678,武蔵野の隅に江戸あり青嵐,青嵐,夏
18679,青嵐大船つくる川辺哉,青嵐,夏
18680,島一つ見えず広野の青嵐,青嵐,夏
18681,山もなし只ひろびろと青嵐,青嵐,夏
18682,片谷へ雲吹き落せ青嵐,青嵐,夏
18683,真帆片帆右は播磨の青嵐,青嵐,夏
18684,見下すや城は田中の青嵐,青嵐,夏
18685,岡の上に馬ひかえたり青嵐,青嵐,夏
18686,青嵐煙突の煙北へ吹く,青嵐,夏
18687,住吉は松の中なり青嵐,青嵐,夏
18688,千住出れば奥街道の青嵐,青嵐,夏
18689,其中に楠高し青嵐,青嵐,夏
18690,大仏の頭吹きけり青嵐,青嵐,夏
18691,大仏の頭吹くなり青嵐,青嵐,夏
18692,旅人の青嵐の中を下りけり,青嵐,夏
18693,青嵐上野の杜も庭の内,青嵐,夏
18694,君ゐます空のいらかや青嵐,青嵐,夏
18695,三騎先へ一騎おくるゝ青嵐,青嵐,夏
18696,青嵐去来や来ると門に立つ,青嵐,夏
18697,五月雨の晴間や屋根を直す音,五月雨,夏
18698,五月雨や神経病の直りぎは,五月雨,夏
18699,つくねんと大仏たつや五月雨,五月雨,夏
18700,碁の音に壁の落ちけり五月雨,五月雨,夏
18701,碁丁々荒壁落つる五月雨,五月雨,夏
18702,五月雨や青葉のそこの窓明り,五月雨,夏
18703,五月雨や傾城のぞく物の本,五月雨,夏
18704,日の中に昼も夜もあり五月雨,五月雨,夏
18705,折りもをり岐岨の旅路を五月雨,五月雨,夏
18706,大粒になつてはれけり五月雨,五月雨,夏
18707,梯や水にもおちず五月雨,五月雨,夏
18708,桟や水へも落ちず五月雨,五月雨,夏
18709,かけ橋や水より上を五月雨,五月雨,夏
18710,暮れかけて又日のさすや五月雨,五月雨,夏
18711,五月雨にいよいよ青し木曽の川,五月雨,夏
18712,五月雨に菅の笠ぬぐ別れ哉,五月雨,夏
18713,五月雨に一筋白き幟かな,五月雨,夏
18714,五月雨に御幸を拝む晴間哉,五月雨,夏
18715,五月雨の雲やちぎれてほとゝぎす,五月雨,夏
18716,五月雨は藜の色にしくれけり,五月雨,夏
18717,五月雨は藜の色を時雨けり,五月雨,夏
18718,五月雨は杉にかたよる上野哉,五月雨,夏
18719,五月雨は腹にもあるや腸かたる,五月雨,夏
18720,五月雨やけふも上野を見てくらす,五月雨,夏
18721,五月雨や墨田を落す筏舟,五月雨,夏
18722,五月雨や漁婦ぬれて行くかゝえ帯,五月雨,夏
18723,五月雨や流しに青む苔の花,五月雨,夏
18724,五月雨やながめてくらす舞扇,五月雨,夏
18725,はたごやに蝿うつ客や五月雨,五月雨,夏
18726,筆につく墨のねばりや五月雨,五月雨,夏
18727,蓮生の髯ものびけり五月雨,五月雨,夏
18728,折からの木曽の旅路を五月雨,五月雨,夏
18729,いたつきに名のつきそむる五月雨,五月雨,夏
18730,一村は杉の木の間に五月雨,五月雨,夏
18731,面白や牛のうたひも五月雨,五月雨,夏
18732,限りなき海のけしきや五月雨,五月雨,夏
18733,かしこさに禰宜も痩せけり五月雨,五月雨,夏
18734,風吹て晴れんとす也五月雨,五月雨,夏
18735,壁をもる牛の匂ひや五月雨,五月雨,夏
18736,木曽三日山の中也五月雨,五月雨,夏
18737,雲か山か不二かあらぬか五月雨,五月雨,夏
18738,傾城の文とゝきけり五月雨,五月雨,夏
18739,傾城や年よりそむる五月雨,五月雨,夏
18740,鷺飛で牛居る沢や五月雨,五月雨,夏
18741,定めなき身を五月雨の照り曇り,五月雨,夏
18742,五月雨に瀬のかはりてや鷺の足,五月雨,夏
18743,五月雨の足駄買ふ事忘れたり,五月雨,夏
18744,五月雨の哀れを尽す夜鷹哉,五月雨,夏
18745,五月雨の崩れもやらぬほこら哉,五月雨,夏
18746,五月雨の隅田見に出る戸口哉,五月雨,夏
18747,五月雨の茶からもたまる日数哉,五月雨,夏
18748,五月雨の中に天山星が岡,五月雨,夏
18749,五月雨や朝日夕日の少しつゝ,五月雨,夏
18750,さみたれやいつもの窓に琴もなし,五月雨,夏
18751,五月雨や覚えた謡皆になり,五月雨,夏
18752,五月雨や亀はひ上る早苗舟,五月雨,夏
18753,五月雨やくたびれ顔の鹿の妻,五月雨,夏
18754,五月雨や小牛の角の蝸牛,五月雨,夏
18755,五月雨や小膝にあまる文の丈,五月雨,夏
18756,五月雨や五月雨や碑文二千年,五月雨,夏
18757,五月雨やだまつて早苗とる女,五月雨,夏
18758,五月雨や田蓑の島の草枕,五月雨,夏
18759,五月雨や月出るかたの薄明り,五月雨,夏
18760,五月雨や月出る頃の薄明り,五月雨,夏
18761,五月雨やともし火もるゝ藪の家,五月雨,夏
18762,五月雨や檐端を渡る峰の雲,五月雨,夏
18763,五月雨や糊のはなるゝ花がるた,五月雨,夏
18764,五月雨や畠にならぶ杉の苗,五月雨,夏
18765,五月雨や芳原の灯のまばら也,五月雨,夏
18766,退屈や糸の小口もさみだるゝ,五月雨,夏
18767,蝸牛の喧嘩見に出ん五月雨,五月雨,夏
18768,蝸牛の角のぶ頃や五月雨,五月雨,夏
18769,苫の上に苔の生ひけり五月雨,五月雨,夏
18770,並杉のくさるかと思ふ五月雨,五月雨,夏
18771,古くさき咄の多し五月雨,五月雨,夏
18772,道ふさぐ竹のたわみや五月雨,五月雨,夏
18773,水瓶に蛙うくなり五月雨,五月雨,夏
18774,牛若の鞍馬上るや五月雨,五月雨,夏
18775,うつくしき棺行くなり五月雨,五月雨,夏
18776,控木に五月雨の茸並びけり,五月雨,夏
18777,馬で行け和田塩尻の五月雨,五月雨,夏
18778,大空やどこにたゝへて五月雨,五月雨,夏
18779,かけ橋や五月雨雲を笠の端,五月雨,夏
18780,清水のともし火高し五月雨,五月雨,夏
18781,五月雨三百人の眠気なり,五月雨,夏
18782,五月雨に向ふの見えぬ老馬かな,五月雨,夏
18783,五月雨の石切り出だす深山哉,五月雨,夏
18784,五月雨の岩並びけり妙義山,五月雨,夏
18785,五月雨の木曽は面白い処ぞや,五月雨,夏
18786,五月雨の木の間に暗し大伽藍,五月雨,夏
18787,五月雨の雲許りなり箱根山,五月雨,夏
18788,五月雨の＊（白＋? ）生ゆらんか蝶の羽,五月雨,夏
18789,五月雨の鳥啼く木立庭広し,五月雨,夏
18790,五月雨の化物やしき古にけり,五月雨,夏
18791,五月雨のふらんとすなり秩父山,五月雨,夏
18792,五月雨や金の小笠の馬印,五月雨,夏
18793,五月雨や簀の子の下の大茸,五月雨,夏
18794,五月雨や天にひつゝく不二の山,五月雨,夏
18795,五月雨や鶏上る大々鼓,五月雨,夏
18796,山門や木の枝垂れて五月雨,五月雨,夏
18797,城跡の石垣はかり五月雨,五月雨,夏
18798,窓掛のがらすに赤し五月雨,五月雨,夏
18799,言ひのこす詞のはしぞ五月雨るゝ,五月雨,夏
18800,牛追ふて行く藪陰や五月雨,五月雨,夏
18801,椽側に棒ふる人や五月雨,五月雨,夏
18802,大家や降るとも知らず五月雨,五月雨,夏
18803,君が身に五月雨晴れぬきのふけふ,五月雨,夏
18804,この二日五月雨なんど降るべからず,五月雨,夏
18805,ころしもやけふも病む身にさみだるゝ,五月雨,夏
18806,五月雨大井の橋はなかりけり,五月雨,夏
18807,五月雨人居て舟の煙りかな,五月雨,夏
18808,五月雨の雲を巻きこむ早瀬哉,五月雨,夏
18809,五月雨や牛に乗たる宇都の山,五月雨,夏
18810,五月雨や蟹の這ひ出る手水鉢,五月雨,夏
18811,五月雨や築地をかくす八重葎,五月雨,夏
18812,五月雨や泥鰌ふつたる潦,五月雨,夏
18813,五月雨や泥鰌湧たる井戸の端,五月雨,夏
18814,五月雨や葎の中の古築地,五月雨,夏
18815,泥川の海にそゝぐや五月あめ,五月雨,夏
18816,人並ぶ寮の廊下や五月雨,五月雨,夏
18817,三井寺や湖濛々と五月雨,五月雨,夏
18818,赤き薔薇白き薔薇皆さみだるゝ,五月雨,夏
18819,街道に馬糞も見えず五月雨,五月雨,夏
18820,かち渡る人流れんとす五月雨,五月雨,夏
18821,雷の声五月雨これに力得て,五月雨,夏
18822,今日も亦君返さじとさみだるゝ,五月雨,夏
18823,五月雨三味線を引く隣哉,五月雨,夏
18824,五月雨に火種の消えし不動哉,五月雨,夏
18825,五月雨の傘ばかりなり仲の町,五月雨,夏
18826,五月雨の合羽つゝぱる刀かな,五月雨,夏
18827,五月雨の合羽を出たる刀かな,五月雨,夏
18828,五月雨のかびや生ゆらん鯉の背,五月雨,夏
18829,五月雨の雲這ひわたる那須野哉,五月雨,夏
18830,五月雨の小草生えたる土俵哉,五月雨,夏
18831,五月雨の竹を羨む檜哉,五月雨,夏
18832,五月雨のどしゃぶりに根の抜けんとす,五月雨,夏
18833,五月雨のともし少き小村かな,五月雨,夏
18834,五月雨の泥を流して海黄なり,五月雨,夏
18835,五月雨の眠るが如くふりにけり,五月雨,夏
18836,五月雨のはだしで乗りし渡し哉,五月雨,夏
18837,五月雨のはだしでのりて渡し哉,五月雨,夏
18838,五月雨の晴れなんとして靄深し,五月雨,夏
18839,五月雨の旱のと菊の手入れかな,五月雨,夏
18840,五月雨のみぐるし山とぬかしけり,五月雨,夏
18841,五月雨の森の中なり塔一重,五月雨,夏
18842,五月雨の宿借りし家に娘あり,五月雨,夏
18843,五月雨は人の涙と思ふべし,五月雨,夏
18844,五月雨や仮橋ゆるぐ大井川,五月雨,夏
18845,五月雨や下駄屋の前で下駄をきる,五月雨,夏
18846,五月雨や五里の旅路の桑畠,五月雨,夏
18847,五月雨やしとゞ濡れたる恋衣,五月雨,夏
18848,五月雨や庄屋にとまる役人衆,五月雨,夏
18849,五月雨や三味線をひく隣哉,五月雨,夏
18850,五月雨や薄生ひそふ山の道,五月雨,夏
18851,五月雨や大木並ぶ窓の外,五月雨,夏
18852,五月雨や戸をおろしたる野の小店,五月雨,夏
18853,五月雨や榛の木立てる水の中,五月雨,夏
18854,五月雨や水汲みに行く下駄の跡,五月雨,夏
18855,五月雨や宿屋の膳の干蕨,五月雨,夏
18856,五月雨やわつかに月のあり処,五月雨,夏
18857,五月雨や岡長々と王子迄,五月雨,夏
18858,雪院に黒き虫這ふ五月雨,五月雨,夏
18859,大仏やだらりだらりと五月雨,五月雨,夏
18860,出女のなじみそめけり五月雨,五月雨,夏
18861,何もなき水田の上や五月雨,五月雨,夏
18862,抜道は川となりけり五月雨,五月雨,夏
18863,抜道は草露けしや五月雨,五月雨,夏
18864,野の道を傘往来す五月雨,五月雨,夏
18865,橋杭のいとゞ短し五月雨,五月雨,夏
18866,橋杭のいよゝ短し五月雨,五月雨,夏
18867,蓮池の浮葉水こす五月雨,五月雨,夏
18868,船車さみだれぬやうに行きたまへ,五月雨,夏
18869,溝川に枝覆ひかゝる五月雨,五月雨,夏
18870,目さませば今日も朝からさみたるゝ,五月雨,夏
18871,目さむれば今日も朝からさみたるゝ,五月雨,夏
18872,五月雨や足駄岩を踏で滝を見る,五月雨,夏
18873,今日は又足が痛みぬ五月雨,五月雨,夏
18874,五月雨や鬼の血剥る羅生門,五月雨,夏
18875,五月雨や小き虫落つ本の上,五月雨,夏
18876,五月雨や虫落来る本の上,五月雨,夏
18877,地車の轍の跡や五月雨,五月雨,夏
18878,一人居る編輯局や五月雨,五月雨,夏
18879,山吹の余花に卯の花くだし哉,五月雨,夏
18880,草鞋はいて傘買ふ旅の五月雨,五月雨,夏
18881,五月雨やちひさき家の土細工,五月雨,夏
18882,椎の舎の主病みたり五月雨,五月雨,夏
18883,田植見る二階の窓や五月雨,五月雨,夏
18884,五月雨や上野の山も見あきたり,五月雨,夏
18885,五月雨や背戸に落ちあふ傘と傘,五月雨,夏
18886,五月雨や畳に上る青蛙,五月雨,夏
18887,五月雨や棚へとりつくものゝ蔓,五月雨,夏
18888,根だ搖く川辺の宿や五月雨,五月雨,夏
18889,病人に鯛の見舞や五月雨,五月雨,夏
18890,病人の枕ならべて五月雨,五月雨,夏
18891,この祭いつも卯の花くだしにて,五月雨,夏
18892,五月雨や善き硯石借り得たり,五月雨,夏
18893,蜘蛛の巣やふじ引かゝる五月晴,五月晴,夏
18894,おしあふてくる萍や五月晴,五月晴,夏
18895,鼓鳴る芝山内や五月晴,五月晴,夏
18896,うれしさや小草影もつ五月晴,五月晴,夏
18897,顎の鬚に風あり五月晴,五月晴,夏
18898,五月晴やあつい天気に取かゝる,五月晴,夏
18899,五月晴や窓をひらけば上野山,五月晴,夏
18900,五月晴や病の窓の西日影,五月晴,夏
18901,見えそめて青雲うれし五月晴,五月晴,夏
18902,夕顔の苗売る声や五月晴,五月晴,夏
18903,痩畑や物種栽うる五月晴,五月晴,夏
18904,山畑や物種栽る五月晴,五月晴,夏
18905,木のまたに朝日出でけり五月晴,五月晴,夏
18906,下駄洗ふ音無川や五月晴,五月晴,夏
18907,椎の木に鶯鳴きぬ五月晴,五月晴,夏
18908,早咲の朝顔赤し五月晴,五月晴,夏
18909,一群の托鉢僧や五月晴,五月晴,夏
18910,病床をそと移しけり五月晴,五月晴,夏
18911,露店の傘負け顔や五月晴,五月晴,夏
18912,椎の木に鶯鳴くや五月晴,五月晴,夏
18913,満園の露日に動く五月晴,五月晴,夏
18914,カナリヤの卵腐りぬ五月晴,五月晴,夏
18915,薔薇を剪る鋏刀の音や五月晴,五月晴,夏
18916,梅雨晴やところところに蟻の道,梅雨晴,夏
18917,入梅晴やあかるい雲にこのあつさ,梅雨晴,夏
18918,梅雨晴にさはるものなし一本木,梅雨晴,夏
18919,入梅晴の朝より高し雲の峰,梅雨晴,夏
18920,梅雨晴の風に戻りし柳哉,梅雨晴,夏
18921,梅雨晴や朝日にけぶる杉の杜,梅雨晴,夏
18922,入梅晴や風にもどりし夏柳,梅雨晴,夏
18923,梅雨晴やかびにならずふじの雪,梅雨晴,夏
18924,梅雨晴やけさ天窓の煤のいろ,梅雨晴,夏
18925,梅雨晴やふじひつかゝる蜘の網,梅雨晴,夏
18926,梅雨晴や窓を開けば上野山,梅雨晴,夏
18927,入梅晴やあつい天気にとりかゝる,梅雨晴,夏
18928,梅雨晴や太鼓打ち出す芝居小屋,梅雨晴,夏
18929,五月雨晴や大仏の頭あらはるゝ,梅雨晴,夏
18930,梅雨晴れて某日夕立来るかな,梅雨晴,夏
18931,梅雨晴れて水無月の風窓に吹く,梅雨晴,夏
18932,梅雨晴の朝日に松の雫かな,梅雨晴,夏
18933,梅雨晴や上野の鳶はいつも鳴く,梅雨晴,夏
18934,梅雨晴れんとして上野の鳶の低く舞ふ,梅雨晴,夏
18935,降るものにして日和は梅雨のまうけもの,梅雨晴,夏
18936,梅雨晴や蜩鳴いて松の風,梅雨晴,夏
18937,梅雨晴や蜩鳴くと書く日記,梅雨晴,夏
18938,金山に夜の光りやさつき闇,五月闇,夏
18939,五月闇あやめもふかぬ軒は哉,五月闇,夏
18940,豆腐屋の谷中こゆ也五月闇,五月闇,夏
18941,ひらめくや太刀の稲妻五月闇,五月闇,夏
18942,夜も昼もうつらうつらと五月闇,五月闇,夏
18943,覚束などこ迄いても五月闇,五月闇,夏
18944,船の外五月の闇のはてもなし,五月闇,夏
18945,ごほごほと海鳴る音や五月闇,五月闇,夏
18946,大仏や眼許り光る五月闇,五月闇,夏
18947,とんねるに水踏む音や五月闇,五月闇,夏
18948,白はえや写字する窓の時明り,白南風,夏
18949,白栄や写本の窓の時明り,白南風,夏
18950,南風や隣の鯉を吹いて来る,南風,夏
18951,青東風や空にたゞよふ天主閣,土用東風,夏
18952,土用東風船玄海にかゝりけり,土用東風,夏
18953,土用東風船玄海へかゝりけり,土用東風,夏
18954,夏嵐机上の白紙飛び尽す,夏嵐,夏
18955,夏嵐にわかに起る野道哉,夏嵐,夏
18956,夏雲や辰巳にあるを阿波太郎,夏の雲,夏
18957,秋風はまだこえかねつ雲の峯,雲の峯,夏
18958,かちあふて一ツになるや雲の峯,雲の峯,夏
18959,鰻まつ間をいく崩れ雲の峯,雲の峯,夏
18960,不二山にくづれかゝるや雲の峯,雲の峯,夏
18961,井の水につるべとどかず雲のみね,雲の峯,夏
18962,赤門に角帽見えす雲の峯,雲の峯,夏
18963,雲の峯つひに白帆の上りけり,雲の峯,夏
18964,雲の峯に扇をかざす野中哉,雲の峯,夏
18965,雲の峯の麓に一人牛房引,雲の峯,夏
18966,谷底に見あげて涼し雲の峯,雲の峯,夏
18967,野の道に撫子咲きぬ雲の峯,雲の峯,夏
18968,むさし野に立ち並びけり雲の峯,雲の峯,夏
18969,むさしのや川上遠き雲の峯,雲の峯,夏
18970,海へだつ上総は低し雲の峯,雲の峯,夏
18971,雲の峯徐福か船は遥かなり,雲の峯,夏
18972,雲の峯並んで低し海の上,雲の峯,夏
18973,雲の峯ならんで低し海のはて,雲の峯,夏
18974,此風が吹き出しさうな雲の峯,雲の峯,夏
18975,此枝の山十つみあげて雲の峯,雲の峯,夏
18976,昼顔のつるの先なり雲の峯,雲の峯,夏
18977,風鈴の音にちりけり雲の峯,雲の峯,夏
18978,風鈴の風にちりけり雲の峯,雲の峯,夏
18979,船路さて行けとも行けとも雲の峯,雲の峯,夏
18980,真黒な蝶の狂ひけり雲の峯,雲の峯,夏
18981,真黒な蝶の狂ひや雲の峯,雲の峯,夏
18982,見てをれば根から崩れて雲の峯,雲の峯,夏
18983,物干のうしろにわくや雲の峯,雲の峯,夏
18984,山を出てはしめて高し雲の峯,雲の峯,夏
18985,海の果や白帆出て来る雲の峯,雲の峯,夏
18986,裏山の出城崩れて雲の峯,雲の峯,夏
18987,大島も小島も細し雲の峯,雲の峯,夏
18988,雲の峯華厳の滝は涸れにけり,雲の峯,夏
18989,雲の峯艨艟雲に隠れ行く,雲の峯,夏
18990,雲の峯凌雲閣に並びけり,雲の峯,夏
18991,砂漠千里小草も見えず雲の峯,雲の峯,夏
18992,電信のはりがね多し雲の峯,雲の峯,夏
18993,夕栄や雲の峯々片くづれ,雲の峯,夏
18994,かさなるや影と日向の雲の峯,雲の峯,夏
18995,雲の峯大路二つに分れけり,雲の峯,夏
18996,雲の峯白帆南にむらがれり,雲の峯,夏
18997,暮れ行くや影と日向の雲の峯,雲の峯,夏
18998,鉄橋に頭出しけり雲の峯,雲の峯,夏
18999,一船は皆裸なり雲の峯,雲の峯,夏
19000,二色に影と日向の雲の峯,雲の峯,夏
19001,帆の多き阿蘭陀船や雲の峯,雲の峯,夏
19002,湖や日枝に上れば雲の峯,雲の峯,夏
19003,ゆふかたや影と日向の雲の峯,雲の峯,夏
19004,夕栄や月も出て居て雲の峯,雲の峯,夏
19005,湧き返る人の頭や雲の峯,雲の峯,夏
19006,朝晴や箱根出かぬる雲の峯,雲の峯,夏
19007,荒海をおさへて立ちぬ雲の峯,雲の峯,夏
19008,家もなし棉の畠の雲の峯,雲の峯,夏
19009,蟒の住む沼涸れて雲の峯,雲の峯,夏
19010,押され来て西へ流れぬ雲の峯,雲の峯,夏
19011,雲の峯天龍細く流れけり,雲の峯,夏
19012,雲の峯駱駝に水を飲ませけり,雲の峯,夏
19013,沙漠草なし獅子ゆうゆうと雲の峯,雲の峯,夏
19014,塩竃の煙絶えけり雲の峯,雲の峯,夏
19015,菅笠の一つ行くなり雲の峯,雲の峯,夏
19016,砂浜の小松も見えず雲の峯,雲の峯,夏
19017,赤道の上に並ぶや雲の峯,雲の峯,夏
19018,鳥落つる殺生石や雲の峯,雲の峯,夏
19019,匹夫にして神と祭られ雲の峯,雲の峯,夏
19020,一浜は皆裸なり雲の峯,雲の峯,夏
19021,塀越に野社見えて雲の峯,雲の峯,夏
19022,山国や一方海に雲の峯,雲の峯,夏
19023,山道や出羽に見下す雲の峯,雲の峯,夏
19024,夕風に根崩れするや雲の峯,雲の峯,夏
19025,夕風や崩れてしまふ雲の峯,雲の峯,夏
19026,夕栄や雨に崩れし雲の峯,雲の峯,夏
19027,籠城の水の手きれぬ雲の峯,雲の峯,夏
19028,煙突や間に低き雲の峯,雲の峯,夏
19029,雲の峯硯に蟻の上りけり,雲の峯,夏
19030,雲の峯千里の駒の並びけり,雲の峯,夏
19031,汗拭ふ向ふに高し雲の峯,雲の峯,夏
19032,幽霊の出る井戸涸れて雲の峯,雲の峯,夏
19033,犬捨つる川に水無し雲の峯,雲の峯,夏
19034,咸陽の焼跡広し雲の峯,雲の峯,夏
19035,黄な旗を立てし棺や雲の峯,雲の峯,夏
19036,昼中や頭揃える雲の峯,雲の峯,夏
19037,雲の峯水なき川を渡りけり,雲の峯,夏
19038,焼砂に深き轍や雲の峯,雲の峯,夏
19039,剣が峰に夏霧吹て滝の音,夏霧,夏
19040,朝顔の花の命や夏の雨,夏の雨,夏
19041,負ふた子の一人ぬれけり夏の雨,夏の雨,夏
19042,なかなかに裸急がず夏の雨,夏の雨,夏
19043,龍を叱す其御睡や夏の雨,夏の雨,夏
19044,龍を叱す其御＊（目偏＋毛）や夏の雨,夏の雨,夏
19045,大磯のはれてをかしや虎が雨,虎が雨,夏
19046,大磯の誠しぐるゝ虎が雨,虎が雨,夏
19047,夕立やはちすを笠にかぶり行く,夕立,夏
19048,夕立や一かたまりの雲の下,夕立,夏
19049,夕立やあれもかけこむ其角堂,夕立,夏
19050,夕立や今戸わたりて三囲へ,夕立,夏
19051,夕立や不尽ははつきり見えなから,夕立,夏
19052,夕立をほめてかけこむ雨やとり,夕立,夏
19053,夕立の雲いそがしやどこの雨,夕立,夏
19054,夕立の下かけぬけし美濃路哉,夕立,夏
19055,夕立や松とりまいて五六人,夕立,夏
19056,夕立に芸者の小歌くつれけり,夕立,夏
19057,夕立に鷺の動かぬ青田かな,夕立,夏
19058,ゆふだちにはりあふ宮の太鼓哉,夕立,夏
19059,夕立に古井の苔の匂ひかな,夕立,夏
19060,夕立に蓑のいきたる筏かな,夕立,夏
19061,夕立の押へ付けたり茶の煙,夕立,夏
19062,夕立のはづれに青し安房上総,夕立,夏
19063,夕立の見る見る過る白帆哉,夕立,夏
19064,夕立の見る見るまくる白帆哉,夕立,夏
19065,夕立や板屋に崩す一あらし,夕立,夏
19066,夕立や君を思へばはだしにて,夕立,夏
19067,夕立や雲もみださぬふじの山,夕立,夏
19068,夕立やころころ落る梅法師,夕立,夏
19069,夕立や算木崩れし卜屋算,夕立,夏
19070,夕立や蛇の目の傘は思ひもの,夕立,夏
19071,夕立や智恵さまさまのかふり物,夕立,夏
19072,夕立や橋の下なる笑ひ声,夕立,夏
19073,夕立や干したる衣の裏表,夕立,夏
19074,夕立をもみくづしけり卜屋算,夕立,夏
19075,海原やかたへ夕立つ蜑小舟,夕立,夏
19076,見てをれば夕立わたる湖水哉,夕立,夏
19077,向ひ地の山は夕立つけしき哉,夕立,夏
19078,ものすごくなつて夕立つ山家哉,夕立,夏
19079,山奇なり夕立雲の立めくる,夕立,夏
19080,夕立にうたるゝ鯉のかしらかな,夕立,夏
19081,夕立に行水したる都哉,夕立,夏
19082,夕立に猫といたちのさわぎ哉,夕立,夏
19083,夕立に宿をねだるや蔵の家,夕立,夏
19084,夕立のあとから来たり植木売,夕立,夏
19085,夕立や傘一本に二三人,夕立,夏
19086,夕立の押しよせてくる榛名哉,夕立,夏
19087,夕立のくるやあれあれ向ふから,夕立,夏
19088,夕立の下に迷ふや温泉の煙,夕立,夏
19089,夕立の虹こしらへよ千松島,夕立,夏
19090,夕立の又やふりけす不二の雪,夕立,夏
19091,夕立の見る見る山を下りけり,夕立,夏
19092,夕立や牛の匂ひにむせる村,夕立,夏
19093,夕立や枝もたわゝのむら雀,夕立,夏
19094,夕立や沖は入日の真帆かた帆,夕立,夏
19095,夕立や大路にかゝる牛車,夕立,夏
19096,夕立の枝やたわゝのむら雀,夕立,夏
19097,夕立や傘一本を二三人,夕立,夏
19098,夕立や傘張傘をたゝみあへず,夕立,夏
19099,夕立や葛屋の声の消えて行く,夕立,夏
19100,夕立や蜘の子ちらす市の人,夕立,夏
19101,夕立や衣ほすてふ尼の寺,夕立,夏
19102,夕立や雀あつまる樫の枝,夕立,夏
19103,夕立や雀もつるゝ牛の角,夕立,夏
19104,夕立や簀戸に押されし小傾城,夕立,夏
19105,夕立や殺生石のあたりより,夕立,夏
19106,夕立や豆腐片手に走る人,夕立,夏
19107,夕立や人声おこる温泉の煙,夕立,夏
19108,夕立や人声こもる温泉の煙,夕立,夏
19109,夕立や紅筆溝を流れ行,夕立,夏
19110,夕立や宿屋の庭の金魚池,夕立,夏
19111,夕立や屋根葺すくむ破風の陰,夕立,夏
19112,夕立を見下す湯場の二階かな,夕立,夏
19113,夕立を道々こぼす小村哉,夕立,夏
19114,夕立を見ながら歌の咄かな,夕立,夏
19115,海原や夕立さわぐ蜑小舟,夕立,夏
19116,大牛の尻に夕立つ山路哉,夕立,夏
19117,大榎夕立雲の下りけり,夕立,夏
19118,夕立の石もふるかと鈴鹿山,夕立,夏
19119,夕立の雲渦まくや大鳴戸,夕立,夏
19120,夕立の波のよる見ゆ飛脚船,夕立,夏
19121,夕立の帆柱わたる湊かな,夕立,夏
19122,夕立や穴に逃込む豆狸,夕立,夏
19123,夕立や近衛の騎兵一大隊,夕立,夏
19124,夕立や机に並ぶ大盥,夕立,夏
19125,乱れ矢のあとや夕立ついくさ船,夕立,夏
19126,夕立に降られて帰る磯辺かな,夕立,夏
19127,夕立の足音聞くや橋の下,夕立,夏
19128,夕立の淡路のうしろ通りけり,夕立,夏
19129,夕立の鬼もふらずに鈴鹿山,夕立,夏
19130,夕立の鬼も降るかと鈴鹿山,夕立,夏
19131,夕立の笘に蝉鳴く日影かな,夕立,夏
19132,夕立の中を押し行く車かな,夕立,夏
19133,夕立の船ことごとく裸なり,夕立,夏
19134,夕立の横に押し行く武蔵哉,夕立,夏
19135,夕立や雲舞ひ下る牛の角,夕立,夏
19136,夕立や砂に突き立つ青松葉,夕立,夏
19137,夕立や野に残されし牛の声,夕立,夏
19138,夕立や一船は皆裸なり,夕立,夏
19139,夕立や焼石冷ゆる浅間山,夕立,夏
19140,入海や夕立晴れて月低し,夕立,夏
19141,心よく夕立つ山の出城かな,夕立,夏
19142,青雲や夕立来る椽南,夕立,夏
19143,唾せば若し夕立となりやせん,夕立,夏
19144,唾せばもし夕立になりやせん,夕立,夏
19145,東京へ夕立遣らん唾して,夕立,夏
19146,塀越えて夕立北の野から来る,夕立,夏
19147,帆おろすや夕立ほつりほつり来る,夕立,夏
19148,湯上りに夕立を見る裸かな,夕立,夏
19149,夕立に逢ふものならば関の宿,夕立,夏
19150,夕立に桐の木多き小寺かな,夕立,夏
19151,夕立にはづれはづれの小村かな,夕立,夏
19152,夕立に日傘さしたる女かな,夕立,夏
19153,夕立の叩き出したる髑髏かな,夕立,夏
19154,夕立の沛然として野から来る,夕立,夏
19155,夕立のほこりになつてしまひけり,夕立,夏
19156,夕立の龍下りたる裾野哉,夕立,夏
19157,夕立は晴れて荵の雫かな,夕立,夏
19158,夕立は山へかゝりて市の月,夕立,夏
19159,夕立は山へかへりて市の月,夕立,夏
19160,夕立やあこや清水より返る,夕立,夏
19161,夕立や市ちらばつて地蔵尊,夕立,夏
19162,夕立や動きもならぬ鷺一羽,夕立,夏
19163,夕立やかしこ過ぎたる人の簑,夕立,夏
19164,夕立や片頬濡れたる石の像,夕立,夏
19165,夕立や簾を捲けば三日の月,夕立,夏
19166,夕立や並んでさわぐ馬の尻,夕立,夏
19167,夕立や逃げそこなひし鷺一羽,夕立,夏
19168,夕立や野道を走る人遠し,夕立,夏
19169,夕立や広野の中に牛一つ,夕立,夏
19170,わらんじをとくや夕立さつと来る,夕立,夏
19171,行水や沛然として夕立す,夕立,夏
19172,筆に霊ありて夕立を祈るべく,夕立,夏
19173,筆霊にして夕立を祈るべく,夕立,夏
19174,夕立の音はかりして通りけり,夕立,夏
19175,夕立の隣の山に逼りけり,夕立,夏
19176,夕立や日のさす方へふつて行く,夕立,夏
19177,上州の山は夕立つけしき哉,夕立,夏
19178,夕立に蝉の飛び行く西日哉,夕立,夏
19179,夕立に蝉の飛び行く日影哉,夕立,夏
19180,夕立に蝉の逃げ行く西日哉,夕立,夏
19181,夕立に蝉の逃げ行く日影哉,夕立,夏
19182,夕立に破れそめたる芭蕉哉,夕立,夏
19183,夕立の騒ぎの中へ放れ馬,夕立,夏
19184,夕立や南を見れば雲の峰,夕立,夏
19185,夕立や蛙の面に三粒程,夕立,夏
19186,夕立や君が怒の一しきり,夕立,夏
19187,舟一つ虹をくゞつて帰りけり,虹,夏
19188,湯上りやつい涼風に寝せらるゝ,涼風,秋
19189,湯上りや涼風吹て眠うなる,涼風,秋
19190,涼風やわれを山から吹下す,涼風,秋
19191,涼風をあびる木の間の床几哉,涼風,秋
19192,涼風を輪にして廻る車哉,涼風,秋
19193,睾丸に須磨のすゞ風吹送れ,涼風,秋
19194,洞穴や涼風暗く水の音,涼風,秋
19195,涼風や愚庵の門は破れたり,涼風,秋
19196,涼風の上野吹くらん杉動く,涼風,秋
19197,涼風やビードロになる砂を採る,涼風,秋
19198,川上にあらひ出しけり夏の月,夏の月,夏
19199,鱗ちる雑魚場のあとや夏の月,夏の月,夏
19200,くれきらぬ白帆に白し夏の月,夏の月,夏
19201,夏の月四條五條の夜半過,夏の月,夏
19202,夏の月紙帳の皺も浪と見よ,夏の月,夏
19203,夏の月不二は模様に似たりけり,夏の月,夏
19204,荷を揚る拍子ふけたり夏の月,夏の月,夏
19205,真黒に茄子ひかるや夏の月,夏の月,夏
19206,わびしさや藜にかゝる夏の月,夏の月,夏
19207,牛になる僧もあるらん夏の月,夏の月,夏
19208,木曽を出て材場の檜や夏の月,夏の月,夏
19209,傾城は格子の内や夏の月,夏の月,夏
19210,月琴にさびしき夏の月見哉,夏の月,夏
19211,辻占の声も更けたり夏の月,夏の月,夏
19212,夏の月頬黒の多き女哉,夏の月,夏
19213,ぬれて行く裸馬あり夏の月,夏の月,夏
19214,女二人咄す戸口や夏の月,夏の月,夏
19215,三本の帆檣高し夏の月,夏の月,夏
19216,尾の道や帆綱をくゞる夏の月,夏の月,夏
19217,うさくさをうしろに捨てゝ夏の月,夏の月,夏
19218,臼の中にすわる人あり夏の月,夏の月,夏
19219,甲板に寝る人多し夏の月,夏の月,夏
19220,賎が家の琴立ち聞くや夏の月,夏の月,夏
19221,砂浜や何に火を焚く夏の月,夏の月,夏
19222,夏の月提灯多きちまた哉,夏の月,夏
19223,夏の月寝ぬ声一人二人かな,夏の月,夏
19224,名どころや海手に細き夏の月,夏の月,夏
19225,橋通る人の頭や夏の月,夏の月,夏
19226,がやがやと道者帰りぬ夏の月,夏の月,夏
19227,琴の音や人垣間見る夏の月,夏の月,夏
19228,妻去りし隣淋しや夏の月,夏の月,夏
19229,戸の外に莚織るなり夏の月,夏の月,夏
19230,話しながら人通りけり夏の月,夏の月,夏
19231,楼上に舟呼ぶ人や夏の月,夏の月,夏
19232,金杉や琴かしましき夏の月,夏の月,夏
19233,川口や湯舟を出れば夏の月,夏の月,夏
19234,木賀を出て箱根に上る夏の月,夏の月,夏
19235,中宮祠に滝の音聞く夏の月,夏の月,夏
19236,夏の月此横町も琴の音,夏の月,夏
19237,夏の月隣の琴の引きやみぬ,夏の月,夏
19238,泳ぎ場に人の残りや夏の月,夏の月,夏
19239,十年前の夏の三日月此夕,夏の月,夏
19240,道ばたの堀かけ井や夏の月,夏の月,夏
19241,家のなき人二万人夏の月,夏の月,夏
19242,椽端や虫歯抱へて夏の月,夏の月,夏
19243,夏の月大長刀の光哉,夏の月,夏
19244,夏ノ月京ハ夜店ノ灯カナ,夏の月,夏
19245,草枕の我にこぼれよ夏の星,夏の星,夏
19246,日ざかりに泡のわきたつ小溝哉,日盛,夏
19247,日さかりに泡のわき立田面哉,日盛,夏
19248,日さかりに兵卒出たり仲の町,日盛,夏
19249,日さかりや蜑か門への大碇,日盛,夏
19250,日さかりやうつとりとなる池の鯉,日盛,夏
19251,日盛りの八百八町焔立つ,日盛,夏
19252,日盛りや砂に短き松の影,日盛,夏
19253,旱さへ瓜に痩せたるふりもなし,旱,夏
19254,ひてりさへ瓜はやせたる顔もなし,旱,夏
19255,夕虹の雨気にうとき早哉,旱,夏
19256,海賊の村に水汲む旱かな,旱,夏
19257,不忍の泥に蓮咲く旱かな,旱,夏
19258,炎天の色やあく迄深緑,炎天,夏
19259,炎天の中にほつちり富士の雪,炎天,夏
19260,炎天やあたり木もなき町の中,炎天,夏
19261,炎天や青田に動く人の影,炎天,夏
19262,炎天や海士が門辺の大碇,炎天,夏
19263,炎天や御歯黒どぶの泡の数,炎天,夏
19264,炎天や木の影ひえる石だゝみ,炎天,夏
19265,炎天をわたるや鷺の只一羽,炎天,夏
19266,炎天に聳えて寒き巌哉,炎天,夏
19267,炎天に聳て高き巌哉,炎天,夏
19268,人絶えて炎天の石壇風渡る,炎天,夏
19269,炎天に人のほのほや広小路,炎天,夏
19270,炎天や蟻這ひ上る人の足,炎天,夏
19271,炎天や浮み出でゝはたまる泡,炎天,夏
19272,炎天に菊を養ふあるじ哉,炎天,夏
19273,炎天や砂利道行けば蝶の殻,炎天,夏
19274,炎天を照り返したる沙漠哉,炎天,夏
19275,炎天の道毒水にいでゝ渇す,炎天,夏
19276,早起山を越え炎天を茶屋に休む人,炎天,夏
19277,炎天に鏡きらめく神輿哉,炎天,夏
19278,炎天や草に息つく旅の人,炎天,夏
19279,炎天に水無き山の登りかな,炎天,夏
19280,五月川心細く水まさりたる,五月川,夏
19281,五月川心細さの一夜かな,五月川,夏
19282,植ゑつけて月にわたせし青田哉,青田,夏
19283,鷺一ツ下りて青田の風薫る,青田,夏
19284,青田あり川あり白帆五つ六つ,青田,夏
19285,青田あり河在白帆画のことし,青田,夏
19286,青田あり川あり白帆上り行,青田,夏
19287,青田あり川あり白帆つらなれり,青田,夏
19288,青田あり川あり白帆つらなりぬ,青田,夏
19289,青田ありて又家居あり町はづれ,青田,夏
19290,萱草や青田の畦の一ならび,青田,夏
19291,さゝ波や湖めぐらして青田哉,青田,夏
19292,白鷺の力かましき青田かな,青田,夏
19293,峠から見る段々の青田かな,青田,夏
19294,田から田へうれしさうなる水の音,青田,夏
19295,宙を踏む人や青田の水車,青田,夏
19296,中をふむ人や青田の水車,青田,夏
19297,日本の国ありがたき青田哉,青田,夏
19298,八郎湖のへりを取りたる青田哉,青田,夏
19299,稗蒔と殿の見給ふ青田かな,青田,夏
19300,町はづれ青田にとなる鍛冶屋哉,青田,夏
19301,むさしのや青田の風の八百里,青田,夏
19302,夕風の見えてねぢれる青田哉,青田,夏
19303,田舎路は鷺こきませて青田哉,青田,夏
19304,学校のあとに淋しき青田かな,青田,夏
19305,霧雨のふるや青田の朝朗,青田,夏
19306,横雲に朝日の漏るゝ青田哉,青田,夏
19307,山門や青田の中の松並木,青田,夏
19308,流れ矢の弱りて落ちし青田哉,青田,夏
19309,白雲や青く広きは田なるべし,青田,夏
19310,夕風の鷺吹き飛ばす青田哉,青田,夏
19311,青田稀に畠多きぞ是非もなき,青田,夏
19312,洪水のさはるものなき青田哉,青田,夏
19313,洪水や青田を流れ海に落つ,青田,夏
19314,小路して青田の風に吹かればや,青田,夏
19315,須磨寺のともし火うつる青田哉,青田,夏
19316,土手切れて水迸る青田哉,青田,夏
19317,虹の根に白壁光る青田哉,青田,夏
19318,白雲や広く青きは田なるべし,青田,夏
19319,二筋に虹の立つたる青田哉,青田,夏
19320,ふらりふらり根岸を出れば青田哉,青田,夏
19321,夕飯の向ふに見ゆる青田哉,青田,夏
19322,青田に出でず御行の松を見て返る,青田,夏
19323,小松植ゑて新道直き青田哉,青田,夏
19324,巡査見えて裸子逃げる青田哉,青田,夏
19325,漠たる青田を横に鷺の飛ぶ,青田,夏
19326,田の上や青みのうつる昼の月,青田,夏
19327,はつとする博物館や木下闇,木下闇,夏
19328,牛帰る木の下闇や村一つ,木下闇,夏
19329,木下闇あゝら涼しや恐ろしや,木下闇,夏
19330,木下闇箇程の大寺あらんとは,木下闇,夏
19331,木下闇ところところの地蔵哉,木下闇,夏
19332,下闇に牛をあらそふ二人かな,木下闇,夏
19333,下闇にたゞ山百合の白さかな,木下闇,夏
19334,下闇や八町奥に大悲閣,木下闇,夏
19335,下闇や八町奥の大悲閣,木下闇,夏
19336,豆腐屋の谷中こゆ也木下闇,木下闇,夏
19337,兵隊の行列白し木下闇,木下闇,夏
19338,木下闇電信の柱あたらしき,木下闇,夏
19339,木下闇女後推す車かな,木下闇,夏
19340,木下闇に砦見下す物見哉,木下闇,夏
19341,下闇やびつくりしたる石地蔵,木下闇,夏
19342,下闇や一塊まりの蚊のうなり,木下闇,夏
19343,猫の塚お伝の塚や木下闇,木下闇,夏
19344,猫迷ふ庭の闇路や牛の角,木下闇,夏
19345,袋提げて小尼行くなり木下闇,木下闇,夏
19346,送られて別れてひとり木下闇,木下闇,夏
19347,木下闇人驚かす地蔵かな,木下闇,夏
19348,御料地や森の下闇鳥が鳴く,木下闇,夏
19349,下やみや池しんとして魚浮たり,木下闇,夏
19350,下闇を出でゝ明るし渡月橋,木下闇,夏
19351,灯青く廻廊赤し木下闇,木下闇,夏
19352,物凄き平家の墓や木下闇,木下闇,夏
19353,蛾の飛んで陰気な茶屋や木下闇,木下闇,夏
19354,樒売る婆々の茶店や木下闇,木下闇,夏
19355,下闇に宮も鳥居も真赤なり,木下闇,夏
19356,下闇や蛇を彫りたる蛇の塚,木下闇,夏
19357,花や旗や森の下闇棺行く,木下闇,夏
19358,お堂暗く龍の目凄し木下闇,木下闇,夏
19359,法螺吹て行者集むる木下闇,木下闇,夏
19360,螺吹いて道者集むる木下闇,木下闇,夏
19361,下闇にかづら這ひ出て道もなし,木下闇,夏
19362,下闇や百万両の鑿の跡,木下闇,夏
19363,背ニ負ヘル天狗ノ面ヤ木下闇,木下闇,夏
19364,別荘や膳を向けたる夏の海,夏の海,夏
19365,窓あけて顔つきあたる夏のやま,夏山,夏
19366,窓あけて鼻の先なり夏のやま,夏山,夏
19367,夏山のすずみや海は一里先,夏山,夏
19368,蚤蝿の里かけぬけて夏の山,夏山,夏
19369,夏山の緑うつりし小窓かな,夏山,夏
19370,夏山をめぐりて遠し道普請,夏山,夏
19371,夏山を廊下づたひの温泉哉,夏山,夏
19372,酒売の夏山こゆる車哉,夏山,夏
19373,つゝじ咲く夏の木曽山君帰る,夏山,夏
19374,躑躅さける夏の木曽山君帰,夏山,夏
19375,夏山の重なりあふて不尽の山,夏山,夏
19376,夏山の六分通りは畠かな,夏山,夏
19377,夏山や笈おろしたる大女,夏山,夏
19378,夏山や雲湧いて石横はる,夏山,夏
19379,夏山をめぐらして城の郭哉,夏山,夏
19380,今百里さらに夏山何百里,夏山,夏
19381,今百里さらは夏山何百里,夏山,夏
19382,今も百里さらに夏山何百里,夏山,夏
19383,大家のうしろに夏の山けはし,夏山,夏
19384,夏山に敵の城見る物見かな,夏山,夏
19385,夏山に鼻つく馬の歩み哉,夏山,夏
19386,夏山に見下す敵の砦かな,夏山,夏
19387,夏山にもたれてあるじ何を読む,夏山,夏
19388,夏山の雲むらむらと起りけり,夏山,夏
19389,夏山のこゝもかしこも名所哉,夏山,夏
19390,夏山の病院高し松の中,夏山,夏
19391,夏山や一方開く帆の往来,夏山,夏
19392,夏山や木の間木の間の神仏,夏山,夏
19393,夏山や鳥居の笠木宮の屋根,夏山,夏
19394,夏山や万象青く橋赤し,夏山,夏
19395,夏山や麓に近き雲の村,夏山,夏
19396,夏山やふもとに低き雲の村,夏山,夏
19397,椅子に舁れ夏山上る異人かな,夏山,夏
19398,きざはしの下や夏山三万里,夏山,夏
19399,夏山の麓に見ゆる牧場かな,夏山,夏
19400,夏山や岩の上より礫打つ,夏山,夏
19401,夏山や湖水青く鳥啼き渡る,夏山,夏
19402,洋人や椅子に舁かれて夏の山,夏山,夏
19403,大杉の伐りかけてある夏の山,夏山,夏
19404,夏山に脚気養ふて滝を見る,夏山,夏
19405,夏山を出て北へ向く流れ哉,夏山,夏
19406,翠簾捲けば夏山うつる鏡かな,夏山,夏
19407,夏山や五十二番は岩屋寺,夏山,夏
19408,夏山を出つれは美濃の広哉,夏山,夏
19409,夏山や水に乏しき峠茶屋,夏山,夏
19410,夏山の骨とも見ゆる巌かな,夏山,夏
19411,夏山を出て善光寺平かな,夏山,夏
19412,夏山を上り下りの七湯かな,夏山,夏
19413,夏山ヤ岩アラハレテ乱麻皴,夏山,夏
19414,木の緑したゝる奥の宮居哉,滴る,夏
19415,笠一つしたゝる山の中を行く,滴る,夏
19416,武蔵野に翠したゝる筑波哉,滴る,夏
19417,雨晴れて緑したゝる中に寺,滴る,夏
19418,八方の風引きうくる夏野かな,夏野,夏
19419,馬士一人ねむりこけたる夏野哉,夏野,夏
19420,傾城も石になりたる夏野哉,夏野,夏
19421,ちらちらと伏勢見ゆる夏野哉,夏野,夏
19422,紫の一本見えぬ夏野哉,夏野,夏
19423,わけ行れば虫のとびつく夏野哉,夏野,夏
19424,家あるまで夏野六里と聞にけり,夏野,夏
19425,家ある迄夏野六里を聞えけり,夏野,夏
19426,家もなし夏野の原の石碑哉,夏野,夏
19427,限りなく鉄道長き夏野哉,夏野,夏
19428,草生ひて牧童迷ふ夏野かな,夏野,夏
19429,十二時の大砲ひゞく夏野哉,夏野,夏
19430,大砲の車小さき夏野かな,夏野,夏
19431,絶えず人いこふ夏野の石一つ,夏野,夏
19432,鉄砲の調練見ゆる夏野哉,夏野,夏
19433,商人に行き違ふたる夏野哉,夏野,夏
19434,旅人の兎追ひ出す夏野哉,夏野,夏
19435,見送らん夏野に君の見えぬ迄,夏野,夏
19436,笠提げて夏野通るや朝の内,夏野,夏
19437,雷の十歩に落つる夏野哉,夏野,夏
19438,行列の草に隠るゝ夏野かな,夏野,夏
19439,草結ぶ夏野の中の家もなし,夏野,夏
19440,国道の普請出来たる夏野哉,夏野,夏
19441,電信の棒隠れたる夏野かな,夏野,夏
19442,鳥飛ぶや夏野の野末山細し,夏野,夏
19443,二軒目の茶店に休む夏野かな,夏野,夏
19444,低き木に馬繋ぎたる夏野哉,夏野,夏
19445,猟犬の音聞きつける夏野哉,夏野,夏
19446,汽車道を横ぎつて行く夏野哉,夏野,夏
19447,夏野尽きて道山に入る人力車,夏野,夏
19448,かたまりて黄なる花さく夏野哉,夏野,夏
19449,がた馬車をやり過したる夏野哉,夏野,夏
19450,盗人の昼も出るてふ夏野かな,夏野,夏
19451,夏野行ク人や天狗ノ面ヲ負フ,夏野,夏
19452,夏川の音に彳む闇夜哉,夏川,夏
19453,夏川の音のすゝしき闇夜哉,夏川,夏
19454,夏川に行脚の笠の流れけり,夏川,夏
19455,鮎はねて跡静かなり夏の川,夏川,夏
19456,くるゝ迄子の遊びけり夏の川,夏川,夏
19457,ずんずんと夏を流すや最上川,夏川,夏
19458,夏川にそふて面白し下り道,夏川,夏
19459,夏川や馬つなぎたる橋柱,夏川,夏
19460,夏川や枕にひゞく山の宿,夏川,夏
19461,夏川や水の中なる立咄し,夏川,夏
19462,酒売の夏川こえて岡越えて,夏川,夏
19463,夏川の泥に嘴入るゝ家鴨哉,夏川,夏
19464,ざぶざぶと夏川渡る小荷駄哉,夏川,夏
19465,何処へなりと遊べ夏山夏の川,夏川,夏
19466,夏川に土をつめたる俵哉,夏川,夏
19467,夏川やいづくの雨の濁り水,夏川,夏
19468,夏川や小橋たわゝに水を打つ,夏川,夏
19469,夏川や随身さきへ牛車,夏川,夏
19470,夏川や随身さきへ水車,夏川,夏
19471,笈負ふて夏川渉る朝まだき,夏川,夏
19472,裾かゝげ夏川わたる下駄ながら,夏川,夏
19473,供一人夏川渡る医者の駕,夏川,夏
19474,夏川のあなたに友を訪ふ日哉,夏川,夏
19475,夏川の境も知らず溢れけり,夏川,夏
19476,夏川の砂さらさらと流れけり,夏川,夏
19477,夏川や溢れて草を流れこす,夏川,夏
19478,夏川や小道に溢れ田に落つる,夏川,夏
19479,夏川や高くかゝげし紅の裾,夏川,夏
19480,夏川や中流にしてかへり見る,夏川,夏
19481,夏川や鍋洗ふべき門搆,夏川,夏
19482,夏川や橋はあれど馬水を行く,夏川,夏
19483,夏川や渡らぬ人の水を行く,夏川,夏
19484,夏川や吾れ君を負ふて渡るべし,夏川,夏
19485,夏川を滝に落すや山の宿,夏川,夏
19486,夏川を二つ渡りて田神山,夏川,夏
19487,夏川を二つ渡りて永田村,夏川,夏
19488,夏川を渡りつれたる小荷駄かな,夏川,夏
19489,日光や夏川走る草の中,夏川,夏
19490,橋なくて人立ち戻る夏の川,夏川,夏
19491,溯る夏川細く雲起る,夏川,夏
19492,夏川や木を流し行く岸の人,夏川,夏
19493,夏川や水茶に適すさゝ濁り,夏川,夏
19494,夏川を渉りて更へぬ馬の沓,夏川,夏
19495,夏川の浅きに浸す紙そかな,夏川,夏
19496,青松葉見えつゝ沈む泉哉,泉,春
19497,静かさは砂吹きあぐる泉哉,泉,春
19498,底見えて小魚も住まぬ清水哉,清水,春
19499,心太そへてねのつく清水哉,清水,春
19500,夕立の過ぎて跡なき清水哉,清水,春
19501,金時も熊も来てのむ清水哉,清水,春
19502,菅笠のはしもぬれたる清水かな,清水,春
19503,菅笠の紐ぬらしたる清水かな,清水,春
19504,旅人の名をつけて行く清水かな,清水,春
19505,はらわたにひやつく木曽の清水哉,清水,春
19506,はらわたもひやつく木曽の清水かな,清水,春
19507,一枝は田にはしりこむ清水哉,清水,春
19508,一ツ家の背にはしりこむ清水哉,清水,春
19509,掬ぶ手の甲に冷えつく清水哉,清水,春
19510,横道を行けば果して清水哉,清水,春
19511,岩つかみ片手に結ぶ清水哉,清水,春
19512,馬方の山で飯くふ清水哉,清水,春
19513,車屋のさきにのみたる清水哉,清水,春
19514,先へ行くつれよび戻す清水哉,清水,春
19515,清水にもあるや神の名仏の名,清水,春
19516,巡礼の親子出てくる清水哉,清水,春
19517,しんかんと物すごき山の清水哉,清水,春
19518,すゝしさをこほす岩間の清水哉,清水,春
19519,其底に木葉年ふる清水哉,清水,春
19520,手に結ぶ清水の末の小滝哉,清水,春
19521,とんねるや笠にしたゝる山清水,清水,春
19522,庭先に亀の吐き出す清水哉,清水,春
19523,馬上より手綱ゆるめる清水哉,清水,春
19524,一筋は筧にはいる清水かな,清水,春
19525,ひやつくや清水流るゝ右左,清水,春
19526,馬柄杓に草をわけ行清水哉,清水,春
19527,耳に目に谷をへたつる清水哉,清水,春
19528,山の宿に手洗ひ水も清水哉,清水,春
19529,女のむあとの柄杓や岩清水,清水,春
19530,石白く清水湧き出る野中哉,清水,春
19531,雲に立つ不動濡れたり石清水,清水,春
19532,雲に立つ不動の像や石清水,清水,春
19533,絶壁の巌をしぼる清水哉,清水,春
19534,其下に清水流るる芭蕉哉,清水,春
19535,一口に足らぬ清水の尊さよ,清水,春
19536,またくらに白雲起る清水哉,清水,春
19537,山鳥の影うつしたる清水哉,清水,春
19538,笈あけて仏を拝む清水かな,清水,春
19539,釜つけて飯粒沈む清水かな,清水,春
19540,桐掩ふ庭の清水に塵もなし,清水,春
19541,清水ありや婆子曰く茶を喫し去れ,清水,春
19542,茶屋の茶に清水の味はなかりけり,清水,春
19543,濁る世に慣れぬ清水や山の中,清水,春
19544,山陰の小笹の中の清水かな,清水,春
19545,忘れても清水むすぶな高野道,清水,春
19546,石垣に仏彫る寺の清水哉,清水,春
19547,監獄にあたら流れ込む清水哉,清水,春
19548,釵を落して深き清水かな,清水,春
19549,丸薬に清水をむすぶ道のほとり,清水,春
19550,酒冷す清水に近く小店あり,清水,春
19551,さらさらと石を流るゝ清水哉,清水,春
19552,清水のみに柄杓もて来る町はづれ,清水,春
19553,清水のみに椀もつて来る町はづれ,清水,春
19554,清水引て庭に滝あり山の宿,清水,春
19555,脛入れて短く見ゆる清水哉,清水,春
19556,側の岩に仏を刻む清水哉,清水,春
19557,堅横に清水流るゝ小村哉,清水,春
19558,旅人の知らで過ぎ行く清水哉,清水,春
19559,心太の桶に落ち込む清水哉,清水,春
19560,庭清水藤原村の七番戸,清水,春
19561,万籟寂たり清水静に砂を吹く,清水,春
19562,万籟寂然清水静に砂を吹く,清水,春
19563,我顔のうつりて寒き清水哉,清水,春
19564,浅く見えて杓の届かぬ清水哉,清水,春
19565,汗臭き手拭洗ふ清水哉,清水,春
19566,かち栗に喉の乾きや山清水,清水,春
19567,口つけて眉のぬれたる清水哉,清水,春
19568,小柄杓に鎖つけたる清水哉,清水,春
19569,清水引く茶店の庭の筧哉,清水,春
19570,旅人の顔洗ひ居る清水哉,清水,春
19571,旅人ののみほして行く清水哉,清水,春
19572,手桶持つ人に清水を尋ねけり,清水,春
19573,ねらはれし魚の命や山清水,清水,春
19574,一隅は清水つめたき小池哉,清水,春
19575,人も居らず瓜ひやしたる清水哉,清水,春
19576,もとかしく片手に掬ふ清水哉,清水,春
19577,夕暮を清水も飲まず急ぎけり,清水,春
19578,苔のなき石を踏場の清水哉,苔清水,夏
19579,千代能の桶すてられて苔清水,苔清水,夏
19580,二三町温泉を去りて苔清水,苔清水,夏
19581,飯くれぬ村はありとも苔清水,苔清水,夏
19582,苔清水馬の口籠をはづしけり,苔清水,夏
19583,苔清水底砂にして青松葉,苔清水,夏
19584,苔ともにすくひあげたる清水哉,苔清水,夏
19585,西行の掬びあまりや苔清水,苔清水,夏
19586,滝わくや仰きつふしつ二千丈,滝,夏
19587,滝殿のしぶきや料紙硯箱,滝,夏
19588,子宝のにぎはふまちや吹きながし,幟,夏
19589,子どもらの笑ひも高きのぼりかな,幟,夏
19590,雨雲をさそふ嵐の幟かな,幟,夏
19591,おもしろくふくらむ風や鯉幟,幟,夏
19592,風吹て虚空にひゞく幟哉,幟,夏
19593,幟たてゝ嵐のほしき日なりけり,幟,夏
19594,山里の幟見て来よ京男,幟,夏
19595,大風の俄かに起る幟かな,幟,夏
19596,大幟百万石の城下かな,幟,夏
19597,大会の小旗にまじる幟かな,幟,夏
19598,幟立てる人家は遠し大伽藍,幟,夏
19599,朝嵐隣の幟立てにけり,幟,夏
19600,ある夜来て梟啼きぬ幟竿,幟,夏
19601,傘さして幟見るなり阪の上,幟,夏
19602,傘さして幟見るなり橋の上,幟,夏
19603,鷹一羽舞ひ上りたる幟哉,幟,夏
19604,鷹一羽舞ひ下りたる幟かな,幟,夏
19605,幟暮れて五日の月の静かなり,幟,夏
19606,山里に雲打払ふ幟哉,幟,夏
19607,山里に雲吹きはらふ幟かな,幟,夏
19608,大家や幟の風の菖蒲吹く,幟,夏
19609,君が代や縮緬の鯉菖蒲の太刀,幟,夏
19610,儒者の家に幟立てたり垣隣,幟,夏
19611,幟竿物干竿はふんどしが,幟,夏
19612,嵐して鯉翻る十万家,幟,夏
19613,木多き庭に立てし鯉の吹かれ得ざる,幟,夏
19614,鯉高く吹くや上野の山颪,幟,夏
19615,鯉二旒一つは赤くして小し,幟,夏
19616,鍾鬼画く鍛治屋か裏の幟かな,幟,夏
19617,野に出でゝ見返る町の幟哉,幟,夏
19618,東村の幟西村の幟哉,幟,夏
19619,舟に見る膳所の城下の幟哉,幟,夏
19620,三鱗の紋を染めたる幟哉,幟,夏
19621,夕栄に四五本里の幟哉,幟,夏
19622,五女ありて後の男や初幟,幟,夏
19623,引きおろす三筋の鯉や風やまず,幟,夏
19624,ひるがへる鯉吹抜や遅桜,幟,夏
19625,よしあるをそだてまゐらすや内幟,幟,夏
19626,連名の座敷幟を贈りけり,幟,夏
19627,道々や雫したゝる菖売,菖蒲売,夏
19628,風吹て燕の落すあやめかな,菖蒲葺く,夏
19629,かつまたの池の雫やふきあやめ,菖蒲葺く,夏
19630,菖ふいて岡崎女郎衆の薫り哉,菖蒲葺く,夏
19631,菖ふくや草だらけなる屋根の上,菖蒲葺く,夏
19632,大家に菖葺くなり兜町,菖蒲葺く,夏
19633,菖葺くよしもなかなか大伽藍,菖蒲葺く,夏
19634,人の妻の菖蒲葺くとて楷子哉,菖蒲葺く,夏
19635,明家に菖蒲葺いたる屋主哉,菖蒲葺く,夏
19636,いたづらに菖蒲かけたり留守の家,菖蒲葺く,夏
19637,かしましく菖葺くなる大家哉,菖蒲葺く,夏
19638,菖蒲葺いてつ波来べしと思ひきや,菖蒲葺く,夏
19639,東京や菖蒲葺いたる家古し,菖蒲葺く,夏
19640,人並に菖蒲葺きけり医者の家,菖蒲葺く,夏
19641,古家に五尺の菖かけてけり,菖蒲葺く,夏
19642,古家に六日の菖蒲匂ひけり,菖蒲葺く,夏
19643,藁屋根に根のつきさうな菖蒲哉,菖蒲葺く,夏
19644,いかめしき児のありきや菖蒲太刀,菖蒲刀,夏
19645,菖蒲湯や中に交りし菖蒲刈,菖蒲湯,夏
19646,風呂の隅に菖蒲かたよせる女哉,菖蒲湯,夏
19647,御湯殿に菖蒲投げこむ雑仕哉,菖蒲湯,夏
19648,菖蒲湯に菖蒲かぶりし子供哉,菖蒲湯,夏
19649,暁の菖蒲湯に入る一人かな,菖蒲湯,夏
19650,菖蒲湯に桶の少き風呂屋かな,菖蒲湯,夏
19651,菖蒲湯の菖蒲に遊ぶ童哉,菖蒲湯,夏
19652,菖蒲湯や病おこたるかんの君,菖蒲湯,夏
19653,菖蒲湯や男の子つれたる女親,菖蒲湯,夏
19654,昼過や菖蒲湯濁る糠の汁,菖蒲湯,夏
19655,湯に入るや湯満ちて菖蒲あふれこす,菖蒲湯,夏
19656,湯を抜くや菖蒲ひつゝく風呂の底,菖蒲湯,夏
19657,屈原は下戸なりけらし菖蒲酒,菖蒲酒,夏
19658,傾城の故郷や思ふ柏餅,柏餅,春
19659,子を祝ふ俳句の会や柏餅,柏餅,春
19660,粽持つ一寸法師のつかひ哉,粽,夏
19661,むすぶまでひんとはねたる粽かな,粽,夏
19662,霰ふることもありしか笹粽,粽,夏
19663,風吹て粽の動く柱かな,粽,夏
19664,傾城をかむろとりまく粽哉,粽,夏
19665,はで残す赤元結のちまき哉,粽,夏
19666,草の戸の粽に蛍来る夜かな,粽,夏
19667,あはれさは粽に露もなかりけり,粽,夏
19668,思ひよらぬ木末の声やくらべ馬,競馬,秋
19669,風吹てほこりにいさむ競馬哉,競馬,秋
19670,くらべ馬おくれし一騎あはれなり,競馬,秋
19671,中将の娘見初る競馬かな,競馬,秋
19672,芦毛より栗毛は早し競馬,競馬,秋
19673,我が前に来て見定めぬ競馬哉,競馬,秋
19674,蜑の子や男女わかれて印地打,印地打,秋
19675,印地やんで五日の月の上りけり,印地打,秋
19676,薬日や御殿の屋根の承路盤,薬の日,冬
19677,薬ふる日とて仰むく子供かな,薬の日,冬
19678,薬降る園や山吹咲き残る,薬の日,冬
19679,薬玉にかくれうせたる禿哉,薬玉,夏
19680,薬玉のふさふりさばく思ひ哉,薬玉,夏
19681,灌仏やはや行水のころになる,仏生会,春
19682,灌仏やうぶ湯の桶に波もなし,仏生会,春
19683,灌仏や酒のみさうな顔はなし,仏生会,春
19684,乾坤をこねて見たれは仏かな,仏生会,春
19685,灌仏や洗ひあげたる箔の色,仏生会,春
19686,灌仏や忍び参りの緋の袴,仏生会,春
19687,灌仏やはだかわらべの晴れ心,仏生会,春
19688,卯の花に仏は暑き赤子哉,仏生会,春
19689,卯の花に仏は黒き赤子哉,仏生会,春
19690,山寺に仏生るゝ日の淋し,仏生会,春
19691,灌仏や尼の子尼になりにけり,仏生会,春
19692,涅槃より五十日にして仏生会,仏生会,春
19693,灌仏や浮世は罌粟の花盛,仏生会,春
19694,灌仏や童集まる朝まだき,仏生会,春
19695,灌仏を覗いて通る旅路哉,仏生会,春
19696,花御堂の花しほれたる夕日哉,仏生会,春
19697,善き人の花の供養や仏生会,仏生会,春
19698,お釈迦様の尻まだ青き産湯哉,仏生会,春
19699,騎射の画や孫あつめて翁物語る,騎射,新年
19700,行列の葵の橋にかゝりけり,葵祭,夏
19701,下加茂や祭も過ぎて鳩の声,葵祭,夏
19702,裾濃むら濃加茂の祭の近づきぬ,葵祭,夏
19703,子を抱て葵祭の道の端,葵祭,夏
19704,地に落し葵踏み行く祭哉,葵祭,夏
19705,鉾をひく牛もいたわるまつり哉,祭,夏
19706,鉾をひく牛をいたわるまつり哉,祭,夏
19707,旅人や花車に粉るゝ村まつり,祭,夏
19708,一日は豆腐もくはぬ祭り哉,祭,夏
19709,牛かひや京の祭の桜笠,祭,夏
19710,旅僧の面をかくすまつり哉,祭,夏
19711,錦着て牛の汗かく祭りかな,祭,夏
19712,弁慶の餅くふてゐる祭哉,祭,夏
19713,夕立の空とぼけなる祭り哉,祭,夏
19714,井の水は鏡の如しおきまつり,祭,夏
19715,塩釜や祭も過ぎて鳩のこゑ,祭,夏
19716,やゝ熱し茶釜も出たる祭哉,祭,夏
19717,祭見に物争へる舎人哉,祭,夏
19718,鶯も老て根岸の祭かな,祭,夏
19719,不消化な料理を夏の祭りかな,祭,夏
19720,野も山も動くけしきや神輿捏,神輿,秋
19721,夕くれに覚束なしや鍋の数,筑摩祭,夏
19722,五つ子も小鍋をかぶりまつり哉,筑摩祭,夏
19723,五ツ子も小鍋を冠る祭哉,筑摩祭,夏
19724,鍋祭鍋に糞する烏かな,筑摩祭,夏
19725,君は今夏に籠るとぞ聞えける,夏籠,夏
19726,夏籠りの我をにらむか卓の上,夏籠,夏
19727,夏籠に痩る禿の哀れ也,夏籠,夏
19728,夏籠の我をにらむか蟇,夏籠,夏
19729,夏籠や我は発句を書きためん,夏籠,夏
19730,二人ならば夏籠りせんと思ひけり,夏籠,夏
19731,夏籠りの我に向ふや卓の上,夏籠,夏
19732,夏籠や仏刻まむ志,夏籠,夏
19733,俳諧の仏千句の安居哉,夏籠,夏
19734,うき人を墨染にせん夏書かな,夏書,夏
19735,傾城に起請の外の夏書哉,夏書,夏
19736,仁和寺にやごとなき人の夏書哉,夏書,夏
19737,いたはしき法親王の夏書哉,夏書,夏
19738,かしこくも法親王の夏書哉,夏書,夏
19739,小硯に金泥かわく夏書哉,夏書,夏
19740,心の字を写すに難き夏書哉,夏書,夏
19741,筆を手に夏書の人の昼寝哉,夏書,夏
19742,痩せるだけ痩せよと思ふ夏断哉,夏断,夏
19743,肴多き海辺の里に夏断哉,夏断,夏
19744,不二垢離にゆふべの夢を洗ひけり,富士垢離,冬
19745,富士垢離は倶利迦羅紋の男哉,富士垢離,冬
19746,雲の峰いくつこえきて富士詣,富士詣,夏
19747,ありあけの白帆を見たり富士詣,富士詣,夏
19748,甲斐の雲駿河の雲や不二詣,富士詣,夏
19749,九合目へ来て気のせくやふし詣,富士詣,夏
19750,空に入る身は軽げなりふし詣,富士詣,夏
19751,飛び下りた夢も見る也不二詣,富士詣,夏
19752,松原に雪投げつけんふじ詣,富士詣,夏
19753,松原へ雪投げつけんふし詣,富士詣,夏
19754,うたゝねの夢に攀ぢけり額の不二,富士詣,夏
19755,紅の朝日すゞしや不二詣,富士詣,夏
19756,月も日も夢の下なり不二詣,富士詣,夏
19757,不二詣烏の鳴かぬ朝清し,富士詣,夏
19758,不二詣水無月の雪に鰒もかな,富士詣,夏
19759,短夜の限りを見たり不二詣,富士詣,夏
19760,門を出て見ながら行や不二詣,富士詣,夏
19761,雲置くや朝飯冷ゆる不二の室,富士詣,夏
19762,遠眼鏡富士行く人を見んとすれど,富士詣,夏
19763,富士に寝て巨燵こひしき夜もありし,富士詣,夏
19764,富士登る外国人の噂かな,富士詣,夏
19765,雪くひに行くとて人の富士詣,富士詣,夏
19766,富士行者白衣に雲の匂ひあり,富士詣,夏
19767,竹植て嬉しき窓の青み哉,竹植る日,春
19768,竹植ゑて朋有り遠方より来る,竹植る日,春
19769,竹植ゑて人仮住居す上根岸,竹植る日,春
19770,竹買ふて竹植うる日に植ゑにけり,竹植る日,春
19771,御祓してはじめて夏のをしき哉,みそぎ,夏
19772,牛引て通りかゝるや御祓川,みそぎ,夏
19773,風吹て口髭そよぐ御祓哉,みそぎ,夏
19774,爪たてゝ蟹の出てくる御祓哉,みそぎ,夏
19775,御祓して帰るたもとに蛍かな,みそぎ,夏
19776,水上はふんどし洗ふ御祓哉,みそぎ,夏
19777,荻の葉にかゝる御幣や御祓川,みそぎ,夏
19778,かは風にうしろ吹かるゝ御祓哉,みそぎ,夏
19779,川風に背中吹かるゝ御祓哉,みそぎ,夏
19780,雨雲の烏帽子に動く御祓哉,みそぎ,夏
19781,神鳴の次第に近き御祓哉,みそぎ,夏
19782,兎に角に御祓も過ぎて夜半哉,みそぎ,夏
19783,形代に卯の年男とぞ書ける,みそぎ,夏
19784,御祓して帰れば西に星の飛ぶ,みそぎ,夏
19785,御祓して星一つ飛ぶ西の空,みそぎ,夏
19786,人形の鉾にゆらめくいさみ哉,祗園会,夏
19787,入相のなり行く上を鉾の児,祗園会,夏
19788,祗園会や小道小道の人の蟻,祗園会,夏
19789,祗園会や錦の上に京の月,祗園会,夏
19790,月鉾や空に賑ふ乙鳥,祗園会,夏
19791,月鉾や傘鉾かけて虹の橋,祗園会,夏
19792,祗園会や紅うつる東山,祗園会,夏
19793,祗園会や二階に顔のうづ高き,祗園会,夏
19794,鉾並ぶ四条通りや朝の雨,祗園会,夏
19795,横町や祗園祭の西瓜店,祗園会,夏
19796,藪医者の先がけしたる茅の輪哉,茅の輪,夏
19797,大矢数中にまじりて山法師,大矢数,新年
19798,篝燃えて既に矢数の用意かな,大矢数,新年
19799,侍のしばし見て去る矢数かな,大矢数,新年
19800,名を記す矢数の主のほまれかな,大矢数,新年
19801,時鳥聞かず顔なる矢数かな,大矢数,新年
19802,やぶ入や真ツ昼中の閻魔堂,藪入,春
19803,ヤブ入ノ小僧ノ群ヤ夏芝居,藪入,春
19804,夏休みの人と見えけり白鹿摺,夏休,夏
19805,夏休みの書生に逢ひぬ瀬戸の船,夏休,夏
19806,夏休みの書生になじむ船の飯,夏休,夏
19807,夏休み来るべく君を待まうけ,夏休,夏
19808,夏休ミ夜店ニ土産トヽノヘテ,夏休,夏
19809,腐り居る暑中見舞の卵かな,暑中見舞,夏
19810,見渡せば富士迄つゞく田植哉,田植,夏
19811,一日は児も手伝ふて田うゑ哉,田植,夏
19812,五月雨に笠のふゑたる田植かな,田植,夏
19813,陣笠を着た人もある田植哉,田植,夏
19814,女房のとかくおくれる田植哉,田植,夏
19815,花嫁の笠きて蓑きて田植哉,田植,夏
19816,母の乳を泥手で撫でる田植哉,田植,夏
19817,見る限りわが領分の田植哉,田植,夏
19818,宿なしの庭ひろひろと田植哉,田植,夏
19819,赤阪の御油へつゞく田植哉,田植,夏
19820,笠を着て誰に田植の薄化粧,田植,夏
19821,兼平の塚を目あてに田植哉,田植,夏
19822,兼平の塚をめあての田植哉,田植,夏
19823,日焼田に覚束なくも田植哉,田植,夏
19824,鎌倉や田植ゑて帰る人若し,田植,夏
19825,鎌倉や田植みかへる人若し,田植,夏
19826,子を負ふて小川飛びこす田植哉,田植,夏
19827,利根川の向ふは遅き田植哉,田植,夏
19828,苗植ゑて鯰のたくる小川哉,田植,夏
19829,水引くや田川は横にすぢかひに,田植,夏
19830,嫁入りて今年植ゑけり隣の田,田植,夏
19831,雨の日は雨に興がる田植かな,田植,夏
19832,犬も猫も田植の留守の昼寝哉,田植,夏
19833,うき人に尻を向けたる田植かな,田植,夏
19834,うら若き夫婦二人の田植哉,田植,夏
19835,植ゑ残す水田に朝の靄深し,田植,夏
19836,大雨の中に四五人田植かな,田植,夏
19837,思ひそめぬ雨の田植の夕より,田植,夏
19838,傘さして田植見て居る一人哉,田植,夏
19839,水深く田植すべくもあらぬ哉,田植,夏
19840,やもめ一人月に裾田の早苗とる,田植,夏
19841,朝夕に神きこしめす田歌かな,田植唄,夏
19842,鎌倉は何とうたふか田植歌,田植唄,夏
19843,島原や昼はものうき田植歌,田植唄,夏
19844,そぼふるやあちらこちらの田植歌,田植唄,夏
19845,楼に上れば南郊の雨に田植歌,田植唄,夏
19846,早をと女に夏痩のなきたうとさよ,早乙女,夏
19847,さをとめのあやめを抜て戻りけり,早乙女,夏
19848,早乙女の黒き色こそ尊けれ,早乙女,夏
19849,早乙女の恋するひまもなかりけり,早乙女,夏
19850,さをとめの泥をおとせば足軽し,早乙女,夏
19851,早乙女の名は落しけり田草取,早乙女,夏
19852,早乙女の名を落しけり田草取,早乙女,夏
19853,早乙女のむかしを語れ小傾城,早乙女,夏
19854,早乙女やとる手うゝる手隙もなき,早乙女,夏
19855,早乙女やとる手かゝる手ひまもなき,早乙女,夏
19856,早乙女を汽車より見そめ給ひけり,早乙女,夏
19857,早乙女のならぶや宮を尻にして,早乙女,夏
19858,さをとめの一むれ帰る小道哉,早乙女,夏
19859,さをとめや牛は固より黒きもの,早乙女,夏
19860,さをとめや泥から生えし足の色,早乙女,夏
19861,画にかけば菅笠ばかり植をとめ,早乙女,夏
19862,夕月や早乙女うたひつゝかへる,早乙女,夏
19863,夕月夜早少女うたひつゝ帰る,早乙女,夏
19864,歌もなき雨のさをとめ哀れなり,早乙女,夏
19865,早少女に物問ふて居る法師哉,早乙女,夏
19866,早乙女の弁当を覗く鴉かな,早乙女,夏
19867,早乙女やどの顔見ても姉妹,早乙女,夏
19868,六十のそれも早少女とこそ申せ,早乙女,夏
19869,田草取きまつた歌はなかりけり,田草取,夏
19870,田草とり世のわつらひはまた知らず,田草取,夏
19871,我先に穂に出て田草ぬかれけり,田草取,夏
19872,我先に穂に出て田草引かれけり,田草取,夏
19873,折々は田螺つかみつ田草取,田草取,夏
19874,折々は田螺にぎりつ田草取,田草取,夏
19875,汽車行くやひんと立たる田草取,田草取,夏
19876,菅笠も三番草のふるび哉,田草取,夏
19877,稗蒔や百姓鶴に語つて日く,稗蒔,夏
19878,夏館異人住むかや赤い花,夏館,夏
19879,泉殿に朗詠うたふ声更けぬ,泉殿,春
19880,舟てくる友もありけり夏座敷,夏座敷,夏
19881,帆の風を半分もらふて夏座敷,夏座敷,夏
19882,帆の風をわけてもらふや夏座敷,夏座敷,夏
19883,夏座敷海に白帆の徃来あり,夏座敷,夏
19884,夏座敷松風を召され候ぞ,夏座敷,夏
19885,欄に近く白帆通りぬ夏座敷,夏座敷,夏
19886,小娘の団扇つかふや青すだれ,青簾,夏
19887,そよそよと風の吹けり青簾,青簾,夏
19888,和かな風を生みけり青簾,青簾,夏
19889,待乳山ひらりと見えぬ青簾,青簾,夏
19890,青すたれかけそめた日や風かほる,青簾,夏
19891,青簾光源氏のわらひ声,青簾,夏
19892,萱町や裏へまはれば青簾,青簾,夏
19893,松の木のすき影黒し青簾,青簾,夏
19894,青簾娘をもたぬ家もなし,青簾,夏
19895,伊予の名のけふにあひけり青簾,青簾,夏
19896,傾城も娘めきたり青簾,青簾,夏
19897,御報捨の杓さし出すや青簾,青簾,夏
19898,はらはらと衣のさはりや青簾,青簾,夏
19899,はらはらと衣のさはるや青すたれ,青簾,夏
19900,ひるかへす風のけしきや青簾,青簾,夏
19901,議事堂や出口出口の青簾,青簾,夏
19902,古家や奈良の都の青簾,青簾,夏
19903,青簾かすれかすれの白帆かな,青簾,夏
19904,青簾猫かき上るかげすなり,青簾,夏
19905,青簾捲けよ雲見ん岩屋寺,青簾,夏
19906,青簾六位の君の笑ひけり,青簾,夏
19907,門口や忌中と書きし青簾,青簾,夏
19908,古壺に金魚飼ふたり青簾,青簾,夏
19909,ほろほろと雨吹きこむや青簾,青簾,夏
19910,二階には娘住ませつ青簾,青簾,夏
19911,人少きお前の様や青簾,青簾,夏
19912,おとなしく風篩ひこむ簾かな,簾,夏
19913,簾捲く指図の下けり待乳山,簾,夏
19914,捲き上る簾の下や待乳山,簾,夏
19915,夕月や簾に動く花の影,簾,夏
19916,簟五尺四方の世界哉,簟,夏
19917,簟児のいばりの流れけり,簟,夏
19918,持ち来るアイスクリムや簟,簟,夏
19919,耕した夕くたびれや簟,簟,夏
19920,掛香や遊女が親の泥臭き,掛香,冬
19921,掛香や車せりあふ物っまうで,掛香,冬
19922,掛香やすれ違ひたる宵の闇,掛香,冬
19923,三輪の天国香や二輪散る,掛香,冬
19924,掛香ヤ紅粉ヤクサヾヽ京土産,掛香,冬
19925,掛香ヲ人ニクレケリ後家ノ君,掛香,冬
19926,上ひとつぬぐやかたゐの更衣,更衣,夏
19927,やすんたる日より大工の衣かへ,更衣,夏
19928,やせたりといわれてをかし更衣,更衣,夏
19929,屋根にあやめ軒にすたれや衣かへ,更衣,夏
19930,姉が織り妹が縫ふて更衣,更衣,夏
19931,行脚する心に安し衣かへ,更衣,夏
19932,着心や妹がしたての衣かへ,更衣,夏
19933,気安さや五月になりて更衣,更衣,夏
19934,金春や三味の袋も衣かへ,更衣,夏
19935,袂には鼻紙もなし更衣,更衣,夏
19936,ふんどしも白うなりけり衣がえ,更衣,夏
19937,松の木をかゝへて見たり衣更,更衣,夏
19938,松の木をかゝへて見たる衣かへ,更衣,夏
19939,うき人にあふて恥かし衣かへ,更衣,夏
19940,風吹て飛ばんとぞ思ふ衣かへ,更衣,夏
19941,衣かへ鏡か浦を見に出たり,更衣,夏
19942,天竺の仏は何を衣かへ,更衣,夏
19943,飛石へはだしで出たり衣かへ,更衣,夏
19944,何吹くと定めぬ朝や衣かへ,更衣,夏
19945,庭石へ跣足で出たり衣かへ,更衣,夏
19946,ぬれ髪を干す日や蜑の衣かへ,更衣,夏
19947,身受けせし傾城くやし衣かへ,更衣,夏
19948,若殿の立ちぎゝにくし衣かへ,更衣,夏
19949,衣更へで飢に泣きたる女かな,更衣,夏
19950,是は是は醍醐の君の衣更かへ,更衣,夏
19951,更衣城門の大鼓いさましき,更衣,夏
19952,衣がへ日本服を着て来れ,更衣,夏
19953,衣がへ都見に出る男かな,更衣,夏
19954,衣かへ能く似た人の通りけり,更衣,夏
19955,衣かへて青空の色めづらしや,更衣,夏
19956,衣かへて再び来たり金の友,更衣,夏
19957,衣更へて奴の腋のあらはるゝ,更衣,夏
19958,船頭や陸へ出る日を衣がへ,更衣,夏
19959,更衣少し寒うて気あひよき,更衣,夏
19960,衣更へて鼓をあぶる男かな,更衣,夏
19961,墨染に衣かへたり最明寺,更衣,夏
19962,親はまだ衣更ふべくも見えざりき,更衣,夏
19963,極楽は衣も更へず仏だち,更衣,夏
19964,更衣草の葉木の葉皆動く,更衣,夏
19965,更衣故郷のたより届きけり,更衣,夏
19966,更衣此頃銭にうとき哉,更衣,夏
19967,更衣知らぬ鳥鳴く庭の木に,更衣,夏
19968,更衣蜻蛉も吾になじめかし,更衣,夏
19969,更衣無絃の琴を抱えけり,更衣,夏
19970,更衣老妓を招く詩会かな,更衣,夏
19971,更衣尾長鳥といふを吾見たり,更衣,夏
19972,衣更へて愚庵を訪はん東山,更衣,夏
19973,衣更へて髭剃つて書生来りけり,更衣,夏
19974,其中に衣更へざる一人かな,更衣,夏
19975,番頭の衣更へたる出店かな,更衣,夏
19976,人は皆衣など更へて来りけり,更衣,夏
19977,門前の流に遊ぶ更衣,更衣,夏
19978,田舎人の衣更へたる汽車場哉,更衣,夏
19979,衣更へつ甲板に出て鱶を見る,更衣,夏
19980,衣更へて出女門に出揃ひぬ,更衣,夏
19981,法帖の古きに臨む衣がへ,更衣,夏
19982,衣かへて愚庵を訪はん東山,更衣,夏
19983,更衣狭山の新茶到来す,更衣,夏
19984,衣更へて机に向ふうつし物,更衣,夏
19985,十年の病癒えけり更衣,更衣,夏
19986,雨の日ハ袷もほしや隅田の夏,袷,秋
19987,雨ふれハ袷もほしゝ隅田の夏,袷,秋
19988,三津口を又一人行く袷哉,袷,秋
19989,ありたけの道具ほり出す袷かな,袷,秋
19990,医者の子の木上りしたる袷哉,袷,秋
19991,うしろから猫の飛びつく袷哉,袷,秋
19992,うれしさに人も留守也袷時,袷,秋
19993,松島の心に近き袷哉,袷,秋
19994,老僧の錫杖みがく袷哉,袷,秋
19995,浅黄とも白ともつかぬ袷かな,袷,秋
19996,石橋を踏みならしたる袷哉,袷,秋
19997,襟元に蝨這出す袷かな,袷,秋
19998,蜻蛉のつまゝれさうな袷哉,袷,秋
19999,乗合の大勢になる袷哉,袷,秋
20000,故郷のたよりうれしき袷哉,袷,秋
20001,若人の眼鏡かけたり絹袷,袷,秋
20002,若き人の眼鏡掛けたり絹袷,袷,秋
20003,笑はれて又着かへたる袷かな,袷,秋
20004,袷着て白き花いけんとぞ思ふ,袷,秋
20005,旅人の破鐘たゝく袷かな,袷,秋
20006,辻駕につれだつ人の袷かな,袷,秋
20007,強弓を引きしぼりたる袷哉,袷,秋
20008,袷着て朝日寒がる馬の上,袷,秋
20009,袷着て碓氷峠を上りけり,袷,秋
20010,袷着て人鞦韆を試みる,袷,秋
20011,袷着て堀に投げたる礫かな,袷,秋
20012,袷著て行けばひらひら胡蝶飛ぶ,袷,秋
20013,著換売つて路銀にしたる袷哉,袷,秋
20014,めづらしく机に向ふ袷哉,袷,秋
20015,遠足に犬つれて行く袷かな,袷,秋
20016,新しきへこ帯古き袷かな,袷,秋
20017,袷着て帰去来を賦す五人扶持,袷,秋
20018,京近く旅費の尽きたる袷哉,袷,秋
20019,五斗米の望もなくて古袷,袷,秋
20020,地謡の人並びたる袷哉,袷,秋
20021,袷著ておくれしと行くや橋供養,袷,秋
20022,袷着て馳せ行くもあり橋供養,袷,秋
20023,袷著し犬のお夏や犬芝居,袷,秋
20024,歌をよむ従五位の君や絹袷,袷,秋
20025,素袷や黒三郎が妾,袷,秋
20026,いつきても風孕むなり絽の羽織,夏羽織,夏
20027,いつきても風を孕むか絽の羽織,夏羽織,夏
20028,誰が紋をつけて見やうぞ夏羽織,夏羽織,夏
20029,夏羽織われをはなれて飛ばんとす,夏羽織,夏
20030,脱ぎすてし夏の羽織に風孕む,夏羽織,夏
20031,破れ易し人のかたみの夏羽織,夏羽織,夏
20032,挨拶や夏の羽織もつくろはす,夏羽織,夏
20033,江の島に遊ぶ支度や夏羽織,夏羽織,夏
20034,かしこまる角力取供や夏羽織,夏羽織,夏
20035,此頃の会社つとめや夏羽織,夏羽織,夏
20036,先生の夏羽織脱く揮毫哉,夏羽織,夏
20037,ちりかゝる松の落葉や夏羽織,夏羽織,夏
20038,夏羽織琵琶湖の風に吹かれけり,夏羽織,夏
20039,夏羽織露月は医者になりにけり,夏羽織,夏
20040,脱いで置く夏の羽織や芝居茶屋,夏羽織,夏
20041,薄物の羽織や人のにやけたり,夏羽織,夏
20042,めでたさに石投げつけん夏小袖,夏小袖,夏
20043,提灯の火影にさきぬ辻が花,辻が花,春
20044,帷子や蝙蝠傘のかいき裏,帷子,夏
20045,帷子のあさはか過る郭哉,帷子,夏
20046,帷子をこほるゝ肌の匂ひ哉,帷子,夏
20047,川風は只帷子の一重哉,帷子,夏
20048,帷子のわれを離れてとばんとす,帷子,夏
20049,帷子や須磨は松風松の雨,帷子,夏
20050,帷子のちゞみあがりて腕白し,帷子,夏
20051,帷子に風吹き起る滝の茶屋,帷子,夏
20052,帷子に人はしたなき脇臭かな,帷子,夏
20053,脱がんとす帷子を松の風が吹く,帷子,夏
20054,旅衣ひとへにわれを護り給へ,単衣,夏
20055,旅人の単衣かさぬるすゝみ哉,単衣,夏
20056,松島の風に吹かれん単もの,単衣,夏
20057,山風やそれぬぎすてよ単もの,単衣,夏
20058,絶頂に上れば寒しひとへもの,単衣,夏
20059,単物飄然として郷を出づ,単衣,夏
20060,ひとへものもとより羽織などは著ず,単衣,夏
20061,家並に娘見せたる浴衣哉,浴衣,夏
20062,旅籠屋に浴衣のそろふ廊下哉,浴衣,夏
20063,草鞋といて浴衣きて飯のうまき哉,浴衣,夏
20064,草鞋解いて浴衣着て飯のうまさ哉,浴衣,夏
20065,獄を出て浴衣着て腕さすりたる,浴衣,夏
20066,日曜や浴衣袖広く委蛇委蛇たり,浴衣,夏
20067,家に帰りて汗臭からぬ浴衣哉,浴衣,夏
20068,旅にして妓楼に遊ぶ浴衣哉,浴衣,夏
20069,浴衣著て遠くに遊ぶ湯治哉,浴衣,夏
20070,浴衣著テ田舎ノ夜店見ニ行キヌ,浴衣,夏
20071,夏衣十年の蝨未だ死せず,羅,夏
20072,夏衣絹の好みはなかりけり,羅,夏
20073,夏衣絹を着たるぞあさましき,羅,夏
20074,羅の頭巾や老の童顔,羅,夏
20075,羅を夜の葵にかぶせはや,羅,夏
20076,羅に赤き下著を重ねけり,羅,夏
20077,羅に腰の細さよ京女,羅,夏
20078,うすものに堪へざる美女の立居かな,羅,夏
20079,羅の袖ひるがへす舞子かな,羅,夏
20080,薄物をかけし衣桁や風渡る,羅,夏
20081,かたがたの身の上きかん白重,白重,冬
20082,筆とつて冨士や画かん白重,白重,冬
20083,曙や眉墨匂ふ白重ね,白重,冬
20084,心ある人のすがたや白重,白重,冬
20085,夏服は若殿ぶりの馬上哉,夏服,夏
20086,夏服に白きチョッキの好みあり,夏服,夏
20087,夏衾をし鳥の画もなかりけり,夏衾,夏
20088,麁末にして新しきをぞ夏帽子,夏帽子,夏
20089,夏帽子人帰省すべきでたち哉,夏帽子,夏
20090,夏帽の白きをかぶり八字髯,夏帽子,夏
20091,夏帽の対なるをかぶり二三人,夏帽子,夏
20092,夏帽の人見送るや蜑が子等,夏帽子,夏
20093,夏帽の古きを以て漢法医,夏帽子,夏
20094,夏帽も取りあへぬ辞誼の車上哉,夏帽子,夏
20095,夏帽や吹き飛ばされて濠に落つ,夏帽子,夏
20096,夏帽をかぶつて来たり探訪者,夏帽子,夏
20097,アンペラの夏帽古き医師かな,夏帽子,夏
20098,夏帽に桔梗さしたる生徒哉,夏帽子,夏
20099,夏頭巾口をつぐみて一句なし,夏帽子,夏
20100,夏帽ヲ欺カレケリ夜店物,夏帽子,夏
20101,夜店ナル安夏帽ヤ買ヒガテヌ,夏帽子,夏
20102,麦わらの帽子に杉の落は哉,麦稈帽,夏
20103,潮あびる裸の上の藁帽子,麦稈帽,夏
20104,足遅きは女なるらん日傘,日傘,夏
20105,清水の阪のぼり行く日傘かな,日傘,夏
20106,黒雲のにわかに騒ぐ日傘かな,日傘,夏
20107,一つ二つ日傘さしたる渡し哉,日傘,夏
20108,蚊やつれば蚊? のそよぎや窓の月,蚊帳,夏
20109,我庵の儀式につるや破れ蚊帳,蚊帳,夏
20110,鼾あり皿も徳利も蚊帳の外,蚊帳,夏
20111,瘧落て足ふみのばす蚊帳哉,蚊帳,夏
20112,片隅へ机おしやる蚊帳哉,蚊帳,夏
20113,蚊帳つれば蚊帳に吹く也松の風,蚊帳,夏
20114,蚊帳の風吹きまくらるゝ小供哉,蚊帳,夏
20115,はたこ屋に林檎くふ也蚊帳の中,蚊帳,夏
20116,ものうしや傾城をまつ蚊帳の中,蚊帳,夏
20117,蚊帳の中に書燈かすかに見ゆる哉,蚊帳,夏
20118,山寺や蚊帳の波うつ大座敷,蚊帳,夏
20119,暁や白帆過ぎ行く蚊帳の外,蚊帳,夏
20120,暁や松も白帆も蚊帳の外,蚊帳,夏
20121,明夜や蚊帳をはづして一寝入,蚊帳,夏
20122,明方の蚊帳はづせども鼾かな,蚊帳,夏
20123,明方や蚊帳を外して一寝入,蚊帳,夏
20124,蚊帳釣りて書読む人のともし哉,蚊帳,夏
20125,蚊帳つりて夜学の人のともし哉,蚊帳,夏
20126,峠より風吹きおろす蚊帳哉,蚊帳,夏
20127,はつきりと見る夜もなしに? の月,蚊帳,夏
20128,人もなし子一人寝たる蚊帳の中,蚊帳,夏
20129,藪原や蚊帳をめぐる山の雲,蚊帳,夏
20130,病む人の蚊帳にすがる起居哉,蚊帳,夏
20131,病む人の顔にかけたる蚊帳哉,蚊帳,夏
20132,夜や更けぬ蚊帳に近き波の音,蚊帳,夏
20133,別れとて片隅はづす蚊帳哉,蚊帳,夏
20134,暁の簪振ふ蚊帳かな,蚊帳,夏
20135,薄曇る夜明を蚊帳にこもりけり,蚊帳,夏
20136,家内十人蚊帳三ところに収まりぬ,蚊帳,夏
20137,唐人の白き蚊帳釣る寝台哉,蚊帳,夏
20138,淋しげに行燈立てり蚊帳の外,蚊帳,夏
20139,誰やらの忍びよつたる蚊帳かな,蚊帳,夏
20140,血眼に蚊帳を窺ふ抜刃哉,蚊帳,夏
20141,月よ風よわれ仰向けに蚊帳の中,蚊帳,夏
20142,手探りに日記しるすや蚊帳の中,蚊帳,夏
20143,鼠入つて四隅を落す蚊帳かな,蚊帳,夏
20144,裸身や蚊帳吹きつくる摩耶颪,蚊帳,夏
20145,旅籠屋の蚊帳に夜明けて須磨の海,蚊帳,夏
20146,更くる夜の蚊帳啼きめぐる小猫哉,蚊帳,夏
20147,夜の明くるけしき見て居る蚊帳の中,蚊帳,夏
20148,蚊帳に別れ蚊に眠られぬ夜もありき,蚊帳,夏
20149,蚊帳の別れ溲瓶に遠き心かな,蚊帳,夏
20150,君を送りて思ふことあり蚊帳に泣く,蚊帳,夏
20151,人愚なり雷を恐れて蚊帳に伏す,蚊帳,夏
20152,湯あみせし旅草臥や蚊帳の中,蚊帳,夏
20153,羅の蚊帳垂れてあり御寝処,蚊帳,夏
20154,羅の蚊帳つる君が寝床哉,蚊帳,夏
20155,蚊を焼くとて蚊帳を焼いてしまいけり,蚊帳,夏
20156,寝処ヲカヘタル蚊帳ノ別カナ,蚊帳,夏
20157,二ツ三ツ蚊ノ来ル蚊帳ノ別カナ,蚊帳,夏
20158,傾城の文反古まじる紙帳哉,紙帳,秋
20159,暁や紙帳に上る松の影,紙帳,秋
20160,きんたまのころげて出たる紙帳哉,紙帳,秋
20161,別れとて片隅はつす紙帳哉,紙帳,秋
20162,草の戸の夜明露けき紙帳かな,紙帳,秋
20163,よき風を膝にまとめし団扇哉,団扇,夏
20164,涼しさやあふぐ団扇のうらおもて,団扇,夏
20165,涼風やあふぐ団扇のうらおもて,団扇,夏
20166,小娘ののぞきこんだる団扇かな,団扇,夏
20167,母親に夏やせかくす団扇かな,団扇,夏
20168,蕗折て我も人並の団扇哉,団扇,夏
20169,家涼し団扇にのせて嵐山,団扇,夏
20170,うちはあれとさらにあふかん時もなし,団扇,夏
20171,蚊の多きひまな手多き団哉,団扇,夏
20172,傾城にあふがれて居る団哉,団扇,夏
20173,端居して葱をあふぐ団哉,団扇,夏
20174,人をよぶ団扇の音や夕涼み,団扇,夏
20175,昔咄団扇の風に薫りけり,団扇,夏
20176,京女てんてにかさすうちは哉,団扇,夏
20177,米つきの提げて出でけり大団扇,団扇,夏
20178,睾丸をのせて重たき団扇哉,団扇,夏
20179,傾城の顔にあてたる団扇哉,団扇,夏
20180,褌に団扇さしたる裸哉,団扇,夏
20181,松風の村雨を呼ぶ団扇かな,団扇,夏
20182,団扇腰に鍬つかひ居るあるじ哉,団扇,夏
20183,団扇取つて廊下舞ひ出る酒興かな,団扇,夏
20184,団扇持つてありけば駅を出はなれぬ,団扇,夏
20185,団扇持つて汽車に乗りたる道者哉,団扇,夏
20186,団扇持つて欄に凭れば風楼に入る,団扇,夏
20187,団扇もて我に吹き送れ不二の風,団扇,夏
20188,裏側は月と薄の団扇哉,団扇,夏
20189,川風や団扇持て人遠ありきす,団扇,夏
20190,絹団扇端居し居れば蛍飛ぶ,団扇,夏
20191,此頃や土産にもらふ江戸団扇,団扇,夏
20192,権助が名前書きけり渋団扇,団扇,夏
20193,盃をのせて出したる団扇哉,団扇,夏
20194,二階から屋根舟招く団扇哉,団扇,夏
20195,羽団扇に又孟獲を見る日かな,団扇,夏
20196,満月の雫を受けん水団扇,団扇,夏
20197,水団扇水散点す顔の上,団扇,夏
20198,欄干や団扇の下の淡路島,団扇,夏
20199,琉球の芭蕉の団扇贈られぬ,団扇,夏
20200,団扇出して先づ問ふ加賀は能登は如何,団扇,夏
20201,盜み出す女と話す団扇哉,団扇,夏
20202,古団扇涙の跡を見らるゝな,団扇,夏
20203,団扇さし団扇はさしてなかりけり,団扇,夏
20204,団扇持て小庭の月や夕歩行,団扇,夏
20205,三代の米つき今に渋団扇,団扇,夏
20206,はい原の団扇を送るたより哉,団扇,夏
20207,這ひいでし虫おさへたる団扇哉,団扇,夏
20208,人まねの団扇を使ふ小猿哉,団扇,夏
20209,ひとり酔ふて物謡ひ出す団扇哉,団扇,夏
20210,古畳団扇に虫をおさへけり,団扇,夏
20211,買ひに往て絵の気に入らぬ団扇かな,団扇,夏
20212,団扇二ツ角と雪とを画きけり,団扇,夏
20213,村と話す維駒団扇取つて傍に,団扇,夏
20214,手すさひの団扇画芭蕉キ角など,団扇,夏
20215,破団扇夏も一爐の備哉,団扇,夏
20216,誰が扇わすれおきけん松のもと,扇,夏
20217,こゝからも風は来るかやかけ扇,扇,夏
20218,ここからも風や吹くらんかけ扇,扇,夏
20219,剣売て扇さしたるすゞみかな,扇,夏
20220,旅人の扇置なり石の上,扇,夏
20221,ふしさへも一と夜に出来つ扇折,扇,夏
20222,謡師に肩はる癖の扇哉,扇,夏
20223,海は扇松島は其絵なりけり,扇,夏
20224,かざす顔に紅うつる扇哉,扇,夏
20225,京人は男もやさし紅扇,扇,夏
20226,傾城にとりかくされし扇哉,扇,夏
20227,傾城にものかゝれたる扇哉,扇,夏
20228,座敷から扇投げやる小舟哉,扇,夏
20229,松島に扇かさしてなかめけり,扇,夏
20230,ものいはぬ座頭にくしや京扇,扇,夏
20231,夕涼小魚のせたる扇哉,扇,夏
20232,草鞋とけて口にくはえる扇哉,扇,夏
20233,うつくしや京の女の扇折,扇,夏
20234,紅の扇と見ゆれ帯の間,扇,夏
20235,贈るべき扇も持たずうき別れ,扇,夏
20236,おさらばと扇をたゝむ別れかな,扇,夏
20237,これ迄と扇をたゝむ別れ哉,扇,夏
20238,たゝみたる扇にはねる蜈蚣かな,扇,夏
20239,旅人の破鐘叩く扇かな,扇,夏
20240,阿曽次郎と裏に書いたる扇哉,扇,夏
20241,君絵を画け我句を書かん白扇,扇,夏
20242,しひられてもの書きなぐる扇哉,扇,夏
20243,塾生の詩を書きたがる扇かな,扇,夏
20244,謡ひながら小銭を受くる扇哉,扇,夏
20245,扇持たずもとより羽織などは着ず,扇,夏
20246,あやまつて清水にぬらす扇哉,扇,夏
20247,大岡の訴を聞く扇哉,扇,夏
20248,髪結ふて古風な人の扇哉,扇,夏
20249,京に来て扇購ふいとま哉,扇,夏
20250,京の町にはでな扇を求めけり,扇,夏
20251,小扇をはつれて見ゆる寝顔哉,扇,夏
20252,たはれをや扇の手わさ小さかしき,扇,夏
20253,檜扇に歌も書れぬ思ひ哉,扇,夏
20254,紅扇十三にして舞をなす,扇,夏
20255,発心の歌書き捨てし扇哉,扇,夏
20256,物書いた扇を人に見られけり,扇,夏
20257,六十を祝ふて贈る扇哉,扇,夏
20258,ざれ歌の手跡めでたき扇哉,扇,夏
20259,為山画いて皆が贊する扇哉,扇,夏
20260,赤きものを子はめで草のざつ扇,扇,夏
20261,風板引け鉢植の花散る程に,風板,冬
20262,籠枕頭の下に夜は明けぬ,籠枕,夏
20263,あけかたは足でおし出す竹婦人,竹婦人,秋
20264,きぬきぬの朝ひやつくや竹婦人,竹婦人,秋
20265,抱籠やこの頃肌のふれ具合,竹婦人,秋
20266,きぬきぬの心やすさよ竹婦人,竹婦人,秋
20267,傾城の名をつけて見ん竹婦人,竹婦人,秋
20268,抱籠の一夜はかなき契り哉,竹婦人,秋
20269,古妻とよばん去年の竹婦人,竹婦人,秋
20270,昔竹取の翁といふあり竹婦人,竹婦人,秋
20271,淋しさやいくさの留守の竹婦人,竹婦人,秋
20272,抱籠のすねてころげる夜明かな,竹婦人,秋
20273,抱籠のすねて夜明くる蚊帳の外,竹婦人,秋
20274,年若く湯婆を知らず竹婦人,竹婦人,秋
20275,人若く湯婆を知らず竹婦人,竹婦人,秋
20276,用ゐざる抱籠邪魔な置処,竹婦人,秋
20277,抱籠の記ありお竹と名を命ず,竹婦人,秋
20278,抱籠を抱いて虫歯に泣く夜かな,竹婦人,秋
20279,夏の夜の月かすませる蚊遣哉,蚊遣,夏
20280,夏の夜の月くもらせる蚊遣哉,蚊遣,夏
20281,面白う紙帳をめぐる蚊遣哉,蚊遣,夏
20282,蚊遣たく煙の中や垣生今津,蚊遣,夏
20283,蚊遣火に涙まぎらす別れ哉,蚊遣,夏
20284,楠に二筋われるかやりかな,蚊遣,夏
20285,塩浜に夜は蚊遣のけふりかな,蚊遣,夏
20286,すじかひにかげろふ門の蚊遣哉,蚊遣,夏
20287,短夜のあしたにのこる蚊遣かな,蚊遣,夏
20288,夕風に畳はひ行く蚊やり哉,蚊遣,夏
20289,留守の家にひとり燃たる蚊遣哉,蚊遣,夏
20290,折々はあふいでのける蚊やりかな,蚊遣,夏
20291,鬼婆々の泪見せたる蚊遣哉,蚊遣,夏
20292,大津絵の赤鬼いぶす蚊遣哉,蚊遣,夏
20293,風吹て蚊遣にけふる小村哉,蚊遣,夏
20294,蚊遣火に宿かる法師色白し,蚊遣,夏
20295,蚊遣火の灰に風あり後夜の鐘,蚊遣,夏
20296,蚊遣火や長柄の橋の鉋屑,蚊遣,夏
20297,傾城の姿あらはす蚊遣哉,蚊遣,夏
20298,傾城の手つからくへる蚊遣哉,蚊遣,夏
20299,関守が火鉢にくべる蚊遣哉,蚊遣,夏
20300,児啼て蚊遣の煙奥くらし,蚊遣,夏
20301,燕の巣にふしまどふ蚊遣哉,蚊遣,夏
20302,何思ふ姿あらはす蚊遣哉,蚊遣,夏
20303,何思ふ室の遊女の蚊遣哉,蚊遣,夏
20304,鉢木の謡にむせぶ蚊遣哉,蚊遣,夏
20305,船にたく室の遊女の蚊遣哉,蚊遣,夏
20306,盆栽に蚊遣の煙かゝりけり,蚊遣,夏
20307,窓ならぶ長屋つゞきの蚊遣哉,蚊遣,夏
20308,門番の窓にわき出る蚊遣哉,蚊遣,夏
20309,藪多き侍町の蚊遣哉,蚊遣,夏
20310,山寺の方丈深き蚊遣哉,蚊遣,夏
20311,欄干をのぼる伏家の蚊遣哉,蚊遣,夏
20312,画姿に誰の廻向の蚊遣哉,蚊遣,夏
20313,蚊遣火や暮れて馬子帰ること遅し,蚊遣,夏
20314,唐人の煙たかりたる蚊遣りかな,蚊遣,夏
20315,何なりと草さしくへる蚊遣哉,蚊遣,夏
20316,方丈を蚊遣の煙這ひめくる,蚊遣,夏
20317,文机の下を這ひ出る蚊遣哉,蚊遣,夏
20318,右へなびき左へなびく蚊遣かな,蚊遣,夏
20319,物うつす筆に蚊遣の煙かな,蚊遣,夏
20320,蚊遣消えて人もの思ふ風情哉,蚊遣,夏
20321,蚊遣して盗人まつや御曹子,蚊遣,夏
20322,蚊遣つきて人物思ふ風情哉,蚊遣,夏
20323,夕飯や蚊遣もつるゝ箸の先,蚊遣,夏
20324,牛小屋に牛のたくらん蚊遣かな,蚊遣,夏
20325,親も子も雑魚提げて来る蚊遣哉,蚊遣,夏
20326,蚊遣して酒たけなは也小盗人,蚊遣,夏
20327,蚊遣して博奕うつ也山の宿,蚊遣,夏
20328,蚊遣りすてゝ辻君こもをかゝえ行,蚊遣,夏
20329,蚊遣火の煙に跡を隠しけり,蚊遣,夏
20330,蚊遣火や赤子煮え居る鍋の中,蚊遣,夏
20331,蚊遣火や老母このごろわづらひぬ,蚊遣,夏
20332,贋筆の達磨ふすぼる蚊遣かな,蚊遣,夏
20333,君待つ夜蚊遣の杉のなくなりぬ,蚊遣,夏
20334,小傾城蚊遣に顔をそむけゝり,蚊遣,夏
20335,小屏風に人しはぶきす夕蚊遣,蚊遣,夏
20336,惟盛をくどきかけたる蚊遣かな,蚊遣,夏
20337,辻堂に鼾聞ゆる蚊遣かな,蚊遣,夏
20338,霧深き賎が伏家の蚊遣かな,蚊遣,夏
20339,亡き妻の出よと蚊遣の煙かな,蚊遣,夏
20340,亡き妻も出よと蚊遣の煙哉,蚊遣,夏
20341,なぐさみに蚊遣す須磨の薄月夜,蚊遣,夏
20342,なぐさみに蚊やりす須磨の夕月夜,蚊遣,夏
20343,にきやかに貧乏村の蚊やり哉,蚊遣,夏
20344,旅籠屋に飯くふそばの蚊遣哉,蚊遣,夏
20345,旅籠屋の飯くふそばに蚊遣哉,蚊遣,夏
20346,山陰に小家ありて蚊遣煙る也,蚊遣,夏
20347,山陰の小家ありて蚊遣煙る也,蚊遣,夏
20348,李夫人のあらはれいづる蚊遣哉,蚊遣,夏
20349,路次入れば煙うづまく蚊遣かな,蚊遣,夏
20350,路次入れば煙がちなる蚊やり哉,蚊遣,夏
20351,湧きあがる貧乏村の蚊遣哉,蚊遣,夏
20352,海賊の船に蚊遣す博奕哉,蚊遣,夏
20353,伽羅の蚊遣羅の団扇彼も一時,蚊遣,夏
20354,講武所に蚊遣も焚かず夕化粧,蚊遣,夏
20355,喰ひ残す蜜柑の皮の蚊遣哉,蚊遣,夏
20356,小芸者の蚊遣も焚かず夕化粧,蚊遣,夏
20357,辻君の留守に燃えるたる蚊遣哉,蚊遣,夏
20358,蚊遣粉ノ夜店ニ人ノツドヒケリ,蚊遣,夏
20359,山寺の庫裏ものうしや蝿叩,蝿叩,夏
20360,山寺や酒のむ罪の蝿辷り,蝿叩,夏
20361,蝿叩きついでに蚤も叩かばや,蝿叩,夏
20362,蝿打てしばらく安し四畳半,蝿叩,夏
20363,看護婦やうたゝ寝さめて蝿を打つ,蝿叩,夏
20364,蝿打つて座禅の心乱れけり,蝿叩,夏
20365,晒し井や釣瓶におよぐ五年鮒,晒井,夏
20366,晒し井や蝿引きあまる裏戸口,晒井,夏
20367,布さらすこゝは玉川多摩の里,晒布,夏
20368,打ちあけた水風蘭に届きけり,打ち水,夏
20369,打水のあめふりかゝる蟇,打ち水,夏
20370,打水の音さらさらと庭の竹,打ち水,夏
20371,打水やまだ夕立の足らぬ町,打ち水,夏
20372,打ちわくる水や一番二番町,打ち水,夏
20373,打水に小庭は苔の匂ひ哉,打ち水,夏
20374,打水の力ぬけたる柳哉,打ち水,夏
20375,打水や虹を投出す大柄杓,打ち水,夏
20376,打水やぬれていでたる竹の月,打ち水,夏
20377,水うてば犬の昼寝にとゞきけり,打ち水,夏
20378,打水や蘇鉄の雫松の露,打ち水,夏
20379,古庭や水打つ夕苔くさき,打ち水,夏
20380,水打て石燈籠の雫かな,打ち水,夏
20381,三階の屋根に水打つ喞筒哉,打ち水,夏
20382,水打つや蝉驚いて飛んで行く,打ち水,夏
20383,打水の松に雫す八日月,打ち水,夏
20384,うち水や上野の山へとゞけとて,打ち水,夏
20385,裏町や水打さして馬車を見る,打ち水,夏
20386,裏町や水打やめて馬車を見る,打ち水,夏
20387,片側は水を撒きけり広小路,打ち水,夏
20388,行列のあとに水打つほこり哉,打ち水,夏
20389,長松と長吉ときそひ水を打,打ち水,夏
20390,庭前に水打て月山の上,打ち水,夏
20391,埃立て水まく人の行へかな,打ち水,夏
20392,水打つや上野の山にとゝけとて,打ち水,夏
20393,水打つや上野の山の梺路,打ち水,夏
20394,盛砂や水打つ門の人さわぐ,打ち水,夏
20395,夕栄に水打つ松の木末哉,打ち水,夏
20396,出陣に似たる日もあり土用干,土用干,秋
20397,白無垢の一竿すゞし土用干,土用干,秋
20398,土用干うその鎧もならびけり,土用干,秋
20399,ほその緒や親の手跡の土用干,土用干,秋
20400,虫干の小袖に蝶のとまりけり,土用干,秋
20401,虫干の塵や百年二百年,土用干,秋
20402,虫干や花見月見の衣の数,土用干,秋
20403,やかれたる夏や睾丸の土用干,土用干,秋
20404,風吹て本面白や土用干,土用干,秋
20405,血のついた物の具多し土用干,土用干,秋
20406,土用干や裸になつて旅ころも,土用干,秋
20407,土用干や裸になりて旅ころも,土用干,秋
20408,政宗の眼もあらん土用干,土用干,秋
20409,虫干の風に昔のひほひ哉,土用干,秋
20410,虫干の魂入れる鎧かな,土用干,秋
20411,虫干や牛を飼ふたる先祖あり,土用干,秋
20412,虫干や傾城の文親の文,土用干,秋
20413,虫干や幻住庵の蓑と笠,土用干,秋
20414,虫干や釈迦と遊女のとなりあひ,土用干,秋
20415,虫干の数に入りけり土器石器,土用干,秋
20416,虫干の仏の顔ぞ見忘れし,土用干,秋
20417,虫干やきのふにかはる今日は武具,土用干,秋
20418,涅槃像又虫干に出たりけり,土用干,秋
20419,虫干の本見てくらす一日哉,土用干,秋
20420,虫干の吉野龍田を蒔絵哉,土用干,秋
20421,虫干や再び出たる涅槃像,土用干,秋
20422,虫干を片よせて客と話しけり,土用干,秋
20423,関か原の鎧も出たり土用干,土用干,秋
20424,血に染みし従軍の合羽土用干,土用干,秋
20425,血のつきし従軍の合羽土用干,土用干,秋
20426,土用干や軍書虫ばみて煙草の葉,土用干,秋
20427,土用干や本箱に虫のひそみたる,土用干,秋
20428,虫干のついでに見する本尊哉,土用干,秋
20429,虫干の一日に尽きて何もなし,土用干,秋
20430,虫干やけふは俳書の家集の部,土用干,秋
20431,虫干や虫を追ひ出す古葛籠,土用干,秋
20432,洛外や又この寺も土用干,土用干,秋
20433,わが物も昔になりぬ土用干,土用干,秋
20434,家に蔵す甲冑朽ちて土用干,土用干,秋
20435,虫干や洋書の間の枯桜,土用干,秋
20436,虫干に蕪村の偽筆掛りけり,土用干,秋
20437,虫くひの系図の本も干されけり,土用干,秋
20438,書を干すや昔なつかしの不審紙,曝書,冬
20439,書を干すや昔わが張りし不審紙,曝書,冬
20440,風入や五位の司の奈良下り,曝書,冬
20441,気遣はし雨乞の碑も花の陰,雨乞,夏
20442,雨乞の中の一人やわたし守,雨乞,夏
20443,雨こひの帰りは天をにらみけり,雨乞,夏
20444,雨乞の天まてとゝく願ひかな,雨乞,夏
20445,あま乞や祈らぬ里にふりはしめ,雨乞,夏
20446,雨乞や次第に近き雲の脚,雨乞,夏
20447,雨乞や天にひゞけと打つ大鼓,雨乞,夏
20448,雨こひや領分外の一くもり,雨乞,夏
20449,雨こひや絵かきは雨をかひている,雨乞,夏
20450,雨乞や折々のぞく宮の外,雨乞,夏
20451,雨乞をよそ事にいふ左官かな,雨乞,夏
20452,雨乞や歌よみさうな賎の顔,雨乞,夏
20453,雨乞やをさな心におそろしき,雨乞,夏
20454,月赤し雨乞踊見に行かん,雨乞,夏
20455,蚊の口もまじりて赤き汗疣哉,汗,夏
20456,汗氷る山陰行けば風もなし,汗,夏
20457,汗ふくや背にかばんの紐のあと,汗,夏
20458,汗ふくや仙台は木もあるところ,汗,夏
20459,汗わくや動きもやらぬ牛車,汗,夏
20460,いわけなや牛ひきかへる児の汗,汗,夏
20461,傾城の重ね着苦し汗の玉,汗,夏
20462,荵摺我旅衣汗くさし,汗,夏
20463,千両の石の重さや牛の汗,汗,夏
20464,やせ馬の背に汗流すあつさ哉,汗,夏
20465,我もはや汗かゝぬ迄に老にけり,汗,夏
20466,汗くさしうしろ向たる小傾城,汗,夏
20467,睾丸の汗かいて居るあはれ也,汗,夏
20468,罪深き京の女や綺羅の汗,汗,夏
20469,休らへば汗につめたき背中哉,汗,夏
20470,汗ふく親銭数ふる子舟は着きぬ,汗,夏
20471,十年の汗を道後の温泉に洗へ,汗,夏
20472,汗臭き着物脱ぎけり山の宿,汗,夏
20473,汗しとゞ苦しき夢はさめてけり,汗,夏
20474,汗にしみて紅さめし襦袢哉,汗,夏
20475,稽古場の面をかぶれば汗臭き,汗,夏
20476,汗くさき遊女と寝たり狭き花筵,汗,夏
20477,汗くさき行者の宿や夏の月,汗,夏
20478,汗を吹く茶屋の松風蝉時雨,汗,夏
20479,旅人の汗の玉散る清水哉,汗,夏
20480,つくつくと汗の香に飽く旅寝哉,汗,夏
20481,焼土に汗たらし行車力哉,汗,夏
20482,老車夫の汗を憐む酒手哉,汗,夏
20483,舌頭に千転するや汗の玉,汗,夏
20484,汗拭を草に干しけり葱摺,汗巾,夏
20485,くひちぎる折もありけり汗拭,汗巾,夏
20486,汗拭香水の香をなつかしむ,汗巾,夏
20487,旅人や杖に干し行く汗拭,汗巾,夏
20488,夏やせを蚤にくはれるあつさかな,夏痩,夏
20489,夏やせの腮にいたし笠の紐,夏痩,夏
20490,夏やせの歌かきつける団扇哉,夏痩,夏
20491,夏やせの御姿見ゆるくらさ哉,夏痩,夏
20492,夏痩の名にも立ちけり裸不二,夏痩,夏
20493,夏やせや海水浴の姫御前,夏痩,夏
20494,夏やせをかくしかねたる団扇哉,夏痩,夏
20495,夏痩をすなはち恋のはじめ哉,夏痩,夏
20496,夏やせをなでつさすりつ蚊屋の中,夏痩,夏
20497,夏痩をなでつさすりつ一人哉,夏痩,夏
20498,夏やせを肌みせぬ妹の思ひかな,夏痩,夏
20499,夏痩を見せまゐらせ度候かしく,夏痩,夏
20500,夏痩の腋皿叩く団扇哉,夏痩,夏
20501,夏痩の僧芦の葉に乗て見よ,夏痩,夏
20502,夏痩のつもつて老ぬかく許り,夏痩,夏
20503,夏痩の直れとぞ思ふ温泉哉,夏痩,夏
20504,夏痩の外に淋しや瘤のあと,夏痩,夏
20505,夏痩は涼しきものと知りたまへ,夏痩,夏
20506,夏痩は野に伏し山に寝る身哉,夏痩,夏
20507,夏痩や男の上にいぢらしき,夏痩,夏
20508,夏痩を藜の杖に恥にけり,夏痩,夏
20509,夏痩を親に泣かるゝ遊女哉,夏痩,夏
20510,夏痩を風に吹かるゝ法衣哉,夏痩,夏
20511,夏痩を人の見はつすをとめ哉,夏痩,夏
20512,夏痩を藪医者殿に見られけり,夏痩,夏
20513,夏やせとしもなき象の姿かな,夏痩,夏
20514,此春は花に肥えしか夏やせぬ,夏痩,夏
20515,夏痩か否かと問へば維摩黙,夏痩,夏
20516,夏痩せて大めし喰ふ男かな,夏痩,夏
20517,夏痩の命と聞けば恐ろしき,夏痩,夏
20518,夏痩の骨にとゞまる命かな,夏痩,夏
20519,夏やせや命と聞けば恐ろしき,夏痩,夏
20520,夏痩やきん丸許り平気也,夏痩,夏
20521,夏痩や枕にいたきものゝ本,夏痩,夏
20522,夏痩をしたかととへば維摩黙,夏痩,夏
20523,忍ぶれど夏痩にけり我恋は,夏痩,夏
20524,夏毎に痩せ行く老の思ひかな,夏痩,夏
20525,夏痩の思ひつめたる命かな,夏痩,夏
20526,夏やせや風ふき入るゝ老か膝,夏痩,夏
20527,夏痩や風吹き入るゝ老の膝,夏痩,夏
20528,夏痩やつゝみかねたる指の尖,夏痩,夏
20529,ふらんすに夏痩なんどなかるべし,夏痩,夏
20530,うたてさは夏痩したる脚気哉,夏痩,夏
20531,夏痩や牛乳に飽て粥薄し,夏痩,夏
20532,麦飯や小豆や脚気夏痩す,夏痩,夏
20533,夢苦しわれ夏痩の骨を痛み,夏痩,夏
20534,夏痩の朝飯くはぬ男かな,夏痩,夏
20535,田舎路の馬車馬痩せぬ草いきれ,夏痩,夏
20536,夏痩の君に勧む泥亀の血一杯,夏痩,夏
20537,夏痩の僧都の像や鉈作,夏痩,夏
20538,行水や鷺もからすとかはりけり,行水,夏
20539,行水をこぼすや草の露涼し,行水,夏
20540,行水の雷臍を驚かす,行水,夏
20541,朝顔の垣のあなたに行水す,行水,夏
20542,垣まはらに行水すべき隈もなし,行水,夏
20543,気持よや行水過ぎて雨を見る,行水,夏
20544,行水に夫呼ぶ背戸の畑哉,行水,夏
20545,行水の肌白うして痣を見る,行水,夏
20546,行水や背中にそよぐ楢の影,行水,夏
20547,行水や盥に遊ぶ児二人,行水,夏
20548,行水を出て梳る椽の端,行水,夏
20549,宵月や黍の葉かくれ行水す,行水,夏
20550,行水の後の夕餉や養老酒,行水,夏
20551,行水の盥や何や新世帯,行水,夏
20552,行水や秋海棠の湯の雫,行水,夏
20553,行水や犬田が痣の在処,行水,夏
20554,行水や美人住みける裏長屋,行水,夏
20555,行水や再び汗の細工事,行水,夏
20556,行水や虫干の書のしまひさし,行水,夏
20557,此頃や退公遅く行水す,行水,夏
20558,霍乱の廝にこもるあつさかな,霍乱,夏
20559,霍乱や天井の板のせゝかまし,霍乱,夏
20560,霍乱ややけ砂はしる赤跣,霍乱,夏
20561,蓮うへる家に霍乱は来さりけり,霍乱,夏
20562,読む本を其まゝ顔に昼寝哉,昼寝,夏
20563,木の枝に頭陀かけてそこに昼寝哉,昼寝,夏
20564,白帆をは見送りなから昼寝哉,昼寝,夏
20565,白き帆を見送りなから昼寝哉,昼寝,夏
20566,昼寝して見れば小舟の通りけり,昼寝,夏
20567,昼寝してゐれは小舟の通りけり,昼寝,夏
20568,木の枝に荷物ハかけて昼寝哉,昼寝,夏
20569,妻が昼寝たりと亭主小言いひ,昼寝,夏
20570,人の来て浮世にかへる昼寝かな,昼寝,夏
20571,昼寝して夢路に夏はなかりけり,昼寝,夏
20572,百姓へあつさ預けて昼寝哉,昼寝,夏
20573,百姓へあつさあつける昼寝かな,昼寝,夏
20574,傘張は傘の陰なる昼寝かな,昼寝,夏
20575,恋人の肌はつかしきひるね哉,昼寝,夏
20576,掛茶屋は芦生に似たる昼寝哉,昼寝,夏
20577,風吹て枕はつれし昼寝哉,昼寝,夏
20578,傾城の昼寝はあつし金屏風,昼寝,夏
20579,一山をこして梺の昼寝かな,昼寝,夏
20580,昼めしの腹を風吹く昼寝哉,昼寝,夏
20581,傘張の傘に隠るゝ昼寝哉,昼寝,夏
20582,板敷や昼寝をめぐる山の蟻,昼寝,夏
20583,講習の袴をぬぎて昼寝哉,昼寝,夏
20584,ことづてよ須磨の浦わに昼寝すと,昼寝,夏
20585,昼寝して臍に雲おく清水越,昼寝,夏
20586,世の中の重荷おろして昼寝哉,昼寝,夏
20587,夜を起きて人の昼寝ぞすさまじき,昼寝,夏
20588,歌書俳書紛然として昼寝哉,昼寝,夏
20589,口あけて昼寝の人のうつゝなし,昼寝,夏
20590,機織の機にもたれて昼寝かな,昼寝,夏
20591,足しひれて邯鄲の昼寝夢さめぬ,昼寝,夏
20592,楽遠くなり邯鄲の昼寝夢さめぬ,昼寝,夏
20593,滝の茶屋にそゞろ昼寝の足寒し,昼寝,夏
20594,内閣を辞して薩摩に昼寝哉,昼寝,夏
20595,昼寝して須磨に遊ばんか松島か,昼寝,夏
20596,褌を滝にひたして昼寝哉,昼寝,夏
20597,霊山や昼寝の鼾雲起る,昼寝,夏
20598,馬方は鞍に昼寝や馬歩む,昼寝,夏
20599,号外や昼寝の夢を驚かす,昼寝,夏
20600,学校の試験過ぎたる昼寝哉,昼寝,夏
20601,雷をさそふ昼寝の鼾哉,昼寝,夏
20602,山門に旅商人の昼寝哉,昼寝,夏
20603,竹娑婆と昼寝の床に動きけり,昼寝,夏
20604,地震して昼寝さめたり蒸暑き,昼寝,夏
20605,茶屋女芦生の昼寝起しけり,昼寝,夏
20606,寺しんと昼寝の鼾聞えけり,昼寝,夏
20607,西日さす昼寝の腹や中二階,昼寝,夏
20608,昼寝さめて腕さするや畳の目,昼寝,夏
20609,昼寝さめて湖畔の森に遊ひけり,昼寝,夏
20610,昼寝する人も見えけり須磨の里,昼寝,夏
20611,文机に顔押しつけて昼寝哉,昼寝,夏
20612,渋紙に渋引く人や昼寝起,昼寝,夏
20613,昼寝してネハンの相を示しけり,昼寝,夏
20614,睾丸の大きな人の昼寝かな,昼寝,夏
20615,昼寝の日面会の日と分ちけり,昼寝,夏
20616,弓引きし朝の労れの昼寝かな,昼寝,夏
20617,画き終へて昼寝も出来ぬ疲れかな,昼寝,夏
20618,李斯伝を風吹きかへす昼寝かな,昼寝,夏
20619,携へし避暑案内や汽車の中,避暑,夏
20620,避暑さきや行逢ふ人の見知顔,避暑,夏
20621,避暑に来る西洋人の夫婦哉,避暑,夏
20622,避暑の地に行逢ふ人や見知顔,避暑,夏
20623,米人の避暑に伴ふ書生哉,避暑,夏
20624,松風を得意で売るや納涼茶屋,納涼,夏
20625,川水の音をすゝみの闇夜哉,納涼,夏
20626,隅田人となりてことしは納涼哉,納涼,夏
20627,夏川の音をすゝみの闇夜哉,納涼,夏
20628,舟てくる友もありけり川住居,納涼,夏
20629,夜すゝみやひるのあつさの埋合せ,納涼,夏
20630,夜すゝみやひるのあつさをとりかへす,納涼,夏
20631,ゆすつたる所に風たつ涼み哉,納涼,夏
20632,いさかひのくづれて門の涼み哉,納涼,夏
20633,烏帽子着て加茂の宮守涼みけり,納涼,夏
20634,おのが田のそよぎ見てゐる涼哉,納涼,夏
20635,追剥に着物とられて涼み哉,納涼,夏
20636,筧にも滝と名のつく涼みかな,納涼,夏
20637,片足に安房をふまへし涼み哉,納涼,夏
20638,神に燈をあげて戻りの涼み哉,納涼,夏
20639,九合目へ来て気のせくや涼み台,納涼,夏
20640,吹殻の水に音ある凉みかな,納涼,夏
20641,涼めとて床几もて来る涼み哉,納涼,夏
20642,吸殻の水に音ある涼み哉,納涼,夏
20643,立よりて杉の皮はぐ涼み哉,納涼,夏
20644,玉章を門でうけとる涼み哉,納涼,夏
20645,ぬけ裏をぬけて川べのすゞみかな,納涼,夏
20646,芭蕉もつ手に風すくるすゞみかな,納涼,夏
20647,初恋の背合せけり涼み台,納涼,夏
20648,葉柳をふつては見たる涼み哉,納涼,夏
20649,風鈴を動かして居る涼哉,納涼,夏
20650,ふんどしのいろさまさまや夕すゝみ,納涼,夏
20651,松陰に蚤とる僧のすゞみ哉,納涼,夏
20652,松の木をぐるりぐるりと涼み哉,納涼,夏
20653,溝川に小鮒ふまへし涼み哉,納涼,夏
20654,温泉上りに氷かみわる涼み哉,納涼,夏
20655,畦道に涼みけり牛よけたまゝ,納涼,夏
20656,蜑の子の遊女うらやむすゞみ哉,納涼,夏
20657,うき人と松をへだてゝすゞみ哉,納涼,夏
20658,うたてやなわれも老木の下涼,納涼,夏
20659,嚊殿に島の名をきく涼みかな,納涼,夏
20660,掛茶屋に風追分のすゝみ哉,納涼,夏
20661,かしこまる玉座の前のすゞみ哉,納涼,夏
20662,風筋に頭あつむる涼み哉,納涼,夏
20663,川中に二人立たり夕涼み,納涼,夏
20664,髪つんで頭の風や夕涼,納涼,夏
20665,蚊遣火に月見ぬ家の涼み哉,納涼,夏
20666,木のもとにふんどし洗ふ涼み哉,納涼,夏
20667,観音も仮の契りや一涼み,納涼,夏
20668,傾城にふられてひとりすゞみ哉,納涼,夏
20669,傾城の海を見て居る夕涼み,納涼,夏
20670,傾城や客に買はれて夕涼み,納涼,夏
20671,公園に旅人ひとり涼みけり,納涼,夏
20672,此山に此家はかりのすゝみ哉,納涼,夏
20673,山僧の市へ出でたる納涼哉,納涼,夏
20674,下涼み牛飼牛を放ちつゝ,納涼,夏
20675,島の数かぞへてくれるすゞみ哉,納涼,夏
20676,順礼の松に札張る涼みかな,納涼,夏
20677,食堂を出て涼みけりこゝかしこ,納涼,夏
20678,城跡をよき涼み場や宮の下,納涼,夏
20679,涼みながら君話さんか一書生,納涼,夏
20680,月に寝ば魂松島にすゞみせん,納涼,夏
20681,なき人を相手にかたるすゝみ哉,納涼,夏
20682,なき人を相手にほしきすゝみ哉,納涼,夏
20683,根岸かな琴にもたれて端涼ミ,納涼,夏
20684,晩鐘を数へて闇のすゞみかな,納涼,夏
20685,人は居ず山見てもどる涼みかな,納涼,夏
20686,広しきに僧と二人の涼み哉,納涼,夏
20687,不二見えて火の見櫓の涼み哉,納涼,夏
20688,ふわふわとなき魂こゝに来て涼め,納涼,夏
20689,平蔵にあめりか語るすゞみかな,納涼,夏
20690,薪わりしあとを山家の涼み哉,納涼,夏
20691,松島に足ぶらさげる涼みかな,納涼,夏
20692,松島に目のくたびれしすゝみかな,納涼,夏
20693,松島の闇を見てゐる涼みかな,納涼,夏
20694,松の木に提灯さげて夕涼み,納涼,夏
20695,松の木を叩いてまはるすゝみかな,納涼,夏
20696,丸山に船の目利のすゞみかな,納涼,夏
20697,みちのくへ涼みに行くや下駄はいて,納涼,夏
20698,山樫の木陰に賎のすゞみ哉,納涼,夏
20699,行きあたる宿に落ちつく涼みかな,納涼,夏
20700,行きついた宿におちつくすゝみかな,納涼,夏
20701,夕すゞみ四角な庭をながめけり,納涼,夏
20702,夕涼松風とめされ候そ,納涼,夏
20703,夕涼み物見の松に上りけり,納涼,夏
20704,夕涼み山に茶屋あり松もあり,納涼,夏
20705,夜涼みや川に落ちたる人の音,納涼,夏
20706,女つれて四条へいそぐすゞみ哉,納涼,夏
20707,石の上に人あり茶あり夕涼,納涼,夏
20708,大山に我座して居る涼み哉,納涼,夏
20709,苫に立ちて帆をつかまえる涼み哉,納涼,夏
20710,盗人の錠おろし行く涼み哉,納涼,夏
20711,盗人の鎖おろし行涼みかな,納涼,夏
20712,秀吉の頼朝なぶる涼み哉,納涼,夏
20713,昼涼み摺鉢山に腰かけて,納涼,夏
20714,商人やしばらく涼む橋の上,納涼,夏
20715,ある人の平家贔屓や夕涼,納涼,夏
20716,おろしおく笈に雲おく涼かな,納涼,夏
20717,おろしたる笈に雲おく涼み哉,納涼,夏
20718,睾丸の邪魔になつたる涼み哉,納涼,夏
20719,ことよせて君を諫むる納涼哉,納涼,夏
20720,子は寝たり飯はくふたり夕涼,納涼,夏
20721,五六町空に上りてすゞみかな,納涼,夏
20722,すゞみがてら君を送らんそこら迄,納涼,夏
20723,二文投げて寺の椽借る涼み哉,納涼,夏
20724,花折て夕闇戻る涼みかな,納涼,夏
20725,分捕の軍艦見ゆる涼みかな,納涼,夏
20726,真夜中や涼みも過ぎて波の音,納涼,夏
20727,湖に足ぶらさげて涼みかな,納涼,夏
20728,湖に足ぶらさげる涼みかな,納涼,夏
20729,御仏も扉をあけて涼みかな,納涼,夏
20730,痩骨の風に吹かるゝ涼みかな,納涼,夏
20731,山伏の笈に雲おく凉み哉,納涼,夏
20732,夕されば皆屋根に出る涼み哉,納涼,夏
20733,夕涼月欄干にのぼりけり,納涼,夏
20734,夕涼み仲居に文字を習はする,納涼,夏
20735,えらい人になつたさうなと夕涼,納涼,夏
20736,おこし絵に灯をともしけり夕涼,納涼,夏
20737,三尺の木陰に涼む二人哉,納涼,夏
20738,書に倦まばお堀の松を見て涼め,納涼,夏
20739,涼みながら木陰に寝たり日半日,納涼,夏
20740,松風や吾を涼ませて琴に落つ,納涼,夏
20741,見ぬ友や幾人涼む不二の陰,納涼,夏
20742,湯上りや乳房吹かるゝ端涼み,納涼,夏
20743,夜涼みや欠落二人見つけたり,納涼,夏
20744,奥の院へ十町と記す石に涼む,納涼,夏
20745,鴨川や涼みも更けて水の音,納涼,夏
20746,新内に人たかりする門涼,納涼,夏
20747,たまたまに花火あくるや川涼,納涼,夏
20748,夕涼君鯉を切る腕まくり,納涼,夏
20749,夕涼み子供花火音すなり,納涼,夏
20750,夕涼小供花火の聞ゆなる,納涼,夏
20751,夕涼み線香花火の匂ひかな,納涼,夏
20752,夕涼み花火線香の匂ひ哉,納涼,夏
20753,夜涼の門を過けり卜師,納涼,夏
20754,贅沢な人の涼みや柳橋,納涼,夏
20755,灯をともす廻り燈籠や夕凉,納涼,夏
20756,盆栽の蓮に向ふや夕涼,納涼,夏
20757,夕涼石炭くさき風が吹く,納涼,夏
20758,星の名を善く知る人や門凉,納涼,夏
20759,大声で話す凉みや滝の茶屋,納涼,夏
20760,露月匙を投げ肋骨剣を解く凉み,納涼,夏
20761,誰やらの思ひものあり涼み舟,納涼舟,夏
20762,月の出るまてはしつかやすゝみ舟,納涼舟,夏
20763,夏の夜やあの声はみなすゝみ舟,納涼舟,夏
20764,夏の夜やきく声はみなすゝみ舟,納涼舟,夏
20765,業平の思ふ人あり涼み舟,納涼舟,夏
20766,海人の子や櫂もはづして夕涼,納涼舟,夏
20767,見渡した闇に月あり涼み舟,納涼舟,夏
20768,足伸へて不二をつゝくや涼み舟,納涼舟,夏
20769,いろいろの灯ともす舟のすゞみ哉,納涼舟,夏
20770,大川へ田舟押し出すすゝみ哉,納涼舟,夏
20771,のりあげた舟に汐まつ涼み哉,納涼舟,夏
20772,一つつゝ流れ行きけり涼み舟,納涼舟,夏
20773,一つ一つ流れ行きけり涼み舟,納涼舟,夏
20774,渡し守客のこぬまを涼み哉,納涼舟,夏
20775,旅人の見て通りけり涼み船,納涼船,夏
20776,釣舟に魚つりあぐむ涼みかな,納涼船,夏
20777,ともし火の島かくれ行く涼み船,納涼船,夏
20778,涼み舟団扇の風に帆をかけん,納涼船,夏
20779,涼み舟川下遠く流れけり,納涼船,夏
20780,涼みにも袖へ隠して運座舟,納涼船,夏
20781,たまたまに花火あぐるや涼船,納涼船,夏
20782,涼み舟団扇の端をぬらしけり,納涼船,夏
20783,大坂の芝居くさすや涼み舟,納涼船,夏
20784,網ノ舟料理ノ舟ヤ舟遊ビ,舟遊び,夏
20785,舟遊ビ愛宕ノ塔ヲ右ニ見テ,舟遊び,夏
20786,水泳き鷺もからすとかはり行,泳ぎ,夏
20787,ともづなにあまの子ならぶおよき哉,泳ぎ,夏
20788,ぬれ髪を木陰にさばくおよぎ哉,泳ぎ,夏
20789,川中にあたまそろへておよぎ哉,泳ぎ,夏
20790,蜑の子や並んで泳く八九人,泳ぎ,夏
20791,おかこひに泳ぎの人のつとひけり,泳ぎ,夏
20792,大川や流されながら人泳ぐ,泳ぎ,夏
20793,木の末に櫓見えけり水練場,泳ぎ,夏
20794,瓢を抱て浅瀬に泳ぎ習ふ人,泳ぎ,夏
20795,山の池にひとり泳ぐ子膽太き,泳ぎ,夏
20796,大男の頭の上を蝦およぎ,海水浴,夏
20797,山を手にのせて波間のゆあみかな,海水浴,夏
20798,もしほたるゝ京の娘のおよぎ哉,海水浴,夏
20799,鵜のむれて子舟ひつはる早せ哉,鵜飼,夏
20800,おそろしや闇に乱るゝ鵜の篝,鵜飼,夏
20801,月の出る裏へ裏へと鵜舟哉,鵜飼,夏
20802,はらはらと風にはちくや鵜の篝,鵜飼,夏
20803,鵜飼舟雨になりぬるうれしさよ,鵜飼,夏
20804,面白やはつと放せばあら鵜とも,鵜飼,夏
20805,風吹て篝のくらき鵜川哉,鵜飼,夏
20806,昼の鵜の来てとまりけり牛の鞍,鵜飼,夏
20807,闇の夜を鵜飼の妻の泣く頃か,鵜飼,夏
20808,篝火に鵜のいさむこそ哀れなれ,鵜飼,夏
20809,瀬をはやみ入り乱れつゝ鵜の篝,鵜飼,夏
20810,いさましく早瀬に向ふ鵜舟哉,鵜飼,夏
20811,いそがしや鵜飼たくみに縄さばき,鵜飼,夏
20812,いかにしてこよひ乱るる鵜縄哉,鵜飼,夏
20813,鵜飼やんで淋しく月の上りけり,鵜飼,夏
20814,うしろより月になりぬる鵜舟哉,鵜飼,夏
20815,鵜舟早し篝こぼるゝ水の上,鵜飼,夏
20816,鵜も鮎も鵜匠も後の月夜哉,鵜飼,夏
20817,君来ませり月に鵜飼の暇あれや,鵜飼,夏
20818,子と見えて四羽の鵜遣ふ哀れ也,鵜飼,夏
20819,月や多き闇や少き鵜飼舟,鵜飼,夏
20820,傾城の娘もちける鵜匠哉,鵜匠,冬
20821,ほうほうと鵜を放ちたる翁かな,鵜匠,冬
20822,顔の上に篝ふかるゝ鵜匠哉,鵜匠,冬
20823,たのみなく見ゆる鵜匠の白髪哉,鵜匠,冬
20824,たのみなく見ゆる鵜飼の白髪哉,鵜匠,冬
20825,吹きつける鵜匠の顔の篝かな,鵜匠,冬
20826,顔赤く髯銀の如き鵜匠哉,鵜匠,冬
20827,篝火や荒鵜を叱る眼の光,鵜匠,冬
20828,川狩や脇指さして水の中,川狩,秋
20829,川狩そ脇指さして水の中,川狩,秋
20830,川狩や有明近き人の脛,川狩,秋
20831,川狩の鉄輪を見たるはなし哉,川狩,秋
20832,川狩や人におとろく夜の鳥,川狩,秋
20833,川狩やしきりに痒き蛭の口,川狩,秋
20834,川狩や仏の顔の見えぬ夜に,川狩,秋
20835,松魚舟おくれさきだつ勢ひ哉,鰹舟,夏
20836,藻刈舟雨ふるかたへ帰りけり,藻刈舟,秋
20837,藻を刈るや女にばけるのら狐,藻刈舟,秋
20838,照射する山のあなたや宵月夜,照射,冬
20839,照射見て恐ろしき夜の嵐哉,照射,冬
20840,不二は朝裾野は暗のともし哉,照射,冬
20841,雨雲のうら照り返す照射哉,照射,冬
20842,一里来て二里来て見えぬ照射哉,照射,冬
20843,獲物多き照射の夢はさめにけり,照射,冬
20844,傾城の夢に殿御の照射哉,照射,冬
20845,蚊の声す照射の留守の人もなし,照射,冬
20846,酒に酔ひて照射すべき夜を寝過しぬ,照射,冬
20847,照射してひそみ居れば虫顔に飛ぶ,照射,冬
20848,やごとなき客伴ひぬ狙ひ狩,照射,冬
20849,松の木に吹きつけらるゝ火串哉,火串,夏
20850,火串ふつて闇の真中を上り行,火串,夏
20851,火串消えて鹿の嗅ぎよるあした哉,火串,夏
20852,暁や火串に焦げし草の花,火串,夏
20853,丑三ツの雨雲垂るゝ火串哉,火串,夏
20854,驚いて鳥啼きうつる火串かな,火串,夏
20855,椎の葉の夜露をこぼす火串哉,火串,夏
20856,鉄砲の音に消えたる火串哉,火串,夏
20857,人影のちらと見えたる火串哉,火串,夏
20858,火串振つて鹿担ひ来る小道哉,火串,夏
20859,夜嵐の火串に狙ひ定まらず,火串,夏
20860,筑波山上りて見れは雲の上,登山,夏
20861,立山の剣の峯を攀ぢ行けば,登山,夏
20862,夕間暮石槌詣帰りけり,登山,夏
20863,藍刈は小唄も出でぬあつさ哉,藍刈る,夏
20864,藍刈や一里四方に木も見えす,藍刈る,夏
20865,藍刈るや誰が行末の紺しぼり,藍刈る,夏
20866,藍刈や阿波の鳴門に波もなし,藍刈る,夏
20867,藍刈やこゝも故郷に似たる哉,藍刈る,夏
20868,藍干や一筋あけてはいり口,藍干,秋
20869,川狩にふみこまれたる真菰哉,真菰刈る,秋
20870,真菰負ふて真菰を出でぬ真菰刈,真菰刈る,秋
20871,物いへば女なりけり真菰刈,真菰刈る,秋
20872,大沼や雨の夕を真菰刈,真菰刈る,秋
20873,夏引その乱れや二十八天下,夏麻引く,夏
20874,暑キ日ノ暮レテ著ク町ノ夜店カナ,夜店,夏
20875,団扇手に田舎の夜店見に行きぬ,夜店,夏
20876,腐リタル松魚ヲ照ス夜店カナ,夜店,夏
20877,坂本ハ夏菊少シ夜店カナ,夜店,夏
20878,なき魂の空におとろく花火哉,花火,夏
20879,木にひびき山にこたへて花火かな,花火,夏
20880,雨雲に入りては開く花火かな,花火,夏
20881,鳥飛んで日の落際の花火哉,花火,夏
20882,雨雲の中へ打ちこむ花火かな,花火,夏
20883,釣花火又唐松かな薄哉,花火,夏
20884,氷屋に白きが中の小堤灯,氷屋,夏
20885,暗き町やたまたま床屋氷店,氷屋,夏
20886,橋詰や此頃出来し氷店,氷屋,夏
20887,氷屋の軒並べたる納涼哉,氷屋,夏
20888,氷屋ノ夜店出シタル始メカナ,氷屋,夏
20889,遠クカラ見エシ此松氷茶屋,氷屋,夏
20890,木にかける氷の旗や荷ひ茶屋,氷の旗,夏
20891,氷売手先はかりのひやさ哉,氷売る,夏
20892,氷売や北海道の水の味,氷売る,夏
20893,氷売る橋の袂のともし哉,氷売る,夏
20894,氷売る柳の陰の出茶屋かな,氷売る,夏
20895,一銭の氷少き野茶屋かな,氷売る,夏
20896,夏氷かむにあそこに不二の雪,夏氷,夏
20897,冨士の雪見なからくふや夏氷,夏氷,夏
20898,君か代や親が所望の夏氷,夏氷,夏
20899,君か代や親の病気に夏氷,夏氷,夏
20900,傾城の噛み砕きけり夏氷,夏氷,夏
20901,夏氷はかなくたのむ命哉,夏氷,夏
20902,やき芋の行燈あつし夏氷,夏氷,夏
20903,一匙のアイスクリムや蘇る,夏氷,夏
20904,三尺の鯛生きてあり夏氷,夏氷,夏
20905,冷風の口にたまるや氷水,氷水,夏
20906,町走る人見ゆわれは氷水,氷水,夏
20907,門前の店や樒と氷水,氷水,夏
20908,傾城の腹をひやさん氷餅,氷餅,新年
20909,氷餅煮えかへる湯をそゝぎけり,氷餅,新年
20910,酒を断つ土用の入や氷餅,氷餅,新年
20911,花守と同し男よ氷室守,氷室,夏
20912,氷室守花の都へといそき候,氷室,夏
20913,氷室守冨士をしらすと申しけり,氷室,夏
20914,あけるよりはやひやひやと氷室哉,氷室,夏
20915,杉檜朝日つめたき氷室山,氷室,夏
20916,一山は風のひやつく氷室哉,氷室,夏
20917,氷室さへあるべき山のいでゆ哉,氷室,夏
20918,氷室だにあるべき山のいで湯かな,氷室,夏
20919,氷室より氷つけ行く荷馬哉,氷室,夏
20920,水無月の初時鳥氷室守,氷室,夏
20921,たえずしも白雲おこる氷室守,氷室,夏
20922,ひやひやと白気の上る氷室かな,氷室,夏
20923,ハツタイヤ褒＊（女偏＋以）笑ハヌ事五年,はったい,冬
20924,ラムネ屋も此頃出来て別荘地,ラムネ,夏
20925,あんどんは客の書きけり一夜酒,一夜酒,新年
20926,だまされて子供のなくや一夜酒,一夜酒,新年
20927,ふしか根の雪汁煮てや一夜酒,一夜酒,新年
20928,舟あつし船頭見えず一夜酒,一夜酒,新年
20929,味噌つくる余り麹や一夜酒,一夜酒,新年
20930,松風に甘酒さます出茶屋かな,甘酒,冬
20931,松風に甘酒わかす出茶屋かな,甘酒,冬
20932,松風の甘酒を吹く出茶屋哉,甘酒,冬
20933,甘酒の甘きをにくむ我下戸ぞ,甘酒,冬
20934,甘酒の釜の光や昔店,甘酒,冬
20935,甘酒も飴湯も同じ樹陰かな,甘酒,冬
20936,甘酒や蟇口探る小僧二人,甘酒,冬
20937,人の親の甘酒売を呼びにけり,甘酒,冬
20938,壺の底たゝくや古き茶の名残,古茶,夏
20939,俳諧の虚実を見たり古茶新茶,新茶,夏
20940,よと河や宇治の新茶の流れかす,新茶,夏
20941,京へ出る新茶の荷あり十団子,新茶,夏
20942,旅僧をよびこむ庵の新茶哉,新茶,夏
20943,白き花活けて新茶の客を待つ,新茶,夏
20944,新茶青く古茶黒し我れ古茶飲まん,新茶,夏
20945,紙切に包む手製の新茶哉,新茶,夏
20946,したゝかに新茶のみけり蛙の夜,新茶,夏
20947,渋紙や新茶干したる椽の先,新茶,夏
20948,新茶入るゝ袋に古茶の名残哉,新茶,夏
20949,新茶撰る僧と話すや小百姓,新茶,夏
20950,新茶積む馬も来て居る汽車場哉,新茶,夏
20951,玉川の門に新茶の使哉,新茶,夏
20952,茶袋に新茶と書きて吊したり,新茶,夏
20953,老僧の文と新茶と筍と,新茶,夏
20954,謡ヲ談シ俳句ヲ談ス新茶哉,新茶,夏
20955,小包を解けば新茶のこぼれけり,新茶,夏
20956,新しき茶を煎じけり玉の露,新茶,夏
20957,次韻して謝する新茶の絶句かな,新茶,夏
20958,羊羹の甘きを好む新茶かな,新茶,夏
20959,隠逸のものとはいはす梅法師,梅干す,夏
20960,梅干の雫落ちやむあつさ哉,梅干す,夏
20961,梅干の雫もよわるあつさ哉,梅干す,夏
20962,梅干の中にまきれて小石哉,梅干す,夏
20963,梅干やあふないとこに牛の鼻,梅干す,夏
20964,梅干や夕がほひらく屋根の上,梅干す,夏
20965,梅の木に近く其木の梅を干す,梅干す,夏
20966,梅干すや撫子弱る日の盛,梅干す,夏
20967,梅干すや庭にしたゝる紫蘇の汁,梅干す,夏
20968,鎌倉や別荘のうらにふのり干,海蘿干,冬
20969,温泉上りに三津の肴のなます哉,沖膾,冬
20970,腰蓑の雫も涼し沖膾,沖膾,冬
20971,さゝ波をきりそろへけり沖膾,沖膾,冬
20972,船頭は此名もしらず沖膾,沖膾,冬
20973,大名の御手料理なり沖膾,沖膾,冬
20974,大名の御手料理もやおきなます,沖膾,冬
20975,苫に来て烏啼也おき膾,沖膾,冬
20976,はね鯛を取て押えて沖膾,沖膾,冬
20977,夕立のたまるも清し沖膾,沖膾,冬
20978,若殿の庖刀取て沖膾,沖膾,冬
20979,沖膾したゝる海の雫かな,沖膾,冬
20980,沖膾小皿の如き舟の中,沖膾,冬
20981,沖膾信州の僕を召し具せん,沖膾,冬
20982,沖膾溌剌として口の中,沖膾,冬
20983,沖膾都の鯛のくさり時,沖膾,冬
20984,腸の塵を洗はん沖膾,沖膾,冬
20985,ビードロに洗ひ鱸を並べけり,洗膾,夏
20986,洗ひ鯉山紫水明楼の夕,洗膾,夏
20987,琵琶亭に一座の客や洗ひ鯉,洗膾,夏
20988,手料理の大きなる皿や洗ひ鯉,洗膾,夏
20989,水飯や弁慶殿の喰ひ残し,水飯,夏
20990,花もなき卯木の垣や洗ひ飯,水飯,夏
20991,代る代る水飯くふや舟の人,水飯,夏
20992,水飯の残りを捨てる泉かな,水飯,夏
20993,水飯や石きり五六人つどふ,水飯,夏
20994,水飯や白糸の滝を汲んで来る,水飯,夏
20995,水飯や裸て座る簀子椽,水飯,夏
20996,水飯や比枝山颪腹を吹く,水飯,夏
20997,水飯や臍まさに風を生ぜんとす,水飯,夏
20998,水飯や目まひ止みたる四ツ下り,水飯,夏
20999,僧来ませり水飯なりと参らせん,水飯,夏
21000,六十にして水飯を参らるゝ,水飯,夏
21001,水飯や京なつかしき京の水,水飯,夏
21002,水飯を君にすゝむる旅路かな,水飯,夏
21003,姫百合に軋飯こぼす垣根かな,干飯,冬
21004,鴫焼の律師と申し徳高し,鴫焼,秋
21005,酒を煮る男も弟子の発句つくり,酒煮る,冬
21006,酒を煮る男も弟子の発句よみ,酒煮る,冬
21007,沈んだる苔も見ゆるやところてん,心太,夏
21008,ちりこんだ杉の落葉や心ふと,心太,夏
21009,風吹てさゝ波つくる心太,心太,夏
21010,漣は馬の鼻息心太,心太,夏
21011,道灌にすゝめ参らす心太,心太,夏
21012,立ちながら心太くふ飛脚哉,心太,夏
21013,心太水にもならず明けにけり,心太,夏
21014,心太龍宮城のはしら立て,心太,夏
21015,庭先の清水に白し心太,心太,夏
21016,婆々の留守海月にやならん心太,心太,夏
21017,みちのくの水の味しれ心太,心太,夏
21018,茶屋ありや山辺の水の心太,心太,夏
21019,名物のこゝろぶとめせのう御僧,心太,夏
21020,名物の心太めせこゝろぶと,心太,夏
21021,心太ありと申すにぞ心太,心太,夏
21022,心太屋に向いてござるよ石仏,心太,夏
21023,くたびれや心太くふて茶屋に寝る,心太,夏
21024,茶屋を見て走りついたる心太,心太,夏
21025,心太の店にラムネを問へば無し,心太,夏
21026,山風や桶浅く心太動く,心太,夏
21027,啜るへし心太木曽の青嵐に,心太,夏
21028,鮎のをらぬ上総の国や鰌汁,泥鰌汁,夏
21029,西行のもてなされけり冷汁,冷汁,夏
21030,冷麦や見れば白滝くへば雪,冷麦,夏
21031,冷麦喰ふ僧は文覚の行かあらぬか,冷麦,夏
21032,冷麦喰ふ僧は文覚の行にさも似たり,冷麦,夏
21033,友は皆寄てなれしかはしら鮓,鮓,冬
21034,友は皆寄て馴るゝやはしら鮓,鮓,冬
21035,垣ごしや隣へくばる小鰺鮓,鮓,冬
21036,精進につかへさうなり鮎の鮨,鮓,冬
21037,鯛鮓や一門三十五六人,鮓,冬
21038,鎌倉や誰が石すゑを鮓の圧,鮓,冬
21039,傾城のなるゝ柱も一夜鮓,鮓,冬
21040,琴やめて殿へ使ひのすもじ哉,鮓,冬
21041,旅僧よ鮓魚といはず参られよ,鮓,冬
21042,一つ来て蝶のとまるや鮓の圧,鮓,冬
21043,人問はゞ鮓屋の裏と答ふべし,鮓,冬
21044,早鮓や出舟を呼ばる人の声,鮓,冬
21045,古家や苔蒸す石を鮓の圧,鮓,冬
21046,ふるさとや親すこやかに鮓の味,鮓,冬
21047,うつくしきものふりかけぬちらし鮓,鮓,冬
21048,きぬぎぬのはなれがたさや鮓の圧,鮓,冬
21049,山上の茶屋に鮓ありそれを喰ひぬ,鮓,冬
21050,鮓のおし取るや小竹に風渡る,鮓,冬
21051,鮓の圧取れば小笹に風渡る,鮓,冬
21052,鮓店にほの聞く人の行方かな,鮓,冬
21053,鮓店や白衣の道者八九人,鮓,冬
21054,野の店や鮓に掛けたる赤木綿,鮓,冬
21055,早鮓や東海の魚背戸の蓼,鮓,冬
21056,鮒鮨や瀬田の夕照三井の鐘,鮓,冬
21057,待ちかねて鮓の圧取る夕哉,鮓,冬
21058,約ありて来らず鮓の圧低し,鮓,冬
21059,山北や鮎の鮓買ふ汽車の中,鮓,冬
21060,山の家や留守に雲起る鮓の石,鮓,冬
21061,夕立や簀子に近き鮓の桶,鮓,冬
21062,よせ席の鮓古くさき匂ひ哉,鮓,冬
21063,われ愛すわが予州松山の鮓,鮓,冬
21064,われに法あり君をもてなすもぶり鮓,鮓,冬
21065,ある時は鮓をおしある時は又,鮓,冬
21066,鮓の句を題す鮓屋の団扇哉,鮓,冬
21067,鮓つけて同郷人を集めけり,鮓,冬
21068,鮒鮓や考槃亭をかりの宿,鮓,冬
21069,名物や古風な鮓の今に猶,鮓,冬
21070,新川の酒腐りけり鮓の蓼,鮓,冬
21071,吹き出しの水葛餅を流れけり,葛餅,夏
21072,青さしや清少納言有てより,青ざし,春
21073,ころがつて腹を見せたる鹿子哉,鹿の子,秋
21074,松の根にまたがつてなく小鹿哉,鹿の子,秋
21075,よべばくる程に鹿の子のなれにけり,鹿の子,秋
21076,うつとりと人見る奈良の鹿子哉,鹿の子,秋
21077,背戸へ来て粥すゝり居る鹿子哉,鹿の子,秋
21078,一むれのあとになりさきに鹿子哉,鹿の子,秋
21079,大仏の扉をのぞく鹿の子哉,鹿の子,秋
21080,一雨にのびるや鹿のふくろ角,鹿の袋角,冬
21081,蝙蝠や薄墨にしむふしの山,蝙蝠,秋
21082,蝙蝠やぬす人屋敷塀もなし,蝙蝠,秋
21083,蝙蝠や又束髪のまぎれ行く,蝙蝠,秋
21084,蝙蝠や闇を尋ねていそがしき,蝙蝠,秋
21085,かはほりや闇を尋ねて急はし,蝙蝠,秋
21086,宵月や蝙蝠つかむ豆狸,蝙蝠,秋
21087,蝙蝠や髪そりつかふ手くらがり,蝙蝠,秋
21088,蝙蝠や塔のはづれに月細し,蝙蝠,秋
21089,蝙蝠や辻講釈のくづれ時,蝙蝠,秋
21090,蝙蝠に辻講釈のくづれ哉,蝙蝠,秋
21091,奥殿や大蝙蝠のかけ廻る,蝙蝠,秋
21092,蝙蝠やこゝに泥棒屋敷あり,蝙蝠,秋
21093,蝙蝠や大仏殿の昼暗し,蝙蝠,秋
21094,そぼふるや蝙蝠翔ける堂の奥,蝙蝠,秋
21095,明家の鼠蝙蝠とはなりけらし,蝙蝠,秋
21096,蝙蝠に錨投げ込む音暗し,蝙蝠,秋
21097,蝙蝠の飛ぶ音暗し蔵の中,蝙蝠,秋
21098,蝙蝠の物に驚く姿あり,蝙蝠,秋
21099,蝙蝠や按摩の鼻を去る一寸,蝙蝠,秋
21100,蝙蝠や異人の館灯ともれり,蝙蝠,秋
21101,蝙蝠や異人の館窓あかり,蝙蝠,秋
21102,蝙蝠や空に明るき雲の峰,蝙蝠,秋
21103,鼠老いて蝙蝠となる空屋哉,蝙蝠,秋
21104,明家の鼠蝙蝠となりけらし,蝙蝠,秋
21105,大寺や椽の下より蚊喰鳥,蝙蝠,秋
21106,蝙蝠や翅がくれに三日の月,蝙蝠,秋
21107,底暗く蝙蝠飛ぶや井の中,蝙蝠,秋
21108,箒取つて小僧蝙蝠を打たんとす,蝙蝠,秋
21109,蝙蝠にもがりは居らずなりにけり,蝙蝠,秋
21110,蝙蝠に草鞋投げたる童哉,蝙蝠,秋
21111,蝙蝠の飛んで出でける扉哉,蝙蝠,秋
21112,蝙蝠のぶら下りたる真昼哉,蝙蝠,秋
21113,蝙蝠は飛んで五重の塔黒し,蝙蝠,秋
21114,蝙蝠をうちそこなひぬ三日の月,蝙蝠,秋
21115,蝙蝠を捕へて来たる博士哉,蝙蝠,秋
21116,五智如来蝙蝠飛で無住なり,蝙蝠,秋
21117,松明に蝙蝠さわぐ窟かな,蝙蝠,秋
21118,手ごたへのして蝙蝠を打落す,蝙蝠,秋
21119,夕栄に蝙蝠飛ぶや浜の町,蝙蝠,秋
21120,小＊（口偏＋婁）＊（口偏＋羅）の山を下るや蚊喰鳥,蝙蝠,秋
21121,蝙蝠や暮るゝをながめ坂の上,蝙蝠,秋
21122,蝙蝠や人をあざむく古著売,蝙蝠,秋
21123,蝙蝠や貧乏町の夜学校,蝙蝠,秋
21124,樋の口にせかれて鳴くや雨蛙,雨蛙,夏
21125,樋の口やせかれて鳴や雨蛙,雨蛙,夏
21126,千年の松をかゝへて雨蛙,雨蛙,夏
21127,雨蛙啼くや月に雲かゝるまで,雨蛙,夏
21128,梅ヶ枝にしかみつきけり雨蛙,雨蛙,夏
21129,官の為めに鳴く雨蛙枝蛙,雨蛙,夏
21130,水鉢や木の枝垂れて雨蛙,雨蛙,夏
21131,園茂み傘に飛びつく青蛙,雨蛙,夏
21132,竹椽や青き色なる雨蛙,雨蛙,夏
21133,笠を手にいそぐ夕や河鹿鳴ク,河鹿,夏
21134,河鹿鳴いて石ころ多き小川哉,河鹿,夏
21135,河鹿鳴く宿と答へて山探し,河鹿,夏
21136,獺にふみつけられて河鹿鳴く,河鹿,夏
21137,蚊の声を分て出たりひきかへる,蟇,夏
21138,盆栽に水やり時や蟇,蟇,夏
21139,夕くれにのそのそ出たり蟇,蟇,夏
21140,宵闇や月を吐き出す蟇の口,蟇,夏
21141,我庵に不二を吐き出す蟇の口,蟇,夏
21142,牛部屋の闇から出たり蟇,蟇,夏
21143,長居してふみつぶされな蟇,蟇,夏
21144,吹殻をたべて見せるや蟇,蟇,夏
21145,世の中を悟らずもがな蟇,蟇,夏
21146,蛙三百其真中の蟇,蟇,夏
21147,蟇一つ寄てたかつてつゝきけり,蟇,夏
21148,つらつらと面ならべて蟇,蟇,夏
21149,蟇蝿取蜘をねらひけり,蟇,夏
21150,一足に踏みつぶされぬ蟇,蟇,夏
21151,蓬生や露をわけ出る蟇,蟇,夏
21152,水打って飛び出せ藪の蟇,蟇,夏
21153,水打ってよび出せ藪の蟇,蟇,夏
21154,よつて来て話聞き居る蟇,蟇,夏
21155,草の雨蟇も主も古りにけり,蟇,夏
21156,狸さへ蟇さへ住まずなりにけり,蟇,夏
21157,狸さへ蟇さへ居らずなりにけり,蟇,夏
21158,草を踏んでまむし恐るゝ単物,蝮,春
21159,なめくぢの夢見て脱ぐや蛇の皮,蛇の衣,春
21160,誰か蟇そ恨をのこす蛇の衣,蛇の衣,春
21161,蛇塚や蛇死して蛇のから白し,蛇の衣,春
21162,あさましや櫛笥の中の蛇の衣,蛇の衣,春
21163,此道や迷ひて蛇の殻多き,蛇の衣,春
21164,明寺によしなく入りて蛇の衣,蛇の衣,春
21165,岩清水掬ばんとすれば蛇の衣,蛇の衣,春
21166,草むらやちぎれちぎれに蛇の衣,蛇の衣,春
21167,下闇や花かと見れば蛇の衣,蛇の衣,春
21168,撫子の花にあはれや蛇の衣,蛇の衣,春
21169,蛇のから荊棘足を傷る旅,蛇の衣,春
21170,蛇のから滝を見すして返りけり,蛇の衣,春
21171,蛇のから山の小路に横はる,蛇の衣,春
21172,道連の逡巡として蛇のから,蛇の衣,春
21173,蛇のから何を力に抜け出でし,蛇の衣,春
21174,闇の夜や塔のあふなき杜宇,時鳥,夏
21175,闇の夜や塔のあふなし杜宇,時鳥,夏
21176,行燈を月の夜にせん杜鵑,時鳥,夏
21177,川向ひどこのやしきへ時鳥,時鳥,夏
21178,五月雨を思ふてなくか子規,時鳥,夏
21179,それと聞くそら耳もかな杜宇,時鳥,夏
21180,提灯の空にせんなし郭公,時鳥,夏
21181,一声は月かないたかほゝときす,時鳥,夏
21182,ほとゝきす顔の出されぬ格子哉,時鳥,夏
21183,ほとゝきす啼くや湖水のさゝにごり,時鳥,夏
21184,往て還るほどは夜もなし子規,時鳥,夏
21185,治頭社の杜にきてなけ子規,時鳥,夏
21186,みつまたの上や血になくほとゝぎす,時鳥,夏
21187,都まで幾行帰り子規,時鳥,夏
21188,うたゝねの本落しけり時鳥,時鳥,夏
21189,ひるすぎてうつかりしたり時鳥,時鳥,夏
21190,ほとゝきす木曽はこの頃山つゝじ,時鳥,夏
21191,子規なきけり傘の紙一重,時鳥,夏
21192,郭公のきの雫のほつりほつり,時鳥,夏
21193,目にちらり木曽の谷間の子規,時鳥,夏
21194,山々は萌黄浅黄やほとゝきす,時鳥,夏
21195,ラムネの栓天井をついて時鳥,時鳥,夏
21196,朝起は妻にまけたりほとゝきす,時鳥,夏
21197,幾人の命とりけんほとゝきす,時鳥,夏
21198,歌よまぬ身におほけなし時鳥,時鳥,夏
21199,思ふ事なげになきけりほととぎす,時鳥,夏
21200,聞に出て行き違ひけり鵑,時鳥,夏
21201,聞くまではこゝを動かじ時鳥,時鳥,夏
21202,行列の空よこぎるや時鳥,時鳥,夏
21203,九段阪魂祭るころの時鳥,時鳥,夏
21204,此頃の牡丹の天や時鳥,時鳥,夏
21205,これもうしめざめ給へや時鳥,時鳥,夏
21206,島原や草の中なる時鳥,時鳥,夏
21207,杉谷や山三方にほとゝぎす,時鳥,夏
21208,菅笠の生国名のれほとゝきす,時鳥,夏
21209,谷間や屋根飛こゆるほとゝきす,時鳥,夏
21210,挑灯の次第に遠し時鳥,時鳥,夏
21211,飛び飛びに闇を縫ひけり時鳥,時鳥,夏
21212,茄子にも瓜にもつかず時鳥,時鳥,夏
21213,夏山を右にうけたり時鳥,時鳥,夏
21214,ひだるさに寝られぬ夜半や鵑,時鳥,夏
21215,一声は夢よりはかな時鳥,時鳥,夏
21216,一こへは夢よりもろし時鳥,時鳥,夏
21217,一声や捨子の上の時鳥,時鳥,夏
21218,吹き乱す花の中より子規,時鳥,夏
21219,筆もつて寝たるあるじや時鳥,時鳥,夏
21220,故さとに入る夜は月よ郭公,時鳥,夏
21221,故郷へ入る夜は月よほとゝきす,時鳥,夏
21222,時鳥上野をもとる汽車の音,時鳥,夏
21223,時鳥御目はさめて候か,時鳥,夏
21224,時鳥千本卒塔婆宵月夜,時鳥,夏
21225,ほとゝきす其声入れん蓄音器,時鳥,夏
21226,郭公太閤様をぢらしけり,時鳥,夏
21227,時鳥なきやむ頃やひきかへる,時鳥,夏
21228,時鳥鳴くやどこぞに昼の月,時鳥,夏
21229,郭公馬車や車の広小路,時鳥,夏
21230,時鳥一かたまりのはなれ雲,時鳥,夏
21231,時鳥ひよとり越を逆落し,時鳥,夏
21232,時鳥不二の雪まだ六合目,時鳥,夏
21233,時鳥右の耳より左より,時鳥,夏
21234,頬杖の鉄扇いたし時鳥,時鳥,夏
21235,御篝の腹なと見せよ杜宇,時鳥,夏
21236,水無月の虚空に涼し時鳥,時鳥,夏
21237,湯豆腐のこげつくかざや時鳥,時鳥,夏
21238,茄子にも麦にもつかず郭公,時鳥,夏
21239,雨の夜や根岸へ帰る郭公,時鳥,夏
21240,あら海や月にきこえむほとゝきす,時鳥,夏
21241,有明の山は豊後かほとゝきす,時鳥,夏
21242,いそがしや星をよけよけ時鳥,時鳥,夏
21243,一の糸ふつゝときれて子規,時鳥,夏
21244,命なり佐夜の中山ほとゝきす,時鳥,夏
21245,うしろむく人もありけり郭公,時鳥,夏
21246,うちかけの振り向き難しほとゝきす,時鳥,夏
21247,太秦や山ほとゝきす古遊女,時鳥,夏
21248,奥州の墓はいづくに時鳥,時鳥,夏
21249,御子良子のともし火細しほとゝきす,時鳥,夏
21250,恐ろしきやり手の声や鵑,時鳥,夏
21251,恐ろしや起請百枚鵑,時鳥,夏
21252,お茶壺の上を鳴き行く時鳥,時鳥,夏
21253,をばしまや物思ひをれば時鳥,時鳥,夏
21254,大空は四隅もなくて時鳥,時鳥,夏
21255,大原や雨の中より時鳥,時鳥,夏
21256,かけ物の隅に鳴きけり時鳥,時鳥,夏
21257,風吹て竹さわぐ夜や時鳥,時鳥,夏
21258,君か代の不足をいへば時鳥,時鳥,夏
21259,金屏に筆投げつけつ時鳥,時鳥,夏
21260,郭には大鼓のさかりほとゝきす,時鳥,夏
21261,傾城の鼾おそろしほとゝきす,時鳥,夏
21262,傾城の耳たぶ広しほとゝきす,時鳥,夏
21263,此頃の日記や雨と時鳥,時鳥,夏
21264,四海皆鳴りを静めて時鳥,時鳥,夏
21265,叱られて禿泣く也ほとゝきす,時鳥,夏
21266,四枚五枚八枚九枚郭公,時鳥,夏
21267,須磨寺にわが泣きをれば子規,時鳥,夏
21268,雪院にこもる人たれ子規,時鳥,夏
21269,僧ぬれたり時雨の亭の時鳥,時鳥,夏
21270,大仏の臍のあたりやほとゝきす,時鳥,夏
21271,大名の生るゝ時かほとゝぎす,時鳥,夏
21272,竹垣や傘すぼめる時ほとゝきす,時鳥,夏
21273,たそがれの菎蒻閻魔ほとゝきす,時鳥,夏
21274,叩く時ひさご飛び出せ時鳥,時鳥,夏
21275,塔見えて一痕の新月時鳥,時鳥,夏
21276,たまきはる女の声か郭公,時鳥,夏
21277,血の流れ屍の山や郭公,時鳥,夏
21278,塚一つ松一つなりほとゝきす,時鳥,夏
21279,月並は何と聞くらん子規,時鳥,夏
21280,月もなし時鳥もなし風の音,時鳥,夏
21281,つくばねにつきあたりけり時鳥,時鳥,夏
21282,辻占の引声長し時鳥,時鳥,夏
21283,床柱鼻もうたずに郭公,時鳥,夏
21284,飛んで入る焔あやなし時鳥,時鳥,夏
21285,鳴かぬなら鳴かぬと鳴けよ鵑,時鳥,夏
21286,鳴き立つる雀にくらし時鳥,時鳥,夏
21287,泣き給ふ声の細さよ郭公,時鳥,夏
21288,鳴く時はきつと鳴きけり郭公,時鳥,夏
21289,二の声は淡路をこえつ子規,時鳥,夏
21290,軒らんぷ店は閉ぢたりほとゝきす,時鳥,夏
21291,春をきのふはや鳴けほとゝほとゝきす,時鳥,夏
21292,万人の命の上を郭公,時鳥,夏
21293,ひさごから出して見せうか時鳥,時鳥,夏
21294,一声や大空かけてほとゝきす,時鳥,夏
21295,一声や屏風倒れて子規,時鳥,夏
21296,一声や山つんざけて郭公,時鳥,夏
21297,一月に二夜の闇や時鳥,時鳥,夏
21298,病人に一つ徳あり時鳥,時鳥,夏
21299,噴き出す灰の中より郭公,時鳥,夏
21300,吹つける褌の夜風やほとゝきす,時鳥,夏
21301,踏み切りや戸をしめられて鵑,時鳥,夏
21302,蛇入て塒のさわぎや時鳥,時鳥,夏
21303,時鳥上野でぬれし人あらん,時鳥,夏
21304,時鳥江戸に旅寝の雨夜哉,時鳥,夏
21305,時鳥鐘つき堂の白みけり,時鳥,夏
21306,時鳥廝にこもる人はたれ,時鳥,夏
21307,子規顔を格子におしあてる,時鳥,夏
21308,時鳥寒暖計の下りぎは,時鳥,夏
21309,郭公頻りに耳のなる日哉,時鳥,夏
21310,時鳥僧正坊は寝入りけり,時鳥,夏
21311,郭公只一声の夜明哉,時鳥,夏
21312,時鳥茶漬かきこむ里の朝,時鳥,夏
21313,時鳥東海道をいくとまり,時鳥,夏
21314,時鳥なくや雨夜のほの明り,時鳥,夏
21315,時鳥なくや夜明の善光寺,時鳥,夏
21316,郭公何の夢見る陰陽師,時鳥,夏
21317,時鳥名のれ越後は後家の数,時鳥,夏
21318,郭公はてなき海へ鳴て行く,時鳥,夏
21319,郭公一声毎に十里つゝ,時鳥,夏
21320,時鳥昼もぬれたる寺の屋根,時鳥,夏
21321,時鳥昼も穂麦のそよぎかな,時鳥,夏
21322,時鳥二声嵐三声雨,時鳥,夏
21323,時鳥ものゝ匂ひの一しきり,時鳥,夏
21324,時鳥夜を白鬚の白みけり,時鳥,夏
21325,待ちもせぬ時鳥聞き参らせ候,時鳥,夏
21326,窓推すや其時遅し時鳥,時鳥,夏
21327,三日月は見えぬふり也時鳥,時鳥,夏
21328,水無月をもてなされけり郭公,時鳥,夏
21329,宮島や鳥居をくゞるほとゝきす,時鳥,夏
21330,宮守の烏帽子直すや時鳥,時鳥,夏
21331,山畑や真昼のころの郭公,時鳥,夏
21332,ゆゝしさや武士にまたれて鵑,時鳥,夏
21333,横雲をこほれて一つ時鳥,時鳥,夏
21334,夜を眠る薬つれなし子規,時鳥,夏
21335,落城の暁寒し時鳥,時鳥,夏
21336,落城の昔に似たり時鳥,時鳥,夏
21337,我庵は汽車の夜嵐時鳥,時鳥,夏
21338,君が代や不足をいへばほとゝぎす,時鳥,夏
21339,鳥さしの棹もとゝかず時鳥,時鳥,夏
21340,時鳥御願かけ誰が朝まゐり,時鳥,夏
21341,雨風や鳴く音細りし時鳥,時鳥,夏
21342,有明の並木かくれや時鳥,時鳥,夏
21343,あれ聞けよたしかに今の時鳥,時鳥,夏
21344,うたてやな喪にこもる頃の時鳥,時鳥,夏
21345,海の名を聞けば鳴海そ時鳥,時鳥,夏
21346,裏店の喧嘩の中を時鳥,時鳥,夏
21347,椽側へ耳突き出すや時鳥,時鳥,夏
21348,汽車道の丹後へ鳴くや時鳥,時鳥,夏
21349,木曽路にも鉄道かけたか時鳥,時鳥,夏
21350,気にかゝる雲のけしきや時鳥,時鳥,夏
21351,霧島やほのほの中の時鳥,時鳥,夏
21352,けしからぬ烏の声や時鳥,時鳥,夏
21353,ごふくめの垢つく頃や時鳥,時鳥,夏
21354,雑談に耳やすませて時鳥,時鳥,夏
21355,石門の中に月あり時鳥,時鳥,夏
21356,それでなくとそれにして置け鵑,時鳥,夏
21357,笋の雲にとゞいて時鳥,時鳥,夏
21358,竹槍の穂先に鳴くや時鳥,時鳥,夏
21359,血に啼くや草噛む女時鳥,時鳥,夏
21360,名乗れ名乗れ議案の数を時鳥,時鳥,夏
21361,万人の夢の上なり時鳥,時鳥,夏
21362,灯は消て夜明の窓を時鳥,時鳥,夏
21363,灯は消えて夜舟の窓を時鳥,時鳥,夏
21364,時鳥雨の裏店女泣く,時鳥,夏
21365,時鳥表は馬車のひゞき哉,時鳥,夏
21366,時鳥胡瓜のさきに花もつて,時鳥,夏
21367,時鳥木曽の裏山馬嘶ふ,時鳥,夏
21368,時鳥消ゆやちらちら鰹船,時鳥,夏
21369,時鳥首の浮たる温泉哉,時鳥,夏
21370,時鳥芝山内の喧嘩かな,時鳥,夏
21371,時鳥島田三郎斬られたり,時鳥,夏
21372,時鳥将軍山を出でゝ来る,時鳥,夏
21373,時鳥将軍山を出でゝ行く,時鳥,夏
21374,時鳥人馬の細き麓かな,時鳥,夏
21375,時鳥杉一本の野の広き,時鳥,夏
21376,時鳥千三百人と名のりけり,時鳥,夏
21377,時鳥千住あたりは月夜哉,時鳥,夏
21378,時鳥空一はいの月夜かな,時鳥,夏
21379,時鳥千代田の城は堀一重,時鳥,夏
21380,時鳥月を尋ぬる女かな,時鳥,夏
21381,時鳥鳴かぬ程こそゆかしけれ,時鳥,夏
21382,時鳥鳴くなと申人もあり,時鳥,夏
21383,時鳥鳴くや局の銀屏風,時鳥,夏
21384,時鳥鳴くや物干竿高し,時鳥,夏
21385,時鳥八百八町鳴渡る,時鳥,夏
21386,時鳥盆傾くる雨の中,時鳥,夏
21387,時鳥待つとばかりもことづてん,時鳥,夏
21388,時鳥都大路の人通り,時鳥,夏
21389,時鳥闇の神戸のともしかな,時鳥,夏
21390,時鳥横町横町の巡査哉,時鳥,夏
21391,時鳥六派の勝を名のりけり,時鳥,夏
21392,時鳥笑ふて聞かぬ人もあり,時鳥,夏
21393,待ちにけり其一声の郭公,時鳥,夏
21394,望月の欠げて猶鳴く時鳥,時鳥,夏
21395,ものすごき空のけしきや時鳥,時鳥,夏
21396,山駕籠や屋根の上より時鳥,時鳥,夏
21397,山里や大時鳥大月夜,時鳥,夏
21398,山里や蚊遣の上を時鳥,時鳥,夏
21399,山寺や昼寝の鼾時鳥,時鳥,夏
21400,夕月の地にひつゝいてほとゝきす,時鳥,夏
21401,夕闇の雲吹き落せ時鳥,時鳥,夏
21402,横浜の阜頭の崩れや時鳥,時鳥,夏
21403,淀川の大三日月や時鳥,時鳥,夏
21404,蓬生を飛んで出でけり時鳥,時鳥,夏
21405,雨が降るあひの土山時鳥,時鳥,夏
21406,馬通る三方か原や時鳥,時鳥,夏
21407,大風に飛びこむ声や時鳥,時鳥,夏
21408,帰るさや野糞しながら時鳥,時鳥,夏
21409,今日はまた誰をだまさん時鳥,時鳥,夏
21410,四月二十八日初時鳥,時鳥,夏
21411,四月二十八日を初時鳥,時鳥,夏
21412,須磨の灯か明石のともし鵑,時鳥,夏
21413,説教にけがれた耳を時鳥,時鳥,夏
21414,船頭の呼声長し時鳥,時鳥,夏
21415,魂消たり木曽の桟時鳥,時鳥,夏
21416,寝て糞をひる時死出の時鳥,時鳥,夏
21417,此枝は雨三井は曇りて時鳥,時鳥,夏
21418,時鳥あれと隣の初音かな,時鳥,夏
21419,時鳥命捨てんとする女あり,時鳥,夏
21420,時鳥紀の海荒れて月もなし,時鳥,夏
21421,時鳥椎は車を外れけり,時鳥,夏
21422,時鳥それなら寝るのぢやなかつたに,時鳥,夏
21423,時鳥月帆檣の中にあり,時鳥,夏
21424,時鳥寺の表の鉄行燈,時鳥,夏
21425,時鳥啼くや伽藍の屋根許り,時鳥,夏
21426,時鳥啼くやちぎれし月の雲,時鳥,夏
21427,時鳥鳴くや二の谷三の谷,時鳥,夏
21428,時鳥跣足参りの女かな,時鳥,夏
21429,時鳥蛤を焚く桑名かな,時鳥,夏
21430,時鳥蛤を焼く桑名哉,時鳥,夏
21431,時鳥待つや小道の夕占問,時鳥,夏
21432,時鳥山手通と覚えけり,時鳥,夏
21433,時鳥山手通りと覚えたり,時鳥,夏
21434,時鳥われより上に山もなし,時鳥,夏
21435,無住寺にものゝさわぎや時鳥,時鳥,夏
21436,山間や声折り曲る時鳥,時鳥,夏
21437,横雲をこほれて須磨の時鳥,時鳥,夏
21438,今頃は蓮にすわつて時鳥,時鳥,夏
21439,川上は月代已にほとゝぎす,時鳥,夏
21440,げんげんの実になる頃や時鳥,時鳥,夏
21441,松明に楢の雫や時鳥,時鳥,夏
21442,提灯で大仏見るや時鳥,時鳥,夏
21443,月の出の草に風吹く時鳥,時鳥,夏
21444,夏に入りて啼かずなりけり時鳥,時鳥,夏
21445,ふりあぐる槌や其時時鳥,時鳥,夏
21446,時鳥雨をあびたる小寺かな,時鳥,夏
21447,時鳥蛙を捨てに出る夕,時鳥,夏
21448,時鳥鴉は死ねと起請書く,時鳥,夏
21449,時鳥君が車を呼び返す,時鳥,夏
21450,時鳥きよつきよと許り鳴きにけり,時鳥,夏
21451,時鳥救へ救へと声急なり,時鳥,夏
21452,時鳥鳴く時杜若白し,時鳥,夏
21453,時鳥鳴くや浅間の靄の中,時鳥,夏
21454,時鳥鳴くや行燈の花が散る,時鳥,夏
21455,時鳥鳴くや上野の森の上,時鳥,夏
21456,時鳥鳴くやともしに風が来る,時鳥,夏
21457,時鳥横川の坊の垣根より,時鳥,夏
21458,黙座すれば吾名を呼びぬ時鳥,時鳥,夏
21459,夜鳴くを時鳥とこそ覚えたれ,時鳥,夏
21460,しまひ汽車に乗りおくれたか時鳥,時鳥,夏
21461,時鳥しはらくあつて雨到る,時鳥,夏
21462,時鳥毎晩鳴て足痛し,時鳥,夏
21463,時鳥昔此頃此峠,時鳥,夏
21464,時鳥夜滝を見る山の道,時鳥,夏
21465,山を行く君この月に子規,時鳥,夏
21466,鶯は婆アとなりぬ時鳥,時鳥,夏
21467,匆卒に手を分ちけり時鳥,時鳥,夏
21468,鉢植の花なくなりぬ時鳥,時鳥,夏
21469,時鳥一尺の鮎串にあり,時鳥,夏
21470,時鳥雲にぬれたる朝の窓,時鳥,夏
21471,時鳥しはぶき聞ゆ堂の隅,時鳥,夏
21472,時鳥癪をさまりし夜明方,時鳥,夏
21473,床の間の牡丹の闇や時鳥,時鳥,夏
21474,血判の誓紙裂きけり時鳥,時鳥,夏
21475,鉢植の梅の実黄なり時鳥,時鳥,夏
21476,ホトゝギス月ガラス戸ノ隅ニアリ,時鳥,夏
21477,提灯を返せ返せと時鳥,時鳥,夏
21478,時鳥辞世の一句なかりしや,時鳥,夏
21479,時鳥啼かず卯の花くだしつゝ,時鳥,夏
21480,鶯の老をたのむや神のもり,老鶯,夏
21481,鶯や欝金の陰に老い初る,老鶯,夏
21482,老鶯若時鳥今年竹,老鶯,夏
21483,尋常に鶯老いる小藪哉,老鶯,夏
21484,鶯や老いて深山の石に鳴く,老鶯,夏
21485,鶯や日比谷が原に老を鳴く,老鶯,夏
21486,骨折りて鳴く鶯ぞ老いたりし,老鶯,夏
21487,鶯の老いたるを尋ね三河島,老鶯,夏
21488,大山や鶯老いて女阪,老鶯,夏
21489,百円の鶯早く老いにけり,老鶯,夏
21490,鶯の老いたるが多き山路哉,老鶯,夏
21491,鶯の老を鳴くなり遅桜,老鶯,夏
21492,鶯の会は過ぎけり老いにけり,老鶯,夏
21493,鶯の藤咲く山に老いにける,老鶯,夏
21494,鶯や鴉は老いぬものなりけり,老鶯,夏
21495,老いぼれし鶯なくやきよときよとと,老鶯,夏
21496,老いぼれし鶯なくや野の小寺,老鶯,夏
21497,橘に鶯老いぬ初瀬の里,老鶯,夏
21498,旅人の老鶯を聞いて居る,老鶯,夏
21499,藪寺や鶯老いて音にうとき,老鶯,夏
21500,鶯の音を入にけり軽業師,鶯音を入る,春
21501,音を入れた鶯飛ぶやそれそこに,鶯音を入る,春
21502,音を入れた鶯山へ逃て行,鶯音を入る,春
21503,川蝉のあとへきて鳴く行々子,翡翠,秋
21504,涼しさや又川蝉の杭うつり,翡翠,秋
21505,川蝉は目に見えてゐて行々子,翡翠,秋
21506,翡翠や鷺のかくれしあたりより,翡翠,秋
21507,川せみやながめくれたる杭の先,翡翠,秋
21508,川蝉や柳静かに池深し,翡翠,秋
21509,翡翠やながめくれたる水の面,翡翠,秋
21510,翡翠や浅妻舟の人もなし,翡翠,秋
21511,翡翠や水澄んで池の魚深し,翡翠,秋
21512,古池や翡翠来べき杭の形,翡翠,秋
21513,翡翠の池の上飛ぶ夕日哉,翡翠,秋
21514,古池や翡翠去つて魚浮ぶ,翡翠,秋
21515,芦二三本杭に翡翠を画きたり,翡翠,秋
21516,池やあらん川せみ土手を越えて飛ぶ,翡翠,秋
21517,川蝉にねらはれてゐる小魚哉,翡翠,秋
21518,翡翠や芦間隠れの捨小舟,翡翠,秋
21519,川せみやおのれみめよくて魚沈む,翡翠,秋
21520,川せみや口ばし長くしていやなり,翡翠,秋
21521,川蝉や小魚くはへて飛んで行く,翡翠,秋
21522,翡翠や小魚をくはへ飛て行,翡翠,秋
21523,川蝉や水澄んで遊ぶ魚深し,翡翠,秋
21524,川せみや水澄んで遊ぶ魚涼し,翡翠,秋
21525,川蝉や柳垂れ芦生ふる処,翡翠,秋
21526,川せみや夕日にぬれし羽の色,翡翠,秋
21527,しんとして川せみ飛ぶや山の池,翡翠,秋
21528,水楼の絃歌ひる絶えて翡翠飛ぶ,翡翠,秋
21529,水楼の絃歌昼絶えて翡翠飛ぶ,翡翠,秋
21530,古池や川蝉去つて暮遅し,翡翠,秋
21531,古池や川せみ去つて日暮れたり,翡翠,秋
21532,翡翠の魚捕へたる水浅し,翡翠,秋
21533,御庭池川セミ去ツテ鷺来ル,翡翠,秋
21534,川セミノ足場ヲエラブ柳哉,翡翠,秋
21535,川セミノ池ヲ巡リテ皆柳,翡翠,秋
21536,川セミノ魚銜ミ去ル夕日カナ,翡翠,秋
21537,川蝉ノ魚ヲ覗フ柳カナ,翡翠,秋
21538,川セミノ来ル柳ヲ愛スカナ,翡翠,秋
21539,川セミノ来ヌ日柳ノ嵐カナ,翡翠,秋
21540,川セミノ去テ柳ノ夕日哉,翡翠,秋
21541,川セミノ飛デシマヒシ柳カナ,翡翠,秋
21542,川セミノネラヒ誤ル濁カナ,翡翠,秋
21543,川セミモ鷺モ来テ居ル柳哉,翡翠,秋
21544,川セミヤ池ヲ巡リテ皆柳,翡翠,秋
21545,翡翠や芙蓉の枝に羽つくろひ,翡翠,秋
21546,柳伐テ川セミ魚ヲ取ラズナリヌ,翡翠,秋
21547,柳伐テ川セミ遂ニ来ズナリヌ,翡翠,秋
21548,枝川や立ち別れ鳴く行行子,行々子,夏
21549,不尽崩す舟の行来や行々子,行々子,夏
21550,よしきりの声につゝこむ小舟哉,行々子,夏
21551,剖葦の声の嵐や捨小舟,行々子,夏
21552,芦の葉と共になひくや行々子,行々子,夏
21553,芦原の中に家あり行々子,行々子,夏
21554,葭切や水三つまたの別れきは,行々子,夏
21555,枝川の其枝川も行々子,行々子,夏
21556,兎に角に世はかしがまし行々子,行々子,夏
21557,鳴けはうし鳴かねは寂し行々子,行々子,夏
21558,舟引の歌も聞えず行々子,行々子,夏
21559,葦剖や芦の中行く舟一つ,行々子,夏
21560,別荘や裏は隅田の行々子,行々子,夏
21561,別荘や隅田を前に行々子,行々子,夏
21562,飯まいて呼ふや雀の三番子,雀の子,春
21563,出つ入つ数定まらぬ小かもかな,子鴨,冬
21564,日あたりの入江にたまる小鴨哉,子鴨,冬
21565,鴨の子の面白がりて蓮の中,子鴨,冬
21566,夜を鳴いて昼を寝て居る小鴨哉,子鴨,冬
21567,分れけり小鴨は小鴨鴨は鴨,子鴨,冬
21568,鴨の子の泳ぎぞめする濁り哉,子鴨,冬
21569,鴨の子の流れんとする水嵩哉,子鴨,冬
21570,鴨の子の羽ばたきしたる浅み哉,子鴨,冬
21571,鴨の子を二つ握りし童かな,子鴨,冬
21572,居る程の小鴨動かぬ浮寝かな,子鴨,冬
21573,鳰の子の親の真似して潜りけり,鳰の子,夏
21574,鳰の子の泳ぎぞめする濁りかな,鳰の子,夏
21575,鳰の子は親の真似してくゞりけり,鳰の子,夏
21576,水鶏とは知りながら出る妻戸哉,水鶏,夏
21577,ある時は叩きそこなふ水鶏哉,水鶏,夏
21578,垣こえて雨戸を叩く水鶏かな,水鶏,夏
21579,蛙よりある夜は近き水鶏哉,水鶏,夏
21580,水鶏叩き鼠答へて夜は明ぬ,水鶏,夏
21581,水鶏なき鼠答へて夜は明ぬ,水鶏,夏
21582,新場処や紙搗きやめはなく水鶏,水鶏,夏
21583,竹藪の外から叩く水鶏哉,水鶏,夏
21584,叩けとて水鶏にとさすいほり哉,水鶏,夏
21585,一ツ家の表も背戸もくゐなかな,水鶏,夏
21586,一つ家を毎晩たゝく水鶏哉,水鶏,夏
21587,見合せて又叩き出す水鶏かな,水鶏,夏
21588,犬吼てあと静かなる水鶏哉,水鶏,夏
21589,水鶏きて毎晩たゝく明家かな,水鶏,夏
21590,新発意が寝ならふ頃の水鶏哉,水鶏,夏
21591,月の出て背戸をとびのく水鶏哉,水鶏,夏
21592,虎がなく寝覚寝覚の水鶏哉,水鶏,夏
21593,古沢や家居の中に水鶏鳴く,水鶏,夏
21594,古沢や家居の中に鳴く水鶏,水鶏,夏
21595,吉原や水鶏にさむる人もなし,水鶏,夏
21596,宵々に小督驚くくゐなかな,水鶏,夏
21597,大門を夜な夜なたゝく水鶏かな,水鶏,夏
21598,敲きあへで帰る雨夜の水鶏かな,水鶏,夏
21599,掛乞かあらず水鶏のにくさ哉,水鶏,夏
21600,山里や水鶏啼き罷んで犬遠し,水鶏,夏
21601,いたづらに叩く水鶏や墓の門,水鶏,夏
21602,水鶏やんで山僧門を叩きけり,水鶏,夏
21603,狸来ずなりぬ水鶏や戸を叩く,水鶏,夏
21604,戸敲くは水鶏か八百屋か豆腐屋か,水鶏,夏
21605,沼浅く藺生ふるところ水鶏鳴く,水鶏,夏
21606,花藺田に水鶏鳴くべき小雨哉,水鶏,夏
21607,鷭ありく川杭がくれたそがるゝ,鷭,春
21608,鵜の首の蛇とも見へて恐ろしき,鵜,冬
21609,烏羽玉の闇の色なるあら鵜哉,鵜,冬
21610,暁やうかごにねむる鵜のつかれ,鵜,冬
21611,雨来り風添ひあら鵜散乱す,鵜,冬
21612,いしぶみの跡に啼けり閑子鳥,閑古鳥,夏
21613,浮世への筧一すぢ閑子鳥,閑古鳥,夏
21614,聞に出てぬれてもとるや閑古鳥,閑古鳥,夏
21615,しんしんと泉わきけり閑子鳥,閑古鳥,夏
21616,すめはすむ人もありけり閑子鳥,閑古鳥,夏
21617,竹杖のしわる峠や閑古鳥,閑古鳥,夏
21618,どの村へかよふ筧そ閑子鳥,閑古鳥,夏
21619,並松へふし見に来たか閑古鳥,閑古鳥,夏
21620,並松やそれからそれへ閑子鳥,閑古鳥,夏
21621,松の木にすうと入りけり閑子鳥,閑古鳥,夏
21622,閑子鳥心細さに啼きしきる,閑古鳥,夏
21623,閑子鳥扨も発句師のかしましき,閑古鳥,夏
21624,閑子鳥なかねば淋し山の庵,閑古鳥,夏
21625,かんこ鳥なくや山行く武者修行,閑古鳥,夏
21626,淋しさに鏡を見るや閑子鳥,閑古鳥,夏
21627,淋しさの声はありけり閑呼鳥,閑古鳥,夏
21628,夕月は木の間に青しかつこ鳥,閑古鳥,夏
21629,閑子鳥氷のやうな石ありけり,閑古鳥,夏
21630,汽車と云ものが出来るぞ閑子鳥,閑古鳥,夏
21631,矢の跡や石に来て鳴く閑古鳥,閑古鳥,夏
21632,閑古鳥竹の御茶屋の人もなし,閑古鳥,夏
21633,橋一つ渡れば木曽の閑古鳥,閑古鳥,夏
21634,山中の池物凄し閑古鳥,閑古鳥,夏
21635,奥山に石切る音や閑子鳥,閑古鳥,夏
21636,石尊の大太刀古りて閑子鳥,閑古鳥,夏
21637,閑古鳥かなどゝ思へば旅淋し,閑古鳥,夏
21638,木乃伊取る人は帰らず閑古鳥,閑古鳥,夏
21639,魯智深は坊主になりぬ閑古鳥,閑古鳥,夏
21640,魯智深は山に入りけり閑子鳥,閑古鳥,夏
21641,閑子鳥三個ノ秘事ハ伝絶エヌ,閑古鳥,夏
21642,山がらの薄をのぼる手際かな,山雀,冬
21643,山雀の来る時は四五羽来りけり,山雀,冬
21644,山雀を送る雀の夫婦かな,山雀,冬
21645,満潮や寝る水鳥の床かはる,水鳥の巣,春
21646,水鳥に水鳥の巣は知られけり,水鳥の巣,春
21647,雨の夜や浮巣めくりて鳰のなく,浮巣,夏
21648,子になつて浮巣は月に流れけり,浮巣,夏
21649,風吹て浮巣流るゝ瀬田の橋,浮巣,夏
21650,旅烏浮巣にのつて流れけり,浮巣,夏
21651,流さるゝ浮巣に鳰の声悲し,浮巣,夏
21652,人すがる屋根も浮巣のたぐひ哉,浮巣,夏
21653,何鳥と知らぬ浮巣の卵かな,浮巣,夏
21654,ちいちいと絶え入る声や練雲雀,練雲雀,春
21655,武者一騎ながめ入たり羽抜鳥,羽抜鳥,冬
21656,其の下を汽車が通るぞ羽抜鳥,羽抜鳥,冬
21657,羽抜鳥友呼ぶ声か山淋し,羽抜鳥,冬
21658,羽抜鳥覚束なくも飛びにけり,羽抜鳥,冬
21659,羽抜鳥腰ぬけ鳥は人なりけり,羽抜鳥,冬
21660,原通る人見て鳴くや羽抜鳥,羽抜鳥,冬
21661,灯ともして又夏虫をまつ夜哉,夏虫,夏
21662,夏虫の死で落ちけり本の上,夏虫,夏
21663,おのが火をたよりか一ツ飛ぶ蛍,蛍,夏
21664,草の露これも蛍になるやらん,蛍,夏
21665,草の葉のほたるゆれるや水の音,蛍,夏
21666,手の下をくゝつてにげる蛍かな,蛍,夏
21667,姫だちも団扇で出るや蛍狩,蛍,夏
21668,吹く風をとらへかねたるほたる哉,蛍,夏
21669,蛍火にもゆる草葉や雨の岸,蛍,夏
21670,水音をはさむ蛍の屏風哉,蛍,夏
21671,水にはきえ露にはもゆる蛍かな,蛍,夏
21672,瓜小屋に音なきよるの蛍哉,蛍,夏
21673,大蛍ふわふわとして風低し,蛍,夏
21674,山門に蛍逃げこむしまり哉,蛍,夏
21675,静かさに地をすつてとぶ蛍かな,蛍,夏
21676,涼しさや月出るまでの蛍がり,蛍,夏
21677,露となり蛍となりて消にけり,蛍,夏
21678,趙氏連城壁と見て前川に満る蛍哉,蛍,夏
21679,手の内に蛍つめたき光かな,蛍,夏
21680,盗人の闇に見すかす蛍かな,蛍,夏
21681,人去てかせの下行く蛍哉,蛍,夏
21682,蛍から蛍へ風のうつりけり,蛍,夏
21683,蛍狩袋の中の闇夜かな,蛍,夏
21684,路つけて藺の中くゝる蛍かな,蛍,夏
21685,藻を刈てはひでる舟の蛍哉,蛍,夏
21686,藻を刈るや蛍はひ出る舟の端,蛍,夏
21687,手のうらに蛍つめたき光哉,蛍,夏
21688,芦の葉にすかりてなひく蛍哉,蛍,夏
21689,あなどって蛍とびこす庵哉,蛍,夏
21690,余り追はゞ蛍困りて消やせん,蛍,夏
21691,石山の闇を抱込む蛍哉,蛍,夏
21692,市中に蛍一つのさわき哉,蛍,夏
21693,風の前の蛍又消え又明り,蛍,夏
21694,風吹て橋こえ窓に蛍哉,蛍,夏
21695,風吹て乱れ立つ江の蛍哉,蛍,夏
21696,傾城の団扇に這はす蛍哉,蛍,夏
21697,露よりもさきにこぼるゝ蛍哉,蛍,夏
21698,隣から追はれて来たる蛍哉,蛍,夏
21699,ぬれて来て地蔵にとまる蛍哉,蛍,夏
21700,羽黒山蛍一つの闇夜哉,蛍,夏
21701,ふわふわと早瀬を渡る蛍哉,蛍,夏
21702,蛍飛ぶ中洲の芦のそよぎ哉,蛍,夏
21703,雪洞はきえて蛍のさかり哉,蛍,夏
21704,蓬生に蛍みだるゝ夜風哉,蛍,夏
21705,石垣や石のあはひの大蛍,蛍,夏
21706,石山の石の裏飛ぶ蛍かな,蛍,夏
21707,板塀にそふて飛び行く蛍哉,蛍,夏
21708,浮草に流れ流れて蛍かな,蛍,夏
21709,裏つたひ雨夜の蛍静かなり,蛍,夏
21710,大蛍ものすごき夜のけしき哉,蛍,夏
21711,消えて見てやゝあつて光る蛍かな,蛍,夏
21712,竹藪やものにさはらず飛ぶ蛍,蛍,夏
21713,たそがれの川上遠く蛍飛ぶ,蛍,夏
21714,火は消えて雨の夜を啼く蛍かな,蛍,夏
21715,ふわふわと蛍一つの闇夜かな,蛍,夏
21716,蛍飛ぶ中を夜舟のともし哉,蛍,夏
21717,すよすよと舟の側飛ぶ蛍かな,蛍,夏
21718,竹垣の外飛ぶ雨の蛍哉,蛍,夏
21719,次の夜は蛍痩せたり籠の中,蛍,夏
21720,豆腐屋の門に夜とぶ縄哉,蛍,夏
21721,葉隠れて蛍飛ぶなり竹の雨,蛍,夏
21722,蛍飛ぶ背戸の小橋を渡りけり,蛍,夏
21723,蛍飛ぶ宿へ帰りぬ白拍子,蛍,夏
21724,逢阪や人絶えて蛍低く飛ぶ,蛍,夏
21725,義安寺は袋ごしにもいちじるき,蛍,夏
21726,尽く蛍死にけり籠の中,蛍,夏
21727,此頃は蛍を見てもあはれなり,蛍,夏
21728,三寸の苗に蛍や籠の中,蛍,夏
21729,静かさに蛍飛ぶなり淵の上,蛍,夏
21730,その上を蛍飛ぶ也水車,蛍,夏
21731,釣鐘にとまりて光る蛍かな,蛍,夏
21732,釣瓶にとまつて光る蛍哉,蛍,夏
21733,墓原の樒に光る蛍かな,蛍,夏
21734,吹かれ来て蛍あぶなし水車,蛍,夏
21735,古庭に水打つて蛍呼ばんとす,蛍,夏
21736,蛇を恐れ蚯蚓をにくみ蛍狩,蛍,夏
21737,蛇を恐れ蚯蚓をにくむほたる哉,蛍,夏
21738,蛍打たばうすものゝ団扇塗木履,蛍,夏
21739,鼓虫の夜は化けて出て蛍哉,蛍,夏
21740,善き人の被にとまる蛍かな,蛍,夏
21741,思ひ出す蛍が飛んて去年也,蛍,夏
21742,人寝ねて蛍飛ぶ也蚊帳の中,蛍,夏
21743,川風の蛍吹きこむ二階哉,蛍,夏
21744,たはれをの袂に包む蛍哉,蛍,夏
21745,蛍籠に昼は死んたる蛍哉,蛍,夏
21746,夕風の蛍吹きこむ二階哉,蛍,夏
21747,十年の苦学を想ふ蛍哉,蛍,夏
21748,蛍籠行燈に遠くつるしけり,蛍,夏
21749,死蛍を選り分けて居る車胤かな,蛍,夏
21750,蛍狩早苗を盗み帰りけり,蛍,夏
21751,各の紙袋持つ蛍狩,蛍,夏
21752,名どころの蛍大きな光かな,蛍,夏
21753,晴天やおきぬうちから蝉の声,蝉,夏
21754,晴天やふしてとく知る蝉の声,蝉,夏
21755,目の覚めぬうちから聞や蝉の声,蝉,夏
21756,蝉すゞし牛頭天王の杉のもり,蝉,夏
21757,蝉なくや田中に細き土饅頭,蝉,夏
21758,せみのなく木かげや馬頭観世音,蝉,夏
21759,船頭の舟には居らず蝉のこゑ,蝉,夏
21760,脳病の頭にひゞくせみの声,蝉,夏
21761,聞きそめた日よりかしまし蝉の声,蝉,夏
21762,初蝉の声ひきたらぬ夕日哉,蝉,夏
21763,花も月も見しらぬ蝉のかしましき,蝉,夏
21764,朝露を乾かして鳴く蝉の声,蝉,夏
21765,鶯の蝉にせりあふ木末哉,蝉,夏
21766,笠とるや杜の下道蝉時雨,蝉,夏
21767,風吹て涼しき蝉の初音哉,蝉,夏
21768,囚人の鎖重たし蝉の声,蝉,夏
21769,蝉させば竿にもつるゝ柳哉,蝉,夏
21770,蝉の声絶えて水音山深し,蝉,夏
21771,僧正の榎かしまし蝉の声,蝉,夏
21772,電信の柱にあつし蝉の声,蝉,夏
21773,飛びあてる木に落付て蝉の声,蝉,夏
21774,葉柳にふられて鳴くか蝉の声,蝉,夏
21775,風流は苦しきものぞ蝉の声,蝉,夏
21776,帆柱のさきに蝉鳴く入江哉,蝉,夏
21777,みちのくの玉川蝉の名所哉,蝉,夏
21778,行けは熱し休めば涼し蝉の声,蝉,夏
21779,行けばあつしやめれば涼し蝉の声,蝉,夏
21780,明家の門に蝉鳴く夕日哉,蝉,夏
21781,大木の注縄に蝉啼く社哉,蝉,夏
21782,いろいろの売声絶えて蝉の昼,蝉,夏
21783,桟やかづらにすがる蝉の声,蝉,夏
21784,着物干す上は蝉鳴く一の谷,蝉,夏
21785,蝉鳴くや寒暖計は九十九度,蝉,夏
21786,蝉なくや砂に短き松の影,蝉,夏
21787,蝉鳴くや寺は石橋杉木立,蝉,夏
21788,たまたまに蝉鳴く松の林哉,蝉,夏
21789,鳴きやめて飛ぶ時蝉の見ゆる也,蝉,夏
21790,名も知らぬ大木多し蝉の声,蝉,夏
21791,一本に蝉の集まる野中哉,蝉,夏
21792,上野から庭の木へ来て蝉の声,蝉,夏
21793,御殿場や並杉老いて蝉稀也,蝉,夏
21794,椎の影蝉鳴く椽の柱哉,蝉,夏
21795,須磨の浦やうしろの山に蝉の声,蝉,夏
21796,蝉鳴くや野中の井のはね釣瓶,蝉,夏
21797,蝉の声しばらく汽車に押されけり,蝉,夏
21798,蝉の声共に吹かるゝ梢かな,蝉,夏
21799,庭の木にらんぷとゞいて夜の蝉,蝉,夏
21800,昼中や雲いらいらと蝉の声,蝉,夏
21801,昼中や蝉の集まる大榎,蝉,夏
21802,みちのくや出羽へ出ても蝉の声,蝉,夏
21803,夜明から熱いことかな蝉の声,蝉,夏
21804,夜明から熱い天気に蝉の声,蝉,夏
21805,童等の蝉さしにくる社かな,蝉,夏
21806,蝉鳴くや行水時の豆腐売,蝉,夏
21807,鳴きさして蝉の飛行く夕日哉,蝉,夏
21808,一筋の夕日に蝉の飛んで行,蝉,夏
21809,雷晴れて一樹の夕日蝉の声,蝉,夏
21810,蝉なくや物売絶ゆる昼餉過,蝉,夏
21811,蝉に遠く蛙に近し裏二階,蝉,夏
21812,蝉鳴くや団扇に画く滝の音,蝉,夏
21813,飛んで来てとまるやすぐに蝉の声,蝉,夏
21814,男蝉小便すれば女蝉も小便す,蝉,夏
21815,蝉ナクヤ五尺ニ足ラヌ庭ノ松,蝉,夏
21816,アナガマノ声ヤ手ノ蝉袖ノ蝉,蝉,夏
21817,蝉始メテ鳴ク鮠釣る頃の水絵空,蝉,夏
21818,山深ク見馴レヌ花ヤ蝉モ鳴カズ,蝉,夏
21819,ふきもせぬ風に落ちけり蝉のから,蝉の殻,夏
21820,足六つ不足もなしに蝉の殻,蝉の殻,夏
21821,さかしまに残る力や蝉のから,蝉の殻,夏
21822,淋しさにころげて見るや蝉の殻,蝉の殻,夏
21823,せみのからわつて見たれは雫哉,蝉の殻,夏
21824,古池やさかさに浮ふ蝉のから,蝉の殻,夏
21825,睨まれて閻魔の堂の蝉の殻,蝉の殻,夏
21826,ぬけがらの君うつせみのうつゝなや,蝉の殻,夏
21827,蝉時雨仰むく口や木の雫,蝉時雨,夏
21828,人力の森に這入るや蝉時雨,蝉時雨,夏
21829,玉虫ノ穴ヲ出タル光哉,玉虫,夏
21830,経止めて僧のさとりぬ火取虫,火取虫,夏
21831,月の夜を教てくれた火取虫,火取虫,夏
21832,灯取虫ころさぬためや火もおかす,火取虫,夏
21833,灯取虫羽はたきするやからす窓,火取虫,夏
21834,灯取虫の羽はたきするやからす窓,火取虫,夏
21835,火を取りて命取られぬ火取虫,火取虫,夏
21836,火を取りて命取らるる火取虫,火取虫,夏
21837,火を取りて身も取られけり火取虫,火取虫,夏
21838,我庵は月夜となりぬ火取虫,火取虫,夏
21839,我庵を月夜にしたり火取虫,火取虫,夏
21840,あばらやは戸じまりもなし火取虫,火取虫,夏
21841,あはれさやらんぷを辷る灯取虫,火取虫,夏
21842,いろいろの迷ひや蛍灯取むし,火取虫,夏
21843,面白やわれも月なる火取虫,火取虫,夏
21844,燈籠としらずに来たり灯取虫,火取虫,夏
21845,灯取虫おのが闇路に迷ひけり,火取虫,夏
21846,灯取虫すてる命のいくつある,火取虫,夏
21847,吹かれきつ吹きそらされつ灯取虫,火取虫,夏
21848,焼けしぬるおのが思ひや灯取虫,火取虫,夏
21849,我庵をめかけて来るか火取むし,火取虫,夏
21850,傾城に死んで見せけり火取虫,火取虫,夏
21851,火取虫書よむ人の罪深し,火取虫,夏
21852,火取虫仏の灯にも焼かれけり,火取虫,夏
21853,山を見る窓より来たり火取虫,火取虫,夏
21854,灯取虫我身の上をもえにけり,火取虫,夏
21855,白や赤や黄や色々の灯取虫,火取虫,夏
21856,灯取虫思ひつめたるぞ是非もなき,火取虫,夏
21857,ある時は空を行きけり水すまし,水澄し,秋
21858,唾はけばはつと散りけり水馬,水澄し,秋
21859,水馬水にさからふすべりかな,水澄し,秋
21860,世の中をまひまひ丸うまはりけり,水澄し,秋
21861,水馬流れんとして飛び返る,水澄し,秋
21862,川上へ頭そろへて水馬,水澄し,秋
21863,まはれまはれまはれまひまひくるくると,水澄し,秋
21864,水馬枯葉かゝえて遡る,水澄し,秋
21865,まひまひは水に数かくたぐひ哉,水澄し,秋
21866,夕暮の小雨に似たり水すまし,水澄し,秋
21867,山里に夏蚕飼ふらん桑畠,夏蚕,夏
21868,刈残す一畝の桑や夏蚕,夏蚕,夏
21869,神前の鳥居を上る毛虫哉,毛虫,夏
21870,あさましく松くひあらす毛虫哉,毛虫,夏
21871,子供等の毛虫葬る遊び哉,毛虫,夏
21872,思はずの葉裏に居たる毛虫哉,毛虫,夏
21873,片枝に毛虫つきたる若木哉,毛虫,夏
21874,人をして毛虫取らしむ庭の松,毛虫,夏
21875,折り棄てし萩の毛虫を踏付ぬ,毛虫,夏
21876,生きかへるなかれと毛虫ふみつけぬ,毛虫,夏
21877,毛虫殺す毛虫きらひの男哉,毛虫,夏
21878,ひらひらと蛾の飛ぶ藪の小道哉,蛾,夏
21879,藪陰やうつくしき白蛾よゝと飛ぶ,蛾,夏
21880,黒塚や傘にむらがる夏の蜂,夏の蜂,夏
21881,蚊をかたき風を身方のすゝみ哉,蚊,夏
21882,念仏のとぎれけり蚊をたゝく音,蚊,夏
21883,親の血を吸てとぶ蚊のにくさ哉,蚊,夏
21884,蚊の声の中に子の泣く伏屋哉,蚊,夏
21885,蚊の声は床のあやめに群れにけり,蚊,夏
21886,墓拝む間を籔蚊の命哉,蚊,夏
21887,昼の蚊やぐつとくひ入る一思ひ,蚊,夏
21888,我顔を蚊にくはせたる思ひかな,蚊,夏
21889,暁やまだ血にあかぬ蚊のうなり,蚊,夏
21890,蚊の狂ふたそかれ時の化粧哉,蚊,夏
21891,蚊のくるや本箱のすき壁のやれ,蚊,夏
21892,蚊の声にらんぷの暗きはたごかな,蚊,夏
21893,蚊の声にらんぷの暗き宿屋哉,蚊,夏
21894,蚊の死んで本のあはひに哀れ也,蚊,夏
21895,蚊のむれて碁打二人を喰ひけり,蚊,夏
21896,蚊をたゝくいそがはしさよ写し物,蚊,夏
21897,傾城の在所をきけば藪蚊哉,蚊,夏
21898,血ふくれて畳する蚊のにくさ哉,蚊,夏
21899,病人の蚊にうち負し団哉,蚊,夏
21900,本堂の隅にかたまる藪蚊哉,蚊,夏
21901,本堂の隅に蚊のなく真昼かな,蚊,夏
21902,待つ夜半を蚊になぶられて端居哉,蚊,夏
21903,簑かけて座敷にも蚊の宿り哉,蚊,夏
21904,夕風に蚊の流れ行く座敷哉,蚊,夏
21905,宵の月蚊をやくひまに隠れけり,蚊,夏
21906,大風のあとを蚊の出る山家哉,蚊,夏
21907,蚊か蝿か蚤か蝨か孑孑か,蚊,夏
21908,蚊の声もよわる小道の夜明哉,蚊,夏
21909,蚊の声や夜更くる程に太りける,蚊,夏
21910,蚊の中に問ひつ答へつ人二人,蚊,夏
21911,蚊の中に孀めしくふ一人かな,蚊,夏
21912,蚊の居らぬ月見て沖の楫枕,蚊,夏
21913,昼の蚊の来てはとまるや種が島,蚊,夏
21914,皆来れ日本の者は蚊も蚤も,蚊,夏
21915,わきかへる藪蚊の中や家一つ,蚊,夏
21916,蚊の声に雨雲かゝる小村哉,蚊,夏
21917,是非もなや足を蚊のさす写し物,蚊,夏
21918,一つづゝ殺せども蚊のへらざりき,蚊,夏
21919,灯ともすや蚊の声さわぐ石燈籠,蚊,夏
21920,昼の蚊の廻向し居ればさしに来る,蚊,夏
21921,昼の蚊の廻向し居れば我をさす,蚊,夏
21922,松白帆されど蚊も居り蝿も居る,蚊,夏
21923,泉屋の壓(ﾏﾏ)に蚊の鳴く夕哉,蚊,夏
21924,入相を藪蚊は藪に帰りけり,蚊,夏
21925,うかと来て喰ひ殺されな庵の蚊に,蚊,夏
21926,蚊も居らず出水のあとの淋しさよ,蚊,夏
21927,蚊を打つて軍書の上に血を印す,蚊,夏
21928,草の戸や君に逢ふ夜を蚊の多き,蚊,夏
21929,血ぶくれて蚊のはひありく夜明哉,蚊,夏
21930,昼の蚊や円休寺借屋と申して,蚊,夏
21931,物書きさして蚊を焼く夜半の気狂はし,蚊,夏
21932,うつらうつら蚊の声耳の根を去らず,蚊,夏
21933,蚊の多き一新講の宿屋哉,蚊,夏
21934,蚊を燃くや君か寝顔のうつゝなき,蚊,夏
21935,首塚や蜻蛉の如き藪蚊飛ぶ,蚊,夏
21936,だんだらの蚊など出る也昼の鐘,蚊,夏
21937,寺の蚊の痩せて参詣の人を刺す,蚊,夏
21938,念仏や蚊にさゝれたる足の裏,蚊,夏
21939,墓原や昼の蚊群れて足をさす,蚊,夏
21940,灯ともせば蚊の騒ぎ立つ祠かな,蚊,夏
21941,病床に心いらちて蚊を叩く,蚊,夏
21942,蕗折れば昼の蚊さわぎ蟇出でぬ,蚊,夏
21943,三井の蚊の叡山の蚊を追ひかくる,蚊,夏
21944,物のけの消えて屏風に蚊の声す,蚊,夏
21945,夕暮や閨灯ともさぬ蚊のうなり,蚊,夏
21946,夕暮や閨灯ともさぬ蚊の狂ひ,蚊,夏
21947,我宿は椎の木深く蚊の多き,蚊,夏
21948,蚊にくはれ政党論を草しけり,蚊,夏
21949,蚊に馴れて能く寝る室の遊女哉,蚊,夏
21950,蚊の多き根岸の庵や小説家,蚊,夏
21951,蚊の声に馴れて遊女の眠り哉,蚊,夏
21952,蚊の声やうつゝに叩く写し物,蚊,夏
21953,君に侑む酒に儷しや蚊の屍,蚊,夏
21954,草の戸や蚊の餌に足らぬ一人者,蚊,夏
21955,草の戸や蚊の餌に足らぬ吾一人,蚊,夏
21956,書を読むや蚊にさゝれたる足の裏,蚊,夏
21957,病人の起きて蚊を焼く夜半哉,蚊,夏
21958,水捨る草むらを蚊の鳴て出る,蚊,夏
21959,夜学して蚊にくはれけり試験前,蚊,夏
21960,夜一夜蚊にくはれけり試験前,蚊,夏
21961,足の蚊を焼くや足の毛を焼きにけり,蚊,夏
21962,鼾声雷ノ如シ蚊にくはれ居る酔倒れ,蚊,夏
21963,蚊を叩く音も更けたる夜学哉,蚊,夏
21964,蚊を焼くや寝顔に蝋を落しけり,蚊,夏
21965,氏祭これより根岸蚊の多き,蚊,夏
21966,蚊柱や蚊遣の煙のよけ具合,蚊柱,夏
21967,夕立の来て蚊柱を崩しけり,蚊柱,夏
21968,蚊柱やほつれほつれてふしの山,蚊柱,夏
21969,あふがれて蚊柱ゆがむ軒端哉,蚊柱,夏
21970,あふがれて蚊柱ゆがむ夕哉,蚊柱,夏
21971,うすうすと蚊柱動く松の月,蚊柱,夏
21972,蚊はしらの川わたりゆくゆふへ哉,蚊柱,夏
21973,蚊柱の見事立ちけり池の上,蚊柱,夏
21974,蚊柱や楠の幹にも立ならひ,蚊柱,夏
21975,蚊柱やふとしきたてゝ宮造り,蚊柱,夏
21976,蚊柱の下にかしまし三百人,蚊柱,夏
21977,蚊柱の中に相撲とる童かな,蚊柱,夏
21978,蚊柱やくづれては又くづれては,蚊柱,夏
21979,蚊柱や丁稚ものよむ椽の先,蚊柱,夏
21980,蚊柱や漁村尽くつぶれたり,蚊柱,夏
21981,蚊柱や夕栄広き須磨の浦,蚊柱,夏
21982,孑孑の源とへはしみすかな,孑孑,夏
21983,寝いるまを孑孑虫の沈みけり,孑孑,夏
21984,孑孑の藪蚊見送る別れ哉,孑孑,夏
21985,孑孑や水に天地の裏表,孑孑,夏
21986,孑孑や水や天地の裏表,孑孑,夏
21987,孑孑の生れ処の涼しさよ,孑孑,夏
21988,孑孑の蚊になる頃や何学士,孑孑,夏
21989,孑孑の底に沈まるあつさ哉,孑孑,夏
21990,孑孑のはねずにすみぬ浮世哉,孑孑,夏
21991,孑孑も金魚も同じ浮世かな,孑孑,夏
21992,孑孑や汲んで幾日の閼迦の水,孑孑,夏
21993,孑孑や須磨の宿屋の手水鉢,孑孑,夏
21994,明家や孑孑池の杜若,孑孑,夏
21995,炎天や孑孑水をまきちらし,孑孑,夏
21996,蝶ともならずあら孑孑の業因や,孑孑,夏
21997,孑孑のこゝを吉原と申すぞや,孑孑,夏
21998,孑孑の沈むや鳶は空に鳴く,孑孑,夏
21999,孑孑の泥にかくれし旱かな,孑孑,夏
22000,孑孑やうちしづまればもとの垢,孑孑,夏
22001,孑孑やお歯黒どぶの昼過ぎたり,孑孑,夏
22002,孑孑や松葉の沈む手水鉢,孑孑,夏
22003,孑孑の龍とならず蚊と落ちぶれし,孑孑,夏
22004,青蝿の朝魚にたかる熱さ哉,蝿,夏
22005,蝿さえも打つ気になればよりつかず,蝿,夏
22006,蝿憎し打つ気になればよりつかず,蝿,夏
22007,蝿逃げて馬より牛にうつりけり,蝿,夏
22008,身動きに蝿のむらたつひるね哉,蝿,夏
22009,洗ふたる飯櫃に蝿あはれなり,蝿,夏
22010,蝿の舞ふ中に酒のむ車力哉,蝿,夏
22011,蝿むれて虚空に飛ぶや馬の市,蝿,夏
22012,入ること十歩都の蝿をはなれけり,蝿,夏
22013,牛馬の尻並べけり蝿の中,蝿,夏
22014,風渡る孔雀の羽や小蝿舞ふ,蝿,夏
22015,里長や蝿の牛部屋蚊の木部屋,蝿,夏
22016,雪院の戸は破れたり蝿の声,蝿,夏
22017,鉄道に何を群れたる五月蝿ぞや,蝿,夏
22018,蝿たまる水道尻の小家哉,蝿,夏
22019,蝿舞ふや太平洋の船の中,蝿,夏
22020,原中や酒売いこふ蝿の声,蝿,夏
22021,一つ逐へは又一つ来るめしの蝿,蝿,夏
22022,飯粒の一粒づゝに蝿とまる,蝿,夏
22023,こゝ迄に蝿居らずなりぬ馬返し,蝿,夏
22024,蝿を打つ人の心の細さかな,蝿,夏
22025,ものものし蝿を打つ手の力瘤,蝿,夏
22026,馬蝿の吾にうつるや山の道,蝿,夏
22027,本陣に蝿うつわざを御覧ずる,蝿,夏
22028,我心蝿一匹に狂はんとす,蝿,夏
22029,心清ししばらく蝿もよりつかず,蝿,夏
22030,眠らんとす汝静に蝿を打て,蝿,夏
22031,蝿打を持て居眠るみとりかな,蝿,夏
22032,蝿を打ち蚊を焼き病む身罪深し,蝿,夏
22033,愛憎は蝿打つて蟻に与へけり,蝿,夏
22034,酒臭き車夫の昼ねや蝿の中,蝿,夏
22035,石像に蝿もとまらぬ鏡哉,蝿,夏
22036,蝿どもは時を得顔や君逝きぬ,蝿,夏
22037,正宗の刄にさはる蝿もなし,蝿,夏
22038,火箸もて障子に蝿を追窮す,蝿,夏
22039,活きた目をつゝきに来るか蝿の声,蝿,夏
22040,活きた目をつゝきに来るか蝿の飛ぶ,蝿,夏
22041,三尺乃鯛や蝿飛ぶ台所,蝿,夏
22042,大さわぎ書生両手て蚤おさへ,蚤,秋
22043,蚤昼寝時々油断見すまされ,蚤,秋
22044,提灯をふつて蚤とるかごや哉,蚤,秋
22045,蚤と蚊に一夜やせたる思ひ哉,蚤,秋
22046,蚤に手のとゝきかねたり相撲取,蚤,秋
22047,洋服の背中に蚤のいたき哉,蚤,秋
22048,木賃とは蚤にせゝられ鶏の声,蚤,秋
22049,きぬぎぬに蚤の飛び出す蒲団哉,蚤,秋
22050,旅やすし蚤の寝巻の袖たゝみ,蚤,秋
22051,松島や名所の蚤のわれをくふ,蚤,秋
22052,あちへ逃けこちへ逃げ蚤のにくらしき,蚤,秋
22053,お僧見られよ庵は大蚤大蝨,蚤,秋
22054,傾城のぬけ殻に蚤のはねる哉,蚤,秋
22055,しふねくも喰ひつく蚤の力かな,蚤,秋
22056,大粒な蚤とびありく畳哉,蚤,秋
22057,どこまでも追ひつめて見ん舟の蚤,蚤,秋
22058,蚤飛んで仲間部屋の人もなし,蚤,秋
22059,蚤に足らず蝨にあまる力かな,蚤,秋
22060,灯ともしてひとり蚤取る小先達,蚤,秋
22061,いまだ天下を取らず蚤と蚊に病みし,蚤,秋
22062,店先の猿餌に飽きて蚤を取る,蚤,秋
22063,蚤とり粉の広告を読む床の中,蚤,秋
22064,猿芝居猿の蚤取る楽屋哉,蚤,秋
22065,敷革の毛わくる蚤のゆくへ哉,蚤,秋
22066,言巧ニ蚤取粉売ル夜店カナ,蚤,秋
22067,力入レテ蚤ノ卵ヲツブシケリ,蚤,秋
22068,蚤共ニ卵ツブルゝ音高シ,蚤,秋
22069,尼一人蚋の名処を帰り行く,蚋,夏
22070,日光や蚋は居れどもよい処,蚋,夏
22071,旅籠屋に投げ出す足や蚋の跡,蚋,夏
22072,世の中よすそかゝぐれば蚋のくふ,蚋,夏
22073,裾山や蚋の飛びかふ八重葎,蚋,夏
22074,飯呼べど来らず蚋の跡を掻く,蚋,夏
22075,蜘の子やそも人間の始りは,蜘蛛,秋
22076,古壁の隅に動かずはらみ蜘,蜘蛛,秋
22077,人ばらばら蜘の子を散らすごとくなり,蜘蛛,秋
22078,古家の槍長刀や孕蜘,蜘蛛,秋
22079,蜘蛛の子を散らすなかれと伏魔殿,蜘蛛,秋
22080,雨水のしのぶつたふやかたつぶり,蝸牛,夏
22081,一日の旅路しるきや蝸牛,蝸牛,夏
22082,蝸牛と風雅の主や竹の垣,蝸牛,夏
22083,生れるといはぬ身を恥よ蝸牛,蝸牛,夏
22084,大釜の底をはひけり蝸牛,蝸牛,夏
22085,此頃は居らなくなりぬ蝸牛,蝸牛,夏
22086,声あらは何となくらん蝸牛,蝸牛,夏
22087,ちゞまれば広き天地ぞ蝸牛,蝸牛,夏
22088,蝸牛を風雅の主や竹の杓,蝸牛,夏
22089,蝸牛明家の錠のくさりけり,蝸牛,夏
22090,傾城のうらやまれけり蝸牛,蝸牛,夏
22091,五月雨や小牛の角に蝸牛,蝸牛,夏
22092,蝸牛の角のさきなり安芸愛媛,蝸牛,夏
22093,石の上に重なりあふて蝸牛,蝸牛,夏
22094,蝸牛それさへ文字はならひけり,蝸牛,夏
22095,殻ともに踏みつぶされて蝸牛,蝸牛,夏
22096,其角の長さくらべん蝸牛,蝸牛,夏
22097,竹椽や嵐のあとの蝸牛,蝸牛,夏
22098,朝鮮は蝸牛程の大きさよ,蝸牛,夏
22099,蝸牛の角ふりわけよ幾ところ,蝸牛,夏
22100,蝸牛の隣の喧嘩のぞきける,蝸牛,夏
22101,蝸牛や寺の屋陰の大楷子,蝸牛,夏
22102,ぬらくらと蝸牛の文字の覚束な,蝸牛,夏
22103,蝸牛や雨雲さそふ角のさき,蝸牛,夏
22104,蝸牛やおほつかなくもにしり書,蝸牛,夏
22105,我画いて雲に乗り去る蝸牛,蝸牛,夏
22106,長明の車が来たぞ蝸牛,蝸牛,夏
22107,蝸牛の頭もたけしにも似たり,蝸牛,夏
22108,あとはかりあつて消けりなめくしり,蛞蝓,夏
22109,夕くれになれは消けりなめくじり,蛞蝓,夏
22110,なめくじり寺の礎落ちこみぬ,蛞蝓,夏
22111,我足にまけな朽木の＊（虫偏＋? ）蜒,蛞蝓,夏
22112,傘さして売家見るやなめくじり,蛞蝓,夏
22113,笠の音山蛭落ちて首を縮む,蛭,夏
22114,笹の音山蛭落ちて首を縮む,蛭,夏
22115,蛭多き野川に小鮒なんど得つ,蛭,夏
22116,水に遊んで蛭を恐るゝ股の上,蛭,夏
22117,森三里山蛭落ちて人に逢はず,蛭,夏
22118,一吹や羽蟻くづるゝ不二颪,羽蟻,夏
22119,天人の羽衣すつる羽蟻哉,羽蟻,夏
22120,鉄枴の吹きだしたる羽蟻哉,羽蟻,夏
22121,我書て紙魚くふ程に成にけり,紙魚,夏
22122,反故出せば蠧の糞あり古葛籠,紙魚,夏
22123,長嘯か生れ代りの蠧もあらん,紙魚,夏
22124,屋根虫を掃き下したる箒哉,屋根虫,夏
22125,行燈の丁字よあすは初松魚,初鰹,夏
22126,一日は都の水やはつ松魚,初鰹,夏
22127,初松魚生れ変らば富士の龍,初鰹,夏
22128,初松魚実に実に好きな人は誰レ,初鰹,夏
22129,初松魚ひつこむ跡や夏氷,初鰹,夏
22130,見事にも命すてけり初松魚,初鰹,夏
22131,見ン事に命すてけり初松魚,初鰹,夏
22132,傾城の発句名高し初松魚,初鰹,夏
22133,誰人の糞になるらん初松魚,初鰹,夏
22134,日本橋や曙の富士初松魚,初鰹,夏
22135,初松魚江戸の口には四季の花,初鰹,夏
22136,初松魚貴人の前ではねにけり,初鰹,夏
22137,初松魚死すとも可也此ゆふべ,初鰹,夏
22138,初松魚羽が生えたり江戸の空,初鰹,夏
22139,初松魚見るに血しほの迸る,初鰹,夏
22140,婿殿を買ひにやりけり初松魚,初鰹,夏
22141,初松魚蠣殻町を通りけり,初鰹,夏
22142,初松魚片肉に江戸の月夜哉,初鰹,夏
22143,初松魚片身は人に買れけり,初鰹,夏
22144,初松魚只一声の夜明哉,初鰹,夏
22145,江戸ツ児は江戸で生れて初鰹,初鰹,夏
22146,初松魚江戸といひしは昔なり,初鰹,夏
22147,初松魚べらぼうと申す言葉あり,初鰹,夏
22148,江戸人の江戸誇るらく初松魚,初鰹,夏
22149,鎌倉や日蓮去つて初堅魚,初鰹,夏
22150,二度までは初の字つける松魚哉,鰹,夏
22151,生きている様な声なり松魚売,鰹,夏
22152,鰹くふ人にもあらす松魚売,鰹,夏
22153,鎌倉と名のつて死る松魚哉,鰹,夏
22154,一夜さに海山こえて松魚哉,鰹,夏
22155,押し分けて群衆の中を松魚売,鰹,夏
22156,大松魚昔の都荒れにけり,鰹,夏
22157,草の戸や鰹一切れ月半分,鰹,夏
22158,草の戸や五尺の鰹四日の月,鰹,夏
22159,三尺の家に五尺の松魚哉,鰹,夏
22160,重衡がはしめて見たる松魚哉,鰹,夏
22161,重衡のはじめて見たるかつを哉,鰹,夏
22162,暁の第一声や松魚売,鰹,夏
22163,鎌倉は堅魚もなくて小鯵かな,鰹,夏
22164,鮎とんで出よ手をすけて我待つぞ,鮎,夏
22165,鮎はねて月に眠るや渡し守,鮎,夏
22166,膳の上に鮎やくるみや山の宿,鮎,夏
22167,山里や尺に満ちたる鮎のたけ,鮎,夏
22168,洪水のことしは鮎も居らずなりぬ,鮎,夏
22169,鮎はまだ上らずといひぬ渡守,鮎,夏
22170,網を手に人鮎を覗くけはひ哉,鮎,夏
22171,鮎釣の鮎釣の籠を覗きけり,鮎,夏
22172,鮎釣の焼場を戻る夕哉,鮎,夏
22173,鮎飛んで昼静かなり長柄川,鮎,夏
22174,鮎の背に苔や生ふらん淵の色,鮎,夏
22175,玉川の鮎にくひあく一日哉,鮎,夏
22176,一群の鮎眼を過ぎぬ水の色,鮎,夏
22177,故郷の鮎くひに行く休暇哉,鮎,夏
22178,簾捲けは山緑なり鮎膾,鮎,夏
22179,水尾涸て鮎の死だる旱哉,鮎,夏
22180,鮎釣つてなりはひとする翁かな,鮎,夏
22181,鮎漁の獲物少なき不興かな,鮎,夏
22182,水引いて鮎のよる瀬の変りけり,鮎,夏
22183,鮎釣らんか如かずドンコを釣らんには,鮎,夏
22184,くれ涼し大路にならふ金魚売,金魚,夏
22185,取り逃がし掴み崩して海月取,海月,夏
22186,夏の葉に春の匂ひやさくら餅,葉桜,春
22187,葉桜や花さきしとも見えぬ枝,葉桜,春
22188,葉になれは桜もたゞの木なりけり,葉桜,春
22189,葉桜や傾城しらぬ夏の景,葉桜,春
22190,葉桜や来年おもふ枝ののび,葉桜,春
22191,葉桜とよびかへられしさくら哉,葉桜,春
22192,葉桜の上野は闇となりにけり,葉桜,春
22193,葉さくらや枯枝かくす一枝哉,葉桜,春
22194,葉桜や折のこされて一盛り,葉桜,春
22195,葉さくらや折残されて一茂り,葉桜,春
22196,雨の日や葉桜垂れて傘うつり,葉桜,春
22197,葉桜や祇王仏の面がはり,葉桜,春
22198,葉桜や冷酒あをる髯奴,葉桜,春
22199,葉桜や窓を開けば角田川,葉桜,春
22200,葉桜や衛士の篝も木隠れて,葉桜,春
22201,葉桜に馬馳せ違ふ議員哉,葉桜,春
22202,葉桜に人千人のさわぎかな,葉桜,春
22203,葉桜や人影所々なり,葉桜,春
22204,葉桜はつまらぬものよ隅田川,葉桜,春
22205,十日早くばと思ふ葉桜の道もあり,葉桜,春
22206,葉桜に夜は茶屋無し隅田川,葉桜,春
22207,葉桜に夜は茶屋無し向島,葉桜,春
22208,葉桜や昔の人と立咄,葉桜,春
22209,夏桜石を火に焚く山家哉,夏桜,夏
22210,上野山余花を尋ねて吟行す,余花,春
22211,実桜や吉野の御所に鳥の糞,桜の実,夏
22212,紫を玉にぬく実の糸桜,桜の実,夏
22213,木母寺や実桜落ちて児もなし,桜の実,夏
22214,葉柳に日の力なきゆふべかな,葉柳,春
22215,葉柳の風は中から起りけり,葉柳,春
22216,葉柳の五本はあまる庵哉,葉柳,春
22217,葉柳やもつれてのこる三日の月,葉柳,春
22218,葉柳をつかまへかねし小舟哉,葉柳,春
22219,葉柳や風はらひあへずほこりつむ,葉柳,春
22220,葉柳や病気の窓に夕ながめ,葉柳,春
22221,葉柳や病の窓の夕ながめ,葉柳,春
22222,葉柳に水撒車片よせぬ,葉柳,春
22223,葉柳に埃をかぶる車上哉,葉柳,春
22224,風吹けば三日の月あり夏柳,夏柳,夏
22225,ともし火の数定まらず夏柳,夏柳,夏
22226,夏柳吹く程吹て静かなり,夏柳,夏
22227,花嫁や見る見るふとる夏柳,夏柳,夏
22228,むしられて見返り柳夏痩せぬ,夏柳,夏
22229,桜田に夕栄すなり夏柳,夏柳,夏
22230,車道狭く埃捲くなり夏柳,夏柳,夏
22231,車道広く埃捲くなり夏柳,夏柳,夏
22232,田の畦や二尺許りの夏柳,夏柳,夏
22233,夏柳家鴨養ふ小池哉,夏柳,夏
22234,夏柳異人の館灯ともれり,夏柳,夏
22235,野が見ゆる町の出口の夏柳,夏柳,夏
22236,野の家や吹きまくらるゝ夏柳,夏柳,夏
22237,拳を打二階の影や夏柳,夏柳,夏
22238,嵐山葉桜はあれと若楓,若楓,夏
22239,ふらこゝや雨に濡れたる若楓,若楓,夏
22240,若楓軒のともしのうつり哉,若楓,夏
22241,鹿はまだ角芽ぐむ頃や若楓,若楓,夏
22242,茶屋静かに鹿徘徊す若楓,若楓,夏
22243,盤台に鰹生きたり若楓,若楓,夏
22244,石橋や水平かに若楓,若楓,夏
22245,四阿に日の影動く若楓,若楓,夏
22246,寺を見て茶のもてなしや若楓,若楓,夏
22247,若楓案内の小僧可愛げに,若楓,夏
22248,若楓仮名巧なる写し物,若楓,夏
22249,若楓築山ノ亭荒ニケリ,若楓,夏
22250,岩々のわれめわれめや山つゞじ,夏つつじ,夏
22251,青き中に五月つゝじの盛り哉,夏つつじ,夏
22252,案内する小僧すばやし夏つゝじ,夏つつじ,夏
22253,卯の花をめかけてきたかほとゝきす,卯の花,夏
22254,卯の花や妹か垣根の朝ほらけ,卯の花,夏
22255,卯の花にかくるゝ庵の夜明哉,卯の花,夏
22256,卯の花に雲のはなるゝ夜明かな,卯の花,夏
22257,卯の花に雲のはなれし夜明哉,卯の花,夏
22258,卯の花に白波さわぐ山路哉,卯の花,夏
22259,卯の花に不二ゆりこぼす峠哉,卯の花,夏
22260,卯の花にふじを結ひこむ垣根哉,卯の花,夏
22261,卯の花の宿とばかりもことづてん,卯の花,夏
22262,卯の花や月夜となればこぼれ立つ,卯の花,夏
22263,卯の花をこほさすはいれ豆腐売,卯の花,夏
22264,おしあふて又卯の花の咲きこぼれ,卯の花,夏
22265,卯の花のかたへふすぼる捨篝,卯の花,夏
22266,卯の花の雪やこほれて水の上,卯の花,夏
22267,卯の花や牛叱りたる御随身,卯の花,夏
22268,卯の花や月にはうとき松の闇,卯の花,夏
22269,卯の花や町のとまりは善光寺,卯の花,夏
22270,卯の花や弱法師の袖に蝨ちる,卯の花,夏
22271,山駕籠や片よせて舁く花卯木,卯の花,夏
22272,我思ふ人の姿よ花卯木,卯の花,夏
22273,明け行くや卯の花月夜しんしんと,卯の花,夏
22274,卯の花に泣きあかしけり尼一人,卯の花,夏
22275,卯の花の闇を吠ゆるや翁丸,卯の花,夏
22276,卯の花や雨夜の月は傾きぬ,卯の花,夏
22277,泥川や卯の花垣根結ひつゞく,卯の花,夏
22278,山里の卯の花月夜鳥啼く,卯の花,夏
22279,卯の花に経よむ声のなまめかし,卯の花,夏
22280,夘の花の垣なつかしみおとづれん,卯の花,夏
22281,卯の花の里を氷のやけど哉,卯の花,夏
22282,卯の花に鍋を干したが発句かや,卯の花,夏
22283,卯の花の中から牛の角二つ,卯の花,夏
22284,卯の花に尿のかゝる闇夜かな,卯の花,夏
22285,そもさんか卯の花か達磨の骨なるか,卯の花,夏
22286,糞づまりならば卯の花下しませ,卯の花,夏
22287,あれ家や茨花さく臼の上,茨の花,春
22288,窓かけや朧に匂ふ花いばら,茨の花,春
22289,宵月や牛くひ残す花茨,茨の花,春
22290,傘はいる茨の花垣奥深し,茨の花,春
22291,茨さくや根岸の里の貸本屋,茨の花,春
22292,茨咲くや岡凹うして牛遊ぶ,茨の花,春
22293,牧笛の陂下るや花茨,茨の花,春
22294,宵闇に牛の匂ひや茨の花,茨の花,春
22295,うき人の深く隠れし茨哉,茨の花,春
22296,茨咲くや蛇細道によこたはる,茨の花,春
22297,山城の石垣残る茨かな,茨の花,春
22298,搦手の刎橋凄し花茨,茨の花,春
22299,灯ちらちら茨の花垣たそがるゝ,茨の花,春
22300,古城のもる人なしに茨かな,茨の花,春
22301,古城の守る人なしに茨咲く,茨の花,春
22302,見とゞけしかたきの宿や茨の花,茨の花,春
22303,かいま見ん茨咲く宿の隠し妻,茨の花,春
22304,きぬぎぬを茨が袖ひく花茨が,茨の花,春
22305,茨咲いて狐束髪に化け習ふ,茨の花,春
22306,古道の岡に上るところ茨白し,茨の花,春
22307,野茨の花白うして蛇の衣,茨の花,春
22308,花茨惜むべき香を吹き棄つる,茨の花,春
22309,ビール苦く葡萄酒渋し薔薇の花,薔薇,夏
22310,赤薔薇や萌黄の蜘の這ふて居る,薔薇,夏
22311,家富んで門高し薔薇乱れ咲く,薔薇,夏
22312,妹は薔薇赤く姉は百合白し,薔薇,夏
22313,遅咲の薔薇赤うして散り易き,薔薇,夏
22314,草むらむら薔薇黄なるあり赤きあり,薔薇,夏
22315,草むらむら薔薇の黄なるあり赤きあり,薔薇,夏
22316,会堂や結婚式の薔薇の鉢,薔薇,夏
22317,白薔薇の花をつめたる棺かな,薔薇,夏
22318,とげ赤し葉赤し薔薇の枝若し,薔薇,夏
22319,薔薇剪つて手づから活けし書斎哉,薔薇,夏
22320,薔薇一枝美人の胸にしぼみけり,薔薇,夏
22321,薔薇深くぴあの聞ゆる薄月夜,薔薇,夏
22322,夕風や白薔薇の花皆動く,薔薇,夏
22323,我庭の薔薇も葵も咲きにけり,薔薇,夏
22324,翌しらぬ身をながらへ居れば薔薇が散る,薔薇,夏
22325,蜘の巣に一ひら薔薇の花赤し,薔薇,夏
22326,子雀や薔薇の垣根にちよろちよろす,薔薇,夏
22327,障子あけて病間あり薔薇を見る,薔薇,夏
22328,たれこめて薔薇ちることも知らさりき,薔薇,夏
22329,葉かくれて朝鮮薔薇の花赤し,薔薇,夏
22330,椅子を置くや薔薇に膝の触るゝ処,薔薇,夏
22331,阿蘭陀の昔更紗や薔薇の形,薔薇,夏
22332,庭荒れて蜘の囲多き薔薇咲ぬ,薔薇,夏
22333,薔薇くれし嫗みまかり薔薇咲ぬ,薔薇,夏
22334,薔薇咲いて夏橙を貰ひけり,薔薇,夏
22335,薔薇散て萩の葉青き小庭哉,薔薇,夏
22336,薔薇の花マリーと呼ぶは妹なり,薔薇,夏
22337,薔薇を見る眼の草臥や病ミ上り,薔薇,夏
22338,薔薇の画のかきさしてある画室哉,薔薇,夏
22339,赤薔薇と白薔薇と枝を交へけり,薔薇,夏
22340,一盆の薔薇の匂や室に満つ,薔薇,夏
22341,一輪ざしに活けたる薔薇の二輪哉,薔薇,夏
22342,枝低き朝鮮薔薇の蕾哉,薔薇,夏
22343,傘さして馬車を下りけり薔薇の花,薔薇,夏
22344,傘さして馬車を下りるやばらの雨,薔薇,夏
22345,伐りこみし薔薇に蕾の多き哉,薔薇,夏
22346,心よき薔薇のずは枝や二尺あまり,薔薇,夏
22347,咲き咲きて乏しき薔薇の蕾哉,薔薇,夏
22348,束髪にして袴つけたり薔薇の花,薔薇,夏
22349,築地青く薔薇紅の館かな,薔薇,夏
22350,薔薇いけし喫煙室の机かな,薔薇,夏
22351,薔薇の香の粉々として眠られず,薔薇,夏
22352,薔薇の花に鼻つけて嗅ぐ香の薄き,薔薇,夏
22353,薔薇胸にピアノに向ふひとり哉,薔薇,夏
22354,薔薇を画く花は易く葉は難かりき,薔薇,夏
22355,満園の緑や薔薇二三輪,薔薇,夏
22356,病癒えて力無き手や薔薇を折る,薔薇,夏
22357,病癒えて手づから薔薇を手折りけり,薔薇,夏
22358,一輪の牡丹咲きたる小庭哉,牡丹,春
22359,花ひとつ蝶二羽来る牡丹かな,牡丹,春
22360,植木屋の門口狭き牡丹哉,牡丹,春
22361,金箱のうなりに開く牡丹哉,牡丹,春
22362,小娘ののぞきこんだる牡丹哉,牡丹,春
22363,白牡丹ある夜の月に崩れけり,牡丹,春
22364,とりついて小供尻つく牡丹かな,牡丹,春
22365,女房は金の入歯や深見草,牡丹,春
22366,花一つ一つ風持つ牡丹哉,牡丹,春
22367,一本の牡丹を庵の妾かな,牡丹,春
22368,不尽は見ぬ家搆也白牡丹,牡丹,春
22369,松の木にそふて咲たる牡丹哉,牡丹,春
22370,植木屋におちぶれ顔の牡丹哉,牡丹,春
22371,鬼神はあるまじき世の牡丹哉,牡丹,春
22372,大きさは禿の顔の牡丹哉,牡丹,春
22373,合奏の琴にくづれし牡丹哉,牡丹,春
22374,金屏や一輪牡丹瓶の中,牡丹,春
22375,傾城の瓶にしぼみし牡丹哉,牡丹,春
22376,紙燭とつて女案内す小夜牡丹,牡丹,春
22377,白牡丹三十六宮の夕哉,牡丹,春
22378,仁と義はなくて花さく牡丹哉,牡丹,春
22379,ちる時は風もさはらず白牡丹,牡丹,春
22380,中々に女はいやし白牡丹,牡丹,春
22381,牡丹咲て美人の鼾聞えけり,牡丹,春
22382,雪洞に一輪うつる牡丹哉,牡丹,春
22383,椰子の陰に語れ牡丹を芍薬を,牡丹,春
22384,夕風ににくや牡丹のあちらむく,牡丹,春
22385,義仲のうれしがりけり紅牡丹,牡丹,春
22386,世の中は牡丹の花に牛の角,牡丹,春
22387,宵月のたしかに暮るゝ黒牡丹,牡丹,春
22388,欄干に楊貴妃眠る牡丹哉,牡丹,春
22389,赫奕と牡丹の開く御庭哉,牡丹,春
22390,唐国の王子来ませし牡丹哉,牡丹,春
22391,草の戸や都のあとの白牡丹,牡丹,春
22392,紅白の牡丹朝日に開きけり,牡丹,春
22393,咲きにけり唐紅の大牡丹,牡丹,春
22394,玉程にふとる牡丹の莟かな,牡丹,春
22395,人も無し牡丹活けたる大座敷,牡丹,春
22396,舟つけて裏門入れば牡丹哉,牡丹,春
22397,牡丹咲いて大此枝颪来る夜かな,牡丹,春
22398,牡丹散て長白山の狼煙かな,牡丹,春
22399,待ちかねてちるや廿日の赤牡丹,牡丹,春
22400,夕風や牡丹崩るゝ石の上,牡丹,春
22401,善き人の皆金くさき牡丹かな,牡丹,春
22402,いたづらに牡丹の花の崩れけり,牡丹,春
22403,豁然と牡丹伐りたる遊女かな,牡丹,春
22404,廃院の牡丹小さく咲きにけり,牡丹,春
22405,廃苑の牡丹小さくさきにけり,牡丹,春
22406,牡丹咲く賎が垣根か内裏跡,牡丹,春
22407,牡丹載せて今戸へ帰る小舟かな,牡丹,春
22408,世の人の上を崩るゝ牡丹哉,牡丹,春
22409,一どきに崩れてしまふ牡丹哉,牡丹,春
22410,薄月夜牡丹の露のこぼれけり,牡丹,春
22411,篝火の燃えやうつらん白牡丹,牡丹,春
22412,宰相の詩会催す牡丹哉,牡丹,春
22413,七宝の花瓶に活けし牡丹哉,牡丹,春
22414,白牡丹咲かばといひし君を待つ,牡丹,春
22415,白牡丹さくや四国の片すミに,牡丹,春
22416,白牡丹さくや四国の片ほとり,牡丹,春
22417,しんとして牡丹崩るゝ夜中哉,牡丹,春
22418,その笠の裏には牡丹開くべく,牡丹,春
22419,卓一脚香消えなんとする牡丹哉,牡丹,春
22420,寺に座して村を見下す牡丹哉,牡丹,春
22421,鳥一羽立つや牡丹の畠から,牡丹,春
22422,何もなし庭広く兀と牡丹哉,牡丹,春
22423,塗盆に崩れ牡丹をかむろかな,牡丹,春
22424,廃苑に蜘のゐ閉づる牡丹哉,牡丹,春
22425,花震ふ大雨の中の牡丹哉,牡丹,春
22426,美服して牡丹に媚びる心あり,牡丹,春
22427,昼中の雲影移る牡丹哉,牡丹,春
22428,更くる夜を牡丹の蕾はぜかゝる,牡丹,春
22429,更る夜を牡丹の蕾咲きかゝる,牡丹,春
22430,牡丹伐つて其夜嵐の音すなり,牡丹,春
22431,牡丹咲いて僧つどひけり興福寺,牡丹,春
22432,廊下より手燭さし出す牡丹哉,牡丹,春
22433,凛として牡丹動かず真昼中,牡丹,春
22434,銀屏に燃ゆるが如き牡丹哉,牡丹,春
22435,後苑の牡丹に猫の目午なり,牡丹,春
22436,しづ心牡丹崩れてしまひけり,牡丹,春
22437,白牡丹五日の月をつぼみけり,牡丹,春
22438,青楼の壁に牡丹の詩を題す,牡丹,春
22439,牡丹剪て十日の酔のさめにけり,牡丹,春
22440,牡丹剪つて二日の酔のさめにけり,牡丹,春
22441,牡丹剪るべく手を傷つけぬ張麗華,牡丹,春
22442,楊貴妃の寝起顔なる牡丹哉,牡丹,春
22443,二階には牡丹生けたり姉の部屋,牡丹,春
22444,一枝の牡丹酬ゆる新茶哉,牡丹,春
22445,牡丹剪て朝日淋しき小庭哉,牡丹,春
22446,あらたまる病の床のほたん哉,牡丹,春
22447,一輪の牡丹かゝやく病間哉,牡丹,春
22448,薄様に花包みある牡丹哉,牡丹,春
22449,人力に乗せて牡丹のゆるぎ哉,牡丹,春
22450,二片散つて牡丹の形変りけり,牡丹,春
22451,鉢植の牡丹もらひし病哉,牡丹,春
22452,牡丹画いて絵具は皿に残りけり,牡丹,春
22453,牡丹咲く浄土の寺に絵踏かな,牡丹,春
22454,牡丹散つて芭蕉の像そ残りける,牡丹,春
22455,牡丹ちる病の床の静かさよ,牡丹,春
22456,政宗の額の下なり牡丹鉢,牡丹,春
22457,三日にして牡丹散りたる句録哉,牡丹,春
22458,蓑笠をかけし古家の牡丹かな,牡丹,春
22459,厄月の庭に咲いたる牡丹哉,牡丹,春
22460,薄色の牡丹久しく保ちけり,牡丹,春
22461,かいなでに牡丹描くや泥絵の具,牡丹,春
22462,銀屏や崩れんとする白牡丹,牡丹,春
22463,散らまくの花びら垂れし牡丹哉,牡丹,春
22464,雨晴れて牡丹の傘をたゝみけり,牡丹,春
22465,雨ふると傘立てゝやる牡丹かな,牡丹,春
22466,傘立てゝ雨だれかゝる牡丹かな,牡丹,春
22467,傘立てゝ雨横しぶく牡丹かな,牡丹,春
22468,傘立てゝ置けば雨ふる牡丹かな,牡丹,春
22469,風吹いて花びら動く牡丹かな,牡丹,春
22470,ガラス越しに灯うつりたる牡丹かな,牡丹,春
22471,三年目に蕾たのもし牡丹の芽,牡丹,春
22472,土かはで置きしが咲きし牡丹かな,牡丹,春
22473,手燭して見する月夜の牡丹かな,牡丹,春
22474,寝床から見ゆる小庭の牡丹かな,牡丹,春
22475,灯のうつる牡丹色薄く見えにけり,牡丹,春
22476,昼中は散るべく見えし牡丹かな,牡丹,春
22477,二人して牡丹の鉢を移しけり,牡丹,春
22478,吾庭にはじめて咲ける牡丹かな,牡丹,春
22479,京ハ夜店サレド牡丹ハ売ラヌ也,牡丹,春
22480,猩臙脂に何ませて見ん牡丹かな,牡丹,春
22481,土一塊牡丹いけたる其下に,牡丹,春
22482,引き出だす弊に牡丹の飾り花車,牡丹,春
22483,虻飛んで蜜柑の花のこぼれけり,蜜柑の花,夏
22484,柚の花や座つてひろふ女の子,柚の花,夏
22485,吸物にいさゝか匂ふ花柚哉,柚の花,夏
22486,柚の花や琴かきならす医者の妻,柚の花,夏
22487,歌もそはで只大木の樗哉,楝の花,夏
22488,夜芝居の小屋をかけたる樗哉,楝の花,夏
22489,薄曇り樗の花の散りにけり,楝の花,夏
22490,仮小屋の柱になりし樗かな,楝の花,夏
22491,見返るや門の樗の見えぬ迄,楝の花,夏
22492,人寄せる馬車の喇叭や花樗,楝の花,夏
22493,ほす衣の袖にも一つ栗の花,栗の花,夏
22494,くりのはな覚束なくもこぼれけり,栗の花,夏
22495,栗の花筧の水の細りけり,栗の花,夏
22496,栗の花つひて落ちけり蛇の皮,栗の花,夏
22497,栗三年花咲く程に成りにけり,栗の花,夏
22498,栗の花茶屋一軒を隠しけり,栗の花,夏
22499,毛虫にもならで落ちけり栗の花,栗の花,夏
22500,よすがらや花栗匂ふ山の宿,栗の花,夏
22501,藁屋根や年々くさる栗の花,栗の花,夏
22502,栗の花小窓をくゞる煙哉,栗の花,夏
22503,栗の花飲まれぬ水の流れけり,栗の花,夏
22504,雨暗き木立に栗の花白し,栗の花,夏
22505,大釜の湯気立ち上る栗の花,栗の花,夏
22506,風さつと花動く栗の梢かな,栗の花,夏
22507,蚊帳明けてほのかに白し栗の花,栗の花,夏
22508,栗の花落ちてきたなき小庭哉,栗の花,夏
22509,栗の花納所自ら洗濯す,栗の花,夏
22510,栗の花山猫和尚となん呼べる,栗の花,夏
22511,毛虫にはせじと掃きけり栗の花,栗の花,夏
22512,天窓やたまたま落つる栗の花,栗の花,夏
22513,合歓いまだ覚めず栗の花旭に映ず,栗の花,夏
22514,乗懸や花栗匂ふ山の道,栗の花,夏
22515,靄かゝる山の木立や栗の花,栗の花,夏
22516,栗の花筍飯は過きにけり,栗の花,夏
22517,団栗の花散る檐や朝煙,団栗の花,春
22518,団栗の花掃き寄せる戸口哉,団栗の花,春
22519,くちなしの蟻ぞ槐の下涼み,山梔子の花,夏
22520,うす月夜花梔子の匂ひ哉,山梔子の花,夏
22521,薄月夜花くちなしの匂ひけり,山梔子の花,夏
22522,誰が魂の夢をさくらん合歓の花,合歓の花,夏
22523,いかめしき樫の木立や合歓の花,合歓の花,夏
22524,海棠は眠り過ぎたり合歓の花,合歓の花,夏
22525,目がさめた頃かよ合歓の花が散る,合歓の花,夏
22526,眼のさめた頃かよ合歓の花が散る,合歓の花,夏
22527,ものうげに老木さきけり合歓花,合歓の花,夏
22528,行水や背戸口狭きねむの花,合歓の花,夏
22529,おのが秋を烏の落す柿の花,柿の花,夏
22530,風吹て庇にたまる柿の花,柿の花,夏
22531,咲きそめた年覚束な柿の花,柿の花,夏
22532,柿の花土塀の上にこぼれけり,柿の花,夏
22533,柿の花土塀の上にこぼれたり,柿の花,夏
22534,ニ三町柿の花散る小道かな,柿の花,夏
22535,柿の花八十八を祝ひけり,柿の花,夏
22536,浮いて居る小便桶や柿の花,柿の花,夏
22537,柿の花散るや仕官の暇なき,柿の花,夏
22538,岩陰や水にかたよる椎の花,椎の花,春
22539,馬の背や風吹きこぼす椎の花,椎の花,春
22540,こぼるゝや日傘の上の椎の花,椎の花,春
22541,風吹て注縄に花ある榎哉,榎の花,夏
22542,忍冬に眼薬売る裏家哉,忍冬の花,冬
22543,紫陽花や壁のくづれをしぶく雨,紫陽花,夏
22544,あぢさいや花と露との重みにて,紫陽花,夏
22545,紫陽花に浅黄の闇は見えにけり,紫陽花,夏
22546,紫陽花にあやしき蝶のはなだ哉,紫陽花,夏
22547,紫陽花にかぶせかゝるや今年竹,紫陽花,夏
22548,紫陽花に吸ひこむ松の雫哉,紫陽花,夏
22549,紫陽花や壁の破れをしぶく雨,紫陽花,夏
22550,あぢさいや神の灯深き竹の奥,紫陽花,夏
22551,紫陽花や花さき重り垂れ重り,紫陽花,夏
22552,あぢさいや一かたまりの露の音,紫陽花,夏
22553,うつむいて紫陽花泥によこれけり,紫陽花,夏
22554,押あけてあぢさいこぼす戸びら哉,紫陽花,夏
22555,抱起す手に紫陽花のこほれけり,紫陽花,夏
22556,たれすぎて紫陽花泥によこれけり,紫陽花,夏
22557,紫陽花や赤にならぬが面白き,紫陽花,夏
22558,紫陽花やきのふの誠けふの嘘,紫陽花,夏
22559,紫陽花やけふはをかしな色に咲く,紫陽花,夏
22560,紫陽花や源氏車の破れ窓,紫陽花,夏
22561,紫陽花や舌を見せたる小傾城,紫陽花,夏
22562,紫陽花や染物かわく藪の裏,紫陽花,夏
22563,紫陽花やはなだにかはるきのふけふ,紫陽花,夏
22564,紫陽花やはなだになりしきのふけふ,紫陽花,夏
22565,けふや切らんあすや紫陽花何の色,紫陽花,夏
22566,紫陽花やあしたは何の色を咲く,紫陽花,夏
22567,紫陽花や紫陽花に似た花もあり,紫陽花,夏
22568,紫陽花や女なまめく片折戸,紫陽花,夏
22569,紫陽花に絵の具こぼせしあるじ哉,紫陽花,夏
22570,紫陽花に絵の具をこぼす主哉,紫陽花,夏
22571,紫陽花や一輪たるゝ手水鉢,紫陽花,夏
22572,紫陽花や一ふさ垂るゝ手水鉢,紫陽花,夏
22573,思ひ出して又紫陽花の染めかふる,紫陽花,夏
22574,紫陽花の雨に浅黄に月に青し,紫陽花,夏
22575,紫陽花の色かふるべき日取哉,紫陽花,夏
22576,紫陽花の何に変るぞ色の順,紫陽花,夏
22577,紫陽花のはなだになつてしまひけり,紫陽花,夏
22578,念入れて紫陽花の花染めかふる,紫陽花,夏
22579,念入れて又紫陽花の染め返す,紫陽花,夏
22580,紫陽花や紫尽きて浅緑,紫陽花,夏
22581,紫陽花や赤に化けたる雨上り,紫陽花,夏
22582,紫陽花の庵二年経る俳士哉,紫陽花,夏
22583,扶け起す紫陽花の枝倒れけり,紫陽花,夏
22584,紫陽花にきのふ紅さして今日はいかに,紫陽花,夏
22585,南天の実になる花と思はれす,南天の花,夏
22586,鬼の子のまだ頑是なし花石榴,柘榴の花,夏
22587,下闇や力がましき花石榴,柘榴の花,夏
22588,花石榴久しう咲いて忘られし,柘榴の花,夏
22589,わひしさややねにころかる桐の花,桐の花,春
22590,新道や人馬の中の桐の花,桐の花,春
22591,茶畑に一本高し桐の花,桐の花,春
22592,何代の壁の壊れや桐の花,桐の花,春
22593,桐の花さくや都の古屋敷,桐の花,春
22594,花桐の琴屋を待てば下駄屋哉,桐の花,春
22595,藪医者の玄関荒れて桐の花,桐の花,春
22596,藪医者や玄関荒れて桐の花,桐の花,春
22597,唐紙や銀箔兀し桐の花,桐の花,春
22598,桐老いて琴にもならず花咲きぬ,桐の花,春
22599,桐の花めでたき事のある小家,桐の花,春
22600,城跡や麦の畑の桐の花,桐の花,春
22601,日光の古き宿屋や桐の花,桐の花,春
22602,花桐の蒔絵ゆかしき手箱哉,桐の花,春
22603,花桐や賞を賜はる村の長,桐の花,春
22604,花桐を蒔絵にしたる手箱哉,桐の花,春
22605,古庭や桐の花散る井戸の蓋,桐の花,春
22606,塀の内に桐の花咲く明地哉,桐の花,春
22607,屋根低き物置小屋や桐の花,桐の花,春
22608,凌霄や煉瓦造りの共うつり,凌霄花,夏
22609,名も知らぬ木に凌霄のさかり哉,凌霄花,夏
22610,凌霄やからまる縁の小傾城,凌霄花,夏
22611,凌霄や一つる垂れし花かつら,凌霄花,夏
22612,家毎に凌霄咲ける温泉かな,凌霄花,夏
22613,凌霄の花に蝉鳴く真昼哉,凌霄花,夏
22614,凌霄や温泉の宿の裏二階,凌霄花,夏
22615,これそげに夏の花なる百日紅,百日紅,夏
22616,青嵐百日紅を中にして,百日紅,夏
22617,栗の樹と背あはせやさるすへり,百日紅,夏
22618,此頃は薄墨になりぬ百日白,百日紅,夏
22619,百日紅九十九日はなくも哉,百日紅,夏
22620,百日紅ちらは扇にうけて見ん,百日紅,夏
22621,白かべの薄あからみやさるすへり,百日紅,夏
22622,青天に咲きひろげゞり百日紅,百日紅,夏
22623,又しても百日紅の暑さ哉,百日紅,夏
22624,又しても百日紅の長さ哉,百日紅,夏
22625,夏に籠る傾城もあり百日紅,百日紅,夏
22626,てらてらと小鳥も鳴かず百日紅,百日紅,夏
22627,無住寺と人はいふなり百日紅,百日紅,夏
22628,学校の昼静かなり百日紅,百日紅,夏
22629,築山の芝の青きに百日紅,百日紅,夏
22630,きらきらと照るや野寺の百日紅,百日紅,夏
22631,百日紅梢ばかりの寒さ哉,百日紅,夏
22632,通夜堂や緑の中の百日紅,百日紅,夏
22633,赤々と百日紅の旱かな,百日紅,夏
22634,てらてらと百日紅の旱かな,百日紅,夏
22635,雨乞のしるしも見えず百日紅,百日紅,夏
22636,小祭の獅子舞はせけり百日紅,百日紅,夏
22637,酒好の昼から飲むや百日紅,百日紅,夏
22638,百日紅咲くや小村の駄菓子店,百日紅,夏
22639,百日紅咲くや真昼の閻魔堂,百日紅,夏
22640,石塔の上にこぼれぬ百日紅,百日紅,夏
22641,寺焼けて土塀の隅の百日紅,百日紅,夏
22642,野の中の小寺や百日紅咲けり,百日紅,夏
22643,半里さきに見ゆや庄屋の百日紅,百日紅,夏
22644,まぎれなき百日紅や森の中,百日紅,夏
22645,世の中やひとり花咲く百日紅,百日紅,夏
22646,棕櫚の花闇の空より匂ひけり,棕櫚の花,夏
22647,棕櫚の花闇の夜頃を匂ひけり,棕櫚の花,夏
22648,筒組んで兵隊休む棕櫚の花,棕櫚の花,夏
22649,蜘のいの高き梢や棕櫚の花,棕櫚の花,夏
22650,棕櫚の花梯子とゞかぬ高さかな,棕櫚の花,夏
22651,村落に洋館ありて棕櫚の花,棕櫚の花,夏
22652,吾も亦愛す吾廬や棕櫚の花,棕櫚の花,夏
22653,玉巻の芭蕉ゆるみし暑さ哉,芭蕉の巻葉,秋
22654,雨の音巻葉とけたる芭蕉哉,芭蕉の巻葉,秋
22655,入口や芭蕉玉巻く黄檗寺,芭蕉の巻葉,秋
22656,移し植ゑて巻葉憐む芭蕉哉,芭蕉の巻葉,秋
22657,竿触れて芭蕉の巻葉折らしけり,芭蕉の巻葉,秋
22658,其中に兀と芭蕉の巻葉哉,芭蕉の巻葉,秋
22659,たのもしく巻葉ののびる芭蕉哉,芭蕉の巻葉,秋
22660,庭を覆ふて芭蕉の巻葉とけにけり,芭蕉の巻葉,秋
22661,二葉垂れて一葉玉巻く芭蕉哉,芭蕉の巻葉,秋
22662,巻葉がちに一葉広がる芭蕉哉,芭蕉の巻葉,秋
22663,巻葉とけて庭に塞がる芭蕉哉,芭蕉の巻葉,秋
22664,丸き窓に巻葉のびたる芭蕉哉,芭蕉の巻葉,秋
22665,門破れて芭蕉漸く二葉半,芭蕉の巻葉,秋
22666,連翹は散つて玉巻く芭蕉哉,芭蕉の巻葉,秋
22667,墨汁のかわく芭蕉の巻葉かな,芭蕉の巻葉,秋
22668,麦藁の籠に盛りたるゆすら哉,ゆすらの実,夏
22669,苔の上にこぼれて赤しゆすらの実,ゆすらの実,夏
22670,ゆふ立にふりまじりたる杏哉,杏,春
22671,霊聖女来らず杏腐り落つ,杏,春
22672,夕立にふりまじりたる李かな,李,春
22673,店さきに幾日を経たる李哉,李,春
22674,虫はみて一枝赤き李かな,李,春
22675,むらむらと闇にみたるゝ李かな,李,春
22676,故郷近く夏橙を船に売る,夏蜜柑,冬
22677,山吹ノ返リ花アリ夏蜜柑,夏蜜柑,冬
22678,病床に夏橙を分ちけり,夏蜜柑,冬
22679,青梅の落て拾はぬあき家哉,青梅,春
22680,花の皆青梅になる若木かな,青梅,春
22681,花は皆青梅になる若木哉,青梅,春
22682,青梅の音して傘をころげけり,青梅,春
22683,青梅の猶たふとしや神の庭,青梅,春
22684,青梅や黄梅やうつる軒らんぷ,青梅,春
22685,青梅や傾城老いて洗ひもの,青梅,春
22686,青梅をくふて泣きけり杜樊川,青梅,春
22687,よもすがら青梅落つる嵐哉,青梅,春
22688,青梅ややもり火に透く門らんぷ,青梅,春
22689,青梅のすゞなりけらし神の前,青梅,春
22690,青梅や神下りたまふ井のほとり,青梅,春
22691,青梅に塩売を呼ぶ戸口哉,青梅,春
22692,青梅に筍高し明家敷,青梅,春
22693,青梅に檐の曇りや時鳥,青梅,春
22694,青梅の下に集る童かな,青梅,春
22695,青梅や行軍を見る里の雨,青梅,春
22696,青梅や梅園の戸は鎖したる,青梅,春
22697,垣越に青梅盜む月夜哉,青梅,春
22698,青梅や病より起つ林和靖,青梅,春
22699,青梅をかきはじめなり菓物帖,青梅,春
22700,梅の実の落て黄なるあり青きあり,梅の実,夏
22701,たまたまに葉のつく梅のゆかしさよ,梅の実,夏
22702,梅の実の落ちて乏しき老木哉,梅の実,夏
22703,梅の実の小さき核やかみ砕く,梅の実,夏
22704,木の上にひとり枇杷くふ童かな,枇杷,夏
22705,枇杷の実に蟻のたかりや盆の上,枇杷,夏
22706,くひながら夏桃売のいそぎけり,夏桃,夏
22707,夏桃はまだ毛の多き苦さ哉,夏桃,夏
22708,時計屋も夏桃店も埃哉,夏桃,夏
22709,桑の実や木曽にわづらふ子順礼,桑の実,夏
22710,あら恋し木曽の桑の実くふ君は,桑の実,夏
22711,ありきながら桑の実くらふ木曽路哉,桑の実,夏
22712,桑の実の毛虫に似たる恨み哉,桑の実,夏
22713,垣を成す桑の木老いて実の多き,桑の実,夏
22714,桑の実をくはさる君にジヤボン哉,桑の実,夏
22715,児の手を無理にあくれば青山椒,青山椒,夏
22716,児の手を無理にあけれバ青山椒,青山椒,夏
22717,夏の日の色としもなし青山椒,青山椒,夏
22718,馬繋ぐ奥街道の新樹かな,新樹,春
22719,湯治場や床几を移す新樹陰,新樹,春
22720,年とつた木もたちかへる若葉哉,若葉,春
22721,年ふるき木もたちかえる若葉哉,若葉,春
22722,花さかぬ木に春来る若葉かな,若葉,春
22723,若葉かなさては吉野も只の山,若葉,春
22724,若葉をもあみこむいろや青簾,若葉,春
22725,見具合の春とは変る若葉かな,若葉,春
22726,傘はいる若葉の底の家居哉,若葉,春
22727,絶間より人馬の通ふ若葉哉,若葉,春
22728,旅人の歌上りゆく若葉哉,若葉,春
22729,鼓鳴る能楽堂の若葉かな,若葉,春
22730,白雲や青葉若葉の三十里,若葉,春
22731,ふりかへる都のかたも若は哉,若葉,春
22732,見あぐれば信濃につゞく若葉哉,若葉,春
22733,鎌倉は村と呼ばるゝ若葉哉,若葉,春
22734,朝まだき書読む窓の若葉哉,若葉,春
22735,あつ盛のかたみを拝む若葉哉,若葉,春
22736,あひ傘のふりむきもせぬ若葉哉,若葉,春
22737,雨の日を雀の遊ふわかばかな,若葉,春
22738,雨晴て雲に月ある若葉哉,若葉,春
22739,一日に遊女の老いる若葉哉,若葉,春
22740,討死のあとに経よむ若葉哉,若葉,春
22741,うつくしき名は散りはてゝ若葉哉,若葉,春
22742,奥深く鈴鳴る宮の若葉哉,若葉,春
22743,奥まりて碑くらき若葉かな,若葉,春
22744,かけ橋の橋杭かくす若葉哉,若葉,春
22745,傘たゝむ玄関深き若葉哉,若葉,春
22746,鐘もなき鐘つき堂の若葉哉,若葉,春
22747,庫裏あけて煙のこもる若葉哉,若葉,春
22748,琴の音の雨に木深き若葉哉,若葉,春
22749,権現に古葉が中の若葉哉,若葉,春
22750,雫せよ若葉か下の石灯籠,若葉,春
22751,捨て草鞋蔦の若葉のはひかゝる,若葉,春
22752,たのもしくのびる槲の若葉哉,若葉,春
22753,提灯の紅はげる若葉哉,若葉,春
22754,ところところ若葉にこもるともし哉,若葉,春
22755,隣さへ若葉の奥となりにけり,若葉,春
22756,鳥啼て石を打こむ若葉哉,若葉,春
22757,鳥居より内は鳥啼く若葉哉,若葉,春
22758,野の中にやしろやしろの若葉哉,若葉,春
22759,はかなさやわきすてらるゝ芥子若葉,若葉,春
22760,鳩の餌を雀のひろふ若葉哉,若葉,春
22761,張りかへた窓に若葉の青さ哉,若葉,春
22762,一雨にみがきあげたる若葉哉,若葉,春
22763,人もなし上野は雨の若葉哉,若葉,春
22764,火のともる片側町のわか葉哉,若葉,春
22765,山城の石かけくえし若葉哉,若葉,春
22766,山寺に女首出すわか葉かな,若葉,春
22767,行過て旅は若葉となりにけり,若葉,春
22768,行過て若葉になりぬ花の旅,若葉,春
22769,嫁達の化粧気安き若葉哉,若葉,春
22770,よりあふて若葉がもとの咄哉,若葉,春
22771,若葉して白帆つらなる川一筋,若葉,春
22772,若葉ふく雨の奥なり知恩院,若葉,春
22773,若葉道曲り曲りの電気燈,若葉,春
22774,若葉よなあゝら花恋し人恋し,若葉,春
22775,我を訪ふ故人心ありうら若葉,若葉,春
22776,赤鳥居若葉の社古りにけり,若葉,春
22777,新らしき墓の出来たる若葉哉,若葉,春
22778,雨晴れて汽車道濡るゝ若葉かな,若葉,春
22779,家あつて若葉家あつて若葉哉,若葉,春
22780,うれしさは旅より戻る若葉哉,若葉,春
22781,大弓の的を掛けたる若葉哉,若葉,春
22782,かたよりて右は箕輪の若葉哉,若葉,春
22783,小雨ふる家のあはひの若葉かな,若葉,春
22784,酒樽のそれより小さき若葉かな,若葉,春
22785,大木の幹に矢の立つ若葉哉,若葉,春
22786,天窓の若葉日のさすうがひ哉,若葉,春
22787,何の木と知れぬ若葉の林哉,若葉,春
22788,何の木も彼の木もなしに若葉かな,若葉,春
22789,舟よせて鳥居を仰ぐ若葉哉,若葉,春
22790,三井寺は三千坊の若葉哉,若葉,春
22791,村まばら野寺の若葉見ゆる哉,若葉,春
22792,山に沿ひて汽車走り行く若葉哉,若葉,春
22793,若葉して都を下る隠士哉,若葉,春
22794,暁の山は若葉の匂ひかな,若葉,春
22795,雨雲の谷にをさまる若葉哉,若葉,春
22796,岩鼻に城下見下す若葉哉,若葉,春
22797,剛力になりおほせたる若葉かな,若葉,春
22798,汽車過ぎて煙うづまく若葉哉,若葉,春
22799,きらきらと若葉に光る午後の風,若葉,春
22800,きらきらと若葉に光る午時の風,若葉,春
22801,東海道若葉の雨となりにけり,若葉,春
22802,とうとうと太鼓の響く若葉かな,若葉,春
22803,鳥飛んで山門深き若葉哉,若葉,春
22804,馬関迄帰りて若葉めづらしや,若葉,春
22805,風雲の谷吹き渡る若葉哉,若葉,春
22806,伏籠出てひよこちゝめく若葉哉,若葉,春
22807,満山の若葉にうつる朝日哉,若葉,春
22808,見あぐれば橋危うして若葉哉,若葉,春
22809,山越えて城下見おろす若葉哉,若葉,春
22810,山ごしに白帆見下す若葉哉,若葉,春
22811,若葉して家ありとしも見えぬ哉,若葉,春
22812,若葉して煙の立たぬ砦かな,若葉,春
22813,商人の越後へこゆる若葉哉,若葉,春
22814,案内させて奥の滝見る若葉哉,若葉,春
22815,雨さつとおろす礁氷の若葉哉,若葉,春
22816,あらたかな神のしづまる若葉哉,若葉,春
22817,蟻むれる椎の小枝の若葉哉,若葉,春
22818,青桐のちよぼりちよぼりと若葉哉,若葉,春
22819,青葉若葉煙突多き王子かな,若葉,春
22820,青葉若葉昼中の鐘なりわたる,若葉,春
22821,榎枯れて側に小苗の若葉哉,若葉,春
22822,門口へ出れば上野の若葉哉,若葉,春
22823,心安し若葉の風に汽車が行く,若葉,春
22824,此頃や若葉に曇る朝な朝な,若葉,春
22825,さるかけは枯木に似たる若葉哉,若葉,春
22826,三千の兵たてこもる若葉哉,若葉,春
22827,山門に雲を吹きこむ若葉哉,若葉,春
22828,椎の木に並びて柿の若葉哉,若葉,春
22829,蓁々たる桃の若葉や君娶る,若葉,春
22830,杉老いて雨の中なる若葉哉,若葉,春
22831,背戸の山白雲わたる若葉哉,若葉,春
22832,背戸山に白雲わたる若葉哉,若葉,春
22833,岨道の家危うして若葉哉,若葉,春
22834,大木に低き小枝の若葉哉,若葉,春
22835,たちまちにこはゞる椎の若葉哉,若葉,春
22836,袂吹く若葉の風の千住迄,若葉,春
22837,日暮里の岡長うして若葉哉,若葉,春
22838,野の中に一かたまりの若葉哉,若葉,春
22839,白雲や萩の若葉の上を飛ぶ,若葉,春
22840,灯ちらちら絶えず若葉に風渡る,若葉,春
22841,ひらめかす斧の光やむら若葉,若葉,春
22842,ふり上る斧の光りやむら若葉,若葉,春
22843,古杉の間に光る若葉かな,若葉,春
22844,宮か寺か若葉深く灯のともれるは,若葉,春
22845,病起窓に倚れば若葉に風が吹く,若葉,春
22846,若葉して海神怒る何事ぞ,若葉,春
22847,若葉して白雲近し東山,若葉,春
22848,わけもなや若葉の風に汽車が行く,若葉,春
22849,五年にして国に帰れば若葉哉,若葉,春
22850,滝二筋若葉の上に見ゆる哉,若葉,春
22851,古杉の中にくの木の若葉哉,若葉,春
22852,むら若葉嶮なる砦白き旗,若葉,春
22853,若葉して路頭の禿倉新しき,若葉,春
22854,朝雲の谷に収まる若葉哉,若葉,春
22855,椅子を移す若葉の陰に空を見る,若葉,春
22856,昼の月風は若葉の上にあり,若葉,春
22857,夕栄や若葉の風の上そよぎ,若葉,春
22858,若葉陰袖に毛虫をはらひけり,若葉,春
22859,若葉風病後の足のおほつかな,若葉,春
22860,若葉風病後の足の定まらず,若葉,春
22861,花散りし藤の若葉の毛虫哉,若葉,春
22862,門を入りて車走らす若葉かな,若葉,春
22863,魚ノ歯ニ萩ノ若葉ノヤハラカキ,若葉,春
22864,馬ノ歯ニヤハラカキ萩ノ若葉カナ,若葉,春
22865,修復成る神杉若葉藤の花,若葉,春
22866,若葉青葉魚のぞきつゝ遡る,若葉,春
22867,鎌くらの村とよばるゝ青葉哉,青葉,夏
22868,鎌倉は村とよばるゝ青葉かな,青葉,夏
22869,ふりかへる都のかたも青葉哉,青葉,夏
22870,痩馬もいさむ朝日の青葉かな,青葉,夏
22871,鳩餌あれは雀もひらふ青葉かな,青葉,夏
22872,雪を出でそれから直に青葉かな,青葉,夏
22873,我窓にうつる青葉の青さ哉,青葉,夏
22874,いかめしき土蔵の間の青葉かな,青葉,夏
22875,心よき青葉の風や旅姿,青葉,夏
22876,日光もとほさぬ杉のしげりかな,茂,夏
22877,洋人の手を引て行く茂り哉,茂,夏
22878,大仏のねむたさうなる茂り哉,茂,夏
22879,のぞきこむ下に舟行く茂り哉,茂,夏
22880,のぞきこむ底に船行く茂り哉,茂,夏
22881,のび給ひ茂り給ひぬ三輪の杉,茂,夏
22882,かたよりて右は箕輪の茂り哉,茂,夏
22883,松見ゆる戸口に蔦の茂り哉,茂,夏
22884,宮様のお邸高き茂り哉,茂,夏
22885,山伏の法螺吹き立つる茂り哉,茂,夏
22886,先供のはるかに高き茂り哉,茂,夏
22887,獅子の子を谷間に落す茂り哉,茂,夏
22888,道ばたに只一本の茂り哉,茂,夏
22889,我見しより久しきひよんの茂哉,茂,夏
22890,門口に楢の下枝の茂りかな,茂,夏
22891,銃殺の丸それて飛ぶ茂りかな,茂,夏
22892,丈の低き老木茂りぬ原の中,茂,夏
22893,富士も見え塔も見えたる茂り哉,茂,夏
22894,思ひかけず茂りの中の二階建,茂,夏
22895,五年見ぬ山の茂りや両大師,茂,夏
22896,低き枝に子の吊りてある茂りかな,茂,夏
22897,渡し場に灯をともしたる茂り哉,茂,夏
22898,一門は皆四位五位の茂り哉,茂,夏
22899,五百枝茂る榊の下の御契,茂,夏
22900,咲ク花ノ乏シキ園ノ茂リカナ,茂,夏
22901,芦茂る水清うして魚居らず,茂,夏
22902,市中ノ山ノ茂リヤ煉瓦塔,茂,夏
22903,一老樹這枝茂リテ下ニ茶店,茂,夏
22904,植木屋ハ来ラズ庭ノ茂リカナ,茂,夏
22905,翡翠ヲ隠ス柳ノ茂リカナ,茂,夏
22906,楓茂リ桜茂リテ寺暗シ,茂,夏
22907,辛崎ノ松ハ片カレ片茂リ,茂,夏
22908,辛崎ノ松ハ枯レツヽ茂リツヽ,茂,夏
22909,草花ヲ圧スル木々ノ茂リカナ,茂,夏
22910,金ピラノ社ヲカクス茂カナ,茂,夏
22911,椎ノ木ノ茂リテ見エヌ上野カナ,茂,夏
22912,釣床ニ夕日漏リ来ル茂リカナ,茂,夏
22913,天狗住ンデ斧入ラシメズ木ノ茂リ,茂,夏
22914,日光ハ杉茂リ箔ノ光カナ,茂,夏
22915,墓ノ木ハ茂リヌ玉ヤ腐ルラン,茂,夏
22916,柱ニモナラデ茂リヌ五百年,茂,夏
22917,八方ヘ茂リ広ガル松二杖,茂,夏
22918,八方ヘ茂レル松ヤ杖百本,茂,夏
22919,八方ヘ松ノ茂リヤ杖百本,茂,夏
22920,人住マヌ湖中ノ島ノ茂カナ,茂,夏
22921,目印ノ喬木茂ル小村カナ,茂,夏
22922,門ヲ入リテ木々ノ茂リヤ家遠シ,茂,夏
22923,こゝか風出処なれや夏木立,夏木立,夏
22924,涼風の出処なるや夏木立,夏木立,夏
22925,青々と風にしまあり夏木立,夏木立,夏
22926,小窓から円く見えけり夏木立,夏木立,夏
22927,板絵馬のごふんはげたり夏木立,夏木立,夏
22928,遠不二の姿かりるや夏木立,夏木立,夏
22929,下草にくひ入る牛や夏木立,夏木立,夏
22930,城もなし寺もこぼちぬ夏木立,夏木立,夏
22931,立つくす写生の絵師や夏木立,夏木立,夏
22932,夏木立一茶の生れ在所哉,夏木立,夏
22933,夏木立観音堂は枯れにけり,夏木立,夏
22934,夏木立中に稲荷の禿倉あり,夏木立,夏
22935,夏木立宮ありさうな処哉,夏木立,夏
22936,二三軒はづれて見ゆや夏木立,夏木立,夏
22937,水音の葎はしる夏木立,夏木立,夏
22938,大寺の破風見ゆる夏木立,夏木立,夏
22939,汽車過ぎて山静かなり夏木立,夏木立,夏
22940,驟雨去て跡静かなり夏木立,夏木立,夏
22941,其上に城見ゆるなり夏木立,夏木立,夏
22942,大仏のうしろに高し夏木立,夏木立,夏
22943,鉄道のうねりくねりや夏木立,夏木立,夏
22944,鉄道の左右になかし夏木立,夏木立,夏
22945,夏木立朱の鳥居の見ゆる哉,夏木立,夏
22946,夏木立故郷へ近くなりにけり,夏木立,夏
22947,夏木立朝鮮人の墳墓あり,夏木立,夏
22948,夏木立鉄軌十文字に走りけり,夏木立,夏
22949,夏木立とろとろ阪の暗さかな,夏木立,夏
22950,夏木立故郷近くなりにけり,夏木立,夏
22951,夏木立本堂古りて朱兀げたり,夏木立,夏
22952,夏木立村あるべくも見えぬ哉,夏木立,夏
22953,池隔つ本郷台の夏木立,夏木立,夏
22954,御本社につきあたりけり夏木立,夏木立,夏
22955,城跡や一かたまりの夏木立,夏木立,夏
22956,石塔に漏るゝ日影や夏木立,夏木立,夏
22957,石塔に漏れし日影や夏木立,夏木立,夏
22958,田の中や只四五本の夏木立,夏木立,夏
22959,徳川の代はほろびけり夏木立,夏木立,夏
22960,夏木立四五町欠げて白帆哉,夏木立,夏
22961,夏木立道尽きて川に橋もなし,夏木立,夏
22962,湯の湖見ゆる夏の木立のあはひ哉,夏木立,夏
22963,画でおくれ奈良の寺々夏木立,夏木立,夏
22964,大水の余り流るゝ夏木立,夏木立,夏
22965,北窓やあまりに近き夏木立,夏木立,夏
22966,阪町や家のうしろの夏木立,夏木立,夏
22967,芝山や灯のともりたる夏木立,夏木立,夏
22968,城跡や崖にかたよる夏木立,夏木立,夏
22969,しんしんとして夏木立中禅寺,夏木立,夏
22970,つらつらと上野飛鳥の夏木立,夏木立,夏
22971,鳥啼くや草屋をめぐる夏木たち,夏木立,夏
22972,夏木立入りにし人の跡もなし,夏木立,夏
22973,夏木立官林の鳥は官に鳴く,夏木立,夏
22974,夏木立幻住庵はなかりけり,夏木立,夏
22975,夏木立鳥啼き絶えて神子の鈴,夏木立,夏
22976,夏木立深き処池あらんとは,夏木立,夏
22977,何もなし只夏木立古やしろ,夏木立,夏
22978,鳴神の掻きむしりたる夏木哉,夏木立,夏
22979,白雲や湯の湖をめぐる夏木立,夏木立,夏
22980,踏み込んで奥を探らん夏木立,夏木立,夏
22981,陵と見えて四五本夏木立,夏木立,夏
22982,痩村や遠く望めば夏木立,夏木立,夏
22983,山火事のむどくなりしよ夏木立,夏木立,夏
22984,煙硝の臭ひ残りぬ夏木立,夏木立,夏
22985,夏木立左不動の滝と記す,夏木立,夏
22986,野の中や焼場を隠す夏木立,夏木立,夏
22987,道細く人にも逢はず夏木立,夏木立,夏
22988,旅人を載せたる馬車や夏木立,夏木立,夏
22989,梟の昼寝の夢や夏木立,夏木立,夏
22990,玉巻の葛や裏葉のちなみもまだ,玉巻く葛,秋
22991,白砂に熊手の波やちり松葉,散り松葉,冬
22992,滝壺や風ふるひこむ散り松葉,散り松葉,冬
22993,ふりかゝる松の落葉や雀鳴く,散り松葉,冬
22994,風にちるやたゞ古松葉青松葉,散り松葉,冬
22995,松葉落ちて雀鳴くなり観音寺,散り松葉,冬
22996,人もなし木陰の椅子の散松葉,散り松葉,冬
22997,崩れたる石の鳥居や散松葉,散り松葉,冬
22998,竹椽や松葉ちらばつて蟻太し,散り松葉,冬
22999,散松葉数寄屋へ通ふ小道哉,散り松葉,冬
23000,下駄であがる宮の廊下や散松葉,散り松葉,冬
23001,下駄であがる社の椽や散松葉,散り松葉,冬
23002,砂白く松の落葉や数ふべし,散り松葉,冬
23003,砂白く松の落葉や数ふべく,散り松葉,冬
23004,鉢に植ゑし二尺の松の落葉哉,散り松葉,冬
23005,松葉散る白砂道や三穂神社,散り松葉,冬
23006,松葉散る松の緑の伸びにけり,散り松葉,冬
23007,真黒な毛虫の糞や散松葉,散り松葉,冬
23008,石壇は常磐木の落葉許りなり,常磐木落葉,冬
23009,ほろほろと樫の落葉や山凄し,常磐木落葉,冬
23010,雲やどる杉の下葉のこぼれけり,常磐木落葉,冬
23011,常盤木の落葉に鳥の声凄し,常磐木落葉,冬
23012,常磐木の落葉重なり山深し,常磐木落葉,冬
23013,常磐木の落葉十句や我勝ちぬ,常磐木落葉,冬
23014,百ヶ日杉の落葉を掃ひけり,常磐木落葉,冬
23015,木犀の落葉掃きけり白丁花,常磐木落葉,冬
23016,木槲の落葉掃きたる茶の日哉,常磐木落葉,冬
23017,木槲の落葉掃きたる茶の湯哉,常磐木落葉,冬
23018,木槲の落葉を掃ふ茶の湯かな,常磐木落葉,冬
23019,竹の子も裸になつてあつさ哉,筍,春
23020,竹の子のきほひや日々にニ三寸,筍,春
23021,うるはしや竹の子竹になりおふせ,筍,春
23022,すゝしさや竹の子竹になりおふせ,筍,春
23023,竹の子にかならずや根の一くねり,筍,春
23024,竹の子のごみつきあげるきほひ哉,筍,春
23025,笋はまた根ばかりの重さ哉,筍,春
23026,筍はまだ根ばかりの太さかな,筍,春
23027,筍やずんずんとのびて藪の上,筍,春
23028,竹の子や隣としらぬはえ処,筍,春
23029,竹奴夢に七賢と遊ひけり,筍,春
23030,はらはらと落て音あり竹の皮,筍,春
23031,ほきほきと筍ならぶすごさ哉,筍,春
23032,明寺の笋ぬすむ女かな,筍,春
23033,君が墓筍のびてニ三間,筍,春
23034,笋や垣の横腹つんぬいて,筍,春
23035,笋や御殿の椽のこぼれ土,筍,春
23036,笋や行末はたが床柱,筍,春
23037,庭先に笋ならぶ明家哉,筍,春
23038,石垣や筍横に生えて出る,筍,春
23039,石かけや筍横に生えてでる,筍,春
23040,筍の左右へ手を出す梢哉,筍,春
23041,はたゝ神筍竹になる夜哉,筍,春
23042,人痩せて筍程の手足かな,筍,春
23043,藪跡や筍生える薔薇の側,筍,春
23044,藪一つ大笋のけしき哉,筍,春
23045,筍に雲もさはらぬ日和かな,筍,春
23046,筍に頭出したるうれしさよ,筍,春
23047,筍のへんてつもなく伸びにけり,筍,春
23048,藪垣や筍出たる道のはた,筍,春
23049,雨の中筍堀りてくはせけり,筍,春
23050,大藪や筍のびて物すごき,筍,春
23051,喰ひなれて筍くらふ異人哉,筍,春
23052,竹籠に筍三ツ葉など入れぬ,筍,春
23053,筍に楷子すべくもあらぬ哉,筍,春
23054,筍に発句題して帰りけり,筍,春
23055,筍のすうとのびけり五六間,筍,春
23056,筍の並ぶものなくのびにけり,筍,春
23057,筍や鮓の五月となりにけり,筍,春
23058,筍や藪をはなれて小屋の前,筍,春
23059,筍や藪をはなれてニ三間,筍,春
23060,筍や横筋かひに垣根より,筍,春
23061,筍や田舎の叔母の来よといひし,筍,春
23062,筍を小荷駄につけて土産哉,筍,春
23063,筍を四五本つけてあやぎ売,筍,春
23064,筍を辷り落ちたる小猫哉,筍,春
23065,筍を剥いて発句を題せんか,筍,春
23066,禿倉荒れて筍細し庭の隅,筍,春
23067,藪寺や筍のびる経の声,筍,春
23068,塀の上に筍見えて明屋敷,筍,春
23069,去年買ひし筍売の来りけり,筍,春
23070,掃除屋の長き筍くれにけり,筍,春
23071,嵯峨を行く筍藪の月夜哉,筍,春
23072,筍と和尚の文と法華経と,筍,春
23073,筍の一本長し罌栗の畑,筍,春
23074,筍の一本生えぬ罌栗の畑,筍,春
23075,筍の十丈にしてさみたるゝ,筍,春
23076,筍の縄ゆるびたる途中哉,筍,春
23077,筍の桶にたゝふる甘茶哉,筍,春
23078,鉢植の竹に筍見え初めし,筍,春
23079,山里や筍に飽く麦の飯,筍,春
23080,筍と鍬と笠とを画きけり,筍,春
23081,竹の子の子もつどふ祝哉,筍,春
23082,西隣陸の筍伸びにけり,筍,春
23083,筍に木の芽をあえて祝ひかな,筍,春
23084,竹の子も鳥の子も只やすやすと,筍,春
23085,筍哉虞美人草の蕾哉,筍,春
23086,筍や目黒の美人ありやなし,筍,春
23087,歯が抜けて筍堅く烏賊こはし,筍,春
23088,若竹の色より青きすだれかな,若竹,夏
23089,若竹をおさへはづすや雀の子,若竹,夏
23090,心見に雀とまれや今年竹,若竹,夏
23091,声なしに動いてゐるや今年竹,若竹,夏
23092,つま立て月にとゞくや今年竹,若竹,夏
23093,万代をしらぬしないや今年竹,若竹,夏
23094,若竹や色もちあふて青簾,若竹,夏
23095,若竹や雀たわめてつくは山,若竹,夏
23096,若竹や稍薄青きふしの山,若竹,夏
23097,うつくしやまだ蚊の居らぬ今年竹,若竹,夏
23098,阿新といふ蛙あり今年竹,若竹,夏
23099,煤はきのありともしらず今年竹,若竹,夏
23100,若竹の雨になやめる姿哉,若竹,夏
23101,若竹の直を心とのびる哉,若竹,夏
23102,若竹の筆になるべき細り哉,若竹,夏
23103,若竹の筆になるべき細りかや,若竹,夏
23104,若竹の昔によるや雀ずし,若竹,夏
23105,若竹やあどない顔の雀の子,若竹,夏
23106,今年竹膝いるゝだけの庵かな,若竹,夏
23107,若竹のくねりて出たり石の下,若竹,夏
23108,若竹のすらりすらりとのびる哉,若竹,夏
23109,若竹や節それぞれの長短,若竹,夏
23110,若竹や四五寸茂る椽の下,若竹,夏
23111,若竹や四五寸のびる椽の下,若竹,夏
23112,若竹や四五本青き庭の隅,若竹,夏
23113,若竹や豆腐一丁米ニ合,若竹,夏
23114,犬の子のくゝと啼く也今年竹,若竹,夏
23115,千代迄と若竹杖に参らせん,若竹,夏
23116,一藪は若竹勝に見ゆるかな,若竹,夏
23117,若竹に嵐のわたる夕かな,若竹,夏
23118,若竹の刺竹の御子をほぎまつる,若竹,夏
23119,俗客の去つて閑なり今年竹,若竹,夏
23120,日一日碁を打つ音や今年竹,若竹,夏
23121,若竹や髪刈らしむる庭の椅子,若竹,夏
23122,竹の宿雀の留守の落葉哉,竹落葉,秋
23123,さらさらと竹の落葉の音凄し,竹落葉,秋
23124,やさしくも菖蒲さく也木曽の山,菖蒲,夏
23125,風吹てそよそよのびる菖蒲哉,菖蒲,夏
23126,御鎌取て菖蒲刈らうよ泥干潟,菖蒲,夏
23127,折られたる菖を原の栞哉,菖蒲,夏
23128,五六反背戸の菖蒲の夜明かな,菖蒲,夏
23129,菖蒲提げて女行くなり柳橋,菖蒲,夏
23130,出る時の傘に落ちたる菖蒲かな,菖蒲,夏
23131,雨だれの菖蒲したゝる幾処,菖蒲,夏
23132,家も人も餅も菖蒲の匂ひ哉,菖蒲,夏
23133,小障子に菖蒲の影や夕月夜,菖蒲,夏
23134,東京や菖蒲掛けたる家古し,菖蒲,夏
23135,猫や過ぎし風なくて菖蒲落ちたるは,菖蒲,夏
23136,町中に菖蒲吹き散る嵐哉,菖蒲,夏
23137,蓬菖蒲菊作る家の門口に,菖蒲,夏
23138,とめ桶に菖蒲入れたる童哉,菖蒲,夏
23139,病人の寝床に掛けし菖蒲かな,菖蒲,夏
23140,菖蒲提て鳴雪の翁来たまひし,菖蒲,夏
23141,花ひとつ折れて流るゝ菖蒲かな,花菖蒲,夏
23142,人の来て咲くといふ也花菖蒲,花菖蒲,夏
23143,打ちまじり咲きけり菖蒲燕子花,花菖蒲,夏
23144,堀切や菖蒲花咲く百姓家,花菖蒲,夏
23145,片隅に菖蒲花咲く門田哉,花菖蒲,夏
23146,鄙の家に翡翠来るや花菖蒲,花菖蒲,夏
23147,花菖蒲に銭取る鄙の庭搆,花菖蒲,夏
23148,屋のむねのあやめゆるくや石の臼,あやめ,夏
23149,やさしくもあやめ咲きけり木曽の山,あやめ,夏
23150,あやめ売すゝめるふりもなかりけり,あやめ,夏
23151,討死の甲に匂ふあやめかな,あやめ,夏
23152,萎みたる花に花さく杜若,杜若,夏
23153,すつと出て莟見ゆるや杜若,杜若,夏
23154,花と葉の折合ゆゝしかきつはた,杜若,夏
23155,紫の水も蜘手に杜若,杜若,夏
23156,杜若画をうつしたる溝のさび,杜若,夏
23157,水汲んだあとの濁りや杜若,杜若,夏
23158,思ひよるいづれかあやめかきつはた,杜若,夏
23159,思ひよる姿やあやめかきつはた,杜若,夏
23160,燕子花覚束なくも水の上,杜若,夏
23161,すてられて又さく花や杜若,杜若,夏
23162,たそかれや御馬先の杜若,杜若,夏
23163,露上る手際を見はやかきつばた,杜若,夏
23164,白水の押し出す背戸や杜若,杜若,夏
23165,淀川や一すぢ引て燕子花,杜若,夏
23166,牛飼ふや濠はうもれて燕子花,杜若,夏
23167,牛引て立とまりけり燕子花,杜若,夏
23168,うつくしき目高のむれや燕子花,杜若,夏
23169,傾城が筆のすさひや燕子花,杜若,夏
23170,花一つ泥に折れこむ燕子花,杜若,夏
23171,人の来て咲くといふなり杜若,杜若,夏
23172,葡萄酒の徳利にいけん杜若,杜若,夏
23173,紫の泪か露か燕子花,杜若,夏
23174,尼若し薄紫の燕子花,杜若,夏
23175,枝川や舟つゝこめば杜若,杜若,夏
23176,大水のあとや莟の杜若,杜若,夏
23177,杜若咲くや五月の濁り水,杜若,夏
23178,つるつると水のほるなり杜若,杜若,夏
23179,古沢や莟勝なる燕子花,杜若,夏
23180,古沼や葎がくれの杜若,杜若,夏
23181,牧童の牛乗り入れぬ杜若,杜若,夏
23182,杜若尼寺あれて人もなし,杜若,夏
23183,古溝や只一輪の杜若,杜若,夏
23184,三河路や名もなき橋の杜若,杜若,夏
23185,八橋を売る茶店あり杜若,杜若,夏
23186,かきつばた剪らんと人の泥の中,杜若,夏
23187,かきつばた咲くや水田の靄の中,杜若,夏
23188,古溝や花低うして杜若,杜若,夏
23189,尼寺の庭に井あり杜若,杜若,夏
23190,病僧や杜若剪る手のふるへ,杜若,夏
23191,百姓の背戸に咲けり杜若,杜若,夏
23192,わりなしや一八蛇のすみかとは,一八,冬
23193,一八の水にひたりてしどろなり,一八,冬
23194,一八の屋根ならびたる小村かな,一八,冬
23195,一八の白きを活けて達磨の画,一八,冬
23196,萱草や茶屋のつき山苔もなし,萱草の花,夏
23197,湯治場や黄なる萱草得て帰る,萱草の花,夏
23198,萱草に雷遠き日かげかな,萱草の花,夏
23199,誰が家ぞ萱草さけるおのづから,萱草の花,夏
23200,けしちるや夕暮淋し朝淋し,芥子の花,夏
23201,朝々のふし見て散るやけしの花,芥子の花,夏
23202,汽車道にそふて咲けりけしの花,芥子の花,夏
23203,けしちるや桶の＊（竹冠＋輪）輪のはぢく音,芥子の花,夏
23204,白芥子のちりかゝりけり梅法師,芥子の花,夏
23205,開いても開いてもちるけしの花,芥子の花,夏
23206,此夏もめでたうちりぬけしの花,芥子の花,夏
23207,ちる時の見事也けり芥子の花,芥子の花,夏
23208,花芥子に親子五人の世帯哉,芥子の花,夏
23209,破壁に首出す牛やけしの花,芥子の花,夏
23210,心中の沙汰は誠か芥子の花,芥子の花,夏
23211,明寺や葎まじりの芥子の花,芥子の花,夏
23212,家三ツ四ツ花芥子見えぬ古戦場,芥子の花,夏
23213,汽車道の此頃出来ぬ芥子の花,芥子の花,夏
23214,芥子の花悟らぬ内に散りにけり,芥子の花,夏
23215,上り帆のうしろに近し芥子の花,芥子の花,夏
23216,一畝は誰が散らして芥子の花,芥子の花,夏
23217,故郷の畑に散りけり芥子の花,芥子の花,夏
23218,来年は台場や出来ん芥子の花,芥子の花,夏
23219,芥子咲いて其日の風に散りにけり,芥子の花,夏
23220,けしの花楷子倒れて散りにけり,芥子の花,夏
23221,戸口から身通す背戸やけしの花,芥子の花,夏
23222,花芥子の上を過ぎ行く白帆哉,芥子の花,夏
23223,花芥子の開くや遅き散るや疾き,芥子の花,夏
23224,けしの花とめどもなしにこぼれけり,芥子の花,夏
23225,けし畠牛蒡畠と並びけり,芥子の花,夏
23226,音もなし覗いて見ればけしが散る,芥子の花,夏
23227,けしの花大きな蝶のとまりけり,芥子の花,夏
23228,百姓の年々つくるけしの花,芥子の花,夏
23229,罌粟さくや尋ねあてたる智月庵,芥子の花,夏
23230,けしの花余り坊主になり易き,芥子坊主,秋
23231,一休や芥子の坊主を見せにくる,芥子坊主,秋
23232,入相や法体したる芥子坊主,芥子坊主,秋
23233,咲きにけり散りにけり芥子の坊主哉,芥子坊主,秋
23234,芥子散るや薬王丸は坊主なり,芥子坊主,秋
23235,白けしも坊主赤けしも坊主かな,芥子坊主,秋
23236,芍薬は遊女の知らぬさかり哉,芍薬,夏
23237,芍薬は少しすねたる若衆哉,芍薬,夏
23238,官邸の芍薬ある夜散りにけり,芍薬,夏
23239,芍薬や翡翠の月の朝ぼらけ,芍薬,夏
23240,芍薬や兵士宿かる大伽藍,芍薬,夏
23241,芍薬や兵士宿とる支那の寺,芍薬,夏
23242,芍薬や兵士宿とる大伽藍,芍薬,夏
23243,君が祝ひ芍薬園の掃除せん,芍薬,夏
23244,石門や内をのぞけば芍薬花,芍薬,夏
23245,芍薬の衰へて在り枕もと,芍薬,夏
23246,芍薬の開く天気や二眠起,芍薬,夏
23247,芍薬は散りて硯の埃かな,芍薬,夏
23248,芍薬を画く牡丹に似も似ずも,芍薬,夏
23249,日まはりを植ゑ塞げたる裏家哉,向日葵,夏
23250,日まはりに朝日よくあたる裏家哉,向日葵,夏
23251,日まはりの花心がちに大いなり,向日葵,夏
23252,のびたらで花にみじかきあふひ哉,花葵,夏
23253,屏の上へさきのほりけり花葵,花葵,夏
23254,塀の上に咲きのぼりけり花葵,花葵,夏
23255,一本の葵や虻ののぼりおり,花葵,夏
23256,上までは鼻もとゝかぬ葵かな,花葵,夏
23257,御湯殿の窓から覗く葵哉,花葵,夏
23258,賎が家の物干低し花葵,花葵,夏
23259,順々に開くてもなき葵哉,花葵,夏
23260,簾ごし幾筋赤き葵哉,花葵,夏
23261,鶏の塀にのほりし葵哉,花葵,夏
23262,花一つ一つ虻もつ葵哉,花葵,夏
23263,花一つ一つ虻居る葵かな,花葵,夏
23264,花葵米屋の埃かゝりけり,花葵,夏
23265,百姓の塀に窓ある葵かな,花葵,夏
23266,枯れ尽す葵の末や花一つ,花葵,夏
23267,杉垣を摘みぬ隣の立葵,花葵,夏
23268,花葵上野の森は曇りけり,花葵,夏
23269,花葵隣の嫁の洗濯す,花葵,夏
23270,垣摘で隣の葵猶高し,花葵,夏
23271,枯れんとして伐り倒す葵花一つ,花葵,夏
23272,尽く花になりぬる葵かな,花葵,夏
23273,来年や葵さいてもあはれまし,花葵,夏
23274,咲き満つる葵の花や梅雨に入る,花葵,夏
23275,半日の嵐に折るゝ葵かな,花葵,夏
23276,麦藁のたばよせかけし葵哉,花葵,夏
23277,薄物を夜の葵にかぶせばや,花葵,夏
23278,咯血のやむ頃庭の葵哉,花葵,夏
23279,行く末は誰とか契る紅の花,紅花,夏
23280,行末は誰をかちぎる紅の花,紅花,夏
23281,をさな子やはやなめそむる紅の花,紅花,夏
23282,傾城にとへども知らず紅の花,紅花,夏
23283,傾城の罪をつくるや紅の花,紅花,夏
23284,唇や格子に開く紅粉の花,紅花,夏
23285,したゝかに紅の花咲く小庭哉,紅花,夏
23286,奈良へ通ふ商人住めり紅の花,紅花,夏
23287,わが恋は末摘む花の莟かな,紅花,夏
23288,うつくしや若竹藪の夏薊,夏薊,夏
23289,夏菊は籬へゆつりてかきつばた,夏菊,夏
23290,夏菊に木曽の旅人やせにけり,夏菊,夏
23291,夏菊の露ともいはず咲にけり,夏菊,夏
23292,夏菊や木曽の旅人やせにけり,夏菊,夏
23293,夏菊や旅人やせる木曽の宿,夏菊,夏
23294,夏菊や土蔵の陰に痩せてけり,夏菊,夏
23295,人知らずわれ夏菊を愛す也,夏菊,夏
23296,ひとり世に痩せたる夏の黄菊哉,夏菊,夏
23297,夏菊に薬の露もなかりけり,夏菊,夏
23298,箒木やありといはれて消えかゝる,箒木草,秋
23299,鎌丸ハ箒木ノ舎ト名ノリケリ,箒木草,秋
23300,箒木ノ四五本同ジ形カナ,箒木草,秋
23301,箒木ノ舎ハ鎌丸ノ舎号カナ,箒木草,秋
23302,国々や臭ひことなる蚊遣草,蚊遣草,夏
23303,妹か顔青鬼灯の青さかな,青鬼灯,秋
23304,行水や児の手を出す青鬼灯,青鬼灯,秋
23305,叢に鬼灯青き空家かな,青鬼灯,秋
23306,石竹や吾妻の森に雨晴れぬ,石竹,夏
23307,蕾ながら石竹の葉は針の如し,石竹,夏
23308,石竹の葉勝に赤き花一つ,石竹,夏
23309,なてしこは妹がかへ名かありかたや,撫子,秋
23310,咲てから又撫し子のやせにけり,撫子,秋
23311,なでしこにざうとこけたり竹釣瓶,撫子,秋
23312,なでしこに蝶ぶらさがるたわみ哉,撫子,秋
23313,なでしこにぶらさがりたるこてふ哉,撫子,秋
23314,なてしこの小石ましりに咲にけり,撫子,秋
23315,なてし子のこけて其まゝ咲にけり,撫子,秋
23316,撫子は月にも日にも細りけり,撫子,秋
23317,撫し子や人には見えぬ笠のうら,撫子,秋
23318,なてし子や皆のらはべのいくゝねり,撫子,秋
23319,なてし子をつかんて眠る小ども哉,撫子,秋
23320,撫し子を横にくはへし野馬哉,撫子,秋
23321,撫子を折る旅人もなかりけり,撫子,秋
23322,井戸端に妹が撫し子あれにけり,撫子,秋
23323,井戸はたにいもの撫子あれにけり,撫子,秋
23324,朝見れば撫し子多し草枕,撫子,秋
23325,喘ぎ喘ぎ撫し子の上に倒れけり,撫子,秋
23326,牛の子の床なつかしや野撫子,撫子,秋
23327,児も居らず愛子の村の野撫子,撫子,秋
23328,撫し子の河原も広し大井河,撫子,秋
23329,撫し子のはかなや石に根を持て,撫子,秋
23330,撫し子の我から伏して咲にけり,撫子,秋
23331,撫し子や壁落ちかゝる牛の小屋,撫子,秋
23332,撫し子やものなつかしき昔ぶり,撫子,秋
23333,花勝に撫し子咲きし山家哉,撫子,秋
23334,撫子に蝶々白し誰の魂,撫子,秋
23335,撫子や若き女の世すて人,撫子,秋
23336,撫子や吾に昔の心あり,撫子,秋
23337,思ひあまり撫子痩せぬ小石原,撫子,秋
23338,撫し子に馬けつまづく河原かな,撫子,秋
23339,撫子に白布晒す河原哉,撫子,秋
23340,撫子や出水にさわぐ土手の人,撫子,秋
23341,小屏風の撫子見ても子を思ふ,撫子,秋
23342,蝶一つ撫子の花を去り得ざる,撫子,秋
23343,撫子に雷ふるふ小庭かな,撫子,秋
23344,撫子に踏みそこねるな右の足,撫子,秋
23345,撫子に褌乾く夕日哉,撫子,秋
23346,撫子は昼顔恨む姿あり,撫子,秋
23347,絵屏風の撫子赤し子を憶ふ,撫子,秋
23348,撫子や上野の夕日照り返す,撫子,秋
23349,垣ごしに丁子の花の匂ひかな,丁子草,夏
23350,丁字草花甘さうに咲きにけり,丁子草,夏
23351,十薬や何を植ゑても出来ぬ土地,十薬,夏
23352,十薬や蕗や茗荷や庵の庭,十薬,夏
23353,一藪をたゞ十薬の匂ひ哉,十薬,夏
23354,藪跡の十薬匂ふ明地かな,十薬,夏
23355,風吹くや釣鐘動く花の形,釣鐘草,春
23356,風吹てぎぼうしの花砕けり,擬宝珠の花,夏
23357,山に木なし玉簪花花咲く滝の道,擬宝珠の花,夏
23358,うつふいて落ちぬを百合のつよみ哉,百合,夏
23359,門さきにうつむきあふや百合の花,百合,夏
23360,うつむいた恨みはやさし百合の花,百合,夏
23361,重たさを首で垂れけりゆりの花,百合,夏
23362,のびきつた余りをたれて百合の花,百合,夏
23363,うつむくは思案に似たり百合の花,百合,夏
23364,鬼百合や蒟蒻玉の一むしろ,百合,夏
23365,面白き塀の崩れや百合の花,百合,夏
23366,白百合をさげて行きけり辻が花,百合,夏
23367,つき山に松より高し百合の花,百合,夏
23368,のびすぎてうつむきそめつ百合の花,百合,夏
23369,結ひこんで垣より高し百合の花,百合,夏
23370,白百合の覚束なけに咲にけり,百合,夏
23371,白百合や蛇逃げて山静かなり,百合,夏
23372,蛇逃げて山静かなり百合の花,百合,夏
23373,うつぶけに白百合さきぬ岩の鼻,百合,夏
23374,うつむいて何を思案の百合の花,百合,夏
23375,隠れ家のものものしさよ百合の花,百合,夏
23376,いろいろの名もおもしろや百合の花,百合,夏
23377,植替し百合の弱りや昼下り,百合,夏
23378,百合活けて百合の歌詠む湯治哉,百合,夏
23379,一列ニ十本バカリユリノ花,百合,夏
23380,驟雨欲来五尺ノ百合ヲ吹ク嵐,百合,夏
23381,宣教師ノ妻君百合ヲ好ミケリ,百合,夏
23382,伸ビ足ラヌ百合ニ大キナ蕾カナ,百合,夏
23383,畑モアリ百合ナド咲イテ島ユタカ,百合,夏
23384,花売ノ親爺ニ問ヘバ鉄砲百合,百合,夏
23385,鄙ノ様家南向イテユリノ花,百合,夏
23386,姫百合ヤ余リ短キ筒ノ中,百合,夏
23387,姫百合ヤ日本ノ女丈低シ,百合,夏
23388,百姓ノ土塀ニ沿フテ百合ノ花,百合,夏
23389,百姓ノ麦打ツ庭ヤユリノ花,百合,夏
23390,百合ノ花田舎臭キヲ愛スカナ,百合,夏
23391,百合ノ花田舎臭キヲ好ムナリ,百合,夏
23392,百合持ツテ来タル田舎ノ使カナ,百合,夏
23393,用アリテ在所ヘ行ケバ百合ノ花,百合,夏
23394,六尺ノ百合三尺ノ土塀カナ,百合,夏
23395,山百合や水迸る龍の口,山百合,夏
23396,山百合や崩れて残る岨の道,山百合,夏
23397,山百合や蛇橋の跡と申すなり,山百合,夏
23398,御所拝観の時鉄仙の咲けりしか,鉄線花,夏
23399,朝顔の苗に水やる真昼哉,朝顔の苗,夏
23400,ひる顔やぬれふんとしのほし処,昼顔,夏
23401,ひる顔に雨のあとなき砂路哉,昼顔,夏
23402,昼顔のついそれなりに萎みけり,昼顔,夏
23403,昼顔の真ツ昼中を開きけり,昼顔,夏
23404,昼顔の物干竿を上りけり,昼顔,夏
23405,鼓子花は蝶のあそばぬさかり哉,昼顔,夏
23406,ひるかほやはひつくはつたひきかへる,昼顔,夏
23407,ひる顔や真昼中をさきにけり,昼顔,夏
23408,昼顔や水くむ女かいまみる,昼顔,夏
23409,迷ひ子の昼顔でふく涙かな,昼顔,夏
23410,こちへ来て余所の昼顔花咲きぬ,昼顔,夏
23411,杉垣に昼顔痩せて開きけり,昼顔,夏
23412,昼顔に傾城眠きさかり哉,昼顔,夏
23413,昼顔に茶色の蝶の狂ひ哉,昼顔,夏
23414,昼顔はつくらぬものゝ盛り哉,昼顔,夏
23415,昼顔や女肌ぬぐ垣どなり,昼顔,夏
23416,山里の桑に昼顔あはれなり,昼顔,夏
23417,玄関に昼顔咲くや村役場,昼顔,夏
23418,昼顔の秋をものうき姿かな,昼顔,夏
23419,昼顔の朝から咲て焼場かな,昼顔,夏
23420,昼顔の朝から咲ける焼場哉,昼顔,夏
23421,昼顔の花さかりなり野雪隠,昼顔,夏
23422,昼顔にたまるほこりや馬車,昼顔,夏
23423,昼顔に草鞋を直す別れ哉,昼顔,夏
23424,昼顔の咲くや砂地の麦畑,昼顔,夏
23425,昼顔や土橋の上に這ひかゝる,昼顔,夏
23426,昼顔にからむ藻屑や波の跡,昼顔,夏
23427,昼顔にからむ藻屑や波の音,昼顔,夏
23428,昼顔に昼寝夕顔に夕寝す,昼顔,夏
23429,昼顔の上に火を焚く野茶屋哉,昼顔,夏
23430,昼顔や安達太郎雨を催さず,昼顔,夏
23431,旧道や昼顔咲て小石がち,昼顔,夏
23432,昼顔の花に乾くや通り雨,昼顔,夏
23433,昼顔や襦袢をしぼる汗時雨,昼顔,夏
23434,昼顔や砂に吸はるゝ昼の雨,昼顔,夏
23435,昼顔やきのふ崩せし芝居小屋,昼顔,夏
23436,夕かほや顔子も居らん裏長屋,夕顔,秋
23437,夕顔に顔子住みたる長屋哉,夕顔,秋
23438,夕顔に顔子住みたる裏屋哉,夕顔,秋
23439,夕顔や顔子も居らん裏借家,夕顔,秋
23440,夕顔の露に裸の男かな,夕顔,秋
23441,夕かほの露やはだかの高筵,夕顔,秋
23442,妻も子も来て夕顔に涼みけり,夕顔,秋
23443,泥水に夕顔の花よごれけり,夕顔,秋
23444,夕顔に行脚の僧をとゞめけり,夕顔,秋
23445,夕顔にまぶれて白し三日の月,夕顔,秋
23446,夕かほのやみもの凄き裸かな,夕顔,秋
23447,夕顔は画にかいてさへあはれなり,夕顔,秋
23448,夕顔や闇吹き入れる三日の月,夕顔,秋
23449,夕顔に旅と名のつく硯かな,夕顔,秋
23450,夕顔に何懺悔せん粟の飯,夕顔,秋
23451,夕顔に昔の小唄あはれなり,夕顔,秋
23452,夕顔にめしくふ女ふたのかな,夕顔,秋
23453,夕顔に女世帯の小家かな,夕顔,秋
23454,夕顔やあら壁落ちて琴の腹,夕顔,秋
23455,夕顔や牛を尋ぬる笛の声,夕顔,秋
23456,夕顔や裏口のぞく僧一人,夕顔,秋
23457,夕顔やどこの遊女のなれのはて,夕顔,秋
23458,夕顔のたそかれを君来ませとや,夕顔,秋
23459,夕顔や随身誰をかいまみる,夕顔,秋
23460,夕顔に西行も来よ宿かさん,夕顔,秋
23461,夕顔にとられて琴の糸もなし,夕顔,秋
23462,夕顔に取られて琴のつるもなし,夕顔,秋
23463,夕顔に平壤のいくさ物語れ,夕顔,秋
23464,夕顔や平壤のいくさ物語れ,夕顔,秋
23465,夕顔に牛洗ひ居る女かな,夕顔,秋
23466,夕顔に牛洗ひゐる娘哉,夕顔,秋
23467,夕顔に傾きかゝる大家かな,夕顔,秋
23468,夕顔に家内五入皆裸なり,夕顔,秋
23469,夕顔に車寄せたる垣根かな,夕顔,秋
23470,夕顔に都なまりの女かな,夕顔,秋
23471,夕顔に物問ひたげの法師かな,夕顔,秋
23472,夕顔に女湯あみすあからさま,夕顔,秋
23473,夕顔の戸叩けば女応と呼ぶ,夕顔,秋
23474,夕顔や客載せて来る女馬士,夕顔,秋
23475,夕顔や簾古りたる須磨の家,夕顔,秋
23476,夕顔に手鍋さけんと契るへし,夕顔,秋
23477,夕顔に夕飯いそぐ蚊遣哉,夕顔,秋
23478,夕顔の花を画きたる扇哉,夕顔,秋
23479,夕顔の花にさめたる暑哉,夕顔,秋
23480,夕顔ノ垣根覗キソ美人禅,夕顔,秋
23481,刈ル蓼や引きぬく藍もましりけり,蓼,秋
23482,うき人にくはせて見たき葉蓼哉,蓼,秋
23483,蓼の葉や泥鰌隠るゝ薄濁り,蓼,秋
23484,蓼噛んでひとりこらえる思ひ哉,蓼,秋
23485,廟堂に蓼の味知る人はあらじ,蓼,秋
23486,ことごとく虫の穴ある葉蓼哉,蓼,秋
23487,老かはで藜の杖にのこしけり,藜,冬
23488,隠れ家に夏も藜の紅葉哉,藜,冬
23489,箒木にまじりて青き藜哉,藜,冬
23490,かたばみの花をめぐるや蟻の道,酸漿草の花,夏
23491,荒庭や昼照草の咲きつのる,松葉牡丹,夏
23492,梅を干す昼照草の小庭哉,松葉牡丹,夏
23493,雑草に咲き勝つ松葉牡丹かな,松葉牡丹,夏
23494,椎風なく昼照草の盛かな,松葉牡丹,夏
23495,干瓜の塩の乾きや日照草,松葉牡丹,夏
23496,何代の燈籠の苔か雪の下,雪の下,冬
23497,何代の苔むす石が雪のした,雪の下,冬
23498,風蘭や神代の苔のむした松,風蘭,夏
23499,風蘭や神代の苔もついた松,風蘭,夏
23500,風蘭や木蔭に風の一つかみ,風蘭,夏
23501,風蘭に露はなけれと露涼し,風蘭,夏
23502,風蘭や岩をつかんでのんだ松,風蘭,夏
23503,風蘭のほのかに白し鉄燈籠,風蘭,夏
23504,風蘭や軒にもたれし松の枝,風蘭,夏
23505,風蘭を尋ねて涼む木陰哉,風蘭,夏
23506,枕もと浦島草を活けてけり,浦島草,春
23507,路三叉草茂りけり石地蔵,草茂る,夏
23508,雲濡るゝ巌に鳶の茂りかな,草茂る,夏
23509,空寺や藜箒木など茂る,草茂る,夏
23510,怠りや心の道に草茂る,草茂る,夏
23511,刈り尽して三日にして草茂りけり,草茂る,夏
23512,旧道や人も通らず草茂る,草茂る,夏
23513,草茂み恋の細道隠れけり,草茂る,夏
23514,草茂み七日の月の隠れけり,草茂る,夏
23515,草茂みベースボールの道白し,草茂る,夏
23516,墓原や墓低くして草茂る,草茂る,夏
23517,灯袋に草茂りけり石燈籠,草茂る,夏
23518,古沼の水ひたひたに草茂る,草茂る,夏
23519,園荒れたり雑草茂る中に花,草茂る,夏
23520,草茂み大蛇隠れて赤き花,草茂る,夏
23521,名も知らぬ草物凄き茂り哉,草茂る,夏
23522,夏草の中に動かぬ白帆かな,夏草,夏
23523,夏草や嵯峨に美人の墓多し,夏草,夏
23524,夏草や殺生石は見えぬまで,夏草,夏
23525,母と子のかくれあそびや夏の草,夏草,夏
23526,惟然寝たあとのぬくみや夏の草,夏草,夏
23527,夏草に血のあとところところ哉,夏草,夏
23528,夏草や大石見ゆるところところ,夏草,夏
23529,夏草や議院門前人もなし,夏草,夏
23530,夏草や山伏に出立つ間者あり,夏草,夏
23531,野の寺の夏草深み隠れ猫,夏草,夏
23532,夏草に犬糞多き小道かな,夏草,夏
23533,夏草の上に砂利しく野道哉,夏草,夏
23534,夏草や甘露とかゝる御涙,夏草,夏
23535,夏草やはつかに白き何の花,夏草,夏
23536,夏草や人むれて堀る墓の穴,夏草,夏
23537,夏草やほのかに白き何の花,夏草,夏
23538,夏草に白き花咲く滝の道,夏草,夏
23539,六尺の夏草を刈る女かな,夏草,夏
23540,夏草や事なき村の裁判所,夏草,夏
23541,夏草や城門ありて城もなし,夏草,夏
23542,夏草やベースボールの人遠し,夏草,夏
23543,夏草にまじりて早き桔梗哉,夏草,夏
23544,夏草や自転車の輪立犬の糞,夏草,夏
23545,院宣や夏草夏木振ひ立ち,夏草,夏
23546,院宣や夏草夏木振ひ立つ,夏草,夏
23547,菜種の実はこべらの実もくはずなりぬ,夏草,夏
23548,夏草にまだ見ぬ人の行へ哉,夏草,夏
23549,夏草や吉次をねらふ小盗人,夏草,夏
23550,淋しげに夏花摘みたる男かな,夏花摘,夏
23551,義仲寺へ乙州つれて夏花摘,夏花摘,夏
23552,明け易きはじめに動く青芒,青薄,秋
23553,青芒心のもつれとけにけり,青薄,秋
23554,青芒三尺にして乱れけり,青薄,秋
23555,青芒たゞ夏草のたぐひかな,青薄,秋
23556,青芒七日の月に乱れけり,青薄,秋
23557,青芒葉末ばかりの乱れかな,青薄,秋
23558,青芒百日たてば月見哉,青薄,秋
23559,きのふけふ風に吹かるゝ青芒,青薄,秋
23560,初恋の乱れ易さよ青芒,青薄,秋
23561,古庭や一かたまりの青芒,青薄,秋
23562,水無月の薄青く蝶黄なりけり,青薄,秋
23563,夕立の来らんとして青芒,青薄,秋
23564,一ツ葉に万両の実の赤さ哉,一つ葉,冬
23565,一ツ葉の水鉢かくす茂り哉,一つ葉,冬
23566,一ツ葉の緑といへぬ黒さかな,一つ葉,冬
23567,一ツ葉は中へせりこむ茂り哉,一つ葉,冬
23568,一つ葉にをかしき露のはちき哉,一つ葉,冬
23569,一つ葉の風にもまるゝけしき哉,一つ葉,冬
23570,一つ葉の二葉の時ぞ見まほしき,一つ葉,冬
23571,一つ葉のゆれてはなれぬ蛙哉,一つ葉,冬
23572,世の中を如何に契りし一つ葉ぞ,一つ葉,冬
23573,一つ葉や遠州流の活け習ひ,一つ葉,冬
23574,松が根や暗き処にゆふけ草,夕け草,秋
23575,小祭の三日にせまる葵かな,葵,夏
23576,雨三日三日見ざれば銭葵,葵,夏
23577,鴨の子を盥に飼ふや銭葵,葵,夏
23578,細帯の女端居す釣り荵,釣荵,春
23579,釣荵と花火線香と画きたる,釣荵,春
23580,鳥鳴いて谷静かなり夏蕨,夏蕨,夏
23581,河骨やちごの遊びのうらやまし,河骨,夏
23582,河骨にわりなき茎の太さ哉,河骨,夏
23583,河骨の横にながれて咲にけり,河骨,夏
23584,河骨の花浮くかとぞ見えにける,河骨,夏
23585,鮒汁や河骨しほむ門の脇,河骨,夏
23586,河骨の水を出かぬる莟哉,河骨,夏
23587,河骨の花咲く川のよどみ哉,河骨,夏
23588,河骨の蕾乏しき流れ哉,河骨,夏
23589,泥ともに河骨かわく川辺哉,河骨,夏
23590,沢瀉に河骨まじる小川かな,河骨,夏
23591,河骨の驚きもせぬ出水かな,河骨,夏
23592,古池に河骨さわぐ嵐かな,河骨,夏
23593,河骨の花起き直るさでのあと,河骨,夏
23594,尼寺に真白ばかりの蓮哉,白蓮,夏
23595,白蓮の中に灯ともす青さ哉,白蓮,夏
23596,古寺に真白はかりの蓮哉,白蓮,夏
23597,山寺に真白ばかりの蓮哉,白蓮,夏
23598,白蓮にうつりて青き灯哉,白蓮,夏
23599,白蓮の香にむせかへる小庭哉,白蓮,夏
23600,白蓮や開かば露をこぼすべう,白蓮,夏
23601,剪らんとす白蓮に手の届かざる,白蓮,夏
23602,ふいと来て見しうれしさや蓮の花,蓮の花,夏
23603,ふいと来て見るもうれしや蓮の花,蓮の花,夏
23604,此上にすわり給へとはすの花,蓮の花,夏
23605,西むいてさいたのもあり蓮の花,蓮の花,夏
23606,ふきかへす簾の下やはすの花,蓮の花,夏
23607,入相にすぼまる寺のはちす哉,蓮の花,夏
23608,入相の鐘につぼまる蓮哉,蓮の花,夏
23609,白過ぎてあはれ少し蓮の花,蓮の花,夏
23610,桃色は弁天様のはちすかな,蓮の花,夏
23611,かたなりに花吹きこほす蓮哉,蓮の花,夏
23612,行水をすてる小池や蓮の花,蓮の花,夏
23613,傾城の悟り顔なり蓮の花,蓮の花,夏
23614,極楽や清水の中に蓮の花,蓮の花,夏
23615,ちりうけば吹かれつ蓮の花小舟,蓮の花,夏
23616,蜻蛉や蓮の莟に一つつゝ,蓮の花,夏
23617,蓮さくや行水すてる水溜り,蓮の花,夏
23618,蓮の花さくや淋しき停車場,蓮の花,夏
23619,蓮持て人中行きぬ尼一人,蓮の花,夏
23620,ほのほのや蓮の花咲く音す池,蓮の花,夏
23621,門前の老婆利を貪るや蓮の花,蓮の花,夏
23622,石橋の下に咲きけり蓮の花,蓮の花,夏
23623,田の中に蓮咲けり家二つ三つ,蓮の花,夏
23624,蓮の香や舟つなぐ背戸の山かつら,蓮の花,夏
23625,昼中の堂静かなり蓮の花,蓮の花,夏
23626,極楽は赤い蓮に女かな,蓮の花,夏
23627,蓮咲いて百ヶ日とはなりにけり,蓮の花,夏
23628,古池のかたへ蓮咲く真菰哉,蓮の花,夏
23629,弁天の石橋低し蓮の花,蓮の花,夏
23630,夜の闇にひろがる蓮の匂ひ哉,蓮の花,夏
23631,わりなしや薄紅させは蓮の花,蓮の花,夏
23632,わりなしやだれが紅させし蓮の花,蓮の花,夏
23633,暁や靄の中より蓮の花,蓮の花,夏
23634,朝風やぱくりぱくりと蓮開く,蓮の花,夏
23635,御門主の女倶したる蓮見哉,蓮の花,夏
23636,御門主の女召さるゝ蓮見かな,蓮の花,夏
23637,不忍や精進料理蓮の花,蓮の花,夏
23638,だらだらと上野下れば蓮の花,蓮の花,夏
23639,蓮の花三輪にして池狭し,蓮の花,夏
23640,蓮開く音聞く人か朝まだき,蓮の花,夏
23641,水なくて泥に蓮咲く旱かな,蓮の花,夏
23642,長かれと水の下にて蓮を剪る,蓮の花,夏
23643,蓮ほのぼの戸いまだあけず湖心亭,蓮の花,夏
23644,引きよせて剪らんとす蓮の花散ぬ,蓮の花,夏
23645,舟行くや小鬢にさはる蓮の花,蓮の花,夏
23646,折るべからずの蓮取るべからずの緋鯉哉,蓮の花,夏
23647,十丈の蓮開くや筆の尖,蓮の花,夏
23648,病僧を扶けまゐらす蓮見哉,蓮の花,夏
23649,巻葉より伸びたる蓮の蕾かな,蓮の花,夏
23650,さきいても声おとなしや蓮の風,蓮,夏
23651,生きてゐるやうに動くや蓮の露,蓮,夏
23652,咲立つて小池のせまき蓮哉,蓮,夏
23653,蓮の露ころかる度にふとりけり,蓮,夏
23654,蓮の露めでたきやうであはれ也,蓮,夏
23655,古池や蓮より外に草もなし,蓮,夏
23656,夕立の露ころげあふ蓮哉,蓮,夏
23657,覚束な遊女が後世の蓮の数,蓮,夏
23658,月を湛へて錦鯉露の玉をはらひあへす蓮,蓮,夏
23659,泥水を見せぬ蓮のさかり哉,蓮,夏
23660,蓮切て牛の背にのる童哉,蓮,夏
23661,人もなし月落ちかゝる蓮の池,蓮,夏
23662,人や知る風蓮雨蓮の夕暮,蓮,夏
23663,かならずよ一つ蓮と書き残す,蓮,夏
23664,其中に若し甘露もや蓮の露,蓮,夏
23665,蓮そよぐ上野の嵐くるたびに,蓮,夏
23666,朝の雨蓮ある池を見て過る,蓮,夏
23667,蓮見船は蓮に隠れて翡翠飛ぶ,蓮,夏
23668,麩によらで鯉泳ぎ去る蓮の昼,蓮,夏
23669,靄深き朝や蓮田の中を行く,蓮,夏
23670,世の中の朝飯前や蓮清し,蓮,夏
23671,豆よりも細き灯や蓮の亭,蓮,夏
23672,下からもつき出す蓮の浮は哉,蓮の浮葉,夏
23673,引はれば沈む蓮のうき葉かな,蓮の浮葉,夏
23674,波なりにゆらるゝ蓮の浮葉哉,蓮の浮葉,夏
23675,橋低く蓮の浮葉の二ツ三ツ,蓮の浮葉,夏
23676,浮葉多く巻葉少き蓮かな,蓮の浮葉,夏
23677,蓮の葉にうまくのつたる蛙哉,蓮の葉,夏
23678,巻葉上に高く浮葉下に広がる蓮や此時,蓮の葉,夏
23679,巻葉のび浮葉ひろがる蓮や此時,蓮の葉,夏
23680,蓮池に三寸程の巻葉哉,蓮の葉,夏
23681,荷の葉に落ちて音あり松の露,蓮の葉,夏
23682,舟通る度にそよくや水の草,水草,夏
23683,舟一ツ通るやそよく水の草,水草,夏
23684,舟一ツ通れはそよぐ水の草,水草,夏
23685,刈跡や水草咲いて田の深さ,水草,夏
23686,古池に水草の花さかりなり,水草の花,夏
23687,水草の泥に花咲く旱かな,水草の花,夏
23688,内堀に古水草の花白し,水草の花,夏
23689,江南は水草の花さかりなり,水草の花,夏
23690,水草の花の白さよ宵の雨,水草の花,夏
23691,水草に白き花咲く沼の月,水草の花,夏
23692,水草の花咲く池や寺の庭,水草の花,夏
23693,水草に触れたる水棹哉,水草の花,夏
23694,水草の花蝶々に似たりけり,水草の花,夏
23695,萍やその日の無事に水まかせ,萍,夏
23696,萍やうき世のさまの是非もなき,萍,夏
23697,萍に思ふことなき早瀬哉,萍,夏
23698,萍に乗てながるゝ小海老哉,萍,夏
23699,萍の茨の枝にかゝりけり,萍,夏
23700,萍の杭に一日のいのちかな,萍,夏
23701,萍の心まかせに流れけり,萍,夏
23702,うき草の月とほりこす流哉,萍,夏
23703,萍や出どこも知らず果もなし,萍,夏
23704,萍や一日は同しところにて,萍,夏
23705,浮草をうねりよせたるさ波哉,萍,夏
23706,浮草を上へ上へと嵐哉,萍,夏
23707,手ばなせは又萍の流れけり,萍,夏
23708,浮草に燕の行くへはるかなり,萍,夏
23709,萍のかくれうせたる嵐かな,萍,夏
23710,萍のさそはれやすき嵐哉,萍,夏
23711,萍の横幅しらぬ浮世かな,萍,夏
23712,浮草にのつて流るゝ蛙かな,萍,夏
23713,浮草の流れ寄たる入江かな,萍,夏
23714,家も木も皆萍とさそはるゝ,萍,夏
23715,萍の中に動くや亀の首,萍,夏
23716,萍のよるべもなしや丸木橋,萍,夏
23717,萍やところところに亀の首,萍,夏
23718,萍を押しわけ行くや亀の首,萍,夏
23719,萍をはつれてうくや亀の首,萍,夏
23720,萍の流れ行きけり朝の内,萍,夏
23721,萍の流れ行なり朝の内,萍,夏
23722,浮草の心中話やつゞき物,萍,夏
23723,浮草に河童恐るゝ泳ぎ哉,萍,夏
23724,浮草を長く手ぐるや舟の中,萍,夏
23725,気味わるく浮草からむかち渉り,萍,夏
23726,風吹て萍動く花ながら,萍の花,夏
23727,古堀は萍の花ばかりなり,萍の花,夏
23728,かたよつて菱の花さく小池哉,菱の花,夏
23729,六角に葉なみそろへて菱の花,菱の花,夏
23730,引けば皆かたよる池のぬなわ哉,蓴,夏
23731,藻の花や鶺鴒の尾のすれすれに,藻の花,夏
23732,藻の花や小川に沈む鍋のつる,藻の花,夏
23733,藻の花に燕の行くへ遙か也,藻の花,夏
23734,藻の花にふつと浮出る緋鯉かな,藻の花,夏
23735,藻の花の上に乗り込む田舟哉,藻の花,夏
23736,船橋や花藻もよらず瀬を早み,藻の花,夏
23737,藻の花の重なりあふて咲きにけり,藻の花,夏
23738,藻の花は附木の舟の港かな,藻の花,夏
23739,藻の花や竹伏す岸に乱れ咲く,藻の花,夏
23740,藻の花や裸子桶をさげて行く,藻の花,夏
23741,藻の花に鷺彳んで昼永し,藻の花,夏
23742,藻の花や水ゆるやかに手長鰕,藻の花,夏
23743,鮒釣や藻の咲く池を見て過る,藻の花,夏
23744,藻の花や泥鰌浮きいでゝ目高去る,藻の花,夏
23745,藻の花や人取池に泳ぐ子等,藻の花,夏
23746,藻の花を少し入れたり桶の鮒,藻の花,夏
23747,泥亀の隠れて動く花藻哉,藻の花,夏
23748,下駄ありて人なき池の花藻哉,藻の花,夏
23749,公園となりたる濠の花藻哉,藻の花,夏
23750,公園になりたる濠の花藻哉,藻の花,夏
23751,公園のきたなき水に花藻哉,藻の花,夏
23752,釣針のひつかゝりたる花藻哉,藻の花,夏
23753,藻の花に彳む鷺や向岸,藻の花,夏
23754,藻の花に釣針かゝり困りたる,藻の花,夏
23755,藻の花に鯰押へし夜振哉,藻の花,夏
23756,藻の花に緋鯉の頭隠れけり,藻の花,夏
23757,藻の花に行きつ帰りつ目高哉,藻の花,夏
23758,藻の花の浅きに立つや鷺の脚,藻の花,夏
23759,藻の花や白壁落し角櫓,藻の花,夏
23760,藻の花や絶えず泡ふく何の魚,藻の花,夏
23761,藻の花や野川を引し庭の池,藻の花,夏
23762,藻の花や鮒つる人の気の長さ,藻の花,夏
23763,藻の花や濠の半の捨小舟,藻の花,夏
23764,手水鉢横にころけて苔の花,苔の花,春
23765,木ともいはず岩ともいはず苔の花,苔の花,春
23766,苔の花一日一日の庵のさび,苔の花,春
23767,西行の腰かけ岩や苔の花,苔の花,春
23768,石くぼむ床几の跡や苔の花,苔の花,春
23769,金閣や金箔はげて苔の花,苔の花,春
23770,其骨に苔の咲くなり小紫,苔の花,春
23771,古寺や門も戸ひらも苔の花,苔の花,春
23772,あの顔の上に咲きけん苔の花,苔の花,春
23773,苔も咲かず屍に砂にさらされぬ,苔の花,春
23774,題目や髭に花咲く石の苔,苔の花,春
23775,塚古りて咲くや点々の苔の花,苔の花,春
23776,巌ともならずひわだの苔の花,苔の花,春
23777,苔の花さくや地蔵の首の跡,苔の花,春
23778,何神か知らずひわだの苔の花,苔の花,春
23779,錦木や去年の恋は苔の花,苔の花,春
23780,君が代や鬼のすみかも苔の花,苔の花,春
23781,君が代や黄金腐りて苔の花,苔の花,春
23782,庫裏荒れたり大俎板の苔の花,苔の花,春
23783,苔の花門に車の跡もなし,苔の花,春
23784,鶯や野を見下せば早苗取,早苗,夏
23785,煙草のむひま旅人も来て早苗とれ,早苗,夏
23786,つるつると水玉のぼる早苗哉,早苗,夏
23787,苗の色美濃も尾張も一ツかな,早苗,夏
23788,ぬか星も植ゑこまれたる早苗哉,早苗,夏
23789,植じまひ知るや早苗の一たばね,早苗,夏
23790,風吹て心よき日の早苗哉,早苗,夏
23791,小山田に早苗とるなり只一人,早苗,夏
23792,朝雲り水の少き早苗哉,早苗,夏
23793,うれしさをそよぐ痩田の早苗哉,早苗,夏
23794,空青しさゝ波濁る早苗舟,早苗,夏
23795,大水の引くや早苗に風わたる,早苗,夏
23796,水藻多き痩田の早苗あはれ也,早苗,夏
23797,夕鷺のぽつちり白し苗の風,早苗,夏
23798,新田の早苗痩せたり赤き水,早苗,夏
23799,門の内に誰が投げこみし早苗哉,早苗,夏
23800,麦刈るや鎌のひらめく夕日影,麦,夏
23801,刈麦の鎌倉山とうたひけり,麦,夏
23802,雪院の隣は麦をつくところ,麦,夏
23803,風流のはや髭に出し去年の麦,麦,夏
23804,麦刈るや裸の上に薦一つ,麦,夏
23805,一村は麦刈のこす夕日哉,麦,夏
23806,家ちらほら小山つゞきの麦畑,麦,夏
23807,麦刈て大寺一つ聳えけり,麦,夏
23808,山畑へ麦刈りに行く日和哉,麦,夏
23809,入口に麦干す家や古簾,麦,夏
23810,麦刈つて疫のはやる小村かな,麦,夏
23811,鳥立つや風そよそよと麦の波,麦,夏
23812,塀許り残る屋敷や麦畠,麦,夏
23813,麦そだつ人の油や古戦場,麦,夏
23814,鎌倉や只今惟麦みのりけり,麦,夏
23815,青梅の林見えけり麦の風,麦,夏
23816,隠居して五反の麦の主哉,麦,夏
23817,うつくしき駕通りけり麦の風,麦,夏
23818,浦風に穂遅き麦の乱れ哉,麦,夏
23819,桑畑や一畝の麦の刈らずある,麦,夏
23820,二階建の学校見えつ麦の風,麦,夏
23821,病僧の門出て歩む麦の風,麦,夏
23822,穂の黒き砂地の麦や汐曇,麦,夏
23823,麦刈の留守を蚕飼のいそかしき,麦,夏
23824,麦の風五月の雲雀老いにけり,麦,夏
23825,麦の風ちいさき蛇の行へ哉,麦,夏
23826,麦の風菜種の花は散にけり,麦,夏
23827,麦の風故郷近くなりにけり,麦,夏
23828,麦の風美濃路に馬を雇ひけり,麦,夏
23829,麦畑に砲車引込む轍哉,麦,夏
23830,麦主の蚕飼羨む話かな,麦,夏
23831,桑の実の木曽路出づれば穂麦かな,穂麦,夏
23832,きらきらと山本くるゝ穂麦哉,穂麦,夏
23833,麦の穂や風は浮世の花に咲け,穂麦,夏
23834,麦は穂に雲雀の宿はあれにけり,穂麦,夏
23835,麦の穂の揃ふて立ちし野面かな,穂麦,夏
23836,山城の郭残りて穂麦哉,穂麦,夏
23837,ゆふはれや麦の穂末のつくは山,穂麦,夏
23838,麦の穂に腹こそばゆき雀かな,穂麦,夏
23839,麦わらも千年の松のまもり哉,麦藁,冬
23840,麦わらも冬は木の葉を護りけり,麦藁,冬
23841,麦藁や地蔵の膝にちらしかけ,麦藁,冬
23842,内庭や鶏の子群るゝ麦の稈,麦藁,冬
23843,積み上げし麦藁陰や里の恋,麦藁,冬
23844,積み上げし麦藁陰や立咄,麦藁,冬
23845,清姫か涙の玉や蛇いちご,苺,春
23846,山人の腰のかゞみやつるいちご,苺,春
23847,足かけて岨道崩すいちご哉,苺,春
23848,いちごとる手もとを群山走りけり,苺,春
23849,順礼の道はかどらぬいちご哉,苺,春
23850,旅路なれば残るいちごを参らせん,苺,春
23851,旅人の岨はひあがるいちご哉,苺,春
23852,旅人のつみのこしたるいちご哉,苺,春
23853,旅人の山路に暮れるいちご哉,苺,春
23854,ほろほろと谷にこほるゝいちご哉,苺,春
23855,ほろほろと手をこほれたるいちご哉,苺,春
23856,いちご盛つて紅の雫流れけり,苺,春
23857,かけ橋や崩れ崩れの蛇いちご,苺,春
23858,かけ橋や蔦のあはひの蔓いちご,苺,春
23859,古塚に覆盆子はみ居る野馬哉,苺,春
23860,蛇いちご大蛇を斬りし処哉,苺,春
23861,露あかしいちこ畑の山かづら,苺,春
23862,もりあげてやまいうれしきいちご哉,苺,春
23863,いちご熟す去年の此頃病みたりし,苺,春
23864,唐人の皿に盛りたるいちごかな,苺,春
23865,旅人に合はぬ山路のいちご哉,苺,春
23866,薔薇ちるやいちごくひたき八ツ下り,苺,春
23867,わが庭の覆盆子熟して雨多し,苺,春
23868,わが庭の覆盆子熟せず雨多し,苺,春
23869,あるきながらいちごくひけりいちご畑,苺,春
23870,いちごある園の小道や下駄の跡,苺,春
23871,いちご取る山路に著莪を手折けり,苺,春
23872,旅人のいちごくひたる跡もあり,苺,春
23873,ならはせのいちごくひけり肉の後,苺,春
23874,ハンケチの赤く染みたるいちご哉,苺,春
23875,病人のくひたきといふいちご哉,苺,春
23876,まだ青きいちごや花の咲き残り,苺,春
23877,見て過ぐるいちごや旅の夕急ぎ,苺,春
23878,病多き此頃庭のいちご哉,苺,春
23879,山人はすさめぬ山のいちご哉,苺,春
23880,寝床並べて苺喰はゞや話さばや,苺,春
23881,牛部屋のかこひと見ゆれさゝげ垣,ささげ,秋
23882,蚕豆も豌豆も咲くや庭畠,蚕豆,春
23883,紫蘇ばかり薄紫の明家哉,紫蘇,夏
23884,紫蘇ひとつ薄紫の荒家哉,紫蘇,夏
23885,紫蘇ほして蝶よりつかぬ暑さ哉,紫蘇,夏
23886,雷に魂消て青し蕃椒,青唐辛,秋
23887,貧しさや葉生姜多き夜の市,葉生姜,夏
23888,老が歯のきれ味ゆかし茗荷の子,茗荷の子,秋
23889,茗がよりかしこきふりや茗がの子,茗荷の子,秋
23890,茗荷よりかしこさうなり茗荷の子,茗荷の子,秋
23891,虻ないて南瓜の花の落ちにけり,南瓜の花,夏
23892,虻鳴いて南瓜の花落ちにけり,南瓜の花,夏
23893,添竹の折れて地にふす瓜の花,瓜の花,夏
23894,添竹は折れて地にふす瓜の花,瓜の花,夏
23895,添竹も折れて地に伏す瓜の花,瓜の花,夏
23896,蝶を追ふ虻の力や瓜の花,瓜の花,夏
23897,瓜盗むこともわすれて涼みけり,瓜,夏
23898,うり一つだひて泣きやむ子供哉,瓜,夏
23899,瓜一ツだけば鳴きやむ赤子かな,瓜,夏
23900,うり一つとなりの畑てみのりけり,瓜,夏
23901,瓜持て片手にまねく子供哉,瓜,夏
23902,くみあげて又戻しけり冷しうり,瓜,夏
23903,涼しさに瓜ぬす人と話しけり,瓜,夏
23904,涼しさやくるりくるりと冷し瓜,瓜,夏
23905,中までも水しみこめと冷し瓜,瓜,夏
23906,初瓜やまだこびりつく花の形,瓜,夏
23907,ひやし瓜沈めても又沈めても,瓜,夏
23908,冷瓜浪のかしらにほかんほかん,瓜,夏
23909,冷し瓜水掬ふ手にもつれけり,瓜,夏
23910,冷し瓜わつた中にも雫かな,瓜,夏
23911,もてなしや池へなげこむ冷し瓜,瓜,夏
23912,瓜ぬすむあやしや御身誰やらん,瓜,夏
23913,瓜二つ重たさうなる禿かな,瓜,夏
23914,何やらの花さきにけり瓜の皮,瓜,夏
23915,喃お僧初瓜一つめすまいか,瓜,夏
23916,瓜好きの僧正山を下りけり,瓜,夏
23917,瓜茄子どこを関屋の名残とも,瓜,夏
23918,瓜茄子命があらば三年目,瓜,夏
23919,茶屋に到り瓜喰はんと思ひつゝありく,瓜,夏
23920,垣破る瓜盗人は狐かな,瓜,夏
23921,兄弟が瓜と茄子の訴訟哉,瓜,夏
23922,瓜喰ふて旅の労れや野の茶店,瓜,夏
23923,瓜の籠茄子の籠や市の雨,瓜,夏
23924,瓜番を化かしに来たる狐かな,瓜,夏
23925,学校の敷地になりぬ瓜畑,瓜,夏
23926,此村は帝国党や瓜茄子,瓜,夏
23927,水清く瓜肥えし里に隠れけり,瓜,夏
23928,水清く瓜清き里に隠れけり,瓜,夏
23929,莚敷く村の芝居や瓜の皮,瓜,夏
23930,葭簀して囲ふ流や冷瓜,瓜,夏
23931,瓜くれて瓜盗まれし話かな,瓜,夏
23932,瓜小屋に人あるさまの草履哉,瓜,夏
23933,孝行な瓜番瓜を盗みけり,瓜,夏
23934,手拭に瓜三本をくゝりけり,瓜,夏
23935,いわけなう日うらの白き胡瓜哉,胡瓜,夏
23936,東京に世渡りやすき胡瓜哉,胡瓜,夏
23937,花のあとにはや見えそむる胡瓜哉,胡瓜,夏
23938,輪にもせず竪にもわらず胡瓜哉,胡瓜,夏
23939,其題の胡瓜の頃に死なれけり,胡瓜,夏
23940,胡瓜生節善き酒ありて俗ならず,胡瓜,夏
23941,胡瓜より茄子むつかしき写生かな,胡瓜,夏
23942,朝露をこぼして荷なふ真桑哉,甜瓜,夏
23943,すぢなりに庖刀あてる真桑哉,甜瓜,夏
23944,のせて見て団扇に重しまくわ瓜,甜瓜,夏
23945,のせて見て団扇に書し甜瓜,甜瓜,夏
23946,鶯のなく木の下や真桑うり,甜瓜,夏
23947,奥の間へころがしてやる真桑哉,甜瓜,夏
23948,狂言の手つきでぬすむ真桑哉,甜瓜,夏
23949,旅僧のかぢりついたる真桑哉,甜瓜,夏
23950,琵琶やめて真桑をむかん宵月夜,甜瓜,夏
23951,真桑瓜革包の重き行脚哉,甜瓜,夏
23952,真桑瓜見かけてやすむ床几哉,甜瓜,夏
23953,我はまた山を出羽の初真桑,甜瓜,夏
23954,猪の真桑踏み割る田甫かな,甜瓜,夏
23955,洪水や下駄も真桑もほかほかと,甜瓜,夏
23956,真桑尽きて更に心太をくはん哉,甜瓜,夏
23957,からぐろの黒からず茄子の濃紫,茄子,夏
23958,これ程の物も都そ初茄子,茄子,夏
23959,茄子南瓜小道小道の別れ哉,茄子,夏
23960,婆様のうらの茄子もふとりけり,茄子,夏
23961,婆様の大事の茄子もふとりけり,茄子,夏
23962,一籠でいくらがものそ初茄子,茄子,夏
23963,富士山は毎日見えつ初茄子,茄子,夏
23964,どれ見てもうれし小茄子大茄子,茄子,夏
23965,どれもこれもうれし小茄子大茄子,茄子,夏
23966,浪人の畠にやせる茄子かな,茄子,夏
23967,糸つけて茄子ひきづるかと思へば,茄子,夏
23968,恙なく帰るや茄子も一年目,茄子,夏
23969,出迎へや旗ひるがへる茄子畑,茄子,夏
23970,糠漬の茄子紫に明け易き,茄子,夏
23971,糠味噌の茄子紫に明け易き,茄子,夏
23972,僧吝し本堂脇の茄子畠,茄子,夏
23973,茄子汁に村の者よる忌日哉,茄子,夏
23974,尼寺や尼がつくりし茄子畠,茄子,夏
23975,茄子の籃に蕗の葉長き上荷哉,茄子,夏
23976,茄子の籃の上荷に蕗の長き哉,茄子,夏
23977,蕗長く茄子の籠の上荷かな,茄子,夏
23978,しなびたる茄子まづしき八百屋哉,茄子,夏
23979,糠味噌に瓜と茄子の契かな,茄子,夏
23980,茄子臭き南瓜くさき契哉,茄子,夏
23981,南瓜より茄子むつかしき写生哉,茄子,夏
23982,夏葱に鶏裂くや山の宿,夏葱,夏
23983,名もゆかし一夜明さん刈葱畑,刈葱,秋
23984,蕗の葉を傘にさしたる蛙哉,蕗,春
23985,蕗の葉や蚯蚓を包む土ながら,蕗,春
23986,鉢植や蕗の葉のびて薹枯れぬ,蕗,春
23987,露のあち知らぬふり也綿の花,棉の花,秋
23988,露ならて何をいのちそ棉の花,棉の花,秋
23989,棉の花葵に似るも哀れなり,棉の花,秋
23990,棉の花＊（竹冠＋禦）へ曲る小道哉,棉の花,秋
23991,船著きの小き廊や棉の花,棉の花,秋
23992,海近クナリヌ帆見エテ棉の花,棉の花,秋
23993,海近ク帆ノ大キサヨ棉ノ花,棉の花,秋
23994,此浜ヤ此頃埋メテ棉ノ花,棉の花,秋
23995,このあたり人素直也麻の畑,麻,秋
23996,麻刈りて屏風に淋し山の影,麻,秋
23997,刈麻やどの小娘の恋衣,麻,秋
23998,日の入りや麻刈るあとの通り雨,麻,秋
23999,麻刈りて鳥海山に雲もなし,麻,秋
24000,麻刈の吾にわからぬ言葉かな,麻,秋
24001,麻三反家五軒子供八九人,麻,秋
24002,麻につるゝ山家の雨の脚直し,麻,秋
24003,刈麻に夕日さしこむ小庭かな,麻,秋
24004,刈り残す麻に二十日の月出づる,麻,秋
24005,すぱりすぱり麻刈るわざの面白き,麻,秋
24006,渺々と麻刈るあとの雲の峰,麻,秋
24007,夕暮やかならず麻の一嵐,麻,秋
24008,夕立や雀のさわぐ麻畠,麻,秋
24009,藺の花の思ひ思ひにそよきけり,藺の花,夏
24010,藺の花の中をぬひぬひ蛍哉,藺の花,夏
24011,藺の花の葉末にさかぬ風情哉,藺の花,夏
24012,ゐの花は葉末にさかぬ風情哉,藺の花,夏
24013,ゐの花や親子の牛のもつれあふ,藺の花,夏
24014,藺の花や小田にもならぬ溜り水,藺の花,夏
24015,花藺田の緑にそゝぐ小雨哉,藺の花,夏
24016,藺の花にかくるゝ鷺の頭哉,藺の花,夏
24017,藺の花にかはらぬ水の水さび哉,藺の花,夏
24018,刈り捨てし燈心草や道の端,灯心草,夏
24019,三尺の燈心草や花淋し,灯心草,夏
24020,早松茸夏なき山に生まれけり,早松茸,秋
24021,山もなし江戸にいづこの早松茸,早松茸,秋
24022,ほのほのや鼾忽ち絶えて春,新年,新年
24023,我宿や鼾忽ち絶えて春,新年,新年
24024,紀元二千五百五十四年なり,新年,新年
24025,年明けて春まだ立たず梅の花,新年,新年
24026,掃溜にこれはこれはの春も來し,新年,新年
24027,春や來る表に物も案内も,新年,新年
24028,百卷の古書の山こえ春は來ぬ,新年,新年
24029,ほのほのと茜の中や今朝の不二,新年,新年
24030,隻手聲絶えて年立つあした哉,新年,新年
24031,紀元二千五百五十五年哉,新年,新年
24032,紀元二千五百五十五年なり,新年,新年
24033,新年や床は竹の画梅の花,新年,新年
24034,咲にけり筆のさきより年の花,新年,新年
24035,新年の上野寂寞と鴉鳴く,新年,新年
24036,寐んとすれば鷄鳴いて年新なり,新年,新年
24037,恭賀新禧一月一日日野昇,新年,新年
24038,新年の霜と消えたるはかなさよ,新年,新年
24039,新年の棺に逢ひぬ夜中頃,新年,新年
24040,新年の墨水語り其村吶る,新年,新年
24041,新年や鶯鳴いてほとゝぎす,新年,新年
24042,蒲団から首出せば年の明けて居る,新年,新年
24043,年こゝにあらたなる梅の莟哉,新年,新年
24044,一月二日奇石瑞草を見る,新年,新年
24045,年徳と布袋とどつと笑ひけり,新年,新年
24046,蟹を得たり新年會の殘り酒,新年,新年
24047,蟹を得つ新年會の殘り酒,新年,新年
24048,新年稿成つて萬斛の血を灑きけり,新年,新年
24049,新年の白紙綴ちたる句帖哉,新年,新年
24050,子の年の鼠にちなむ落語哉,新年,新年
24051,醉蟹や新年會の殘り酒,新年,新年
24052,經ニ曰ク春王の正月日々食たれり,正月,新年
24053,正月の物あはれなり傀儡師,正月,新年
24054,正月や賤の伏屋も文の數,正月,新年
24055,貧乏の正月はうしさりながら,正月,新年
24056,老もいさめ痩せたりといへども午の年,正月,新年
24057,琴鼓ならべかけたる睦月哉,正月,新年
24058,正月を水仙の花のさかり哉,正月,新年
24059,一月となりけり雪もふりにけり,正月,新年
24060,うれしさの過ぎぬ正月四日なり,正月,新年
24061,正月の人あつまりし落語かな,正月,新年
24062,正月や里はきのふの古薄,正月,新年
24063,春王の正月書すと書かれたり,正月,新年
24064,年礼の過ぎぬ正月四日なり,正月,新年
24065,正月や橙投げる屋敷町,正月,新年
24066,一年は正月に一生は今に在り,正月,新年
24067,一年は正月に一生ハ今にあり,正月,新年
24068,正月や餅ならべたる佛の間,正月,新年
24069,正月の末にとゞきぬ支那みかん,正月,新年
24070,水こほる風にさきけり江戸の春,初春,春
24071,うそうそと蝨はひけり菴の春,初春,春
24072,猫の顔もみがきあげたり玉の春,初春,春
24073,あらたまの春としなれば人笑ふ,初春,春
24074,いくたびの花の莟ぞ庵の春,初春,春
24075,烏帽子着る世ともならばや花の春,初春,春
24076,おそろしき殿御めでたし花の春,初春,春
24077,死ぬものと誰も思はず花の春,初春,春
24078,死ぬるとハ思ハさりけり花の春,初春,春
24079,女房によびおこされて花の春,初春,春
24080,袴着て火ともす庵や花の春,初春,春
24081,花の春うかれて屠蘇の二日醉,初春,春
24082,兵隊は國の花なりけふの春,初春,春
24083,我等まで神の御末そけふの春,初春,春
24084,明て春暮ても春のうれしさよ,初春,春
24085,庵の春鏡餅より白みけり,初春,春
24086,鶯や東よりくる庵の春,初春,春
24087,うつくしき根岸の春やさゝの雪,初春,春
24088,閏年や一日遅き花の春,初春,春
24089,風吹て雨降てさて花の春,初春,春
24090,風吹て山里春をしらぬ哉,初春,春
24091,紀元二千五百五十三年の春,初春,春
24092,君が代を踊りそめけり花の春,初春,春
24093,鍬に土つかぬ一日や里の春,初春,春
24094,くれ竹の根岸にすんで花の春,初春,春
24095,元日の掛乞もあり江戸の春,初春,春
24096,景に富む庵や山の春水の春,初春,春
24097,化粧部屋に吾妹子光る宿の春,初春,春
24098,此隅に門松立てり江戸の春,初春,春
24099,民の春同胞三千九百萬,初春,春
24100,つくばねは筆のさきなり庵の春,初春,春
24101,舶來の牛も日本の花の春,初春,春
24102,初春やいわけなき兒の兩鼓,初春,春
24103,初春や七十五年いきのびん,初春,春
24104,初春や雪の中なる善光寺,初春,春
24105,母人は江戸はじめての春日哉,初春,春
24106,春くばる都の文や十二萬,初春,春
24107,春は曙雲紫のつく波山,初春,春
24108,東からあれあれ春がくるわいな,初春,春
24109,目を明て見たれば春となりにけり,初春,春
24110,餅花にとびつく猫や玉の春,初春,春
24111,世の中をすてずことしも花の春,初春,春
24112,梅ハまだ枯木に似たり花の春,初春,春
24113,梅はまだ枯木にもつとして花の春,初春,春
24114,烟突の煙にぎはふ民の春,初春,春
24115,大幅の帶そろひけり京の春,初春,春
24116,傾城の古郷遠し京の春,初春,春
24117,三寶に東海南山庵の春,初春,春
24118,竹の影梅の影あり窓の春,初春,春
24119,猫の子の眷族ふゑて玉の春,初春,春
24120,端書あり活版もあり文の春,初春,春
24121,春もはや運坐賑ふ老梅居,初春,春
24122,父母います人たれたれそ花の春,初春,春
24123,盆栽の紅梅さくや女御の春,初春,春
24124,むつかしき言の葉草や花の春,初春,春
24125,めでたさやよその言葉も旅の春,初春,春
24126,あらをかし何に浮世の花の春,初春,春
24127,紀元二千五百五十五年の春,初春,春
24128,とにかくに坊主をかしや花の春,初春,春
24129,竹に葉無し松に雌雄無し江戸の春,初春,春
24130,初春や赤裝束の牛童,初春,春
24131,烏帽子着た人の心や神の春,神の春,春
24132,海老にさへ伊勢の名はあり神の春,神の春,春
24133,松の木の注連繩古し神の春,神の春,春
24134,淋しさの尊とさまさる神の春,神の春,春
24135,玉くしげ二見にあける神の春,神の春,春
24136,古杉の花咲かぬ身を神の春,神の春,春
24137,君が代や千嶋よりくる國の春,国の春,春
24138,四方海渺々として國の春,国の春,春
24139,十萬の常備軍あり國の春,国の春,春
24140,僧赤く神主白し國の春,国の春,春
24141,萬國の地圖を開くや國の春,国の春,春
24142,餅花の小判動かず國の春,国の春,春
24143,新しき地圖も出來たり國の春,国の春,春
24144,猫の顏もみかきあけたり御代の春,君の春,春
24145,のら者もあつてめでたし御代の春,君の春,春
24146,君が春箒に掃ふ塵もなし,君の春,春
24147,東京と江戸も變りて君か春,君の春,春
24148,田舎出のけつとう赤く君が春,君の春,春
24149,田舎出のけつとう赤しみよの春,君の春,春
24150,狼は山へ歸るや御代の春,君の春,春
24151,宮城や文武をかぬる君か春,君の春,春
24152,めでたさやいつまでかくて君か春,君の春,春
24153,君が春さゝれ石原玉かしは,君の春,春
24154,君が春背丈にあまる鶴の首,君の春,春
24155,命長く喜び多し御代の春,君の春,春
24156,永代の橋も落ちずに君が春,君の春,春
24157,君が春誰が殿醉ふて神樂歌,君の春,春
24158,草も木も君が春とぞ歌ひける,君の春,春
24159,中の川潺湲として御代の春,君の春,春
24160,立臼の重さも問はず君か春,君の春,春
24161,刀鍛冶は庖丁鍛冶や御代の春,君の春,春
24162,四位五位は升で量るよ君が春,君の春,春
24163,檻の内に麒麟も老いて君か春,君の春,春
24164,甚六の寐言とだえて去年今年,去年今年,新年
24165,去年の夢さめてことしのうつゝ哉,去年今年,新年
24166,元日や見直すふじの去年の雪,元日,新年
24167,元日は何も思はで暮らしけり,元日,新年
24168,元日や一輪開く福壽草,元日,新年
24169,元日や門松に照る朝日影,元日,新年
24170,元日やきのふはきのふけふはけふ,元日,新年
24171,元日と知らぬ鼾の高さかな,元日,新年
24172,元日のはれや片鎌大鳥毛,元日,新年
24173,元日や朝日に鶴の羽つくろひ,元日,新年
24174,元日や勅使の橋に松の影,元日,新年
24175,元日や日も出ぬさきの不二の山,元日,新年
24176,元日やふしへものほる人心,元日,新年
24177,元日やふじ見る國はとことこぞ,元日,新年
24178,元日やむしろ屏風に梅のかげ,元日,新年
24179,風吹てても元日の覺束な,元日,新年
24180,元日に海老の死骸ぞめでたけれ,元日,新年
24181,元日に海老の死骸のおもしろや,元日,新年
24182,元日は佛なき世へもどりけり,元日,新年
24183,元日や上野の森に去年の月,元日,新年
24184,元日や蘇鐵に動く風もなし,元日,新年
24185,元日やとてもの事に死で見ん,元日,新年
24186,白妙の不尽見て立てり日の始,元日,新年
24187,禰宜だちよ元日のいはれ物語れ,元日,新年
24188,うつくしや洛陽の元日雪ちらちら,元日,新年
24189,風凪でけさ元日となりにけり,元日,新年
24190,元日に追付かれけり破衾,元日,新年
24191,元日の雀鳴くなり手水鉢,元日,新年
24192,元日の住吉淋し松の音,元日,新年
24193,元日の住吉寒し松の風,元日,新年
24194,元日の夕日になりて哀れ也,元日,新年
24195,元日の夕日になれば哀れ也,元日,新年
24196,元日の芳野に花もなかりけり,元日,新年
24197,元日もたゞ尊とさの涙かな,元日,新年
24198,元日や曙染の振小袖,元日,新年
24199,元日や金の話のかしましき,元日,新年
24200,元日や何やら語る鶴四五羽,元日,新年
24201,元日や二十六年同じこと,元日,新年
24202,元日や都の宿の置巨燵,元日,新年
24203,元日をお濠に眠るかもめ哉,元日,新年
24204,元日を御濠の鴎とも知らず,元日,新年
24205,灯を消して元日と申庵哉,元日,新年
24206,雪ふるや洛陽の元日うつくしき,元日,新年
24207,おもしろや元日暮れて月六日,元日,新年
24208,元日の行燈をかしや枕もと,元日,新年
24209,元日の太鼓聞かばや法華寺,元日,新年
24210,元日も二日も暮れてしまひけり,元日,新年
24211,元日や枯菊殘る庭のさき,元日,新年
24212,元日の馬車見に行くや丸の内,元日,新年
24213,元日の人通りとはなりにけり,元日,新年
24214,元日は是も非もなくて衆生也,元日,新年
24215,元日は除夜のあしたの名也けり,元日,新年
24216,元日も暮れて上野の嵐哉,元日,新年
24217,元日やしろかねの餅こかねの蜜柑,元日,新年
24218,町はづれ元日らしからぬ家よ,元日,新年
24219,うれしかる子に元日の曇りけり,元日,新年
24220,元日や鶴も飛ばざる不二の山,元日,新年
24221,元日を天地和合のはじめ哉,元日,新年
24222,就中梅元日の姿なる,元日,新年
24223,元日の病者見舞ふや駿河臺,元日,新年
24224,大三十日愚なり元日猶愚也,元日,新年
24225,元朝や虚空暗く但不二許り,元旦,新年
24226,うつかりと元日の朝の長寢哉,元旦,新年
24227,元朝や米くれさうな家はどこ,元旦,新年
24228,元朝や皆見覺の紋處,元旦,新年
24229,風吹てつめたき年のあした哉,元旦,新年
24230,風やんでけさ元日となりにけり,元旦,新年
24231,元旦に追つかれけり破衾,元旦,新年
24232,元朝やわれは神國の男なり,元旦,新年
24233,元朝や車ときめく二重橋,元旦,新年
24234,元旦の馬車見る人や丸の内,元旦,新年
24235,元朝の上野靜かに灯殘れり,元旦,新年
24236,今年はと思ふことなきにしもあらず,元旦,新年
24237,まだ夜なり西のはてには今朝の不二,元旦,新年
24238,元日や朝からものゝ不平なる,元旦,新年
24239,鶯も谷の戸出るやけさの春,今朝の春,春
24240,けさの春御城も庵も一かすみ,今朝の春,春
24241,月落て星まばらなりけさの春,今朝の春,春
24242,我庵は御城を二里やけさの春,今朝の春,春
24243,我等まで神の御末ぞけさの春,今朝の春,春
24244,一休は死んでめでたしけさの春,今朝の春,春
24245,家持て門松立てゝけさの春,今朝の春,春
24246,風吹て門松うたふけさの春,今朝の春,春
24247,かばかりのものとしらじをけさの春,今朝の春,春
24248,今朝の春有明月を見つけたり,今朝の春,春
24249,けさの春琵琶湖緑に不二白し,今朝の春,春
24250,城門に槍の林やけさの春,今朝の春,春
24251,唾壺に龍はかくれてけさの春,今朝の春,春
24252,天守閣屹然としてけさの春,今朝の春,春
24253,どこ見ても霞だらけにけさの春,今朝の春,春
24254,世の中にすめばこそあれけさの春,今朝の春,春
24255,鶯の隣にすんで今朝の春,今朝の春,春
24256,君か代や四千萬人けさの春,今朝の春,春
24257,白河の關むらさきにけさの春,今朝の春,春
24258,白し青し相生の筑波けさの春,今朝の春,春
24259,禪僧の寂然として今朝の春,今朝の春,春
24260,なき親の繪姿笑ふ今朝の春,今朝の春,春
24261,のどかさは新聞もなしけさの春,今朝の春,春
24262,吾妹子のうしろ姿やけさの春,今朝の春,春
24263,裾を引く妻の立居や三ヶ日,三が日,新年
24264,門番に餅を賜ふや三ヶ日,三が日,新年
24265,口紅や四十の顏も松の内,松の内,新年
24266,我門や松はたてねど松の内,松の内,新年
24267,裏門や遣羽子はやる松の内,松の内,新年
24268,袴着た町人見ゆる松の内,松の内,新年
24269,錢湯に善き衣著たり松の内,松の内,新年
24270,松の内薺うつ日も過ぎにけり,松の内,新年
24271,吉原の禿遊ふや松の内,松の内,新年
24272,吉原に禿遊ふや松の内,松の内,新年
24273,宮人や御喪に籠る松の内,松の内,新年
24274,門番に餅をたまふや松の内,松の内,新年
24275,借著して湯に行く旅の松の内,松の内,新年
24276,廻向院の相撲はじまる松の内,松の内,新年
24277,錢湯を出づる美人や松の内,松の内,新年
24278,錢湯を早くしまふや松の内,松の内,新年
24279,錢金を湯水に使ふ松の内,松の内,新年
24280,よひよひの鼓の音や松の内,松の内,新年
24281,ふんどしややうやう黒む初明り,初明,新年
24282,初日の出隣のむすめお白粉未だつけず,初日,新年
24283,毘沙門や松にはさんで初日出,初日,新年
24284,不盡赤し筑波を見れは初日の出,初日,新年
24285,蓬莱の松にさしけり初日の出,初日,新年
24286,墨梅の軸にさしこむや初日の出,初日,新年
24287,ゆらゆらと柳動くや初日の出,初日,新年
24288,今年も東より出る初日哉,初日,新年
24289,筑波根は二見に似たり初日の出,初日,新年
24290,初日さす硯の海に波もなし,初日,新年
24291,星は消え月はしらみて初日の出,初日,新年
24292,我庵はお城の上に初日哉,初日,新年
24293,鴉一羽初日の中を通りけり,初日,新年
24294,初日浮くや金波銀波の太平洋,初日,新年
24295,海のはてにあれあれ初日浮き給ふ,初日,新年
24296,大船のへさきに浮ぶ初日哉,初日,新年
24297,空近くあまりまばゆき初日哉,初日,新年
24298,初日のつと萬歳の聲どよみけり,初日,新年
24299,初日漏るおはらひ箱のほこり哉,初日,新年
24300,帆檣に人かき上る初日かな,初日,新年
24301,山里や初日を拜む十時頃,初日,新年
24302,雪きらきら初日のぼりぬ馬の耳,初日,新年
24303,鴉飛ぶや初日見えそむる山の上,初日,新年
24304,初日呑むと夢みて發句榮ゆべく,初日,新年
24305,初日見ばや海に向いて松くねる處,初日,新年
24306,初日拜むべく思はずわれ無精なり,初日,新年
24307,新聞を門で受け取る初日哉,初日,新年
24308,伊勢人のはがきに刷りし初日哉,初日,新年
24309,蛤の口より伊勢の初日哉,初日,新年
24310,墨梅の軸にさしけり初日影,初日影,新年
24311,はらはらと柳動くや初日影,初日影,新年
24312,ゆらゆらと柳うごくや初日影,初日影,新年
24313,初空や鳥は黒く富士白し,初空,新年
24314,初空や裾野も冨士と成りにけり,初空,新年
24315,初空や初日初鷄初鴉,初空,新年
24316,初空や日の本明くる櫻色,初空,新年
24317,目にさはる塵一つなし初みそら,初空,新年
24318,初空へつゝとのべけり鶴の首,初空,新年
24319,初空や江戸は火の子の花の春,初空,新年
24320,初空や下より明くる相模灘,初空,新年
24321,初み空去年の眼を開きけり,初空,新年
24322,初空に去年の星の殘りかな,初空,新年
24323,宮城や五色にそろふ初霞,初霞,春
24324,初霞蒲團の裾にかゝるなり,初霞,春
24325,古城を前にひかへて初霞,初霞,春
24326,なすりつける繪筆のあとや初霞,初霞,春
24327,星消えてあとは五色の初霞,初霞,春
24328,水引のやうな雲あり初霞,初霞,春
24329,烏帽子著た人ばかり也初霞,初霞,春
24330,初東風に吹きちる顏の櫻哉,初東風,春
24331,初東風の網にたまるや浦の春,初東風,春
24332,初東風をうしろにうけて凧,初東風,春
24333,馬の耳立てゝ東風吹くあした哉,初東風,春
24334,初東風や空は朝より晴れちきり,初東風,春
24335,初東風や日の丸の皺吹きのばし,初東風,春
24336,樋の口や東風吹渡る獺の顏,初東風,春
24337,女つれて東風に吹かれに東山,初東風,春
24338,初東風の烏帽子わつかに動く哉,初東風,春
24339,初東風の吹くになびかぬ髯はあらじ,初東風,春
24340,御降の氷の上にたまりけり,御降,冬
24341,御降りの流れいでけり御所の溝,御降,冬
24342,御降りの雪にならぬも面白き,御降,冬
24343,海人か家の若水猶も汐はゆし,若水,新年
24344,若水や瓶の底なる去年の水,若水,新年
24345,風吹て若水氷る星の影,若水,新年
24346,仁齋の裃でくむ若井哉,若水,新年
24347,若水や天廣うして星の數,若水,新年
24348,若水に浮くや錢龜二つ三つ,若水,新年
24349,若水や檜垣の嫗の其むかし,若水,新年
24350,若水やふりわけ髪の共白髪,若水,新年
24351,若水や星汲みこぼし汲みこぼし,若水,新年
24352,船の人若水汲んで歸りけり,若水,新年
24353,まゝにならば宇治の若水不二の齒朶,若水,新年
24354,若水になつて落たる筧かな,若水,新年
24355,若水になつてこほるゝ筧かな,若水,新年
24356,若水になつて流るゝ筧かな,若水,新年
24357,若水になりてこぼるゝ筧かな,若水,新年
24358,若水の須磨に御題の心あり,若水,新年
24359,初釣瓶曉の星の影ちらちら,初釣瓶,新年
24360,四方拜其時朝日のほりつゝ,四方拝,新年
24361,四方拜のお庭の霜や初鴉,四方拝,新年
24362,活版の名剌ほりこむ御慶哉,御慶,新年
24363,朝比奈も同じ事いふ御慶哉,御慶,新年
24364,隣から御慶の聲の霞けり,御慶,新年
24365,年々や御慶の言葉かはりけり,御慶,新年
24366,鶯の宿に投げこむ名札かな,御慶,新年
24367,梅さげて新年の御慶申けり,御慶,新年
24368,唐人の日本語つかふ御慶かな,御慶,新年
24369,御慶申す加賀のなまりや加賀屋敷,御慶,新年
24370,乳母が子の袴著て來る御慶哉,御慶,新年
24371,土佐人の紙布を著て來る御慶哉,御慶,新年
24372,年禮や鳴翁住める眞砂町,年礼,新年
24373,門禮や草の庵にも隣あり,礼者,秋
24374,禮者わたる錦帶橋の夜明哉,礼者,秋
24375,輪かざりに標札探る禮者かな,礼者,秋
24376,梅いけて禮者ことわる病かな,礼者,秋
24377,梅さげて來る禮者や七日過,礼者,秋
24378,友につれて知らぬ禮者の來りけり,礼者,秋
24379,病牀を圍む禮者や五六人,礼者,秋
24380,病床をめぐる五人の禮者かな,礼者,秋
24381,年玉に上の字を書く試筆哉,年玉,新年
24382,年玉や長崎鯣蝦夷昆布,年玉,新年
24383,年玉や長崎の鯣蝦夷昆布,年玉,新年
24384,年玉や何ともしれぬ紙包み,年玉,新年
24385,年玉の鴨提げて書生戸を叩く,年玉,新年
24386,年玉や同穴の契り番ひ鴨,年玉,新年
24387,年玉を竝べて置くや枕もと,年玉,新年
24388,君が住む方を吾家の恵方哉,恵方,新年
24389,盗人の暦見て出る惠方かな,恵方,新年
24390,鶯の惠方を向て鳴にけり,恵方,新年
24391,目をやれば惠方にたてりふしの山,恵方,新年
24392,惠方向て行くや道々梅の花,恵方,新年
24393,蜑か家の惠方は廣し大日の出,恵方,新年
24394,寐具合や惠方に尻を向けて居る,恵方,新年
24395,君か代や二十六度の初暦,初暦,新年
24396,初暦日曜の日をしらべける,初暦,新年
24397,初暦花時鳥月時雨,初暦,新年
24398,人の手にはや古りそめぬ初暦,初暦,新年
24399,今年は青き標紙や初暦,初暦,新年
24400,神宮の判すわりけり初暦,初暦,新年
24401,新宅に掛くる釘なし初暦,初暦,新年
24402,初暦一枚あけてなかめけり,初暦,新年
24403,初暦今年も人にもらひけり,初暦,新年
24404,初暦五月の中に死ぬ日あり,初暦,新年
24405,早ぐりの年數表や初暦,初暦,新年
24406,初暦今年は遅き初卯哉,初暦,新年
24407,初暦鼠の尿によごれけり,初暦,新年
24408,灰の中に落てよこれぬ初暦,初暦,新年
24409,初ゆめや女郎と論語の卷の一,初夢,新年
24410,初梦や貘にくはした後家の顏,初夢,新年
24411,うれしさにはつ夢いふてしまひけり,初夢,新年
24412,初梦や松の柱に芽がふいて,初夢,新年
24413,はつ夢や吉野龍田の花盛,初夢,新年
24414,女來よ初梦語りなぐさまん,初夢,新年
24415,初梦の思ひしことを見ざりける,初夢,新年
24416,初夢や申の年には山の幸,初夢,新年
24417,初夢の何も見ずして明けにけり,初夢,新年
24418,雜煮くふてよき初夢を忘れけり,初夢,新年
24419,初夢に尾のある者を見たりけり,初夢,新年
24420,鼻息に飛んでは輕し寶舟,宝船,新年
24421,世渡りの波をのかれて寶舟,宝船,新年
24422,寶舟須磨の波音聞えけり,宝船,新年
24423,弘法は何と書きしぞ筆始,書初,新年
24424,年玉や上の一字を筆はじめ,書初,新年
24425,書初や髪の小旗の日のしるし,書初,新年
24426,立札や法三章の筆始,書初,新年
24427,書初の今年も拙かりけるよ,書初,新年
24428,書初や尊円親王の流を汲む,書初,新年
24429,書初や羽子に負けたる君が顔,書初,新年
24430,聖徳を頌する文や筆始,書初,新年
24431,書初に鶴の歌書く檀紙哉,書初,新年
24432,齒固や鼠もためす鏡餅,歯固め,新年
24433,齒固やいで海のもの山のもの,歯固め,新年
24434,小松曳袴の泥も畫にかゝん,子の日,春
24435,春日野に野守の妻の子日哉,子の日,春
24436,春日野や子の日も過きて鶴の聲,子の日,春
24437,君が手やわが手も添へて小松引,子の日,春
24438,小松曳わが思ふ人は霞みけり,子の日,春
24439,小松曳わきもこどこに霞むらん,子の日,春
24440,子の日せん小松の中の小松哉,子の日,春
24441,ほろほろと袴きれたり小松曳,子の日,春
24442,我庵は門松引て子の日せん,子の日,春
24443,我戀はひく手なぎさの小松哉,子の日,春
24444,幾千代を引きすてられて姫小松,子の日,春
24445,春日野の子の日に出たり六歌仙,子の日,春
24446,小松かくれ鶴の子見ゆる子日哉,子の日,春
24447,鶴の子のあとを子の日の小松哉,子の日,春
24448,引かんとや小松かくれの緋の袴,子の日,春
24449,春日野に女引くべき小松哉,子の日,春
24450,烏帽子著た人ばかり也小松曳,子の日,春
24451,君か代の薺をはやす拍子哉,薺打,春
24452,其雪をそのままはやす薺かな,薺打,春
24453,薺うつ都はづれの伏家かな,薺打,春
24454,女王祿やねびまさりたる御笑顔,女王祿,秋
24455,乘そめの足も亂れず雪のあと,馬騎初,新年
24456,一の矢は不二へそれけりゆみはしめ,弓始,新年
24457,一の矢は富士を目かけて年始,弓始,新年
24458,弓始其夜は鬼を退治けり,弓始,新年
24459,打ちまはす幕に眼のあり弓始,弓始,新年
24460,若殿の片肌ぬきや弓はじめ,弓始,新年
24461,君が代や鳥驚かぬ弓はじめ,弓始,新年
24462,ふじのねの矢先に霞む弓始,弓始,新年
24463,やせ腕や三千石の弓始,弓始,新年
24464,初荷ふんで天へものぼる八聲哉,初荷,新年
24465,牛引の初荷の山よ人の波,初荷,新年
24466,踊りけり初荷の山も崩れよと,初荷,新年
24467,提灯や初荷の山の山かつら,初荷,新年
24468,飾りかけし馬車集ひけり日本橋,初荷,新年
24469,窓あけて見れば淋しき初荷哉,初荷,新年
24470,痩馬をかざり立てたる初荷哉,初荷,新年
24471,ウレシキカナト蕎麥フルマヒヌ店卸,棚下し,冬
24472,笑ひあふ十日夷の烏帽子哉,十日戎,新年
24473,鬼瓦笑ふ朝日や藏ひらき,蔵開,新年
24474,ふるくさき去年の匂ひや藏開,蔵開,新年
24475,さつとあけて東風吹き入るゝ藏の中,蔵開,新年
24476,象も來つ雀も下りつ鍬始,鍬初,新年
24477,天は晴れ地は濕ふや鍬始,鍬初,新年
24478,水仙をうつすや庵の鍬始,鍬初,新年
24479,人の世の工夫ではなし削り掛,削掛,秋
24480,傲る世に伽羅は用ゐず削り掛,削掛,秋
24481,大内も伽羅は用ゐず削掛,削掛,秋
24482,甚五郎は何と削るぞ削り掛,削掛,秋
24483,乘そめや惠方參りの渡し舟,舟乗始,春
24484,紙衣あり庵いかめしき着衣始,着衣初,秋
24485,名所や絹商人の着衣始,着衣初,秋
24486,うら返す其古衣の着衣始,着衣初,秋
24487,風引きし初卯參りの美人哉,初卯詣,春
24488,一日はとんとけぶるや鳥邊山,左義長,新年
24489,左義長の一日めでたし鳥部山,左義長,新年
24490,飾燒く坐敷の庭の日向哉,左義長,新年
24491,枯菊にどんどの灰のかゝりけり,左義長,新年
24492,綱引ややゝしばらくは聲もなし,綱引,秋
24493,綱引や通りかゝりし小山伏,綱引,秋
24494,綱引や山かけ下る悪法師,綱引,秋
24495,藪入の足跡多し畔の雪,藪入,春
24496,藪入の二人落ちあふ渡し哉,藪入,春
24497,藪入は都の梅をみやげ哉,藪入,春
24498,藪入や牛の匂ひも珍しき,藪入,春
24499,藪入や縁きる咄よもすから,藪入,春
24500,藪入や思ひは同じ姉妹,藪入,春
24501,藪入や鯛一匹を隣あひ,藪入,春
24502,藪入や甥姪どもになぶらるゝ,藪入,春
24503,藪入の八瀬や大原清閑寺,藪入,春
24504,やぶ入のみやけをさげて來りけり,藪入,春
24505,やぶ入の親もなき子や芝居好キ,藪入,春
24506,やぶ入の佛壇拜む名殘哉,藪入,春
24507,若樣をかりてめのとの里居哉,里居,冬
24508,鶯にとばしるかかる水祝ひ,水祝,新年
24509,年玉に何まゐらせん水祝ひ,水祝,新年
24510,我妹子にわれから屠蘇の水祝,水祝,新年
24511,大君の來ませ御肴水祝ひ,水祝,新年
24512,嫁つれて鼠も出たり水祝ひ,水祝,新年
24513,若殿の若き程こそ水祝ひ,水祝,新年
24514,おとつれる昔念者や水祝,水祝,新年
24515,風引の男に水を祝ひけり,水祝,新年
24516,門口や這入る處を水祝,水祝,新年
24517,心安き友やしたゝか水祝,水祝,新年
24518,尋常に水祝はれん酒の醉,水祝,新年
24519,存分に水祝はゝや思ひ妻,水祝,新年
24520,樽提けて宵寐起すや水祝,水祝,新年
24521,つめたくて嬉しきものや水祝,水祝,新年
24522,年若き肌うつくし水祝,水祝,新年
24523,水祝戀の敵と名のりけり,水祝,新年
24524,高砂の松の二タ子が門の松,門松,新年
24525,蓮莱の嶋の緑や門の松,門松,新年
24526,兄の子の背丈のひけり門の松,門松,新年
24527,兄の子の背丈のびたり門の松,門松,新年
24528,兄の子の背丈ハのひて門の松,門松,新年
24529,門松のない家もあり榮螺町,門松,新年
24530,風吹て門松生けるものゝ如し,門松,新年
24531,風吹て門松琴をしらべけり,門松,新年
24532,門松や門なき家の門はしら,門松,新年
24533,萬歳の入口せばし門の松,門松,新年
24534,萬歳の袖かざしけり松かさり,門松,新年
24535,我庵は明家にあらず門の松,門松,新年
24536,明家や門松の齒拔面白き,門松,新年
24537,門松や上手下手なき筆使ひ,門松,新年
24538,門松や八百八屋町のその外も,門松,新年
24539,呉竹の根岸の里や松飾り,門松,新年
24540,ふじのねや麓は三保の松飾り,門松,新年
24541,いさゝかの松結ひつけぬ門柱,門松,新年
24542,大家や出口出口の松かざり,門松,新年
24543,門松と門松と接す裏家哉,門松,新年
24544,御所の門門松もなき尊さよ,門松,新年
24545,門松に右し左す矢來町,門松,新年
24546,門松やわがほとゝきす發行所,門松,新年
24547,福藁に雀の下りる日向かな,福藁,冬
24548,奥山や人こぬ家の門かざり,飾,冬
24549,橙や都の家数四十萬,飾,冬
24550,ながながと又ながながと注連餝り,飾,冬
24551,輪餝りに鶯ゆれる根岸哉,飾,冬
24552,輪餝りを茅の輪にくゞる鶯か,飾,冬
24553,木曽を出てこの三寳のかさり炭,飾,冬
24554,木曽を出て都の家のかざり炭,飾,冬
24555,禰宜が門注連繩の上なる注繩飾,飾,冬
24556,めでたさや餝りの蜜柑盗まれて,飾,冬
24557,裏門や小さ輪飾齒朶勝に,飾,冬
24558,小蔀や暖簾の上の注連餝,飾,冬
24559,古辻や地藏の堂のしめ飾り,飾,冬
24560,おかざりの橙落す童かな,飾,冬
24561,輪飾の橙落す童哉,飾,冬
24562,飾小く門と知らで人の行き過ぎぬ,飾,冬
24563,赤門の橙小き飾り哉,飾,冬
24564,裏門の輪飾人に取られけり,飾,冬
24565,三寳に蓬莱の山靜なり,飾,冬
24566,輪かざりに〆切りてある小門哉,飾,冬
24567,輪かざりや町人這入る勝手口,飾,冬
24568,兩側に長き三井の飾り哉,飾,冬
24569,簑笠を蓬莱にして草の庵,蓬莱,新年
24570,簑笠を蓬莱にして旅のはる,蓬莱,新年
24571,動きなき蓬莱山の姿哉,蓬莱,新年
24572,蓬莱に我身ちゞめてはいらうよ,蓬莱,新年
24573,蓬莱の上にしたるゝ柳哉,蓬莱,新年
24574,蓬莱や鶯のぞく籠の外,蓬莱,新年
24575,蓬莱や窓は睦月の薄月夜,蓬莱,新年
24576,蓬莱や山のものより海の物,蓬莱,新年
24577,大内は蓬莱山の姿かな,蓬莱,新年
24578,君か家は蓬莱橋をかざし哉,蓬莱,新年
24579,蓬莱に橙の朝日昇りけり,蓬莱,新年
24580,蓬莱に似たり小窓の松の山,蓬莱,新年
24581,蓬莱の山も動かぬ代なりけり,蓬莱,新年
24582,蓬莱や南山の蜜柑東海の鰕,蓬莱,新年
24583,包みたるものには根松藪柑子,蓬莱,新年
24584,鼠どもの蓬莱をくふてしまひけり,蓬莱,新年
24585,蓬莱に喰ひたきものもなかりけり,蓬莱,新年
24586,蓬莱に貧乏見ゆるあはれなり,蓬莱,新年
24587,鶏ないて蓬莱の山明けんとす,蓬莱,新年
24588,蓬莱にすこしなゐふる夜中哉,蓬莱,新年
24589,蓬莱に俳句の神を祭らんか,蓬莱,新年
24590,蓬莱の陰や鼠のさゝめ言,蓬莱,新年
24591,蓬莱の小く見ゆる書院かな,蓬莱,新年
24592,蓬莱の麓に寐たる夫婦かな,蓬莱,新年
24593,大なる蓬莱見ゆる町家哉,蓬莱,新年
24594,蓬莱にテーブル狹き硯哉,蓬莱,新年
24595,蓬莱に根松包むや昔ぶり,蓬莱,新年
24596,蓬莱のうしろの壁を漏る日哉,蓬莱,新年
24597,蓬莱や上野の山と相對す,蓬莱,新年
24598,蓬莱の齒朶蹈みはづす鼠哉,蓬莱,新年
24599,かたよせて蓬莱小し梅がもと,蓬莱,新年
24600,蓬莱に一斗の酒を盡しけり,蓬莱,新年
24601,蓬莱にくふべきものを探りけり,蓬莱,新年
24602,蓬莱に我生きて居る今年哉,蓬莱,新年
24603,蓬莱に我は死なざる今年哉,蓬莱,新年
24604,蓬莱のかち栗かぢる七日哉,蓬莱,新年
24605,蓬莱の小さき山を崩しけり,蓬莱,新年
24606,蓬莱の蜜柑ころげし座敷哉,蓬莱,新年
24607,蓬莱や襖あけたる病の間,蓬莱,新年
24608,蓬莱や名士あつまる上根岸,蓬莱,新年
24609,蓬莱に鼠のうからやから哉,蓬莱,新年
24610,蓬莱の鼠に祟る疫かな,蓬莱,新年
24611,蓬莱や襖を開く病の間,蓬莱,新年
24612,蓬莱やふゞきを祝ふ吹雪の句,蓬莱,新年
24613,蓬莱ノ松ノ茂リヤ鶴百羽,蓬莱,新年
24614,蓬莱も家越車や松の内,蓬莱,新年
24615,黴生て曇るといふらん鏡餅,鏡餅,新年
24616,橙は赤し鏡の餅白し,鏡餅,新年
24617,丸きもの初日輪飾り鏡餅,鏡餅,新年
24618,玄翁でわるや鍛冶屋の鏡餅,鏡餅,新年
24619,女の子二人かさねや鏡餅,鏡餅,新年
24620,海老赤く穂俵黒し鏡餅,鏡餅,新年
24621,海老野老草庵のあるじ愚老といふ,野老飾る,新年
24622,繭玉や東風に吹かるゝ店の先,繭玉,新年
24623,繭玉や仰向にねて一人見る,繭玉,新年
24624,父母妻子串柿のごと竝びけり,串柿,冬
24625,萬歳が笑へば山もわらひけり,万歳,新年
24626,萬歳の顔のやつれや田植笠,万歳,新年
24627,萬歳も煙草すふなり町はづれ,万歳,新年
24628,朝な朝な萬才東へ霞み行く,万歳,新年
24629,萬歳と相のりしたる渡し哉,万歳,新年
24630,萬歳の家にめでたし古鼓,万歳,新年
24631,萬歳の歸るあとより霞みけり,万歳,新年
24632,萬才のはなし給ふや國なまり,万歳,新年
24633,萬才の目出たくしたるいほり哉,万歳,新年
24634,萬歳や黒き手を出し足を出し,万歳,新年
24635,無雜作に萬歳樂の鼓哉,万歳,新年
24636,萬歳に見つけられけり草の庵,万歳,新年
24637,萬歳の鼓を倒す枕かな,万歳,新年
24638,萬歳や四條をもどる夕日影,万歳,新年
24639,松あれば則ち入るや萬歳樂,万歳,新年
24640,萬歳の踊りかけたり町はつれ,万歳,新年
24641,澤龜の萬歳見せう御國ぶり,万歳,新年
24642,戸あくるや萬歳來る東より,万歳,新年
24643,萬歳の鼓聞ゆる朝日かな,万歳,新年
24644,才藏は葛西あたりの訛かな,万歳,新年
24645,萬歳は今も烏帽子そ都鳥,万歳,新年
24646,萬歳や三河町出て淡路町,万歳,新年
24647,猿曳も猿も見とれて傀儡師,猿曳,冬
24648,猿曳の紙子裂かるゝ猿の爪に,猿曳,冬
24649,猿引や猿のきよろつく日本橋,猿曳,冬
24650,猿曳の巴峽を下る小舟かな,猿曳,冬
24651,猿曳や猿に着せたる晴小袖,猿曳,冬
24652,猿引の過ぎ行く村の眞晝哉,猿曳,冬
24653,御停止を猿引と猿と鳴きにけり,猿曳,冬
24654,猿引も猿も鳴きけり十五日,猿曳,冬
24655,猿曳の綱のばしたる一間哉,猿曳,冬
24656,猿曳や若君抱きしお乳の人,猿曳,冬
24657,猿引を親猿と思ふ夜もあらむ,猿曳,冬
24658,猿曳や狆抱いて立つ思ひ者,猿曳,冬
24659,病牀に猿曳を見る日和かな,猿曳,冬
24660,烏帽子来て幣ふる猿や花の春,猿廻,冬
24661,うつくしき妹をもてり猿まはし,猿廻,冬
24662,梅のさく背戸へ入けり猿廻し,猿廻,冬
24663,鹽尻をうしろになして猿まはし,猿廻,冬
24664,正月は浮世に出たり猿まはし,猿廻,冬
24665,鞭あげて入日招くや猿まはし,猿廻,冬
24666,洗濯や追ひ返したる猿廻し,猿廻,冬
24667,梅の咲く背戸へはいるや傀儡師,傀儡師,春
24668,傀儡師宿はと聞けば丹波哉,傀儡師,春
24669,其箱のうちのぞかせよ傀儡師,傀儡師,春
24670,辨慶に吠つく犬や傀儡師,傀儡師,春
24671,睦月から泣いて見せけり傀儡師,傀儡師,春
24672,傀儡師梅の花道歩み來る,傀儡師,春
24673,一休の賣りに出でけり掛想文,懸想文売,新年
24674,鶯の音もなし梅の懸想文,懸想文売,新年
24675,懸想文詩か萬葉か催馬樂か,懸想文売,新年
24676,鶯がのぞく鳥追の笠の中,鳥追,冬
24677,鳥追や夜更けて歸る屋しき町,鳥追,冬
24678,鳥追のあとから笑ふ雀かな,鳥追,冬
24679,鳥追や夕日に下る九段阪,鳥追,冬
24680,屠蘇くむや下戸大盃をとりあげて,屠蘇,新年
24681,屠蘇に醉ふて龜も躍るや岩の上,屠蘇,新年
24682,屠蘇に醉ふ龜岩ふんで躍りけり,屠蘇,新年
24683,屠蘇袋花色絹の匂ひ哉,屠蘇,新年
24684,汲むや屠蘇猩々舞の亂れ足,屠蘇,新年
24685,屠蘇かけて見ばや枯木の梅の枝,屠蘇,新年
24686,屠蘇の醉風頻りに吹く頬のあたり,屠蘇,新年
24687,古妻の屠蘇の銚子をさゝげける,屠蘇,新年
24688,養老の屠蘇にもならぬめでたさよ,屠蘇,新年
24689,掛物の松は屠蘇の海に映ずべく,屠蘇,新年
24690,元日の雨を記すや屠蘇の醉,屠蘇,新年
24691,拜領の盃屠蘇を飲み初めぬ,屠蘇,新年
24692,屠蘇強ふや鴨汁盡きて蠣の汁,屠蘇,新年
24693,病牀に蜜柑剥くなり屠蘇の醉,屠蘇,新年
24694,福祿が行事に立つや屠蘇の醉,屠蘇,新年
24695,若餅や草津の里の姥が軒,若餅,新年
24696,若餅や薺の七日過ぎて後,若餅,新年
24697,風吹て下戸の負けたる雜煮哉,雑煮,新年
24698,傾城も猫もそろふて雜煮哉,雑煮,新年
24699,すき腹のはるとしいへば雜煮餅,雑煮,新年
24700,うたはゞや雜煮の腹をうちながら,雑煮,新年
24701,謳はゞや雜煮の腹を敲きつゝ,雑煮,新年
24702,三椀の雜煮喰ひぬ小傾城,雑煮,新年
24703,七椀の雜煮くひけり梅の花,雑煮,新年
24704,膳の上に繪の嶋のせて雜煮哉,雑煮,新年
24705,旅人の雜煮喰ふたる鞠子哉,雑煮,新年
24706,草の戸や雜煮の夜明酒の暮,雑煮,新年
24707,雜煮餅くひなやみたる女かな,雑煮,新年
24708,お雜煮をすゝめ參らす局哉,雑煮,新年
24709,塗椀の家に久しき雜煮哉,雑煮,新年
24710,兀椀の家に久しき雜煮哉,雑煮,新年
24711,病む人の雜煮喰ひけり直り口,雑煮,新年
24712,此山の黍の雜煮や日本一,雑煮,新年
24713,徳川の昔男や雜煮くひ,雑煮,新年
24714,めでたさも一茶位や雜煮餅,雑煮,新年
24715,雜煮くふて第一號をいはひけり,雑煮,新年
24716,參内の時間に近き雜煮哉,雑煮,新年
24717,下戸狸雜煮の腹を叩いて曰く,雑煮,新年
24718,下戸狸雜煮の腹を叩きけり,雑煮,新年
24719,長病の今年も參る雜煮哉,雑煮,新年
24720,百八人堂に聚まる雜煮かな,雑煮,新年
24721,解しかぬる碧巖集や雜煮腹,雑煮,新年
24722,雜煮腹本ヲ讀ンデモ猶ヘラズ,雑煮,新年
24723,太箸を持ちあましたる子供哉,太箸,新年
24724,一つ子の太箸握る太鼓哉,太箸,新年
24725,太箸の太しき程ぞめでたけれ,太箸,新年
24726,太箸や草の庵も旅心,太箸,新年
24727,覺束な太箸握る花嫁御,太箸,新年
24728,痩腕の太箸にだも恥づるかな,太箸,新年
24729,大福の窓に見えけり東山,大福,春
24730,大福や枯木に似たる梅の花,大福,春
24731,大福や松の柱に竹の杓,大福,春
24732,風吹て大服たまふ日なる哉,大福,春
24733,大服や家に傳はる霰釜,大福,春
24734,田つくりや庵の肴も海のもの,ごまめ,新年
24735,世の中に馴れぬごまめの形かな,ごまめ,新年
24736,田つくりを掛けて置きけり鼠罠,ごまめ,新年
24737,かち栗もごまめも君を祝ひけり,ごまめ,新年
24738,君と共に發句話さん事始,初句会,新年
24739,裏棚に浪人住んでうたひ初,謡初,新年
24740,此奧に又家のありうたひぞめ,謡初,新年
24741,盆栽に松あり梅あり謠初,謡初,新年
24742,磯の家や誰が公達の謠ひ初,謡初,新年
24743,諷初須磨と明石を窓の前,謡初,新年
24744,草の戸や雜煮の腹の謠初,謡初,新年
24745,謠初老いにけらしな人の聲,謡初,新年
24746,あつらえの扇出來たり謠初,謡初,新年
24747,扇取るわらべ可愛し謠初,謡初,新年
24748,謠初謠ひをさめて餘興かな,謡初,新年
24749,謠初近くきこゆる鼓かな,謡初,新年
24750,謠初七日をえらぶ嘉例かな,謡初,新年
24751,謠初羽衣すでに半なり,謡初,新年
24752,謠初寶生太夫參りけり,謡初,新年
24753,梅いけて謠はじめの儀式かな,謡初,新年
24754,草の家の隣に遠く謠初,謡初,新年
24755,膳立の茶の間かしまし謠初,謡初,新年
24756,舞そめや金泥ひかる京扇,舞初,新年
24757,寵愛の狆抱く後家やはつ芝居,初芝居,新年
24758,歌舞伎座の前通りけり初芝居,初芝居,新年
24759,さそはれし妻を遣りけり二の替,初芝居,新年
24760,初芝居團十郎の烏帽子かな,初芝居,新年
24761,初芝居見て來て曠著いまだ脱がず,初芝居,新年
24762,初曾我や團十菊五左團小團,初芝居,新年
24763,サソハレテ妻ヲヤリケリ二ノ替,初芝居,新年
24764,春木座へさそはれ行やはつ芝居,初芝居,新年
24765,子を負て子守鞠つく片手業,手毬,新年
24766,目の黒い人に生れて手鞠哉,手毬,新年
24767,目の黒ひ人と生れて手鞠かな,手毬,新年
24768,手鞠つき羽子遣る程になりにけり,手毬,新年
24769,歌かるた戀ならなくに胴氣哉,歌留多,新年
24770,歌かるた女ばかりの夜は更けぬ,歌留多,新年
24771,蓬莱の一間明るし歌かるた,歌留多,新年
24772,歌かるた知らぬ女と竝びけり,歌留多,新年
24773,遣羽子の下にかすむやふしの山,遣羽根,冬
24774,遣羽子に鶯にげる流し哉,遣羽根,冬
24775,遣羽子をつきつきよける車哉,遣羽根,冬
24776,人ごみの中に羽子つくをとめ哉,遣羽根,冬
24777,遣羽子や小尼見返る町はつれ,遣羽根,冬
24778,遣羽子や根岸の奧の明地面,遣羽根,冬
24779,遣羽子に京の男のやさしさよ,遣羽根,冬
24780,遣羽子のちらちら雪となりにけり,遣羽根,冬
24781,遣羽子や京の六條數珠屋町,遣羽根,冬
24782,遣羽子や官女老いたる緋の袴,遣羽根,冬
24783,遣羽子や下宿の窓の品定め,遣羽根,冬
24784,遣羽子や十七八のうしろつき,遣羽根,冬
24785,遣羽子や十六七のうしろつき,遣羽根,冬
24786,遣羽子や皆君が代の女ぶり,遣羽根,冬
24787,遣羽子に去年の娘見えぬかな,遣羽根,冬
24788,遣羽子の笑ひ聞ゆる小道かな,遣羽根,冬
24789,遣羽子の吹かれて風に斜なり,遣羽根,冬
24790,いもうとの羽子板すこし劣りたる,遣羽根,冬
24791,羽子板や十五かしらに皆女,遣羽根,冬
24792,遣羽子の終に負けたる娘かな,遣羽根,冬
24793,遣羽子や誰が塗られて笑ひ聲,遣羽根,冬
24794,遣羽子や我墨つける君が顔,遣羽根,冬
24795,たらし髪羽子遣るあこに菓子やらん,遣羽根,冬
24796,遣羽子に負けてくやしき夕餉哉,遣羽根,冬
24797,遣羽子の風に上手を盡しけり,遣羽根,冬
24798,遣羽子の尻叩きけり泣きにけり,遣羽根,冬
24799,遣羽子や五人の中の思ひ人,遣羽根,冬
24800,遣羽子や邪魔して過る白袴隊,遣羽根,冬
24801,遣羽子や鼻の白粉頬の墨,遣羽根,冬
24802,遣羽子や往來の繁き拔小路,遣羽根,冬
24803,遣羽子や夕飯くふて歌かるた,遣羽根,冬
24804,遣羽子に負けし美人の怒哉,遣羽根,冬
24805,雙六のどこへころげて樂まん,双六,新年
24806,雙六や盧生の夢のふりあがり,双六,新年
24807,寶引やあとにものうき包み紙,福引,新年
24808,寶引や花蝋燭のぽっぽっぽ,福引,新年
24809,福引の坐敷を照すラムプ哉,福引,新年
24810,福引の何やら知れぬ包み哉,福引,新年
24811,福引のわれ大なる物を得たり,福引,新年
24812,福引のわれ貧に十能を得たり,福引,新年
24813,福引に耻をかきたる女哉,福引,新年
24814,福引の笑ひどよめく隣哉,福引,新年
24815,福引のあとで素人の落後哉,福引,新年
24816,福引に公孫勝の手づま哉,福引,新年
24817,福引の曉鐘と題す包哉,福引,新年
24818,姑のくはぬ餅ありよめが君,嫁が君,夏
24819,猫もかはず一人ぐらしよ嫁が君,嫁が君,夏
24820,鐵漿壺をはね返しけり嫁が君,嫁が君,夏
24821,蓬莱の山を崩すや嫁が君,嫁が君,夏
24822,行燈の油なめけり嫁が君,嫁が君,夏
24823,かた餅やそろそろかぢる嫁が君,嫁が君,夏
24824,肴には數の子よけん嫁が君,嫁が君,夏
24825,餅殿を戀に夜毎の嫁か君,嫁が君,夏
24826,さゝやくは誰そ小殿原嫁か君,嫁が君,夏
24827,嫁か君の通ひ路多し破障子,嫁が君,夏
24828,灯を消して待たずしもあらず嫁が君,嫁が君,夏
24829,灯を消して待つ夜更たり嫁が君,嫁が君,夏
24830,鐵漿壺をふみなかへしそ嫁か君,嫁が君,夏
24831,金屏に群れつゝ嫁が君走る,嫁が君,夏
24832,枕邊に明けかゝる夜や嫁か君,嫁が君,夏
24833,嫁が君の通ひ路狹し升落し,嫁が君,夏
24834,一羽來て屋根にもなくや初烏,初鴉,冬
24835,朝日影羽紫に初烏,初鴉,冬
24836,風吹て悲しさうなり初烏,初鴉,冬
24837,初鴉上野の闇をはなれけり,初鴉,冬
24838,初烏お城の森にさわぐなり,初鴉,冬
24839,ほのほのや朝日よび出す初烏,初鴉,冬
24840,初鴉きぬきぬの恨みなかりけり,初鴉,冬
24841,初烏熊野の御寺靜かなり,初鴉,冬
24842,初鴉不二か筑波かそれかあらぬ,初鴉,冬
24843,古妻のいきたなしとや初鴉,初鴉,冬
24844,山里や枯木の枝の初烏,初鴉,冬
24845,よき衣の枕邊に在り初鴉,初鴉,冬
24846,銀座出る新聞賣や初鴉,初鴉,冬
24847,初とりや先年禮のいひはじめ,初鶏,新年
24848,初鷄もしるや義農の米の恩,初鶏,新年
24849,初鷄やねぐらの闇をいでゝ行,初鶏,新年
24850,初鷄の枕の上にうたひける,初鶏,新年
24851,初鷄や百萬石の聲つくり,初鶏,新年
24852,初鷄に眼をあく花の莟哉,初鶏,新年
24853,初鷄の二聲ばかり鳴きにけり,初鶏,新年
24854,初鷄の鳴くかと待てば犬吠ゆる,初鶏,新年
24855,ゆづり葉や齒朶や都は山くさし,楪,新年
24856,賤が家に置くも笑ふや福壽草,福寿草,春
24857,どこ向けて見てもやさしや福壽草,福寿草,春
24858,何もかもめでたけれども福壽草,福寿草,春
24859,日あたりや小窓に開く福壽艸,福寿草,春
24860,ふゝと笑ふ夫婦二人や福壽草,福寿草,春
24861,柴の戸や黄金花さく福壽艸,福寿草,春
24862,正月のはでな花なり福壽草,福寿草,春
24863,水仙の冬にならんで福壽草,福寿草,春
24864,南山をかざすや窓の福壽草,福寿草,春
24865,俗な名を色を形を福壽草,福寿草,春
24866,福壽草影三寸の日向哉,福寿草,春
24867,福壽草貧乏艸もあらまほし,福寿草,春
24868,盆栽や梅つぼみ福壽草黄なり,福寿草,春
24869,莟太く開かぬを愛す福壽草,福寿草,春
24870,取合ヒや梅に鄙しき福壽草,福寿草,春
24871,里昂製のテーブル掛や福壽草,福寿草,春
24872,ガラス越に日のあたりけり福壽草,福寿草,春
24873,句を好む書生の室や福壽草,福寿草,春
24874,煎餅賣る根岸の家や福壽草,福寿草,春
24875,名をかへてことぶき草や歌に詠む,福寿草,春
24876,猫の居る椽の日南や福壽草,福寿草,春
24877,病室の煖爐の側や福壽草,福寿草,春
24878,福壽草の蕾をいぢる机かな,福寿草,春
24879,窓掛の房さがりけり福壽草,福寿草,春
24880,水入の水をやりけり福壽草,福寿草,春
24881,善き鉢の殊にいやしや福壽草,福寿草,春
24882,ストーヴにほとりして置く福壽草,福寿草,春
24883,盆栽の梅早く福壽草遲し,福寿草,春
24884,裏白のある夜伊勢海老に語って曰く,裏白,新年
24885,裏白のひんとはねたる姿哉,裏白,新年
24886,橙や裏白がくれなつかしき,裏白,新年
24887,名こそかはれ江戸の裏白京の齒朶,裏白,新年
24888,風吹て齒朶山鳥の尾に似たり,齒朶,新年
24889,齒朶の羽蓬莱鶴の如く也,齒朶,新年
24890,黒雲を起こしてゆくや蒸氣船,雑,不明
24891,窓あけて顏つきあたる前のやま,雑,不明
24892,窓あけて鼻の先なり前のやま,雑,不明
24893,西行の忘れおきしか笠一ツ,雑,不明
24894,仇波の打てはかへす島邊哉,雑,不明
24895,海底は照さぬものか朝日影,雑,不明
24896,起きふしにさはる乳房の重み哉,雑,不明
24897,ぬれ足で雀のあるく廊下かな,雑,不明
24898,淺草の鐘の配りし夜風哉,雑,不明
24899,淺草の鐘より出たる夜風哉,雑,不明
24900,浅草の塔に向ふもかくされす,雑,不明
24901,淺草の塔や向ふもかくされす,雑,不明
24902,仰き見る神の杜より明にけり,雑,不明
24903,仰き見る神の杜より夜明哉,雑,不明
24904,仰き見る杜の梢より明にけり,雑,不明
24905,仰き見る杜の梢より夜明哉,雑,不明
24906,ありあまる風を分けたし町の家,雑,不明
24907,言ハすして聞くも佛の悟りかな,雑,不明
24908,浮世とは川一すしのさかい哉,雑,不明
24909,浮世とハ川一すしのあなた哉,雑,不明
24910,親の顔見る日やいさむ駒のこゑ,雑,不明
24911,親の顔見る日や駒のいさみかな,雑,不明
24912,川水の音に彳む闇夜哉,雑,不明
24913,鴎飛ひぬありやなしやと見る迄に,雑,不明
24914,鴎飛やありやなしやと見る迄に,雑,不明
24915,木のあわひあわひに見ゆる舟三艘,雑,不明
24916,黒かねの橋の目にたつ白帆かな,雑,不明
24917,黒かねの橋や目にたつ白帆かな,雑,不明
24918,こきやめて舟から友の呼にけり,雑,不明
24919,こゝこせは世は邯鄲の枕はし,雑,不明
24920,此の風を市に分けたし向島,雑,不明
24921,靜けさや向ふの岸の笑ひ聲,雑,不明
24922,長命になれや病の出養生,雑,不明
24923,塵なくて心も水もすみた河,雑,不明
24924,塵ハなし心も水もすみた河,雑,不明
24925,つぐ酒のこほれぬ程や舟のゆれ,雑,不明
24926,出養生われもいのるや長命寺,雑,不明
24927,土地の名に思ひ出しけり友の顔,雑,不明
24928,土地の名に思ひ出しけり人の顔,雑,不明
24929,鳶なくや木の葉もそよと動かぬ日,雑,不明
24930,寝ころんで見れば小舟の通りけり,雑,不明
24931,寝ころんてゐれは小舟の通りけり,雑,不明
24932,橋こせは世は邯鄲の枕かな,雑,不明
24933,橋こせは世ハ邯鄲や枕はし,雑,不明
24934,盤梯の火の子の飛ふか星一つ,雑,不明
24935,一すしの川をへたてゝ浮世哉,雑,不明
24936,冨士といふ名に仰き見つつくり山,雑,不明
24937,船歌や梦に聞けり閨の中,雑,不明
24938,船歌や梦に聞つゝ閨の中,雑,不明
24939,船歌を梦に聞けり閨の中,雑,不明
24940,船歌を梦に聞つゝ閨の中,雑,不明
24941,帆をあけてきまれはやむや舟のゆれ,雑,不明
24942,帆をあけてしまへはやみぬ舟のゆれ,雑,不明
24943,世の塵を水に流して向島,雑,不明
24944,世の塵を水に流すや向島,雑,不明
24945,渡りゆけは世ハ邯鄲の枕かな,雑,不明
24946,渡りゆけは世は邯鄲や枕はし,雑,不明
24947,あした行く旅路の梦や草枕,雑,不明
24948,アメリカの波打ちよする岩ほ哉,雑,不明
24949,アメリカの波打ちよする濱邊哉,雑,不明
24950,犬の子がねいるものかや子守歌,雑,不明
24951,岩ほうつ波も泣いたり怒たり,雑,不明
24952,浮世をば縮めて見せる芝居かな,雑,不明
24953,大岩を躍りこえたり波のあし,雑,不明
24954,くたひれをおさめてしまう枕哉,雑,不明
24955,雲よりも一段上やつくは山,雑,不明
24956,さし汐に鴎鳴くなり岸の上,雑,不明
24957,町内ハ皆忌服のある娘,雑,不明
24958,筑波泣く顏や昨日の笑ひ顔,雑,不明
24959,泣く顏も笑顔も見たり筑波山,雑,不明
24960,波怒り風鳴き人はほゝ笑顔,雑,不明
24961,日和にも雨にも見たり筑波山,雑,不明
24962,二日路は筑波にそふて歩みけり,雑,不明
24963,松の木の影にあつまる子鯉かな,雑,不明
24964,三日路をとんて歸るや火の車,雑,不明
24965,山と水扨は自然の文もあり,雑,不明
24966,世の中の世の中見せる芝居かな,雑,不明
24967,あゝ三つのいけすに魚の躍りけり,雑,不明
24968,足利の兵が新田に降參し,雑,不明
24969,あつもりはうたれて須磨のそばとなり,雑,不明
24970,あつもりは腰に三本さしており,雑,不明
24971,あら尊これ月の父花の母,雑,不明
24972,あると見た色は空なり不二の雪,雑,不明
24973,安珍の軍艦一ツわたし船,雑,不明
24974,いつそ皆子供にやれやふしの山,雑,不明
24975,大釜で民のあぶらがにえあがり,雑,不明
24976,大釜の中で白波わきあがり,雑,不明
24977,大澁をきどつて千代が發句よみ,雑,不明
24978,衣川二十年後のためなみだ,雑,不明
24979,西行の顏も見えけり富士の山,雑,不明
24980,西行も笠ぬいで見るふしの山,雑,不明
24981,十錢の銀を銅貨に両がへて,雑,不明
24982,寫眞をば眼鏡の箱に入れ見れば,雑,不明
24983,白鼠わるや祕藏の萬古やき,雑,不明
24984,月花のつかさや隅田のわたし守,雑,不明
24985,辻占や女許りの格子さき,雑,不明
24986,八人のまどゐにかいだ一人かな,雑,不明
24987,八人のまどゐをかいだ一人かな,雑,不明
24988,日の本の俳諧見せふふしの山,雑,不明
24989,ふるさとに心の花をかざりけり,雑,不明
24990,故郷を立ちいでたるも一むかし,雑,不明
24991,煩惱の梦の寐さめや富士の雪,雑,不明
24992,まゝ焚かぬ内の曲突火が消えて,雑,不明
24993,見あげたる山見下すや九折,雑,不明
24994,水の音聞てたのもし崖九間,雑,不明
24995,紫のゆかり尋ねん筆の海,雑,不明
24996,梦と見た梦も梦なり梦の中,雑,不明
24997,餘の山は皆うつぶきつふじの山,雑,不明
24998,龍宮も女さわぎで波がたち,雑,不明
24999,渡し船佛も衆生もわたしけり,雑,不明
25000,破茶碗やきつぎしたる聟養子,雑,不明
25001,つまをよぶ鶴や千歳の松の友,雑,不明
25002,白帆より先づ夜の明る海邊哉,雑,不明
25003,灘の夕日本はふじ許り也,雑,不明
25004,雨の日や殊ニこき山うすき山,雑,不明
25005,雨もよしけつく浮世をかくれ蓑,雑,不明
25006,一國や巖の上に安房四郡,雑,不明
25007,岩も皆鋸山や安房の海,雑,不明
25008,馬の鈴近く聞えてつゝら折,雑,不明
25009,馬の鈴近くて遠き山路かな,雑,不明
25010,海と山十七字にハ餘りけり,雑,不明
25011,笠の影小さくなるや原三里,雑,不明
25012,笠の影の細うなりけり原三里,雑,不明
25013,鐘つきはさびしがらせたあとさびし,雑,不明
25014,聞きなれぬ鳥やきこりのなまり聲,雑,不明
25015,これはしたり廁の窓に竹の影,雑,不明
25016,しかられる聲は聞えず松の風,雑,不明
25017,菅笠の影の細さよ原三里,雑,不明
25018,菅笠や女之助も男にて,雑,不明
25019,月雪やこれ見るための米のめし,雑,不明
25020,頭痛する其夜は犬にかまれけり,雑,不明
25021,七浦や安房を動かす波の音,雑,不明
25022,腹へこへこ發句吐き出して路遠し,雑,不明
25023,腹へこへこ發句吐き盡して路遠し,雑,不明
25024,二見にも似たる岩あり朝日の出,雑,不明
25025,二日目は發句少し獨りたび,雑,不明
25026,筆と見て我のみこまん御つるぎ,雑,不明
25027,筆と見て我ものみたし御つるぎ,雑,不明
25028,筆ならハ我ものみこむつるぎ哉,雑,不明
25029,筆ならは我ものみたし御つるぎ,雑,不明
25030,筆にして我のみこまん御つるぎ,雑,不明
25031,筆にして我ものみたし御つるぎ,雑,不明
25032,筆にせよ我もにみたき御つるぎ,雑,不明
25033,ふらはふれ結句浮世をかくれ簔,雑,不明
25034,ふる事を思ふてうれし馬の鈴,雑,不明
25035,米點の畫にありさうや蓑の人,雑,不明
25036,米點の畫に入りさうや簔の人,雑,不明
25037,簔笠や馬琴もしらぬ雨の景,雑,不明
25038,蓑笠や馬琴もしらぬ旅の味,雑,不明
25039,簔笠や馬琴もしらぬ山の景,雑,不明
25040,宿帳や生年十九安房めくり,雑,不明
25041,世につきぬ眞砂のまちの道樂もの,雑,不明
25042,世の中を遠目に見るや笠の内,雑,不明
25043,世をすてし身にたに猶もさわりあり,雑,不明
25044,我影や廣重流の道中畫,雑,不明
25045,我なりも昔に似ぬか菅の笠,雑,不明
25046,我なりも昔に似るか菅の笠,雑,不明
25047,あし高は家にかくれてふじの山,雑,不明
25048,安房四郡鋸山の裾野哉,雑,不明
25049,馬の鈴近くて遠し山の道,雑,不明
25050,雲いくへふじと裾野の遠きかな,雑,不明
25051,しかられて車よけるや菅の笠,雑,不明
25052,菅笠の影ハ佛に似たりけり,雑,不明
25053,天と地の支へ柱やふしの山,雑,不明
25054,灘のくれ日本は冨士斗り也,雑,不明
25055,竝松や一足つゝにふしの形り,雑,不明
25056,ぬす人の住まうたといふ銀杏哉,雑,不明
25057,榛名春赤城夏妙義を秋の姿哉,雑,不明
25058,冨士の根を眼當に昇る旭かな,雑,不明
25059,富士の山雲より下の廣さかな,雑,不明
25060,筆すててしばし鍬とり給へ君,雑,不明
25061,間違はし初めて不二を見てさへも,雑,不明
25062,よぢつめて見れば山なし笠の雲,雑,不明
25063,笑ふよりあはれ捨子の笑ひ顏,雑,不明
25064,京人の言葉はしらぬところ哉,雑,不明
25065,寒し熱しわらはやみこそ新枕,雑,不明
25066,儒釋道屠蘇酒白酒濁リ酒,雑,不明
25067,月花のどこへころげて樂まん,雑,不明
25068,見下すや黄雲十里村いくつ,雑,不明
25069,足揃へ一人落ちたる笑ひかな,雑,不明
25070,船形の梢短き竝木かな,雑,不明
25071,薄暮れぬ野末に汽車の走る音,雑,不明
25072,不二がねや雲絶えず起る八合目,雑,不明
25073,徽章なき帽は出營の人ならし,雑,不明
25074,徽章なき帽は出營の人なりし,雑,不明
25075,君下戸か彌助か菓子か小便か,雑,不明
25076,入營を親父見送る朝まだき,雑,不明
25077,御車は涙にかすみ見えざりき,雑,不明
25078,水の月物かたまらで流れけり,雑,不明
25079,水の月物からまりて流れけり,雑,不明
25080,世の中よ鶴は放さぬ人心,雑,不明
25081,戀にうとき命婦のおもと老にけり,雑,不明
25082,鷺の立つ中洲の草や川橋,雑,不明
25083,棧橋に別れを惜む夫婦かな,雑,不明
25084,もえかぬる竈の薪を組かへて,雑,不明
25085,歌よみよ我俳諧の奈良茶飯,雑,不明
25086,山本の小屋を覗けば添水哉,雑,不明
25087,宿札に假名づけしたるとはれ顏,雑,不明
25088,相別れてバナヽ熟する事三度,雑,不明
25089,親鳥も頼め子安の觀世音,雑,不明
25090,鳥の親に中將湯や糞づまり,雑,不明
25091,天神の戰を習ふ將棊かな,雑,不明
